currentSourceFile,currentItemId,currentSourceRowId,v02RowId,matchStatus,oldManifestBucket,oldManifestAction,v02Decision,comparisonDecision,recoveryDecision,proposedBucket,proposedAction,currentTaskType,currentResponseSurface,targetFamily,hasV02ReplacementFields,replacementFieldList,currentPrompt,v02Prompt,currentStimulus,v02Stimulus,currentOptions,v02Options,currentAnswer,v02Answer,currentExplain,v02Explain,quarantineReason,productionReason,legacySeedReason,duplicateLineageStatus,riskFlag,notes
content/b1-m01-variant-families.js,v080149_cat02_wortschatz_cat02_w_063,cat02-w-063,cat02-w-063,matched_lineage_or_unresolved,Core Safe,keep current row unchanged,,,,EXCEPTION_REVIEW,manual review: imported row has sourceRowId but no comparison/recovery match,Auswahl,selected_choice_value,CAT02-wortschatz-cat02_w_063,false,,Welches Wort passt? start/begin,,Action verbs,,anfangen | beginnen | anfangen mit | der Kurs,,anfangen,,separable verb placement,,,,,duplicate_v02_same_decision,imported_source_without_replacement_layer_match,
content/b1-m01-variant-families.js,v080149_cat02_wortschatz_cat02_w_064,cat02-w-064,cat02-w-064,matched_lineage_or_unresolved,Core Safe,keep current row unchanged,,,,EXCEPTION_REVIEW,manual review: imported row has sourceRowId but no comparison/recovery match,Auswahl,selected_choice_value,CAT02-wortschatz-cat02_w_064,false,,Welches Wort passt? begin/start,,Action verbs,,beginnen | anfangen | der Kurs | der Kursleiter,,beginnen,,register/context differences,,,,,duplicate_v02_same_decision,imported_source_without_replacement_layer_match,
content/b1-m01-variant-families.js,v080149_cat02_wortschatz_cat02_w_065,cat02-w-065,cat02-w-065,matched_lineage_or_unresolved,Core Safe,keep current row unchanged,,,,EXCEPTION_REVIEW,manual review: imported row has sourceRowId but no comparison/recovery match,Auswahl,selected_choice_value,CAT02-wortschatz-cat02_w_065,false,,Welches Wort passt? participate,,Action verbs,,teilnehmen | mitmachen | anmelden | der Kurs,,teilnehmen,,wrong preposition: an + dative,,,,,duplicate_v02_same_decision,imported_source_without_replacement_layer_match,
content/b1-m01-variant-families.js,v080149_cat02_wortschatz_cat02_w_066,cat02-w-066,cat02-w-066,matched_lineage_or_unresolved,Core Safe,keep current row unchanged,,,,EXCEPTION_REVIEW,manual review: imported row has sourceRowId but no comparison/recovery match,Auswahl,selected_choice_value,CAT02-wortschatz-cat02_w_066,false,,Welches Wort passt? join in/take part,,Action verbs,,mitmachen | teilnehmen | machen | der Kurs,,mitmachen,,separable verb errors,,,,,duplicate_v02_same_decision,imported_source_without_replacement_layer_match,
content/b1-m01-variant-families.js,v080149_cat02_wortschatz_cat02_w_067,cat02-w-067,cat02-w-067,matched_lineage_or_unresolved,Core Safe,keep current row unchanged,,,,EXCEPTION_REVIEW,manual review: imported row has sourceRowId but no comparison/recovery match,Auswahl,selected_choice_value,CAT02-wortschatz-cat02_w_067,false,,Welches Wort passt? register/sign in,,Action verbs,,sich anmelden | teilnehmen | einloggen | der Kurs,,sich anmelden,,reflexive omission; CAT12/CAT10 overlap,,,,,duplicate_v02_same_decision,imported_source_without_replacement_layer_match,
content/b1-m01-variant-families.js,v080149_cat02_wortschatz_cat02_w_068,cat02-w-068,cat02-w-068,matched_lineage_or_unresolved,Core Safe,keep current row unchanged,,,,EXCEPTION_REVIEW,manual review: imported row has sourceRowId but no comparison/recovery match,Auswahl,selected_choice_value,CAT02-wortschatz-cat02_w_068,false,,Welches Wort passt? introduce oneself,,Action verbs,,sich vorstellen | jemanden vorstellen | bewerben | der Kurs,,sich vorstellen,,reflexive omission,,,,,duplicate_v02_same_decision,imported_source_without_replacement_layer_match,
content/b1-m01-variant-families.js,v080149_cat02_wortschatz_cat02_w_069,cat02-w-069,cat02-w-069,matched_lineage_or_unresolved,Core Safe,keep current row unchanged,,,,EXCEPTION_REVIEW,manual review: imported row has sourceRowId but no comparison/recovery match,Auswahl,selected_choice_value,CAT02-wortschatz-cat02_w_069,false,,Welches Wort passt? introduce someone,,Action verbs,,vorstellen | sich vorstellen | der Kurs | der Kursleiter,,vorstellen,,reflexive/non-reflexive confusion,,,,,duplicate_v02_same_decision,imported_source_without_replacement_layer_match,
content/b1-m01-variant-families.js,v080149_cat02_wortschatz_cat02_w_070,cat02-w-070,cat02-w-070,matched_lineage_or_unresolved,Core Safe,keep current row unchanged,,,,EXCEPTION_REVIEW,manual review: imported row has sourceRowId but no comparison/recovery match,Auswahl,selected_choice_value,CAT02-wortschatz-cat02_w_070,false,,Welches Wort passt? explain,,Action verbs,,erklären | zeigen | wiederholen | der Kurs,,erklären,,explain vs show/repeat,,,,,duplicate_v02_same_decision,imported_source_without_replacement_layer_match,
content/b1-m01-variant-families.js,v080149_cat02_wortschatz_cat02_w_071,cat02-w-071,cat02-w-071,matched_lineage_or_unresolved,Core Safe,keep current row unchanged,,,,EXCEPTION_REVIEW,manual review: imported row has sourceRowId but no comparison/recovery match,Auswahl,selected_choice_value,CAT02-wortschatz-cat02_w_071,false,,Welches Wort passt? repeat,,Action verbs,,wiederholen | erklären | buchstabieren | der Kurs,,wiederholen,,wrong target in clarification requests,,,,,duplicate_v02_same_decision,imported_source_without_replacement_layer_match,
content/b1-m01-variant-families.js,v080149_cat02_wortschatz_cat02_w_072,cat02-w-072,cat02-w-072,matched_lineage_or_unresolved,Core Safe,keep current row unchanged,,,,EXCEPTION_REVIEW,manual review: imported row has sourceRowId but no comparison/recovery match,Auswahl,selected_choice_value,CAT02-wortschatz-cat02_w_072,false,,Welches Wort passt? spell out,,Action verbs,,buchstabieren | schreiben | wiederholen | der Kurs,,buchstabieren,,spelling vs writing confusion,,,,,duplicate_v02_same_decision,imported_source_without_replacement_layer_match,
content/b1-m01-variant-families.js,v080149_cat02_wortschatz_cat02_w_073,cat02-w-073,cat02-w-073,matched_lineage_or_unresolved,Core Safe,keep current row unchanged,,,,EXCEPTION_REVIEW,manual review: imported row has sourceRowId but no comparison/recovery match,Auswahl,selected_choice_value,CAT02-wortschatz-cat02_w_073,false,,Welches Wort passt? note down,,Action verbs,,notieren | aufschreiben | merken | der Kurs,,notieren,,object/reflexive variants,,,,,duplicate_v02_same_decision,imported_source_without_replacement_layer_match,
content/b1-m01-variant-families.js,v080149_cat02_wortschatz_cat02_w_074,cat02-w-074,cat02-w-074,matched_lineage_or_unresolved,Core Safe,keep current row unchanged,,,,EXCEPTION_REVIEW,manual review: imported row has sourceRowId but no comparison/recovery match,Auswahl,selected_choice_value,CAT02-wortschatz-cat02_w_074,false,,Welches Wort passt? tick/check a box,,Action verbs,,ankreuzen | markieren | ausfüllen | der Kurs,,ankreuzen,,separable verb; CAT12 overlap,,,,,duplicate_v02_same_decision,imported_source_without_replacement_layer_match,
content/b1-m01-variant-families.js,v080149_cat02_wortschatz_cat02_w_075,cat02-w-075,cat02-w-075,matched_lineage_or_unresolved,Core Safe,keep current row unchanged,,,,EXCEPTION_REVIEW,manual review: imported row has sourceRowId but no comparison/recovery match,Auswahl,selected_choice_value,CAT02-wortschatz-cat02_w_075,false,,Welches Wort passt? fill in/out,,Action verbs,,ausfüllen | ankreuzen | unterschreiben | der Kurs,,ausfüllen,,CAT12 overlap; separable verb,,,,,duplicate_v02_same_decision,imported_source_without_replacement_layer_match,
content/b1-m01-variant-families.js,v080149_cat02_wortschatz_cat02_w_076,cat02-w-076,cat02-w-076,matched_lineage_or_unresolved,Core Safe,keep current row unchanged,,,,EXCEPTION_REVIEW,manual review: imported row has sourceRowId but no comparison/recovery match,Auswahl,selected_choice_value,CAT02-wortschatz-cat02_w_076,false,,Welches Wort passt? hand in,,Action verbs,,abgeben | mitbringen | ausfüllen | der Kurs,,abgeben,,bring vs hand in confusion,,,,,duplicate_v02_same_decision,imported_source_without_replacement_layer_match,
content/b1-m01-variant-families.js,v080149_cat02_wortschatz_cat02_w_077,cat02-w-077,cat02-w-077,matched_lineage_or_unresolved,Core Safe,keep current row unchanged,,,,EXCEPTION_REVIEW,manual review: imported row has sourceRowId but no comparison/recovery match,Auswahl,selected_choice_value,CAT02-wortschatz-cat02_w_077,false,,Welches Wort passt? bring along,,Action verbs,,mitbringen | abgeben | brauchen | der Kurs,,mitbringen,,bring vs hand in confusion,,,,,duplicate_v02_same_decision,imported_source_without_replacement_layer_match,
content/b1-m01-variant-families.js,v080149_cat02_wortschatz_cat02_w_078,cat02-w-078,cat02-w-078,matched_lineage_or_unresolved,Core Safe,keep current row unchanged,,,,EXCEPTION_REVIEW,manual review: imported row has sourceRowId but no comparison/recovery match,Auswahl,selected_choice_value,CAT02-wortschatz-cat02_w_078,false,,Welches Wort passt? show,,Action verbs,,zeigen | erklären | finden | der Kurs,,zeigen,,show vs explain,,,,,duplicate_v02_same_decision,imported_source_without_replacement_layer_match,
content/b1-m01-variant-families.js,v080149_cat02_wortschatz_cat02_w_079,cat02-w-079,cat02-w-079,matched_lineage_or_unresolved,Core Safe,keep current row unchanged,,,,EXCEPTION_REVIEW,manual review: imported row has sourceRowId but no comparison/recovery match,Auswahl,selected_choice_value,CAT02-wortschatz-cat02_w_079,false,,Welches Wort passt? ask,,Action verbs,,fragen | nachfragen | bitten | der Kurs,,fragen,,object/preposition patterns,,,,,duplicate_v02_same_decision,imported_source_without_replacement_layer_match,
content/b1-m01-variant-families.js,v080149_cat02_wortschatz_cat02_w_080,cat02-w-080,cat02-w-080,matched_lineage_or_unresolved,Core Safe,keep current row unchanged,,,,EXCEPTION_REVIEW,manual review: imported row has sourceRowId but no comparison/recovery match,Auswahl,selected_choice_value,CAT02-wortschatz-cat02_w_080,false,,Welches Wort passt? ask/check again,,Action verbs,,nachfragen | fragen | wiederholen | der Kurs,,nachfragen,,overusing as generic ask,,,,,duplicate_v02_same_decision,imported_source_without_replacement_layer_match,
content/b1-m02-appointments-callbacks.js,v080149_cat01_practice_family_cat01_pf_018,cat01-pf-018,cat01-pf-018,matched_lineage_or_unresolved,Core Safe,keep current row unchanged,,,,EXCEPTION_REVIEW,manual review: imported row has sourceRowId but no comparison/recovery match,Reparatur,typed,CAT01-practice_family-cat01_pf_018,false,,Ich habe leider verhindert.,,Korrigiere den Satz.,,,,Ich bin leider verhindert.,,State phrase: use `sein` with `verhindert`.,,,,,duplicate_v02_same_decision,imported_source_without_replacement_layer_match,
content/b1-m02-appointments-callbacks.js,v080149_cat01_practice_family_cat01_pf_028,cat01-pf-028,cat01-pf-028,matched_lineage_or_unresolved,Core Safe,keep current row unchanged,,,,EXCEPTION_REVIEW,manual review: imported row has sourceRowId but no comparison/recovery match,Reparatur,typed,CAT01-practice_family-cat01_pf_028,false,,Ich bin heute bis 16 Uhr erreichen.,,Korrigiere den Satz.,,,,Ich bin heute bis 16 Uhr erreichbar.,,"Use the adjective `erreichbar`, not the verb `erreichen`.",,,,,duplicate_v02_same_decision,imported_source_without_replacement_layer_match,
content/b1-m02-appointments-callbacks.js,v080149_cat01_practice_family_cat01_pf_031,cat01-pf-031,cat01-pf-031,matched_lineage_or_unresolved,Core Safe,keep current row unchanged,,,,EXCEPTION_REVIEW,manual review: imported row has sourceRowId but no comparison/recovery match,Reparatur,typed,CAT01-practice_family-cat01_pf_031,false,,Kann ich eine Nachricht lassen?,,Korrigiere den Satz.,,,,Kann ich eine Nachricht hinterlassen?,,"Use `eine Nachricht hinterlassen`, not `lassen`.",,,,,duplicate_v02_same_decision,imported_source_without_replacement_layer_match,
content/b1-m02-appointments-callbacks.js,v080149_cat01_practice_family_cat01_pf_033,cat01-pf-033,cat01-pf-033,matched_lineage_or_unresolved,Core Safe,keep current row unchanged,,,,EXCEPTION_REVIEW,manual review: imported row has sourceRowId but no comparison/recovery match,Reparatur,typed,CAT01-practice_family-cat01_pf_033,false,,Leider habe ich Ihren Anruf verpassen.,,Korrigiere den Satz.,,,,Leider habe ich Ihren Anruf verpasst.,,Perfekt: `habe ... verpasst`.,,,,,duplicate_v02_same_decision,imported_source_without_replacement_layer_match,
content/b1-m02-appointments-callbacks.js,v080149_cat01_practice_family_cat01_pf_045,cat01-pf-045,cat01-pf-045,matched_lineage_or_unresolved,Core Safe,keep current row unchanged,,,,EXCEPTION_REVIEW,manual review: imported row has sourceRowId but no comparison/recovery match,Reparatur,typed,CAT01-practice_family-cat01_pf_045,false,,Der Termin ist morgen statt.,,Korrigiere den Satz.,,,,Der Termin findet morgen statt.,,"Use `stattfinden`, not `sein`, for “take place”.",,,,,duplicate_v02_same_decision,imported_source_without_replacement_layer_match,
content/b1-m02-appointments-callbacks.js,v080149_cat01_practice_family_cat01_pf_068,cat01-pf-068,cat01-pf-068,matched_lineage_or_unresolved,Core Safe,keep current row unchanged,,,,EXCEPTION_REVIEW,manual review: imported row has sourceRowId but no comparison/recovery match,Reparatur,typed,CAT01-practice_family-cat01_pf_068,false,,Ich habe morgen ein Arzttermin.,,Korrigiere den Satz.,,,,Ich habe morgen einen Arzttermin.,,`haben` takes an accusative object: `einen Arzttermin`.,,,,,duplicate_v02_same_decision,imported_source_without_replacement_layer_match,
content/b1-m02-appointments-callbacks.js,v080149_cat01_practice_family_cat01_pf_069,cat01-pf-069,cat01-pf-069,matched_lineage_or_unresolved,Core Safe,keep current row unchanged,,,,EXCEPTION_REVIEW,manual review: imported row has sourceRowId but no comparison/recovery match,Reparatur,typed,CAT01-practice_family-cat01_pf_069,false,,Ich möchten einen Termin vereinbaren.,,Korrigiere den Satz.,,,,Ich möchte einen Termin vereinbaren.,,"`ich` takes `möchte`, not `möchten`.",,,,,duplicate_v02_same_decision,imported_source_without_replacement_layer_match,
content/b1-m02-appointments-callbacks.js,v080149_cat01_practice_family_cat01_pf_070,cat01-pf-070,cat01-pf-070,matched_lineage_or_unresolved,Core Safe,keep current row unchanged,,,,EXCEPTION_REVIEW,manual review: imported row has sourceRowId but no comparison/recovery match,Reparatur,typed,CAT01-practice_family-cat01_pf_070,false,,Ich bin heute bis 16 Uhr erreichbar ab.,,Korrigiere den Satz.,,,,Ich bin heute bis 16 Uhr erreichbar.,,`bis 16 Uhr` already gives the endpoint.,,,,,duplicate_v02_same_decision,imported_source_without_replacement_layer_match,
content/b1-m02-appointments-callbacks.js,v080149_cat01_practice_family_cat01_pf_071,cat01-pf-071,cat01-pf-071,matched_lineage_or_unresolved,Core Safe,keep current row unchanged,,,,EXCEPTION_REVIEW,manual review: imported row has sourceRowId but no comparison/recovery match,Reparatur,typed,CAT01-practice_family-cat01_pf_071,false,,Können wir den Termin auf am Freitag verschieben?,,Korrigiere den Satz.,,,,Können wir den Termin auf Freitag verschieben?,,"Use `auf Freitag`, not `auf am Freitag`, after `verschieben`.",,,,,duplicate_v02_same_decision,imported_source_without_replacement_layer_match,
content/b1-m02-appointments-callbacks.js,v080149_cat01_practice_family_cat01_pf_072,cat01-pf-072,cat01-pf-072,matched_lineage_or_unresolved,Core Safe,keep current row unchanged,,,,EXCEPTION_REVIEW,manual review: imported row has sourceRowId but no comparison/recovery match,Reparatur,typed,CAT01-practice_family-cat01_pf_072,false,,Ich weiterleite Ihre Nachricht.,,Korrigiere den Satz.,,,,Ich leite Ihre Nachricht weiter.,,Separable verb: `weiterleiten` -> `ich leite ... weiter`.,,,,,duplicate_v02_same_decision,imported_source_without_replacement_layer_match,
content/b1-m02-appointments-callbacks.js,v080149_cat01_redemittel_cat01_r_001,cat01-r-001,cat01-r-001,matched_lineage_or_unresolved,Core Safe,keep current row unchanged,,,,EXCEPTION_REVIEW,manual review: imported row has sourceRowId but no comparison/recovery match,Auswahl,selected_choice_value,CAT01-redemittel-cat01_r_001,false,,Welche Form passt? office/doctor/course,,Make appointment,,Ich möchte gern einen Termin vereinbaren. | Ich würde gern einen Termin ausmachen. | Ich will einen Termin bekommen. | Haben Sie diese Woche noch einen Termin frei?,,Ich möchte gern einen Termin vereinbaren.,,Watch: missing article; verb omitted,,,,,duplicate_v02_same_decision,imported_source_without_replacement_layer_match,
content/b1-m02-appointments-callbacks.js,v080149_cat01_redemittel_cat01_r_002,cat01-r-002,cat01-r-002,matched_lineage_or_unresolved,Core Safe,keep current row unchanged,,,,EXCEPTION_REVIEW,manual review: imported row has sourceRowId but no comparison/recovery match,Auswahl,selected_choice_value,CAT01-redemittel-cat01_r_002,false,,Welche Form passt? spoken,,Make appointment,,Ich würde gern einen Termin ausmachen. | vereinbaren | Ich mache Termin. | Ich möchte gern einen Termin vereinbaren.,,Ich würde gern einen Termin ausmachen.,,Watch: missing article; register mismatch,,,,,duplicate_v02_same_decision,imported_source_without_replacement_layer_match,
content/b1-m02-appointments-callbacks.js,v080149_cat01_redemittel_cat01_r_003,cat01-r-003,cat01-r-003,matched_lineage_or_unresolved,Core Safe,keep current row unchanged,,,,EXCEPTION_REVIEW,manual review: imported row has sourceRowId but no comparison/recovery match,Auswahl,selected_choice_value,CAT01-redemittel-cat01_r_003,false,,Welche Form passt? phone,,Ask availability,,Haben Sie diese Woche noch einen Termin frei? | Wäre ... etwas frei? | Gibt es diese Woche Termin? | Ich möchte gern einen Termin vereinbaren.,,Haben Sie diese Woche noch einen Termin frei?,,Watch: missing article; wrong word order,,,,,duplicate_v02_same_decision,imported_source_without_replacement_layer_match,
content/b1-m02-appointments-callbacks.js,v080149_cat01_redemittel_cat01_r_004,cat01-r-004,cat01-r-004,matched_lineage_or_unresolved,Core Safe,keep current row unchanged,,,,EXCEPTION_REVIEW,manual review: imported row has sourceRowId but no comparison/recovery match,Auswahl,selected_choice_value,CAT01-redemittel-cat01_r_004,false,,Welche Form passt? phone,,Ask availability,,Wäre am Dienstagvormittag etwas frei? | Haben Sie am ... etwas frei? | Ist Dienstag frei etwas? | Ich möchte gern einen Termin vereinbaren.,,Wäre am Dienstagvormittag etwas frei?,,Watch: word order errors,,,,,duplicate_v02_same_decision,imported_source_without_replacement_layer_match,
content/b1-m02-appointments-callbacks.js,v080149_cat01_redemittel_cat01_r_005,cat01-r-005,cat01-r-005,matched_lineage_or_unresolved,Core Safe,keep current row unchanged,,,,EXCEPTION_REVIEW,manual review: imported row has sourceRowId but no comparison/recovery match,Auswahl,selected_choice_value,CAT01-redemittel-cat01_r_005,false,,Welche Form passt? phone/email,,Offer availability,,Ich hätte am Montag ab 14 Uhr Zeit. | Mir würde ... passen. | Ich wäre Zeit. | Ich möchte gern einen Termin vereinbaren.,,Ich hätte am Montag ab 14 Uhr Zeit.,,Watch: wrong haben/sein,,,,,duplicate_v02_same_decision,imported_source_without_replacement_layer_match,
content/b1-m02-appointments-callbacks.js,v080149_cat01_redemittel_cat01_r_006,cat01-r-006,cat01-r-006,matched_lineage_or_unresolved,Core Safe,keep current row unchanged,,,,EXCEPTION_REVIEW,manual review: imported row has sourceRowId but no comparison/recovery match,Auswahl,selected_choice_value,CAT01-redemittel-cat01_r_006,false,,Welche Form passt? phone/email,,Offer availability,,Mir würde Mittwoch gut passen. | Der Termin passt mir. | Ich passe Mittwoch. | Ich möchte gern einen Termin vereinbaren.,,Mir würde Mittwoch gut passen.,,Watch: wrong subject/person,,,,,duplicate_v02_same_decision,imported_source_without_replacement_layer_match,
content/b1-m02-appointments-callbacks.js,v080149_cat01_redemittel_cat01_r_007,cat01-r-007,cat01-r-007,matched_lineage_or_unresolved,Core Safe,keep current row unchanged,,,,EXCEPTION_REVIEW,manual review: imported row has sourceRowId but no comparison/recovery match,Auswahl,selected_choice_value,CAT01-redemittel-cat01_r_007,false,,Welche Form passt? phone/email,,Check suitability,,Passt Ihnen der Termin am Freitag? | Passt Ihnen Freitag? | Geht der Termin Ihnen? | Ich möchte gern einen Termin vereinbaren.,,Passt Ihnen der Termin am Freitag?,,Watch: wrong verb/preposition,,,,,duplicate_v02_same_decision,imported_source_without_replacement_layer_match,
content/b1-m02-appointments-callbacks.js,v080149_cat01_redemittel_cat01_r_008,cat01-r-008,cat01-r-008,matched_lineage_or_unresolved,Core Safe,keep current row unchanged,,,,EXCEPTION_REVIEW,manual review: imported row has sourceRowId but no comparison/recovery match,Auswahl,selected_choice_value,CAT01-redemittel-cat01_r_008,false,,Welche Form passt? email/phone,,Confirm appointment,,Der Termin passt mir. | Ich bestätige den Termin. | Der Termin ist mir. | Ich möchte gern einen Termin vereinbaren.,,Der Termin passt mir.,,Watch: missing verb choice,,,,,duplicate_v02_same_decision,imported_source_without_replacement_layer_match,
content/b1-m02-appointments-callbacks.js,v080149_cat01_redemittel_cat01_r_009,cat01-r-009,cat01-r-009,matched_lineage_or_unresolved,Core Safe,keep current row unchanged,,,,EXCEPTION_REVIEW,manual review: imported row has sourceRowId but no comparison/recovery match,Auswahl,selected_choice_value,CAT01-redemittel-cat01_r_009,false,,Welche Form passt? email/phone,,Decline time,,Der Termin passt mir leider nicht. | Ich bin leider verhindert. | Der Termin geht mir nicht. | Ich möchte gern einen Termin vereinbaren.,,Der Termin passt mir leider nicht.,,Watch: wrong verb,,,,,duplicate_v02_same_decision,imported_source_without_replacement_layer_match,
content/b1-m02-appointments-callbacks.js,v080149_cat01_redemittel_cat01_r_010,cat01-r-010,cat01-r-010,matched_lineage_or_unresolved,Core Safe,keep current row unchanged,,,,EXCEPTION_REVIEW,manual review: imported row has sourceRowId but no comparison/recovery match,Auswahl,selected_choice_value,CAT01-redemittel-cat01_r_010,false,,Welche Form passt? phone/email,,Reschedule,,Können wir den Termin bitte verschieben? | Wäre es möglich ... | Können wir den Termin bewegen? | Ich möchte gern einen Termin vereinbaren.,,Können wir den Termin bitte verschieben?,,Watch: literal move error,,,,,duplicate_v02_same_decision,imported_source_without_replacement_layer_match,
content/b1-m02-appointments-callbacks.js,v080149_cat01_redemittel_cat01_r_011,cat01-r-011,cat01-r-011,matched_lineage_or_unresolved,Core Safe,keep current row unchanged,,,,EXCEPTION_REVIEW,manual review: imported row has sourceRowId but no comparison/recovery match,Auswahl,selected_choice_value,CAT01-redemittel-cat01_r_011,false,,Welche Form passt? formal email,,Reschedule,,"Wäre es möglich, den Termin auf Donnerstag zu verschieben? | Können wir ... | auf am Donnerstag | Ich möchte gern einen Termin vereinbaren.",,"Wäre es möglich, den Termin auf Donnerstag zu verschieben?",,Watch: wrong auf phrase,,,,,duplicate_v02_same_decision,imported_source_without_replacement_layer_match,
content/b1-m02-appointments-callbacks.js,v080149_cat01_redemittel_cat01_r_012,cat01-r-012,cat01-r-012,matched_lineage_or_unresolved,Core Safe,keep current row unchanged,,,,EXCEPTION_REVIEW,manual review: imported row has sourceRowId but no comparison/recovery match,Auswahl,selected_choice_value,CAT01-redemittel-cat01_r_012,false,,Welche Form passt? phone/email,,Cancel,,Ich muss den Termin leider absagen. | Ich kann heute leider nicht kommen. | Ich muss Termin kündigen. | Ich möchte gern einen Termin vereinbaren.,,Ich muss den Termin leider absagen.,,Watch: wrong verb/article,,,,,duplicate_v02_same_decision,imported_source_without_replacement_layer_match,
content/b1-m02-appointments-callbacks.js,v080149_cat01_redemittel_cat01_r_013,cat01-r-013,cat01-r-013,matched_lineage_or_unresolved,Core Safe,keep current row unchanged,,,,EXCEPTION_REVIEW,manual review: imported row has sourceRowId but no comparison/recovery match,Auswahl,selected_choice_value,CAT01-redemittel-cat01_r_013,false,,Welche Form passt? phone/email,,Cannot attend,,Ich kann heute leider nicht kommen. | Ich bin leider verhindert. | Ich kann heute nicht gehen. | Ich möchte gern einen Termin vereinbaren.,,Ich kann heute leider nicht kommen.,,Watch: gehen/kommen mismatch,,,,,duplicate_v02_same_decision,imported_source_without_replacement_layer_match,
content/b1-m02-appointments-callbacks.js,v080149_cat01_redemittel_cat01_r_014,cat01-r-014,cat01-r-014,matched_lineage_or_unresolved,Core Safe,keep current row unchanged,,,,EXCEPTION_REVIEW,manual review: imported row has sourceRowId but no comparison/recovery match,Auswahl,selected_choice_value,CAT01-redemittel-cat01_r_014,false,,Welche Form passt? phone/email,,Unavailable,,Ich bin leider verhindert. | Ich kann leider nicht kommen. | Ich habe verhindert. | Ich möchte gern einen Termin vereinbaren.,,Ich bin leider verhindert.,,Watch: wrong auxiliary,,,,,duplicate_v02_same_decision,imported_source_without_replacement_layer_match,
content/b1-m02-appointments-callbacks.js,v080149_cat01_redemittel_cat01_r_015,cat01-r-015,cat01-r-015,matched_lineage_or_unresolved,Core Safe,keep current row unchanged,,,,EXCEPTION_REVIEW,manual review: imported row has sourceRowId but no comparison/recovery match,Auswahl,selected_choice_value,CAT01-redemittel-cat01_r_015,false,,Welche Form passt? phone,,Running late,,Ich komme etwa zehn Minuten später. | Ich verspäte mich um ... | Ich bin zehn Minuten später kommen. | Ich möchte gern einen Termin vereinbaren.,,Ich komme etwa zehn Minuten später.,,Watch: wrong tense/order,,,,,duplicate_v02_same_decision,imported_source_without_replacement_layer_match,
content/b1-m02-appointments-callbacks.js,v080149_cat01_redemittel_cat01_r_016,cat01-r-016,cat01-r-016,matched_lineage_or_unresolved,Core Safe,keep current row unchanged,,,,EXCEPTION_REVIEW,manual review: imported row has sourceRowId but no comparison/recovery match,Auswahl,selected_choice_value,CAT01-redemittel-cat01_r_016,false,,Welche Form passt? phone/email,,Written confirmation,,Ich bitte um eine kurze Bestätigung. | Könnten Sie ... schriftlich bestätigen? | Ich mache Bestätigung. | Ich möchte gern einen Termin vereinbaren.,,Ich bitte um eine kurze Bestätigung.,,Watch: wrong noun verb,,,,,duplicate_v02_same_decision,imported_source_without_replacement_layer_match,
content/b1-m02-appointments-callbacks.js,v080149_cat01_redemittel_cat01_r_017,cat01-r-017,cat01-r-017,matched_lineage_or_unresolved,Core Safe,keep current row unchanged,,,,EXCEPTION_REVIEW,manual review: imported row has sourceRowId but no comparison/recovery match,Auswahl,selected_choice_value,CAT01-redemittel-cat01_r_017,false,,Welche Form passt? phone/email,,Written confirmation,,Könnten Sie mir den Termin bitte schriftlich bestätigen? | Ich bitte um ... | Können Sie den Termin schreiben? | Ich möchte gern einen Termin vereinbaren.,,Könnten Sie mir den Termin bitte schriftlich bestätigen?,,Watch: translationese,,,,,duplicate_v02_same_decision,imported_source_without_replacement_layer_match,
content/b1-m02-appointments-callbacks.js,v080149_cat01_redemittel_cat01_r_018,cat01-r-018,cat01-r-018,matched_lineage_or_unresolved,Core Safe,keep current row unchanged,,,,EXCEPTION_REVIEW,manual review: imported row has sourceRowId but no comparison/recovery match,Auswahl,selected_choice_value,CAT01-redemittel-cat01_r_018,false,,Welche Form passt? phone/email,,Ask documents,,Welche Unterlagen soll ich mitbringen? | Soll ich meinen Ausweis mitbringen? | Welche Unterlagen soll ich bringen? | Ich möchte gern einen Termin vereinbaren.,,Welche Unterlagen soll ich mitbringen?,,Watch: less natural verb,,,,,duplicate_v02_same_decision,imported_source_without_replacement_layer_match,
content/b1-m02-appointments-callbacks.js,v080149_cat01_redemittel_cat01_r_019,cat01-r-019,cat01-r-019,matched_lineage_or_unresolved,Core Safe,keep current row unchanged,,,,EXCEPTION_REVIEW,manual review: imported row has sourceRowId but no comparison/recovery match,Auswahl,selected_choice_value,CAT01-redemittel-cat01_r_019,false,,Welche Form passt? phone/email,,Ask documents,,Soll ich meinen Ausweis mitbringen? | Welche Unterlagen ... | Soll ich meinen Ausweis bringen? | Ich möchte gern einen Termin vereinbaren.,,Soll ich meinen Ausweis mitbringen?,,Watch: less natural verb,,,,,duplicate_v02_same_decision,imported_source_without_replacement_layer_match,
content/b1-m02-appointments-callbacks.js,v080149_cat01_redemittel_cat01_r_020,cat01-r-020,cat01-r-020,matched_lineage_or_unresolved,Core Safe,keep current row unchanged,,,,EXCEPTION_REVIEW,manual review: imported row has sourceRowId but no comparison/recovery match,Auswahl,selected_choice_value,CAT01-redemittel-cat01_r_020,false,,Welche Form passt? phone/email,,Question about appointment,,Ich habe eine Frage zu meinem Termin. | Ich rufe zu meinem Termin an. | Ich habe eine Frage für meinen Termin. | Ich möchte gern einen Termin vereinbaren.,,Ich habe eine Frage zu meinem Termin.,,Watch: wrong preposition,,,,,duplicate_v02_same_decision,imported_source_without_replacement_layer_match,
content/b1-m02-appointments-callbacks.js,v080149_cat01_redemittel_cat01_r_022,cat01-r-022,cat01-r-022,matched_lineage_or_unresolved,Core Safe,keep current row unchanged,,,,EXCEPTION_REVIEW,manual review: imported row has sourceRowId but no comparison/recovery match,Auswahl,selected_choice_value,CAT01-redemittel-cat01_r_022,false,,Welche Form passt? phone,,Refer to appointment,,Ich rufe zu meinem Termin am Montag an. | Ich rufe wegen ... an. | Ich rufe über meinen Termin an. | Ich möchte gern einen Termin vereinbaren.,,Ich rufe zu meinem Termin am Montag an.,,Watch: preposition transfer,,,,,duplicate_v02_same_decision,imported_source_without_replacement_layer_match,
content/b1-m02-appointments-callbacks.js,v080149_cat01_redemittel_cat01_r_023,cat01-r-023,cat01-r-023,matched_lineage_or_unresolved,Core Safe,keep current row unchanged,,,,EXCEPTION_REVIEW,manual review: imported row has sourceRowId but no comparison/recovery match,Auswahl,selected_choice_value,CAT01-redemittel-cat01_r_023,false,,Welche Form passt? phone/email,,Ask callback,,Könnten Sie mich bitte zurückrufen? | Bitte rufen Sie mich zurück. | Könnten Sie zu mir zurückrufen? | Ich möchte gern einen Termin vereinbaren.,,Könnten Sie mich bitte zurückrufen?,,Watch: wrong object/preposition,,,,,duplicate_v02_same_decision,imported_source_without_replacement_layer_match,
content/b1-m02-appointments-callbacks.js,v080149_cat01_redemittel_cat01_r_024,cat01-r-024,cat01-r-024,matched_lineage_or_unresolved,Core Safe,keep current row unchanged,,,,EXCEPTION_REVIEW,manual review: imported row has sourceRowId but no comparison/recovery match,Auswahl,selected_choice_value,CAT01-redemittel-cat01_r_024,false,,Welche Form passt? formal,,Ask callback,,Ich bitte um Rückruf. | Könnten Sie mich zurückrufen? | Ich frage Rückruf. | Ich möchte gern einen Termin vereinbaren.,,Ich bitte um Rückruf.,,Watch: wrong verb,,,,,duplicate_v02_same_decision,imported_source_without_replacement_layer_match,
content/b1-m02-appointments-callbacks.js,v080149_cat01_redemittel_cat01_r_025,cat01-r-025,cat01-r-025,matched_lineage_or_unresolved,Core Safe,keep current row unchanged,,,,EXCEPTION_REVIEW,manual review: imported row has sourceRowId but no comparison/recovery match,Auswahl,selected_choice_value,CAT01-redemittel-cat01_r_025,false,,Welche Form passt? phone/email,,Give reachability,,Sie erreichen mich unter dieser Nummer. | Ich bin ... erreichbar. | Sie erreichen mich auf dieser Nummer. | Ich möchte gern einen Termin vereinbaren.,,Sie erreichen mich unter dieser Nummer.,,Watch: wrong preposition,,,,,duplicate_v02_same_decision,imported_source_without_replacement_layer_match,
content/b1-m02-appointments-callbacks.js,v080149_cat01_redemittel_cat01_r_026,cat01-r-026,cat01-r-026,matched_lineage_or_unresolved,Core Safe,keep current row unchanged,,,,EXCEPTION_REVIEW,manual review: imported row has sourceRowId but no comparison/recovery match,Auswahl,selected_choice_value,CAT01-redemittel-cat01_r_026,false,,Welche Form passt? phone/email,,Give reachability,,Ich bin heute bis 16 Uhr erreichbar. | Sie erreichen mich ... | Ich bin bis 16 Uhr erreichen. | Ich möchte gern einen Termin vereinbaren.,,Ich bin heute bis 16 Uhr erreichbar.,,Watch: adjective/verb confusion,,,,,duplicate_v02_same_decision,imported_source_without_replacement_layer_match,
content/b1-m02-appointments-callbacks.js,v080149_cat01_redemittel_cat01_r_027,cat01-r-027,cat01-r-027,matched_lineage_or_unresolved,Core Safe,keep current row unchanged,,,,EXCEPTION_REVIEW,manual review: imported row has sourceRowId but no comparison/recovery match,Auswahl,selected_choice_value,CAT01-redemittel-cat01_r_027,false,,Welche Form passt? phone,,Ask reachability,,Wann kann ich Sie am besten erreichen? | Wann sind Sie erreichbar? | Wann kann ich Sie anrufen erreichen? | Ich möchte gern einen Termin vereinbaren.,,Wann kann ich Sie am besten erreichen?,,Watch: verb confusion,,,,,duplicate_v02_same_decision,imported_source_without_replacement_layer_match,
content/b1-m02-appointments-callbacks.js,v080149_cat01_redemittel_cat01_r_028,cat01-r-028,cat01-r-028,matched_lineage_or_unresolved,Core Safe,keep current row unchanged,,,,EXCEPTION_REVIEW,manual review: imported row has sourceRowId but no comparison/recovery match,Auswahl,selected_choice_value,CAT01-redemittel-cat01_r_028,false,,Welche Form passt? phone,,Leave message,,Kann ich eine Nachricht hinterlassen? | Ich hinterlasse eine Nachricht. | Kann ich eine Nachricht lassen? | Ich möchte gern einen Termin vereinbaren.,,Kann ich eine Nachricht hinterlassen?,,Watch: missing prefix,,,,,duplicate_v02_same_decision,imported_source_without_replacement_layer_match,
content/b1-m02-appointments-callbacks.js,v080149_cat01_redemittel_cat01_r_029,cat01-r-029,cat01-r-029,matched_lineage_or_unresolved,Core Safe,keep current row unchanged,,,,EXCEPTION_REVIEW,manual review: imported row has sourceRowId but no comparison/recovery match,Auswahl,selected_choice_value,CAT01-redemittel-cat01_r_029,false,,Welche Form passt? reception,,Pass message,,Ich richte es aus. | Ich leite Ihre Nachricht weiter. | Ich mache es aus. | Ich möchte gern einen Termin vereinbaren.,,Ich richte es aus.,,Watch: idiom confusion,,,,,duplicate_v02_same_decision,imported_source_without_replacement_layer_match,
content/b1-m02-appointments-callbacks.js,v080149_cat01_redemittel_cat01_r_030,cat01-r-030,cat01-r-030,matched_lineage_or_unresolved,Core Safe,keep current row unchanged,,,,EXCEPTION_REVIEW,manual review: imported row has sourceRowId but no comparison/recovery match,Auswahl,selected_choice_value,CAT01-redemittel-cat01_r_030,false,,Welche Form passt? office,,Pass message,,Ich leite Ihre Nachricht weiter. | Ich richte es aus. | Ich weiterleite Ihre Nachricht. | Ich möchte gern einen Termin vereinbaren.,,Ich leite Ihre Nachricht weiter.,,Watch: separable verb error,,,,,duplicate_v02_same_decision,imported_source_without_replacement_layer_match,
content/b1-m02-appointments-callbacks.js,v080149_cat01_redemittel_cat01_r_031,cat01-r-031,cat01-r-031,matched_lineage_or_unresolved,Core Safe,keep current row unchanged,,,,EXCEPTION_REVIEW,manual review: imported row has sourceRowId but no comparison/recovery match,Auswahl,selected_choice_value,CAT01-redemittel-cat01_r_031,false,,Welche Form passt? reception,,Connect call,,"Einen Moment bitte, ich stelle Sie durch. | Ich verbinde Sie. | Ich leite Sie weiter. | Ich möchte gern einen Termin vereinbaren.",,"Einen Moment bitte, ich stelle Sie durch.",,Watch: valid alternative risk,,,,,duplicate_v02_same_decision,imported_source_without_replacement_layer_match,
content/b1-m02-appointments-callbacks.js,v080149_cat01_redemittel_cat01_r_032,cat01-r-032,cat01-r-032,matched_lineage_or_unresolved,Core Safe,keep current row unchanged,,,,EXCEPTION_REVIEW,manual review: imported row has sourceRowId but no comparison/recovery match,Auswahl,selected_choice_value,CAT01-redemittel-cat01_r_032,false,,Welche Form passt? phone,,Line busy,,Die Leitung ist gerade besetzt. | Frau X ist nicht erreichbar. | Die Person ist besetzt. | Ich möchte gern einen Termin vereinbaren.,,Die Leitung ist gerade besetzt.,,Watch: line/person confusion,,,,,duplicate_v02_same_decision,imported_source_without_replacement_layer_match,
content/b1-m02-appointments-callbacks.js,v080149_cat01_redemittel_cat01_r_033,cat01-r-033,cat01-r-033,matched_lineage_or_unresolved,Core Safe,keep current row unchanged,,,,EXCEPTION_REVIEW,manual review: imported row has sourceRowId but no comparison/recovery match,Auswahl,selected_choice_value,CAT01-redemittel-cat01_r_033,false,,Welche Form passt? phone,,Unreachable person,,Frau Schneider ist gerade nicht erreichbar. | Die Leitung ist besetzt. | Frau Schneider ist frei. | Ich möchte gern einen Termin vereinbaren.,,Frau Schneider ist gerade nicht erreichbar.,,Watch: wrong adjective,,,,,duplicate_v02_same_decision,imported_source_without_replacement_layer_match,
content/b1-m02-appointments-callbacks.js,v080149_cat01_redemittel_cat01_r_034,cat01-r-034,cat01-r-034,matched_lineage_or_unresolved,Core Safe,keep current row unchanged,,,,EXCEPTION_REVIEW,manual review: imported row has sourceRowId but no comparison/recovery match,Auswahl,selected_choice_value,CAT01-redemittel-cat01_r_034,false,,Welche Form passt? phone/email,,Missed call,,Leider habe ich Ihren Anruf verpasst. | Ich habe Ihnen eine Nachricht hinterlassen. | Ich habe Ihren Anruf verpassen. | Ich möchte gern einen Termin vereinbaren.,,Leider habe ich Ihren Anruf verpasst.,,Watch: Perfekt error,,,,,duplicate_v02_same_decision,imported_source_without_replacement_layer_match,
content/b1-m02-appointments-callbacks.js,v080149_cat01_redemittel_cat01_r_035,cat01-r-035,cat01-r-035,matched_lineage_or_unresolved,Core Safe,keep current row unchanged,,,,EXCEPTION_REVIEW,manual review: imported row has sourceRowId but no comparison/recovery match,Auswahl,selected_choice_value,CAT01-redemittel-cat01_r_035,false,,Welche Form passt? phone/email,,Voicemail,,Ich habe Ihnen eine Nachricht hinterlassen. | Kann ich eine Nachricht hinterlassen? | Ich habe Ihnen eine Nachricht gelassen. | Ich möchte gern einen Termin vereinbaren.,,Ich habe Ihnen eine Nachricht hinterlassen.,,Watch: wrong participle/verb,,,,,duplicate_v02_same_decision,imported_source_without_replacement_layer_match,
content/b1-m02-appointments-callbacks.js,v080149_cat01_redemittel_cat01_r_036,cat01-r-036,cat01-r-036,matched_lineage_or_unresolved,Core Safe,keep current row unchanged,,,,EXCEPTION_REVIEW,manual review: imported row has sourceRowId but no comparison/recovery match,Auswahl,selected_choice_value,CAT01-redemittel-cat01_r_036,false,,Welche Form passt? email,,Request reply,,Bitte rufen Sie mich unter 0176 ... zurück. | Könnten Sie mich bitte zurückrufen? | Bitte zurückrufen Sie mich. | Ich möchte gern einen Termin vereinbaren.,,Bitte rufen Sie mich unter 0176 ... zurück.,,Watch: separable verb order,,,,,duplicate_v02_same_decision,imported_source_without_replacement_layer_match,
content/b1-m02-appointments-callbacks.js,v080149_cat01_redemittel_cat01_r_038,cat01-r-038,cat01-r-038,matched_lineage_or_unresolved,Core Safe,keep current row unchanged,,,,EXCEPTION_REVIEW,manual review: imported row has sourceRowId but no comparison/recovery match,Auswahl,selected_choice_value,CAT01-redemittel-cat01_r_038,false,,Welche Form passt? email,,Thanks,,Vielen Dank für Ihre Rückmeldung. | Vielen Dank für Ihr Verständnis. | Danke für Ihre Antwortung. | Ich möchte gern einen Termin vereinbaren.,,Vielen Dank für Ihre Rückmeldung.,,Watch: wrong noun formation,,,,,duplicate_v02_same_decision,imported_source_without_replacement_layer_match,
content/b1-m02-appointments-callbacks.js,v080149_cat01_redemittel_cat01_r_039,cat01-r-039,cat01-r-039,matched_lineage_or_unresolved,Core Safe,keep current row unchanged,,,,EXCEPTION_REVIEW,manual review: imported row has sourceRowId but no comparison/recovery match,Auswahl,selected_choice_value,CAT01-redemittel-cat01_r_039,false,,Welche Form passt? email,,Thanks/closure,,Vielen Dank für Ihr Verständnis. | Vielen Dank für Ihre Rückmeldung. | Vielen Dank für Ihre Verständnis. | Ich möchte gern einen Termin vereinbaren.,,Vielen Dank für Ihr Verständnis.,,Watch: wrong possessive gender,,,,,duplicate_v02_same_decision,imported_source_without_replacement_layer_match,
content/b1-m02-appointments-callbacks.js,v080149_cat01_redemittel_cat01_r_041,cat01-r-041,cat01-r-041,matched_lineage_or_unresolved,Core Safe,keep current row unchanged,,,,EXCEPTION_REVIEW,manual review: imported row has sourceRowId but no comparison/recovery match,Auswahl,selected_choice_value,CAT01-redemittel-cat01_r_041,false,,Welche Form passt? email,,Positive close,,Ich freue mich auf den Termin. | Bis zum Termin. | Ich freue mich für den Termin. | Ich möchte gern einen Termin vereinbaren.,,Ich freue mich auf den Termin.,,Watch: wrong preposition,,,,,duplicate_v02_same_decision,imported_source_without_replacement_layer_match,
content/b1-m02-appointments-callbacks.js,v080149_cat01_redemittel_cat01_r_042,cat01-r-042,cat01-r-042,matched_lineage_or_unresolved,Core Safe,keep current row unchanged,,,,EXCEPTION_REVIEW,manual review: imported row has sourceRowId but no comparison/recovery match,Auswahl,selected_choice_value,CAT01-redemittel-cat01_r_042,false,,Welche Form passt? email,,Confirm written,,Ich bestätige den Termin am 12. Juni. | Der Termin passt mir. | Ich bin den Termin bestätigen. | Ich möchte gern einen Termin vereinbaren.,,Ich bestätige den Termin am 12. Juni.,,Watch: verb form error,,,,,duplicate_v02_same_decision,imported_source_without_replacement_layer_match,
content/b1-m02-appointments-callbacks.js,v080149_cat01_redemittel_cat01_r_043,cat01-r-043,cat01-r-043,matched_lineage_or_unresolved,Core Safe,keep current row unchanged,,,,EXCEPTION_REVIEW,manual review: imported row has sourceRowId but no comparison/recovery match,Auswahl,selected_choice_value,CAT01-redemittel-cat01_r_043,false,,Welche Form passt? email,,Ask for info,,"Bitte teilen Sie mir mit, ob der Termin stattfindet. | Ich wollte nachfragen, ob ... | Bitte sagen Sie mir, der Termin findet statt. | Ich möchte gern einen Termin vereinbaren.",,"Bitte teilen Sie mir mit, ob der Termin stattfindet.",,Watch: missing ob/wording,,,,,duplicate_v02_same_decision,imported_source_without_replacement_layer_match,
content/b1-m02-appointments-callbacks.js,v080149_cat01_redemittel_cat01_r_045,cat01-r-045,cat01-r-045,matched_lineage_or_unresolved,Core Safe,keep current row unchanged,,,,EXCEPTION_REVIEW,manual review: imported row has sourceRowId but no comparison/recovery match,Auswahl,selected_choice_value,CAT01-redemittel-cat01_r_045,false,,Welche Form passt? phone/email,,Ask online option,,Kann der Termin auch online stattfinden? | Kann der Termin telefonisch stattfinden? | Kann der Termin online sein? | Ich möchte gern einen Termin vereinbaren.,,Kann der Termin auch online stattfinden?,,Watch: less precise verb,,,,,duplicate_v02_same_decision,imported_source_without_replacement_layer_match,
content/b1-m02-appointments-callbacks.js,v080149_cat01_redemittel_cat01_r_047,cat01-r-047,cat01-r-047,matched_lineage_or_unresolved,Core Safe,keep current row unchanged,,,,EXCEPTION_REVIEW,manual review: imported row has sourceRowId but no comparison/recovery match,Auswahl,selected_choice_value,CAT01-redemittel-cat01_r_047,false,,Welche Form passt? phone/email,,Need quick answer,,"Es wäre gut, wenn ich heute noch eine Antwort bekomme. | Ich bitte um Rückmeldung. | Es ist gut, wenn ... | Ich möchte gern einen Termin vereinbaren.",,"Es wäre gut, wenn ich heute noch eine Antwort bekomme.",,Watch: register nuance,,,,,duplicate_v02_same_decision,imported_source_without_replacement_layer_match,
content/b1-m02-appointments-callbacks.js,v080149_cat01_redemittel_cat01_r_048,cat01-r-048,cat01-r-048,matched_lineage_or_unresolved,Core Safe,keep current row unchanged,,,,EXCEPTION_REVIEW,manual review: imported row has sourceRowId but no comparison/recovery match,Auswahl,selected_choice_value,CAT01-redemittel-cat01_r_048,false,,Welche Form passt? phone/email,,Follow-up,,"Ich wollte kurz nachfragen, ob der Termin bestätigt ist. | Bitte teilen Sie mir mit, ob ... | Ich wollte fragen, wenn ... | Ich möchte gern einen Termin vereinbaren.",,"Ich wollte kurz nachfragen, ob der Termin bestätigt ist.",,Watch: ob/wenn confusion,,,,,duplicate_v02_same_decision,imported_source_without_replacement_layer_match,
content/b1-m03-job-search-offices.js,v080149_cat03_contrast_cat03_cs_005,cat03-cs-005,cat03-cs-005,matched_lineage_or_unresolved,Core Safe,keep current row unchanged,,,,EXCEPTION_REVIEW,manual review: imported row has sourceRowId but no comparison/recovery match,Auswahl,selected_choice_value,CAT03-contrast-cat03_cs_005,false,,Welche Handlung passt?,,beantragen vs bewerben vs anmelden,,beantragen | bewerben | anmelden | abgeben,,beantragen,,Official permissions/documents are usually `beantragen`.,,,,,duplicate_v02_same_decision,imported_source_without_replacement_layer_match,
content/b1-m03-job-search-offices.js,v080149_cat03_contrast_cat03_cs_016,cat03-cs-016,cat03-cs-016,matched_lineage_or_unresolved,Core Safe,keep current row unchanged,,,,EXCEPTION_REVIEW,manual review: imported row has sourceRowId but no comparison/recovery match,Auswahl,selected_choice_value,CAT03-contrast-cat03_cs_016,false,,Welche Situation passt?,,Beratungsgespräch vs Vorstellungsgespräch,,Beratungsgespräch | Vorstellungsgespräch | Telefonat | Besprechung,,Beratungsgespräch,,Job interviews belong mainly to CAT04; advice appointment belongs here.,,,,,duplicate_v02_same_decision,imported_source_without_replacement_layer_match,
content/b1-m03-job-search-offices.js,v080149_cat03_contrast_cat03_cs_017,cat03-cs-017,cat03-cs-017,matched_lineage_or_unresolved,Core Safe,keep current row unchanged,,,,EXCEPTION_REVIEW,manual review: imported row has sourceRowId but no comparison/recovery match,Auswahl,selected_choice_value,CAT03-contrast-cat03_cs_017,false,,Welche Nummer ist gemeint?,,Kundennummer vs Aktenzeichen,,Kundennummer | Aktenzeichen | Telefonnummer | Wartenummer,,Kundennummer,,Official offices use different number types.,,,,,duplicate_v02_same_decision,imported_source_without_replacement_layer_match,
content/b1-m03-job-search-offices.js,v080149_cat03_contrast_cat03_cs_019,cat03-cs-019,cat03-cs-019,matched_lineage_or_unresolved,Core Safe,keep current row unchanged,,,,EXCEPTION_REVIEW,manual review: imported row has sourceRowId but no comparison/recovery match,Auswahl,selected_choice_value,CAT03-contrast-cat03_cs_019,false,,Welche Handlung passt?,,abgeben vs ausfüllen vs unterschreiben,,ausfüllen | abgeben | unterschreiben | beantragen,,ausfüllen,,Choose the verb by the document action.,,,,,duplicate_v02_same_decision,imported_source_without_replacement_layer_match,
content/b1-m03-job-search-offices.js,v080149_cat03_contrast_cat03_cs_020,cat03-cs-020,cat03-cs-020,matched_lineage_or_unresolved,Core Safe,keep current row unchanged,,,,EXCEPTION_REVIEW,manual review: imported row has sourceRowId but no comparison/recovery match,Auswahl,selected_choice_value,CAT03-contrast-cat03_cs_020,false,,Welche Form passt zur Situation?,,persönlich vs schriftlich vs online,,persönlich | schriftlich | online | telefonisch,,persönlich,,Channel words change how the office interaction happens.,,,,,duplicate_v02_same_decision,imported_source_without_replacement_layer_match,
content/b1-m03-job-search-offices.js,v080149_cat03_contrast_cat03_cs_021,cat03-cs-021,cat03-cs-021,matched_lineage_or_unresolved,Core Safe,keep current row unchanged,,,,EXCEPTION_REVIEW,manual review: imported row has sourceRowId but no comparison/recovery match,Auswahl,selected_choice_value,CAT03-contrast-cat03_cs_021,false,,Welches Verb passt?,,suchen vs finden vs bekommen,,suchen | finden | bekommen | prüfen,,suchen,,Use `eine Stelle suchen` before you have found it.,,,,,duplicate_v02_same_decision,imported_source_without_replacement_layer_match,
content/b1-m03-job-search-offices.js,v080149_cat03_practice_family_cat03_pf_062,cat03-pf-062,cat03-pf-062,matched_lineage_or_unresolved,Core Safe,keep current row unchanged,,,,EXCEPTION_REVIEW,manual review: imported row has sourceRowId but no comparison/recovery match,Reparatur,typed,CAT03-practice_family-cat03_pf_062,false,,Ich suche Stelle als Verkäuferin.,,Korrigiere den Satz.,,,,Ich suche eine Stelle als Verkäuferin.,,Use `eine Stelle suchen`.,,,,,duplicate_v02_same_decision,imported_source_without_replacement_layer_match,
content/b1-m03-job-search-offices.js,v080149_cat03_practice_family_cat03_pf_063,cat03-pf-063,cat03-pf-063,matched_lineage_or_unresolved,Core Safe,keep current row unchanged,,,,EXCEPTION_REVIEW,manual review: imported row has sourceRowId but no comparison/recovery match,Reparatur,typed,CAT03-practice_family-cat03_pf_063,false,,Ich habe Berufserfahrung als Reinigung.,,Korrigiere den Satz.,,,,Ich habe Berufserfahrung als Reinigungskraft.,,Use a role/person noun after `als`: `als Reinigungskraft`.,,,,,duplicate_v02_same_decision,imported_source_without_replacement_layer_match,
content/b1-m03-job-search-offices.js,v080149_cat03_redemittel_cat03_r_002,cat03-r-002,cat03-r-002,matched_lineage_or_unresolved,Core Safe,keep current row unchanged,,,,EXCEPTION_REVIEW,manual review: imported row has sourceRowId but no comparison/recovery match,Auswahl,selected_choice_value,CAT03-redemittel-cat03_r_002,false,,Welche Form passt? Berufsberatung,,job-search self-positioning,,Ich suche Arbeit im Bereich Pflege. | Ich suche eine Stelle in ... | Ich suche eine Stelle als Verkäuferin. | Ich suche eine Stelle in Vollzeit.,,Ich suche Arbeit im Bereich Pflege.,,Watch: wrong preposition for Bereich,,,,,duplicate_v02_same_decision,imported_source_without_replacement_layer_match,
content/b1-m03-job-search-offices.js,v080149_cat03_redemittel_cat03_r_003,cat03-r-003,cat03-r-003,matched_lineage_or_unresolved,Core Safe,keep current row unchanged,,,,EXCEPTION_REVIEW,manual review: imported row has sourceRowId but no comparison/recovery match,Auswahl,selected_choice_value,CAT03-redemittel-cat03_r_003,false,,Welche Form passt? Berufsberatung,,job-search self-positioning,,Ich suche eine Stelle in Vollzeit. | Teilzeitstelle | Vollzeitstelle | Ich suche eine Stelle als Verkäuferin.,,Ich suche eine Stelle in Vollzeit.,,Watch: wrong preposition,,,,,duplicate_v02_same_decision,imported_source_without_replacement_layer_match,
content/b1-m03-job-search-offices.js,v080149_cat03_redemittel_cat03_r_004,cat03-r-004,cat03-r-004,matched_lineage_or_unresolved,Core Safe,keep current row unchanged,,,,EXCEPTION_REVIEW,manual review: imported row has sourceRowId but no comparison/recovery match,Auswahl,selected_choice_value,CAT03-redemittel-cat03_r_004,false,,Welche Form passt? Berufsberatung,,job-search self-positioning,,Ich suche eine Teilzeitstelle. | Stelle in Teilzeit | Ich suche eine Stelle als Verkäuferin. | Ich suche Arbeit im Bereich Pflege.,,Ich suche eine Teilzeitstelle.,,Watch: compound spelling,,,,,duplicate_v02_same_decision,imported_source_without_replacement_layer_match,
content/b1-m03-job-search-offices.js,v080149_cat03_redemittel_cat03_r_005,cat03-r-005,cat03-r-005,matched_lineage_or_unresolved,Core Safe,keep current row unchanged,,,,EXCEPTION_REVIEW,manual review: imported row has sourceRowId but no comparison/recovery match,Auswahl,selected_choice_value,CAT03-redemittel-cat03_r_005,false,,Welche Form passt? job office,,job-search interest,,Ich interessiere mich für Stellen im Bereich Logistik. | Ich suche Stellen in ... | Ich suche eine Stelle als Verkäuferin. | Ich suche Arbeit im Bereich Pflege.,,Ich interessiere mich für Stellen im Bereich Logistik.,,Watch: wrong preposition after interessieren,,,,,duplicate_v02_same_decision,imported_source_without_replacement_layer_match,
content/b1-m03-job-search-offices.js,v080149_cat03_redemittel_cat03_r_006,cat03-r-006,cat03-r-006,matched_lineage_or_unresolved,Core Safe,keep current row unchanged,,,,EXCEPTION_REVIEW,manual review: imported row has sourceRowId but no comparison/recovery match,Auswahl,selected_choice_value,CAT03-redemittel-cat03_r_006,false,,Welche Form passt? Berufsberatung,,experience statement,,Ich habe Erfahrung als Reinigungskraft. | Berufserfahrung als ... | Ich suche eine Stelle als Verkäuferin. | Ich suche Arbeit im Bereich Pflege.,,Ich habe Erfahrung als Reinigungskraft.,,Watch: wrong noun after als,,,,,duplicate_v02_same_decision,imported_source_without_replacement_layer_match,
content/b1-m03-job-search-offices.js,v080149_cat03_redemittel_cat03_r_007,cat03-r-007,cat03-r-007,matched_lineage_or_unresolved,Core Safe,keep current row unchanged,,,,EXCEPTION_REVIEW,manual review: imported row has sourceRowId but no comparison/recovery match,Auswahl,selected_choice_value,CAT03-redemittel-cat03_r_007,false,,Welche Form passt? Berufsberatung,,experience statement,,Ich habe Berufserfahrung in der Gastronomie. | Erfahrung im Bereich ... | Ich suche eine Stelle als Verkäuferin. | Ich suche Arbeit im Bereich Pflege.,,Ich habe Berufserfahrung in der Gastronomie.,,Watch: Berufserfahrung vs Arbeitserfahrung,,,,,duplicate_v02_same_decision,imported_source_without_replacement_layer_match,
content/b1-m03-job-search-offices.js,v080149_cat03_redemittel_cat03_r_008,cat03-r-008,cat03-r-008,matched_lineage_or_unresolved,Core Safe,keep current row unchanged,,,,EXCEPTION_REVIEW,manual review: imported row has sourceRowId but no comparison/recovery match,Auswahl,selected_choice_value,CAT03-redemittel-cat03_r_008,false,,Welche Form passt? Berufsberatung,,experience limit,,Ich habe noch keine Berufserfahrung in diesem Bereich. | Ich habe keine Erfahrung ... | Ich suche eine Stelle als Verkäuferin. | Ich suche Arbeit im Bereich Pflege.,,Ich habe noch keine Berufserfahrung in diesem Bereich.,,Watch: word order; missing noch,,,,,duplicate_v02_same_decision,imported_source_without_replacement_layer_match,
content/b1-m03-job-search-offices.js,v080149_cat03_redemittel_cat03_r_009,cat03-r-009,cat03-r-009,matched_lineage_or_unresolved,Core Safe,keep current row unchanged,,,,EXCEPTION_REVIEW,manual review: imported row has sourceRowId but no comparison/recovery match,Auswahl,selected_choice_value,CAT03-redemittel-cat03_r_009,false,,Welche Form passt? Berufsberatung,,skills goal,,Ich möchte meine Deutschkenntnisse verbessern. | Ich möchte besser Deutsch sprechen. | Ich suche eine Stelle als Verkäuferin. | Ich suche Arbeit im Bereich Pflege.,,Ich möchte meine Deutschkenntnisse verbessern.,,Watch: wrong verb or article,,,,,duplicate_v02_same_decision,imported_source_without_replacement_layer_match,
content/b1-m03-job-search-offices.js,v080149_cat03_redemittel_cat03_r_010,cat03-r-010,cat03-r-010,matched_lineage_or_unresolved,Core Safe,keep current row unchanged,,,,EXCEPTION_REVIEW,manual review: imported row has sourceRowId but no comparison/recovery match,Auswahl,selected_choice_value,CAT03-redemittel-cat03_r_010,false,,Welche Form passt? job office,,availability/job readiness,,Ich bin flexibel. | Ich suche eine Stelle als Verkäuferin. | Ich suche Arbeit im Bereich Pflege. | Ich suche eine Stelle in Vollzeit.,,Ich bin flexibel.,,Watch: overclaiming if used as proof,,,,,duplicate_v02_same_decision,imported_source_without_replacement_layer_match,
content/b1-m03-job-search-offices.js,v080149_cat03_redemittel_cat03_r_011,cat03-r-011,cat03-r-011,matched_lineage_or_unresolved,Core Safe,keep current row unchanged,,,,EXCEPTION_REVIEW,manual review: imported row has sourceRowId but no comparison/recovery match,Auswahl,selected_choice_value,CAT03-redemittel-cat03_r_011,false,,Welche Form passt? job office,,availability/start date,,Ich kann ab sofort anfangen. | Ich kann sofort anfangen. | Ich suche eine Stelle als Verkäuferin. | Ich suche Arbeit im Bereich Pflege.,,Ich kann ab sofort anfangen.,,Watch: word order; wrong preposition,,,,,duplicate_v02_same_decision,imported_source_without_replacement_layer_match,
content/b1-m03-job-search-offices.js,v080149_cat03_redemittel_cat03_r_012,cat03-r-012,cat03-r-012,matched_lineage_or_unresolved,Core Safe,keep current row unchanged,,,,EXCEPTION_REVIEW,manual review: imported row has sourceRowId but no comparison/recovery match,Auswahl,selected_choice_value,CAT03-redemittel-cat03_r_012,false,,Welche Form passt? job office,,availability/start date,,Ich kann ab dem 1. Juli anfangen. | Ich kann am 1. Juli anfangen. | Ich suche eine Stelle als Verkäuferin. | Ich suche Arbeit im Bereich Pflege.,,Ich kann ab dem 1. Juli anfangen.,,Watch: ab/am distinction,,,,,duplicate_v02_same_decision,imported_source_without_replacement_layer_match,
content/b1-m03-job-search-offices.js,v080149_cat03_redemittel_cat03_r_013,cat03-r-013,cat03-r-013,matched_lineage_or_unresolved,Core Safe,keep current row unchanged,,,,EXCEPTION_REVIEW,manual review: imported row has sourceRowId but no comparison/recovery match,Auswahl,selected_choice_value,CAT03-redemittel-cat03_r_013,false,,Welche Form passt? Berufsberatung,,ask for help,,Ich brauche Hilfe bei der Jobsuche. | Ich brauche Hilfe für die Jobsuche. | Ich suche eine Stelle als Verkäuferin. | Ich suche Arbeit im Bereich Pflege.,,Ich brauche Hilfe bei der Jobsuche.,,Watch: bei/für confusion,,,,,duplicate_v02_same_decision,imported_source_without_replacement_layer_match,
content/b1-m03-job-search-offices.js,v080149_cat03_redemittel_cat03_r_015,cat03-r-015,cat03-r-015,matched_lineage_or_unresolved,Core Safe,keep current row unchanged,,,,EXCEPTION_REVIEW,manual review: imported row has sourceRowId but no comparison/recovery match,Auswahl,selected_choice_value,CAT03-redemittel-cat03_r_015,false,,Welche Form passt? Arbeitsagentur,,appointment reference,,Ich habe morgen einen Termin bei der Arbeitsagentur. | Termin im Jobcenter | Ich suche eine Stelle als Verkäuferin. | Ich suche Arbeit im Bereich Pflege.,,Ich habe morgen einen Termin bei der Arbeitsagentur.,,Watch: wrong article/case,,,,,duplicate_v02_same_decision,imported_source_without_replacement_layer_match,
content/b1-m03-job-search-offices.js,v080149_cat03_redemittel_cat03_r_016,cat03-r-016,cat03-r-016,matched_lineage_or_unresolved,Core Safe,keep current row unchanged,,,,EXCEPTION_REVIEW,manual review: imported row has sourceRowId but no comparison/recovery match,Auswahl,selected_choice_value,CAT03-redemittel-cat03_r_016,false,,Welche Form passt? Jobcenter,,message reference,,Ich habe eine Einladung vom Jobcenter bekommen. | Ich habe einen Bescheid bekommen. | Ich suche eine Stelle als Verkäuferin. | Ich suche Arbeit im Bereich Pflege.,,Ich habe eine Einladung vom Jobcenter bekommen.,,Watch: document-type confusion,,,,,duplicate_v02_same_decision,imported_source_without_replacement_layer_match,
content/b1-m03-job-search-offices.js,v080149_cat03_redemittel_cat03_r_019,cat03-r-019,cat03-r-019,matched_lineage_or_unresolved,Core Safe,keep current row unchanged,,,,EXCEPTION_REVIEW,manual review: imported row has sourceRowId but no comparison/recovery match,Auswahl,selected_choice_value,CAT03-redemittel-cat03_r_019,false,,Welche Form passt? office,,admin question,,Ich habe eine Frage zu meinem Antrag. | Ich habe eine Frage über ... | Ich suche eine Stelle als Verkäuferin. | Ich suche Arbeit im Bereich Pflege.,,Ich habe eine Frage zu meinem Antrag.,,Watch: zu/über confusion,,,,,duplicate_v02_same_decision,imported_source_without_replacement_layer_match,
content/b1-m03-job-search-offices.js,v080149_cat03_redemittel_cat03_r_020,cat03-r-020,cat03-r-020,matched_lineage_or_unresolved,Core Safe,keep current row unchanged,,,,EXCEPTION_REVIEW,manual review: imported row has sourceRowId but no comparison/recovery match,Auswahl,selected_choice_value,CAT03-redemittel-cat03_r_020,false,,Welche Form passt? office,,admin request,,Ich möchte einen Antrag stellen. | Ich möchte einen Antrag machen. | Ich suche eine Stelle als Verkäuferin. | Ich suche Arbeit im Bereich Pflege.,,Ich möchte einen Antrag stellen.,,Watch: wrong verb machen,,,,,duplicate_v02_same_decision,imported_source_without_replacement_layer_match,
content/b1-m03-job-search-offices.js,v080149_cat03_redemittel_cat03_r_021,cat03-r-021,cat03-r-021,matched_lineage_or_unresolved,Core Safe,keep current row unchanged,,,,EXCEPTION_REVIEW,manual review: imported row has sourceRowId but no comparison/recovery match,Auswahl,selected_choice_value,CAT03-redemittel-cat03_r_021,false,,Welche Form passt? office,,form handling,,Ich möchte das Formular abgeben. | Ich möchte das Formular geben. | Ich suche eine Stelle als Verkäuferin. | Ich suche Arbeit im Bereich Pflege.,,Ich möchte das Formular abgeben.,,Watch: wrong separable/verb frame,,,,,duplicate_v02_same_decision,imported_source_without_replacement_layer_match,
content/b1-m03-job-search-offices.js,v080149_cat03_redemittel_cat03_r_022,cat03-r-022,cat03-r-022,matched_lineage_or_unresolved,Core Safe,keep current row unchanged,,,,EXCEPTION_REVIEW,manual review: imported row has sourceRowId but no comparison/recovery match,Auswahl,selected_choice_value,CAT03-redemittel-cat03_r_022,false,,Welche Form passt? office,,form handling,,Ich habe das Formular ausgefüllt. | Ich habe das Formular gemacht. | Ich suche eine Stelle als Verkäuferin. | Ich suche Arbeit im Bereich Pflege.,,Ich habe das Formular ausgefüllt.,,Watch: wrong verb,,,,,duplicate_v02_same_decision,imported_source_without_replacement_layer_match,
content/b1-m03-job-search-offices.js,v080149_cat03_redemittel_cat03_r_024,cat03-r-024,cat03-r-024,matched_lineage_or_unresolved,Core Safe,keep current row unchanged,,,,EXCEPTION_REVIEW,manual review: imported row has sourceRowId but no comparison/recovery match,Auswahl,selected_choice_value,CAT03-redemittel-cat03_r_024,false,,Welche Form passt? office appointment,,document preparation,,Ich habe die Unterlagen dabei. | Ich habe die Unterlagen mit. | Ich suche eine Stelle als Verkäuferin. | Ich suche Arbeit im Bereich Pflege.,,Ich habe die Unterlagen dabei.,,Watch: wrong adverb,,,,,duplicate_v02_same_decision,imported_source_without_replacement_layer_match,
content/b1-m03-job-search-offices.js,v080149_cat03_redemittel_cat03_r_025,cat03-r-025,cat03-r-025,matched_lineage_or_unresolved,Core Safe,keep current row unchanged,,,,EXCEPTION_REVIEW,manual review: imported row has sourceRowId but no comparison/recovery match,Auswahl,selected_choice_value,CAT03-redemittel-cat03_r_025,false,,Welche Form passt? office,,missing document,,Mir fehlt noch ein Nachweis. | Ich habe keinen Nachweis. | Ich suche eine Stelle als Verkäuferin. | Ich suche Arbeit im Bereich Pflege.,,Mir fehlt noch ein Nachweis.,,Watch: mir/ich construction,,,,,duplicate_v02_same_decision,imported_source_without_replacement_layer_match,
content/b1-m03-job-search-offices.js,v080149_cat03_redemittel_cat03_r_028,cat03-r-028,cat03-r-028,matched_lineage_or_unresolved,Core Safe,keep current row unchanged,,,,EXCEPTION_REVIEW,manual review: imported row has sourceRowId but no comparison/recovery match,Auswahl,selected_choice_value,CAT03-redemittel-cat03_r_028,false,,Welche Form passt? office,,document completeness,,"Könnten Sie bitte prüfen, ob meine Unterlagen vollständig sind? | Ich suche eine Stelle als Verkäuferin. | Ich suche Arbeit im Bereich Pflege. | Ich suche eine Stelle in Vollzeit.",,"Könnten Sie bitte prüfen, ob meine Unterlagen vollständig sind?",,Watch: verb-final in ob-clause,,,,,duplicate_v02_same_decision,imported_source_without_replacement_layer_match,
content/b1-m03-job-search-offices.js,v080149_cat03_redemittel_cat03_r_029,cat03-r-029,cat03-r-029,matched_lineage_or_unresolved,Core Safe,keep current row unchanged,,,,EXCEPTION_REVIEW,manual review: imported row has sourceRowId but no comparison/recovery match,Auswahl,selected_choice_value,CAT03-redemittel-cat03_r_029,false,,Welche Form passt? office,,office responsibility,,Welche Stelle ist dafür zuständig? | Ich suche eine Stelle als Verkäuferin. | Ich suche Arbeit im Bereich Pflege. | Ich suche eine Stelle in Vollzeit.,,Welche Stelle ist dafür zuständig?,,Watch: zuständig meaning confusion,,,,,duplicate_v02_same_decision,imported_source_without_replacement_layer_match,
content/b1-m03-job-search-offices.js,v080149_cat03_redemittel_cat03_r_030,cat03-r-030,cat03-r-030,matched_lineage_or_unresolved,Core Safe,keep current row unchanged,,,,EXCEPTION_REVIEW,manual review: imported row has sourceRowId but no comparison/recovery match,Auswahl,selected_choice_value,CAT03-redemittel-cat03_r_030,false,,Welche Form passt? office,,office orientation,,Wo muss ich mich melden? | Wo muss ich gehen? | Ich suche eine Stelle als Verkäuferin. | Ich suche Arbeit im Bereich Pflege.,,Wo muss ich mich melden?,,Watch: melden vs gehen,,,,,duplicate_v02_same_decision,imported_source_without_replacement_layer_match,
content/b1-m03-job-search-offices.js,v080149_cat03_redemittel_cat03_r_031,cat03-r-031,cat03-r-031,matched_lineage_or_unresolved,Core Safe,keep current row unchanged,,,,EXCEPTION_REVIEW,manual review: imported row has sourceRowId but no comparison/recovery match,Auswahl,selected_choice_value,CAT03-redemittel-cat03_r_031,false,,Welche Form passt? office,,channel question,,Muss ich persönlich vorbeikommen? | Ich suche eine Stelle als Verkäuferin. | Ich suche Arbeit im Bereich Pflege. | Ich suche eine Stelle in Vollzeit.,,Muss ich persönlich vorbeikommen?,,Watch: personlich spelling; word order,,,,,duplicate_v02_same_decision,imported_source_without_replacement_layer_match,
content/b1-m03-job-search-offices.js,v080149_cat03_redemittel_cat03_r_032,cat03-r-032,cat03-r-032,matched_lineage_or_unresolved,Core Safe,keep current row unchanged,,,,EXCEPTION_REVIEW,manual review: imported row has sourceRowId but no comparison/recovery match,Auswahl,selected_choice_value,CAT03-redemittel-cat03_r_032,false,,Welche Form passt? office,,online request,,Kann ich den Antrag online stellen? | Kann ich den Antrag online machen? | Ich suche eine Stelle als Verkäuferin. | Ich suche Arbeit im Bereich Pflege.,,Kann ich den Antrag online stellen?,,Watch: wrong verb machen,,,,,duplicate_v02_same_decision,imported_source_without_replacement_layer_match,
content/b1-m03-job-search-offices.js,v080149_cat03_redemittel_cat03_r_033,cat03-r-033,cat03-r-033,matched_lineage_or_unresolved,Core Safe,keep current row unchanged,,,,EXCEPTION_REVIEW,manual review: imported row has sourceRowId but no comparison/recovery match,Auswahl,selected_choice_value,CAT03-redemittel-cat03_r_033,false,,Welche Form passt? office,,understanding notice,,Ich habe den Bescheid nicht verstanden. | Ich verstehe den Brief nicht. | Ich suche eine Stelle als Verkäuferin. | Ich suche Arbeit im Bereich Pflege.,,Ich habe den Bescheid nicht verstanden.,,Watch: Perfekt form,,,,,duplicate_v02_same_decision,imported_source_without_replacement_layer_match,
content/b1-m03-job-search-offices.js,v080149_cat03_redemittel_cat03_r_034,cat03-r-034,cat03-r-034,matched_lineage_or_unresolved,Core Safe,keep current row unchanged,,,,EXCEPTION_REVIEW,manual review: imported row has sourceRowId but no comparison/recovery match,Auswahl,selected_choice_value,CAT03-redemittel-cat03_r_034,false,,Welche Form passt? office,,ask for explanation,,"Könnten Sie mir bitte erklären, was ich jetzt tun muss? | Ich suche eine Stelle als Verkäuferin. | Ich suche Arbeit im Bereich Pflege. | Ich suche eine Stelle in Vollzeit.",,"Könnten Sie mir bitte erklären, was ich jetzt tun muss?",,Watch: verb-final in indirect question,,,,,duplicate_v02_same_decision,imported_source_without_replacement_layer_match,
content/b1-m03-job-search-offices.js,v080149_cat03_redemittel_cat03_r_035,cat03-r-035,cat03-r-035,matched_lineage_or_unresolved,Core Safe,keep current row unchanged,,,,EXCEPTION_REVIEW,manual review: imported row has sourceRowId but no comparison/recovery match,Auswahl,selected_choice_value,CAT03-redemittel-cat03_r_035,false,,Welche Form passt? office,,follow-up,,Ich habe eine Rückfrage zu Ihrem Schreiben. | Ich habe eine Frage über Ihr Schreiben. | Ich suche eine Stelle als Verkäuferin. | Ich suche Arbeit im Bereich Pflege.,,Ich habe eine Rückfrage zu Ihrem Schreiben.,,Watch: zu/über; register,,,,,duplicate_v02_same_decision,imported_source_without_replacement_layer_match,
content/b1-m03-job-search-offices.js,v080149_cat03_redemittel_cat03_r_036,cat03-r-036,cat03-r-036,matched_lineage_or_unresolved,Core Safe,keep current row unchanged,,,,EXCEPTION_REVIEW,manual review: imported row has sourceRowId but no comparison/recovery match,Auswahl,selected_choice_value,CAT03-redemittel-cat03_r_036,false,,Welche Form passt? office,,identifier,,Meine Kundennummer ist 123456. | Meine Nummer ist ... | Ich suche eine Stelle als Verkäuferin. | Ich suche Arbeit im Bereich Pflege.,,Meine Kundennummer ist 123456.,,Watch: identifier confusion,,,,,duplicate_v02_same_decision,imported_source_without_replacement_layer_match,
content/b1-m03-job-search-offices.js,v080149_cat03_redemittel_cat03_r_037,cat03-r-037,cat03-r-037,matched_lineage_or_unresolved,Core Safe,keep current row unchanged,,,,EXCEPTION_REVIEW,manual review: imported row has sourceRowId but no comparison/recovery match,Auswahl,selected_choice_value,CAT03-redemittel-cat03_r_037,false,,Welche Form passt? office,,identifier,,Mein Aktenzeichen ist AB-123. | Meine Kundennummer ist ... | Ich suche eine Stelle als Verkäuferin. | Ich suche Arbeit im Bereich Pflege.,,Mein Aktenzeichen ist AB-123.,,Watch: identifier confusion,,,,,duplicate_v02_same_decision,imported_source_without_replacement_layer_match,
content/b1-m03-job-search-offices.js,v080149_cat03_redemittel_cat03_r_041,cat03-r-041,cat03-r-041,matched_lineage_or_unresolved,Core Safe,keep current row unchanged,,,,EXCEPTION_REVIEW,manual review: imported row has sourceRowId but no comparison/recovery match,Auswahl,selected_choice_value,CAT03-redemittel-cat03_r_041,false,,Welche Form passt? office,,certificate need,,Ich brauche eine Bescheinigung für meinen Termin. | Ich suche eine Stelle als Verkäuferin. | Ich suche Arbeit im Bereich Pflege. | Ich suche eine Stelle in Vollzeit.,,Ich brauche eine Bescheinigung für meinen Termin.,,Watch: document-function confusion,,,,,duplicate_v02_same_decision,imported_source_without_replacement_layer_match,
content/b1-m03-job-search-offices.js,v080149_cat03_redemittel_cat03_r_042,cat03-r-042,cat03-r-042,matched_lineage_or_unresolved,Core Safe,keep current row unchanged,,,,EXCEPTION_REVIEW,manual review: imported row has sourceRowId but no comparison/recovery match,Auswahl,selected_choice_value,CAT03-redemittel-cat03_r_042,false,,Welche Form passt? office,,copy submission,,Ich möchte eine Kopie abgeben. | Ich suche eine Stelle als Verkäuferin. | Ich suche Arbeit im Bereich Pflege. | Ich suche eine Stelle in Vollzeit.,,Ich möchte eine Kopie abgeben.,,Watch: copy/original confusion,,,,,duplicate_v02_same_decision,imported_source_without_replacement_layer_match,
content/b1-m03-job-search-offices.js,v080149_cat03_redemittel_cat03_r_043,cat03-r-043,cat03-r-043,matched_lineage_or_unresolved,Core Safe,keep current row unchanged,,,,EXCEPTION_REVIEW,manual review: imported row has sourceRowId but no comparison/recovery match,Auswahl,selected_choice_value,CAT03-redemittel-cat03_r_043,false,,Welche Form passt? office,,original available,,Das Original habe ich dabei. | Ich suche eine Stelle als Verkäuferin. | Ich suche Arbeit im Bereich Pflege. | Ich suche eine Stelle in Vollzeit.,,Das Original habe ich dabei.,,Watch: V2 after object-first phrase,,,,,duplicate_v02_same_decision,imported_source_without_replacement_layer_match,
content/b1-m03-job-search-offices.js,v080149_cat03_redemittel_cat03_r_045,cat03-r-045,cat03-r-045,matched_lineage_or_unresolved,Core Safe,keep current row unchanged,,,,EXCEPTION_REVIEW,manual review: imported row has sourceRowId but no comparison/recovery match,Auswahl,selected_choice_value,CAT03-redemittel-cat03_r_045,false,,Welche Form passt? office appointment,,appointment request overlap,,Ich bitte um einen neuen Termin. | Ich brauche einen neuen Termin. | Ich suche eine Stelle als Verkäuferin. | Ich suche Arbeit im Bereich Pflege.,,Ich bitte um einen neuen Termin.,,Watch: register; preposition,,,,,duplicate_v02_same_decision,imported_source_without_replacement_layer_match,
content/b1-m03-job-search-offices.js,v080149_cat03_redemittel_cat03_r_047,cat03-r-047,cat03-r-047,matched_lineage_or_unresolved,Core Safe,keep current row unchanged,,,,EXCEPTION_REVIEW,manual review: imported row has sourceRowId but no comparison/recovery match,Auswahl,selected_choice_value,CAT03-redemittel-cat03_r_047,false,,Welche Form passt? Berufsberatung,,training interest,,Ich möchte eine Weiterbildung machen. | an einer Weiterbildung teilnehmen | Ich suche eine Stelle als Verkäuferin. | Ich suche Arbeit im Bereich Pflege.,,Ich möchte eine Weiterbildung machen.,,Watch: verb frame,,,,,duplicate_v02_same_decision,imported_source_without_replacement_layer_match,
content/b1-m03-job-search-offices.js,v080149_cat03_redemittel_cat03_r_048,cat03-r-048,cat03-r-048,matched_lineage_or_unresolved,Core Safe,keep current row unchanged,,,,EXCEPTION_REVIEW,manual review: imported row has sourceRowId but no comparison/recovery match,Auswahl,selected_choice_value,CAT03-redemittel-cat03_r_048,false,,Welche Form passt? Berufsberatung,,retraining interest,,Ich interessiere mich für eine Umschulung. | Ich möchte eine Umschulung machen. | Ich suche eine Stelle als Verkäuferin. | Ich suche Arbeit im Bereich Pflege.,,Ich interessiere mich für eine Umschulung.,,Watch: wrong preposition,,,,,duplicate_v02_same_decision,imported_source_without_replacement_layer_match,
content/b1-m03-job-search-offices.js,v080149_cat03_redemittel_cat03_r_049,cat03-r-049,cat03-r-049,matched_lineage_or_unresolved,Core Safe,keep current row unchanged,,,,EXCEPTION_REVIEW,manual review: imported row has sourceRowId but no comparison/recovery match,Auswahl,selected_choice_value,CAT03-redemittel-cat03_r_049,false,,Welche Form passt? Berufsberatung,,ask for jobs,,Gibt es passende Stellenangebote? | Ich suche eine Stelle als Verkäuferin. | Ich suche Arbeit im Bereich Pflege. | Ich suche eine Stelle in Vollzeit.,,Gibt es passende Stellenangebote?,,Watch: plural/adjective if expanded,,,,,duplicate_v02_same_decision,imported_source_without_replacement_layer_match,
content/b1-m03-job-search-offices.js,v080149_cat03_redemittel_cat03_r_050,cat03-r-050,cat03-r-050,matched_lineage_or_unresolved,Core Safe,keep current row unchanged,,,,EXCEPTION_REVIEW,manual review: imported row has sourceRowId but no comparison/recovery match,Auswahl,selected_choice_value,CAT03-redemittel-cat03_r_050,false,,Welche Form passt? Berufsberatung,,ask for jobs,,Können Sie mir passende Stellen zuschicken? | Ich suche eine Stelle als Verkäuferin. | Ich suche Arbeit im Bereich Pflege. | Ich suche eine Stelle in Vollzeit.,,Können Sie mir passende Stellen zuschicken?,,Watch: word order; dative pronoun,,,,,duplicate_v02_same_decision,imported_source_without_replacement_layer_match,
content/b1-m03-job-search-offices.js,v080149_cat03_redemittel_cat03_r_052,cat03-r-052,cat03-r-052,matched_lineage_or_unresolved,Core Safe,keep current row unchanged,,,,EXCEPTION_REVIEW,manual review: imported row has sourceRowId but no comparison/recovery match,Auswahl,selected_choice_value,CAT03-redemittel-cat03_r_052,false,,Welche Form passt? job search follow-up,,waiting for response,,Ich warte noch auf eine Rückmeldung. | Ich suche eine Stelle als Verkäuferin. | Ich suche Arbeit im Bereich Pflege. | Ich suche eine Stelle in Vollzeit.,,Ich warte noch auf eine Rückmeldung.,,Watch: wrong preposition für,,,,,duplicate_v02_same_decision,imported_source_without_replacement_layer_match,
content/b1-m03-job-search-offices.js,v080149_cat03_redemittel_cat03_r_053,cat03-r-053,cat03-r-053,matched_lineage_or_unresolved,Core Safe,keep current row unchanged,,,,EXCEPTION_REVIEW,manual review: imported row has sourceRowId but no comparison/recovery match,Auswahl,selected_choice_value,CAT03-redemittel-cat03_r_053,false,,Welche Form passt? office/job search,,contact details,,Ich bin telefonisch unter 0176 ... erreichbar. | Ich suche eine Stelle als Verkäuferin. | Ich suche Arbeit im Bereich Pflege. | Ich suche eine Stelle in Vollzeit.,,Ich bin telefonisch unter 0176 ... erreichbar.,,Watch: word order; wrong adjective,,,,,duplicate_v02_same_decision,imported_source_without_replacement_layer_match,
content/b1-m03-job-search-offices.js,v080149_cat03_redemittel_cat03_r_054,cat03-r-054,cat03-r-054,matched_lineage_or_unresolved,Core Safe,keep current row unchanged,,,,EXCEPTION_REVIEW,manual review: imported row has sourceRowId but no comparison/recovery match,Auswahl,selected_choice_value,CAT03-redemittel-cat03_r_054,false,,Welche Form passt? office/job search,,thanks,,Vielen Dank für Ihre Hilfe. | Danke für Hilfe. | Ich suche eine Stelle als Verkäuferin. | Ich suche Arbeit im Bereich Pflege.,,Vielen Dank für Ihre Hilfe.,,Watch: article/possessive,,,,,duplicate_v02_same_decision,imported_source_without_replacement_layer_match,
content/b1-m03-job-search-offices.js,v080149_cat03_redemittel_cat03_r_055,cat03-r-055,cat03-r-055,matched_lineage_or_unresolved,Core Safe,keep current row unchanged,,,,EXCEPTION_REVIEW,manual review: imported row has sourceRowId but no comparison/recovery match,Auswahl,selected_choice_value,CAT03-redemittel-cat03_r_055,false,,Welche Form passt? office,,late submission,,Ich reiche die Unterlagen heute nach. | Ich nachreiche die Unterlagen. | Ich suche eine Stelle als Verkäuferin. | Ich suche Arbeit im Bereich Pflege.,,Ich reiche die Unterlagen heute nach.,,Watch: separable verb position,,,,,duplicate_v02_same_decision,imported_source_without_replacement_layer_match,
content/b1-m03-job-search-offices.js,v080149_cat03_wortschatz_cat03_w_078,cat03-w-078,cat03-w-078,matched_lineage_or_unresolved,Core Safe,keep current row unchanged,,,,EXCEPTION_REVIEW,manual review: imported row has sourceRowId but no comparison/recovery match,Auswahl,selected_choice_value,CAT03-wortschatz-cat03_w_078,false,,Welches Wort passt? submit/make an application/request,,Admin time and status,,Antrag stellen | Antrag machen | Bewerbung schreiben | die Arbeitsagentur,,Antrag stellen,,using machen,,,,,duplicate_v02_same_decision,imported_source_without_replacement_layer_match,
content/b1-m03-job-search-offices.js,v080149_cat03_wortschatz_cat03_w_079,cat03-w-079,cat03-w-079,matched_lineage_or_unresolved,Core Safe,keep current row unchanged,,,,EXCEPTION_REVIEW,manual review: imported row has sourceRowId but no comparison/recovery match,Auswahl,selected_choice_value,CAT03-wortschatz-cat03_w_079,false,,Welches Wort passt? fill in a form,,Admin time and status,,Formular ausfüllen | Formular machen | Antrag stellen | die Arbeitsagentur,,Formular ausfüllen,,wrong verb,,,,,duplicate_v02_same_decision,imported_source_without_replacement_layer_match,
content/b1-m03-job-search-offices.js,v080149_cat03_wortschatz_cat03_w_080,cat03-w-080,cat03-w-080,matched_lineage_or_unresolved,Core Safe,keep current row unchanged,,,,EXCEPTION_REVIEW,manual review: imported row has sourceRowId but no comparison/recovery match,Auswahl,selected_choice_value,CAT03-wortschatz-cat03_w_080,false,,Welches Wort passt? submit documents,,Admin time and status,,Unterlagen einreichen | Unterlagen bringen | nachreichen | die Arbeitsagentur,,Unterlagen einreichen,,wrong verb or separable position,,,,,duplicate_v02_same_decision,imported_source_without_replacement_layer_match,
content/b1-m03-job-search-offices.js,v080149_cat03_wortschatz_cat03_w_081,cat03-w-081,cat03-w-081,matched_lineage_or_unresolved,Core Safe,keep current row unchanged,,,,EXCEPTION_REVIEW,manual review: imported row has sourceRowId but no comparison/recovery match,Auswahl,selected_choice_value,CAT03-wortschatz-cat03_w_081,false,,Welches Wort passt? submit documents later,,Admin time and status,,Unterlagen nachreichen | einreichen | mitbringen | die Arbeitsagentur,,Unterlagen nachreichen,,einreichen/nachreichen contrast,,,,,duplicate_v02_same_decision,imported_source_without_replacement_layer_match,
content/b1-m03-job-search-offices.js,v080149_cat03_wortschatz_cat03_w_082,cat03-w-082,cat03-w-082,matched_lineage_or_unresolved,Core Safe,keep current row unchanged,,,,EXCEPTION_REVIEW,manual review: imported row has sourceRowId but no comparison/recovery match,Auswahl,selected_choice_value,CAT03-wortschatz-cat03_w_082,false,,Welches Wort passt? present proof/supporting document,,Admin time and status,,Nachweis vorlegen | zeigen | einreichen | die Arbeitsagentur,,Nachweis vorlegen,,formalness and verb choice,,,,,duplicate_v02_same_decision,imported_source_without_replacement_layer_match,
content/b1-m03-job-search-offices.js,v080149_cat03_wortschatz_cat03_w_085,cat03-w-085,cat03-w-085,matched_lineage_or_unresolved,Core Safe,keep current row unchanged,,,,EXCEPTION_REVIEW,manual review: imported row has sourceRowId but no comparison/recovery match,Auswahl,selected_choice_value,CAT03-wortschatz-cat03_w_085,false,,Welches Wort passt? apply for / request officially,,Admin time and status,,beantragen | bewerben | anmelden | die Arbeitsagentur,,beantragen,,verb-governance confusion,,,,,duplicate_v02_same_decision,imported_source_without_replacement_layer_match,
content/b1-m03-job-search-offices.js,v080149_cat03_wortschatz_cat03_w_086,cat03-w-086,cat03-w-086,matched_lineage_or_unresolved,Core Safe,keep current row unchanged,,,,EXCEPTION_REVIEW,manual review: imported row has sourceRowId but no comparison/recovery match,Auswahl,selected_choice_value,CAT03-wortschatz-cat03_w_086,false,,Welches Wort passt? responsible / competent authority,,Admin time and status,,zuständig | erreichbar | berechtigt | die Arbeitsagentur,,zuständig,,meaning confusion,,,,,duplicate_v02_same_decision,imported_source_without_replacement_layer_match,
content/b1-m03-job-search-offices.js,v080149_cat03_wortschatz_cat03_w_087,cat03-w-087,cat03-w-087,matched_lineage_or_unresolved,Core Safe,keep current row unchanged,,,,EXCEPTION_REVIEW,manual review: imported row has sourceRowId but no comparison/recovery match,Auswahl,selected_choice_value,CAT03-wortschatz-cat03_w_087,false,,Welches Wort passt? complete,,Admin time and status,,vollständig | voll | fertig | die Arbeitsagentur,,vollständig,,wrong adjective,,,,,duplicate_v02_same_decision,imported_source_without_replacement_layer_match,
content/b1-m03-job-search-offices.js,v080149_cat03_wortschatz_cat03_w_088,cat03-w-088,cat03-w-088,matched_lineage_or_unresolved,Core Safe,keep current row unchanged,,,,EXCEPTION_REVIEW,manual review: imported row has sourceRowId but no comparison/recovery match,Auswahl,selected_choice_value,CAT03-wortschatz-cat03_w_088,false,,Welches Wort passt? missing,,Admin time and status,,fehlend | falsch | nötig | die Arbeitsagentur,,fehlend,,adjective endings if expanded,,,,,duplicate_v02_same_decision,imported_source_without_replacement_layer_match,
content/b1-m03-job-search-offices.js,v080149_cat03_wortschatz_cat03_w_090,cat03-w-090,cat03-w-090,matched_lineage_or_unresolved,Core Safe,keep current row unchanged,,,,EXCEPTION_REVIEW,manual review: imported row has sourceRowId but no comparison/recovery match,Auswahl,selected_choice_value,CAT03-wortschatz-cat03_w_090,false,,Welches Wort passt? on time / in time,,Admin time and status,,rechtzeitig | pünktlich | früh | die Arbeitsagentur,,rechtzeitig,,time adverb distinction,,,,,duplicate_v02_same_decision,imported_source_without_replacement_layer_match,
content/b1-m03-job-search-offices.js,v080149_cat03_wortschatz_cat03_w_091,cat03-w-091,cat03-w-091,matched_lineage_or_unresolved,Core Safe,keep current row unchanged,,,,EXCEPTION_REVIEW,manual review: imported row has sourceRowId but no comparison/recovery match,Auswahl,selected_choice_value,CAT03-wortschatz-cat03_w_091,false,,Welches Wort passt? in writing,,Admin channel,,schriftlich | mündlich | persönlich | die Arbeitsagentur,,schriftlich,,channel confusion,,,,,duplicate_v02_same_decision,imported_source_without_replacement_layer_match,
content/b1-m03-job-search-offices.js,v080149_cat03_wortschatz_cat03_w_092,cat03-w-092,cat03-w-092,matched_lineage_or_unresolved,Core Safe,keep current row unchanged,,,,EXCEPTION_REVIEW,manual review: imported row has sourceRowId but no comparison/recovery match,Auswahl,selected_choice_value,CAT03-wortschatz-cat03_w_092,false,,Welches Wort passt? in person / personally,,Admin channel,,persönlich | schriftlich | online | die Arbeitsagentur,,persönlich,,channel confusion,,,,,duplicate_v02_same_decision,imported_source_without_replacement_layer_match,
content/b1-m03-job-search-offices.js,v080149_cat03_wortschatz_cat03_w_093,cat03-w-093,cat03-w-093,matched_lineage_or_unresolved,Core Safe,keep current row unchanged,,,,EXCEPTION_REVIEW,manual review: imported row has sourceRowId but no comparison/recovery match,Auswahl,selected_choice_value,CAT03-wortschatz-cat03_w_093,false,,Welches Wort passt? online,,Admin channel,,online | schriftlich | persönlich | die Arbeitsagentur,,online,,channel confusion,,,,,duplicate_v02_same_decision,imported_source_without_replacement_layer_match,
content/b1-m04-applications.js,v080149_cat04_contrast_cat04_cs_003,cat04-cs-003,cat04-cs-003,matched_lineage_or_unresolved,Exception,manual review: unrecognised v0.2 decision vocabulary,,,,EXCEPTION_REVIEW,manual review: imported row has sourceRowId but no comparison/recovery match,Auswahl,selected_choice_value,CAT04-contrast-cat04_cs_003,false,,Welche Form passt in einer E-Mail?,,Im Anhang vs Anbei vs Anlage,,Im Anhang finden Sie meinen Lebenslauf. | In Anhang finden Sie meinen Lebenslauf. | In der Bewerbung finden Sie meinen Lebenslauf. | Ich sende Lebenslauf.,,Im Anhang finden Sie meinen Lebenslauf.,,Use `im Anhang finden Sie ...` for attachments.,,,,,duplicate_v02_same_decision,imported_source_without_replacement_layer_match,
content/b1-m04-applications.js,v080149_cat04_contrast_cat04_cs_004,cat04-cs-004,cat04-cs-004,matched_lineage_or_unresolved,Exception,manual review: unrecognised v0.2 decision vocabulary,,,,EXCEPTION_REVIEW,manual review: imported row has sourceRowId but no comparison/recovery match,Auswahl,selected_choice_value,CAT04-contrast-cat04_cs_004,false,,Welche Bewerbungsart ist gemeint?,,E-Mail-Bewerbung vs Online-Bewerbung,,Online-Bewerbung | E-Mail-Bewerbung | Papierbewerbung | Telefonbewerbung,,Online-Bewerbung,,`Online-Bewerbung` usually means portal/form upload.,,,,,duplicate_v02_same_decision,imported_source_without_replacement_layer_match,
content/b1-m04-applications.js,v080149_cat04_contrast_cat04_cs_005,cat04-cs-005,cat04-cs-005,matched_lineage_or_unresolved,Exception,manual review: unrecognised v0.2 decision vocabulary,,,,EXCEPTION_REVIEW,manual review: imported row has sourceRowId but no comparison/recovery match,Auswahl,selected_choice_value,CAT04-contrast-cat04_cs_005,false,,Welche Rückmeldung ist das?,,Zusage vs Absage vs Einladung,,Einladung zum Vorstellungsgespräch | Zusage | Absage | Rückmeldung,,Einladung zum Vorstellungsgespräch,,An interview invitation is not the same as a Zusage.,,,,,duplicate_v02_same_decision,imported_source_without_replacement_layer_match,
content/b1-m04-applications.js,v080149_cat04_contrast_cat04_cs_006,cat04-cs-006,cat04-cs-006,matched_lineage_or_unresolved,Exception,manual review: unrecognised v0.2 decision vocabulary,,,,EXCEPTION_REVIEW,manual review: imported row has sourceRowId but no comparison/recovery match,Auswahl,selected_choice_value,CAT04-contrast-cat04_cs_006,false,,Welche Situation ist gemeint?,,Vorstellungsgespräch vs Beratungsgespräch,,Vorstellungsgespräch | Beratungsgespräch | Besprechung | Telefonat,,Vorstellungsgespräch,,`Vorstellungsgespräch` is the job interview.,,,,,duplicate_v02_same_decision,imported_source_without_replacement_layer_match,
content/b1-m04-applications.js,v080149_cat04_contrast_cat04_cs_011,cat04-cs-011,cat04-cs-011,matched_lineage_or_unresolved,Exception,manual review: unrecognised v0.2 decision vocabulary,,,,EXCEPTION_REVIEW,manual review: imported row has sourceRowId but no comparison/recovery match,Auswahl,selected_choice_value,CAT04-contrast-cat04_cs_011,false,,Welche Präposition passt?,,auf B1-Niveau vs in B1-Niveau,,auf B1-Niveau | in B1-Niveau | bei B1-Niveau | mit B1-Niveau,,auf B1-Niveau,,Use `auf B1-Niveau`.,,,,,duplicate_v02_same_decision,imported_source_without_replacement_layer_match,
content/b1-m04-applications.js,v080149_cat04_contrast_cat04_cs_012,cat04-cs-012,cat04-cs-012,matched_lineage_or_unresolved,Exception,manual review: unrecognised v0.2 decision vocabulary,,,,EXCEPTION_REVIEW,manual review: imported row has sourceRowId but no comparison/recovery match,Auswahl,selected_choice_value,CAT04-contrast-cat04_cs_012,false,,Welche Form ist richtig?,,als vs wie,,Ich habe als Lagerhelfer gearbeitet. | Ich habe wie Lagerhelfer gearbeitet. | Ich habe für Lagerhelfer gearbeitet. | Ich habe in Lagerhelfer gearbeitet.,,Ich habe als Lagerhelfer gearbeitet.,,Use `als` for a role.,,,,,duplicate_v02_same_decision,imported_source_without_replacement_layer_match,
content/b1-m04-applications.js,v080149_cat04_contrast_cat04_cs_015,cat04-cs-015,cat04-cs-015,matched_lineage_or_unresolved,Exception,manual review: unrecognised v0.2 decision vocabulary,,,,EXCEPTION_REVIEW,manual review: imported row has sourceRowId but no comparison/recovery match,Auswahl,selected_choice_value,CAT04-contrast-cat04_cs_015,false,,Welche Form passt im Bewerbungsgespräch?,,verfügbar vs erreichbar,,Ich bin ab sofort verfügbar. | Ich bin ab sofort erreichbar. | Ich bin ab sofort frei. | Ich bin ab sofort möglich.,,Ich bin ab sofort verfügbar.,,`verfügbar` means available to start/work.,,,,,duplicate_v02_same_decision,imported_source_without_replacement_layer_match,
content/b1-m04-applications.js,v080149_cat04_contrast_cat04_cs_017,cat04-cs-017,cat04-cs-017,matched_lineage_or_unresolved,Exception,manual review: unrecognised v0.2 decision vocabulary,,,,EXCEPTION_REVIEW,manual review: imported row has sourceRowId but no comparison/recovery match,Auswahl,selected_choice_value,CAT04-contrast-cat04_cs_017,false,,Welche Antwort ist gemeint?,,Rückmeldung vs Eingangsbestätigung,,Rückmeldung | Eingangsbestätigung | Zusage | Absage,,Rückmeldung,,`Rückmeldung` is broader than `Eingangsbestätigung`.,,,,,duplicate_v02_same_decision,imported_source_without_replacement_layer_match,
content/b1-m04-applications.js,v080149_cat04_contrast_cat04_cs_019,cat04-cs-019,cat04-cs-019,matched_lineage_or_unresolved,Exception,manual review: unrecognised v0.2 decision vocabulary,,,,EXCEPTION_REVIEW,manual review: imported row has sourceRowId but no comparison/recovery match,Auswahl,selected_choice_value,CAT04-contrast-cat04_cs_019,false,,Welche Eigenschaft passt?,,zuverlässig vs pünktlich vs belastbar,,zuverlässig | pünktlich | belastbar | motiviert,,zuverlässig,,Soft skills are close but not identical.,,,,,duplicate_v02_same_decision,imported_source_without_replacement_layer_match,
content/b1-m04-applications.js,v080149_cat04_contrast_cat04_cs_022,cat04-cs-022,cat04-cs-022,matched_lineage_or_unresolved,Exception,manual review: unrecognised v0.2 decision vocabulary,,,,EXCEPTION_REVIEW,manual review: imported row has sourceRowId but no comparison/recovery match,Auswahl,selected_choice_value,CAT04-contrast-cat04_cs_022,false,,Welche Verbindung passt?,,weil vs um ... zu,,"Ich bewerbe mich, weil ich Erfahrung habe. | Ich bewerbe mich, um ich Erfahrung habe. | Ich bewerbe mich, deshalb ich Erfahrung habe. | Ich bewerbe mich, denn ich Erfahrung habe.",,"Ich bewerbe mich, weil ich Erfahrung habe.",,Use `weil` for a reason; verb goes to the end.,,,,,duplicate_v02_same_decision,imported_source_without_replacement_layer_match,
content/b1-m04-applications.js,v080149_cat04_practice_family_cat04_pf_047,cat04-pf-047,cat04-pf-047,matched_lineage_or_unresolved,Exception,manual review: unrecognised v0.2 decision vocabulary,,,,EXCEPTION_REVIEW,manual review: imported row has sourceRowId but no comparison/recovery match,Reparatur,typed,CAT04-practice_family-cat04_pf_047,false,,Ich interessiere mich um die Stelle.,,Korrigiere den Satz.,,,,Ich interessiere mich für die Stelle.,,Frame: `sich interessieren für + Akkusativ`.,,,,,duplicate_v02_same_decision,imported_source_without_replacement_layer_match,
content/b1-m04-applications.js,v080149_cat04_practice_family_cat04_pf_048,cat04-pf-048,cat04-pf-048,matched_lineage_or_unresolved,Exception,manual review: unrecognised v0.2 decision vocabulary,,,,EXCEPTION_REVIEW,manual review: imported row has sourceRowId but no comparison/recovery match,Reparatur,typed,CAT04-practice_family-cat04_pf_048,false,,In Anhang finden Sie meine Unterlagen.,,Korrigiere den Satz.,,,,Im Anhang finden Sie meine Unterlagen.,,Email phrase: `im Anhang`.,,,,,duplicate_v02_same_decision,imported_source_without_replacement_layer_match,
content/b1-m04-applications.js,v080149_cat04_practice_family_cat04_pf_049,cat04-pf-049,cat04-pf-049,matched_lineage_or_unresolved,Exception,manual review: unrecognised v0.2 decision vocabulary,,,,EXCEPTION_REVIEW,manual review: imported row has sourceRowId but no comparison/recovery match,Reparatur,typed,CAT04-practice_family-cat04_pf_049,false,,Ich reiche meine Unterlagen morgen nach ein.,,Korrigiere den Satz.,,,,Ich reiche meine Unterlagen morgen ein.,,For first submission use `einreichen`; `nachreichen` is for later missing items.,,,,,duplicate_v02_same_decision,imported_source_without_replacement_layer_match,
content/b1-m04-applications.js,v080149_cat04_practice_family_cat04_pf_050,cat04-pf-050,cat04-pf-050,matched_lineage_or_unresolved,Exception,manual review: unrecognised v0.2 decision vocabulary,,,,EXCEPTION_REVIEW,manual review: imported row has sourceRowId but no comparison/recovery match,Reparatur,typed,CAT04-practice_family-cat04_pf_050,false,,Ich reiche das fehlende Zeugnis morgen ein nach.,,Korrigiere den Satz.,,,,Ich reiche das fehlende Zeugnis morgen nach.,,Separable verb: `nachreichen` → `reiche ... nach`.,,,,,duplicate_v02_same_decision,imported_source_without_replacement_layer_match,
content/b1-m04-applications.js,v080149_cat04_practice_family_cat04_pf_051,cat04-pf-051,cat04-pf-051,matched_lineage_or_unresolved,Exception,manual review: unrecognised v0.2 decision vocabulary,,,,EXCEPTION_REVIEW,manual review: imported row has sourceRowId but no comparison/recovery match,Reparatur,typed,CAT04-practice_family-cat04_pf_051,false,,Vielen Dank für die Einladung für Vorstellungsgespräch.,,Korrigiere den Satz.,,,,Vielen Dank für die Einladung zum Vorstellungsgespräch.,,Use `Einladung zum Vorstellungsgespräch`.,,,,,duplicate_v02_same_decision,imported_source_without_replacement_layer_match,
content/b1-m04-applications.js,v080149_cat04_practice_family_cat04_pf_052,cat04-pf-052,cat04-pf-052,matched_lineage_or_unresolved,Exception,manual review: unrecognised v0.2 decision vocabulary,,,,EXCEPTION_REVIEW,manual review: imported row has sourceRowId but no comparison/recovery match,Reparatur,typed,CAT04-practice_family-cat04_pf_052,false,,Ich bin ab sofort erreichbar für die Arbeit.,,Korrigiere den Satz.,,,,Ich bin ab sofort verfügbar.,,"For start availability use `verfügbar`, not `erreichbar`.",,,,,duplicate_v02_same_decision,imported_source_without_replacement_layer_match,
content/b1-m04-applications.js,v080149_cat04_practice_family_cat04_pf_053,cat04-pf-053,cat04-pf-053,matched_lineage_or_unresolved,Exception,manual review: unrecognised v0.2 decision vocabulary,,,,EXCEPTION_REVIEW,manual review: imported row has sourceRowId but no comparison/recovery match,Reparatur,typed,CAT04-practice_family-cat04_pf_053,false,,Ich habe zwei Jahre Beruf Erfahrung.,,Korrigiere den Satz.,,,,Ich habe zwei Jahre Berufserfahrung.,,`Berufserfahrung` is one compound noun.,,,,,duplicate_v02_same_decision,imported_source_without_replacement_layer_match,
content/b1-m04-applications.js,v080149_cat04_practice_family_cat04_pf_054,cat04-pf-054,cat04-pf-054,matched_lineage_or_unresolved,Exception,manual review: unrecognised v0.2 decision vocabulary,,,,EXCEPTION_REVIEW,manual review: imported row has sourceRowId but no comparison/recovery match,Reparatur,typed,CAT04-practice_family-cat04_pf_054,false,,Ich habe wie Küchenhilfe gearbeitet.,,Korrigiere den Satz.,,,,Ich habe als Küchenhilfe gearbeitet.,,Use `als` for a role/job title.,,,,,duplicate_v02_same_decision,imported_source_without_replacement_layer_match,
content/b1-m04-applications.js,v080149_cat04_practice_family_cat04_pf_055,cat04-pf-055,cat04-pf-055,matched_lineage_or_unresolved,Exception,manual review: unrecognised v0.2 decision vocabulary,,,,EXCEPTION_REVIEW,manual review: imported row has sourceRowId but no comparison/recovery match,Reparatur,typed,CAT04-practice_family-cat04_pf_055,false,,Ich war mit Kundenkontakt zuständig.,,Korrigiere den Satz.,,,,Ich war für Kundenkontakt zuständig.,,Frame: `zuständig sein für`.,,,,,duplicate_v02_same_decision,imported_source_without_replacement_layer_match,
content/b1-m04-applications.js,v080149_cat04_practice_family_cat04_pf_056,cat04-pf-056,cat04-pf-056,matched_lineage_or_unresolved,Exception,manual review: unrecognised v0.2 decision vocabulary,,,,EXCEPTION_REVIEW,manual review: imported row has sourceRowId but no comparison/recovery match,Reparatur,typed,CAT04-practice_family-cat04_pf_056,false,,Meine Deutschkenntnisse sind in B1-Niveau.,,Korrigiere den Satz.,,,,Meine Deutschkenntnisse sind auf B1-Niveau.,,Use `auf B1-Niveau`.,,,,,duplicate_v02_same_decision,imported_source_without_replacement_layer_match,
content/b1-m04-applications.js,v080149_cat04_practice_family_cat04_pf_057,cat04-pf-057,cat04-pf-057,matched_lineage_or_unresolved,Exception,manual review: unrecognised v0.2 decision vocabulary,,,,EXCEPTION_REVIEW,manual review: imported row has sourceRowId but no comparison/recovery match,Reparatur,typed,CAT04-practice_family-cat04_pf_057,false,,Ich bin vertraut mit das Programm.,,Korrigiere den Satz.,,,,Ich bin mit dem Programm vertraut.,,Frame: `mit + Dativ vertraut sein`.,,,,,duplicate_v02_same_decision,imported_source_without_replacement_layer_match,
content/b1-m04-applications.js,v080149_cat04_practice_family_cat04_pf_058,cat04-pf-058,cat04-pf-058,matched_lineage_or_unresolved,Exception,manual review: unrecognised v0.2 decision vocabulary,,,,EXCEPTION_REVIEW,manual review: imported row has sourceRowId but no comparison/recovery match,Reparatur,typed,CAT04-practice_family-cat04_pf_058,false,,Ich bin Teamfähigkeit.,,Korrigiere den Satz.,,,,Ich arbeite gern im Team.,,Use an action phrase instead of the abstract noun.,,,,,duplicate_v02_same_decision,imported_source_without_replacement_layer_match,
content/b1-m04-applications.js,v080149_cat04_practice_family_cat04_pf_059,cat04-pf-059,cat04-pf-059,matched_lineage_or_unresolved,Exception,manual review: unrecognised v0.2 decision vocabulary,,,,EXCEPTION_REVIEW,manual review: imported row has sourceRowId but no comparison/recovery match,Reparatur,typed,CAT04-practice_family-cat04_pf_059,false,,Wiederholen Sie die Frage.,,Korrigiere die höfliche Frage.,,,,Könnten Sie die Frage bitte wiederholen?,,`Könnten Sie bitte ...?` is a softer interview request.,,,,,duplicate_v02_same_decision,imported_source_without_replacement_layer_match,
content/b1-m04-applications.js,v080149_cat04_practice_family_cat04_pf_060,cat04-pf-060,cat04-pf-060,matched_lineage_or_unresolved,Exception,manual review: unrecognised v0.2 decision vocabulary,,,,EXCEPTION_REVIEW,manual review: imported row has sourceRowId but no comparison/recovery match,Reparatur,typed,CAT04-practice_family-cat04_pf_060,false,,"Ich bewerbe mich, weil ich habe Erfahrung.",,Korrigiere den Satz.,,,,"Ich bewerbe mich, weil ich Erfahrung habe.",,"With `weil`, the finite verb goes to the end.",,,,,duplicate_v02_same_decision,imported_source_without_replacement_layer_match,
content/b1-m04-applications.js,v080149_cat04_practice_family_cat04_pf_061,cat04-pf-061,cat04-pf-061,matched_lineage_or_unresolved,Exception,manual review: unrecognised v0.2 decision vocabulary,,,,EXCEPTION_REVIEW,manual review: imported row has sourceRowId but no comparison/recovery match,Reparatur,typed,CAT04-practice_family-cat04_pf_061,false,,Von 2021 bis 2023 ich habe im Lager gearbeitet.,,Korrigiere den Satz.,,,,Von 2021 bis 2023 habe ich im Lager gearbeitet.,,"After a fronted time phrase, the finite verb stays in position 2.",,,,,duplicate_v02_same_decision,imported_source_without_replacement_layer_match,
content/b1-m04-applications.js,v080149_cat04_redemittel_cat04_r_001,cat04-r-001,cat04-r-001,matched_lineage_or_unresolved,Production Practice,exclude from normal auto-graded practice; route later to separate self-marked Production Practice,,,,EXCEPTION_REVIEW,manual review: imported row has sourceRowId but no comparison/recovery match,Auswahl,selected_choice_value,CAT04-redemittel-cat04_r_001,false,,Welche Form passt? application email,,email opening,,"Sehr geehrte Frau Müller, | Hallo as too casual in first contact | Sehr geehrter Herr Schneider, | Sehr geehrte Damen und Herren,",,"Sehr geehrte Frau Müller,",,Watch: missing comma/register mismatch,,,,,duplicate_v02_same_decision,imported_source_without_replacement_layer_match,
content/b1-m04-applications.js,v080149_cat04_redemittel_cat04_r_002,cat04-r-002,cat04-r-002,matched_lineage_or_unresolved,Production Practice,exclude from normal auto-graded practice; route later to separate self-marked Production Practice,,,,EXCEPTION_REVIEW,manual review: imported row has sourceRowId but no comparison/recovery match,Auswahl,selected_choice_value,CAT04-redemittel-cat04_r_002,false,,Welche Form passt? application email,,email opening,,"Sehr geehrter Herr Schneider, | Hallo as too casual in first contact | Sehr geehrte Frau Müller, | Sehr geehrte Damen und Herren,",,"Sehr geehrter Herr Schneider,",,Watch: wrong adjective ending,,,,,duplicate_v02_same_decision,imported_source_without_replacement_layer_match,
content/b1-m04-applications.js,v080149_cat04_redemittel_cat04_r_003,cat04-r-003,cat04-r-003,matched_lineage_or_unresolved,Production Practice,exclude from normal auto-graded practice; route later to separate self-marked Production Practice,,,,EXCEPTION_REVIEW,manual review: imported row has sourceRowId but no comparison/recovery match,Auswahl,selected_choice_value,CAT04-redemittel-cat04_r_003,false,,Welche Form passt? unknown contact,,email opening,,"Sehr geehrte Damen und Herren, | named-contact opening | Sehr geehrte Frau Müller, | Sehr geehrter Herr Schneider,",,"Sehr geehrte Damen und Herren,",,Watch: wrong comma/capitalisation,,,,,duplicate_v02_same_decision,imported_source_without_replacement_layer_match,
content/b1-m04-applications.js,v080149_cat04_redemittel_cat04_r_004,cat04-r-004,cat04-r-004,matched_lineage_or_unresolved,Production Practice,exclude from normal auto-graded practice; route later to separate self-marked Production Practice,,,,EXCEPTION_REVIEW,manual review: imported row has sourceRowId but no comparison/recovery match,Auswahl,selected_choice_value,CAT04-redemittel-cat04_r_004,false,,Welche Form passt? application email,,state application,,"Ich bewerbe mich um die Stelle als Lagerhelfer. | sich interessieren für | Sehr geehrte Frau Müller, | Sehr geehrter Herr Schneider,",,Ich bewerbe mich um die Stelle als Lagerhelfer.,,Watch: wrong preposition/reflexive,,,,,duplicate_v02_same_decision,imported_source_without_replacement_layer_match,
content/b1-m04-applications.js,v080149_cat04_redemittel_cat04_r_006,cat04-r-006,cat04-r-006,matched_lineage_or_unresolved,Production Practice,exclude from normal auto-graded practice; route later to separate self-marked Production Practice,,,,EXCEPTION_REVIEW,manual review: imported row has sourceRowId but no comparison/recovery match,Auswahl,selected_choice_value,CAT04-redemittel-cat04_r_006,false,,Welche Form passt? application email,,refer to advert,,"Ich habe Ihre Stellenanzeige online gesehen. | Stellenangebot gelesen | Sehr geehrte Frau Müller, | Sehr geehrter Herr Schneider,",,Ich habe Ihre Stellenanzeige online gesehen.,,Watch: wrong article,,,,,duplicate_v02_same_decision,imported_source_without_replacement_layer_match,
content/b1-m04-applications.js,v080149_cat04_redemittel_cat04_r_007,cat04-r-007,cat04-r-007,matched_lineage_or_unresolved,Exception,manual review: unrecognised v0.2 decision vocabulary,,,,EXCEPTION_REVIEW,manual review: imported row has sourceRowId but no comparison/recovery match,Auswahl,selected_choice_value,CAT04-redemittel-cat04_r_007,false,,Welche Form passt? application email,,state interest,,"Die Stelle interessiert mich sehr. | ich interessiere die Stelle | Sehr geehrte Frau Müller, | Sehr geehrter Herr Schneider,",,Die Stelle interessiert mich sehr.,,Watch: wrong verb frame,,,,,duplicate_v02_same_decision,imported_source_without_replacement_layer_match,
content/b1-m04-applications.js,v080149_cat04_redemittel_cat04_r_008,cat04-r-008,cat04-r-008,matched_lineage_or_unresolved,Exception,manual review: unrecognised v0.2 decision vocabulary,,,,EXCEPTION_REVIEW,manual review: imported row has sourceRowId but no comparison/recovery match,Auswahl,selected_choice_value,CAT04-redemittel-cat04_r_008,false,,Welche Form passt? application email,,state interest,,"Ich interessiere mich für die Stelle. | bewerben um | Sehr geehrte Frau Müller, | Sehr geehrter Herr Schneider,",,Ich interessiere mich für die Stelle.,,Watch: wrong preposition/reflexive,,,,,duplicate_v02_same_decision,imported_source_without_replacement_layer_match,
content/b1-m04-applications.js,v080149_cat04_redemittel_cat04_r_009,cat04-r-009,cat04-r-009,matched_lineage_or_unresolved,Production Practice,exclude from normal auto-graded practice; route later to separate self-marked Production Practice,,,,EXCEPTION_REVIEW,manual review: imported row has sourceRowId but no comparison/recovery match,Auswahl,selected_choice_value,CAT04-redemittel-cat04_r_009,false,,Welche Form passt? application email,,send attachment,,"Im Anhang finden Sie meinen Lebenslauf. | In der Anlage | anbei | Sehr geehrte Frau Müller,",,Im Anhang finden Sie meinen Lebenslauf.,,Watch: wrong article/case,,,,,duplicate_v02_same_decision,imported_source_without_replacement_layer_match,
content/b1-m04-applications.js,v080149_cat04_redemittel_cat04_r_010,cat04-r-010,cat04-r-010,matched_lineage_or_unresolved,Production Practice,exclude from normal auto-graded practice; route later to separate self-marked Production Practice,,,,EXCEPTION_REVIEW,manual review: imported row has sourceRowId but no comparison/recovery match,Auswahl,selected_choice_value,CAT04-redemittel-cat04_r_010,false,,Welche Form passt? application email,,send attachment,,"Im Anhang finden Sie meine Bewerbungsunterlagen. | Anbei sende ich | Sehr geehrte Frau Müller, | Sehr geehrter Herr Schneider,",,Im Anhang finden Sie meine Bewerbungsunterlagen.,,Watch: wrong plural handling,,,,,duplicate_v02_same_decision,imported_source_without_replacement_layer_match,
content/b1-m04-applications.js,v080149_cat04_redemittel_cat04_r_013,cat04-r-013,cat04-r-013,matched_lineage_or_unresolved,Production Practice,exclude from normal auto-graded practice; route later to separate self-marked Production Practice,,,,EXCEPTION_REVIEW,manual review: imported row has sourceRowId but no comparison/recovery match,Auswahl,selected_choice_value,CAT04-redemittel-cat04_r_013,false,,Welche Form passt? follow-up email,,ask receipt,,"Könnten Sie mir bitte kurz bestätigen, dass meine Bewerbung angekommen ist? | Eingangsbestätigung | Sehr geehrte Frau Müller, | Sehr geehrter Herr Schneider,",,"Könnten Sie mir bitte kurz bestätigen, dass meine Bewerbung angekommen ist?",,Watch: dass word order risk,,,,,duplicate_v02_same_decision,imported_source_without_replacement_layer_match,
content/b1-m04-applications.js,v080149_cat04_redemittel_cat04_r_014,cat04-r-014,cat04-r-014,matched_lineage_or_unresolved,Production Practice,exclude from normal auto-graded practice; route later to separate self-marked Production Practice,,,,EXCEPTION_REVIEW,manual review: imported row has sourceRowId but no comparison/recovery match,Auswahl,selected_choice_value,CAT04-redemittel-cat04_r_014,false,,Welche Form passt? follow-up email,,follow-up,,"Ich wollte kurz nachfragen, ob es schon eine Rückmeldung gibt. | fragen nach, ob | Sehr geehrte Frau Müller, | Sehr geehrter Herr Schneider,",,"Ich wollte kurz nachfragen, ob es schon eine Rückmeldung gibt.",,Watch: wrong ob placement,,,,,duplicate_v02_same_decision,imported_source_without_replacement_layer_match,
content/b1-m04-applications.js,v080149_cat04_redemittel_cat04_r_015,cat04-r-015,cat04-r-015,matched_lineage_or_unresolved,Production Practice,exclude from normal auto-graded practice; route later to separate self-marked Production Practice,,,,EXCEPTION_REVIEW,manual review: imported row has sourceRowId but no comparison/recovery match,Auswahl,selected_choice_value,CAT04-redemittel-cat04_r_015,false,,Welche Form passt? interview invitation,,reply thanks,,"Vielen Dank für die Einladung zum Vorstellungsgespräch. | Danke für | Sehr geehrte Frau Müller, | Sehr geehrter Herr Schneider,",,Vielen Dank für die Einladung zum Vorstellungsgespräch.,,Watch: wrong preposition/case,,,,,duplicate_v02_same_decision,imported_source_without_replacement_layer_match,
content/b1-m04-applications.js,v080149_cat04_redemittel_cat04_r_016,cat04-r-016,cat04-r-016,matched_lineage_or_unresolved,Production Practice,exclude from normal auto-graded practice; route later to separate self-marked Production Practice,,,,EXCEPTION_REVIEW,manual review: imported row has sourceRowId but no comparison/recovery match,Auswahl,selected_choice_value,CAT04-redemittel-cat04_r_016,false,,Welche Form passt? interview invitation,,confirm interview,,"Den Termin am Dienstag bestätige ich gern. | Termin passt | Sehr geehrte Frau Müller, | Sehr geehrter Herr Schneider,",,Den Termin am Dienstag bestätige ich gern.,,Watch: missing accusative article,,,,,duplicate_v02_same_decision,imported_source_without_replacement_layer_match,
content/b1-m04-applications.js,v080149_cat04_redemittel_cat04_r_017,cat04-r-017,cat04-r-017,matched_lineage_or_unresolved,Exception,manual review: unrecognised v0.2 decision vocabulary,,,,EXCEPTION_REVIEW,manual review: imported row has sourceRowId but no comparison/recovery match,Auswahl,selected_choice_value,CAT04-redemittel-cat04_r_017,false,,Welche Form passt? interview invitation,,confirm interview,,"Der Termin für das Vorstellungsgespräch passt mir gut. | Termin geht mir gut | Sehr geehrte Frau Müller, | Sehr geehrter Herr Schneider,",,Der Termin für das Vorstellungsgespräch passt mir gut.,,Watch: wrong verb,,,,,duplicate_v02_same_decision,imported_source_without_replacement_layer_match,
content/b1-m04-applications.js,v080149_cat04_redemittel_cat04_r_018,cat04-r-018,cat04-r-018,matched_lineage_or_unresolved,Exception,manual review: unrecognised v0.2 decision vocabulary,,,,EXCEPTION_REVIEW,manual review: imported row has sourceRowId but no comparison/recovery match,Auswahl,selected_choice_value,CAT04-redemittel-cat04_r_018,false,,Welche Form passt? interview invitation,,reschedule interview,,"Leider bin ich an diesem Tag verhindert. | ich habe verhindert | Sehr geehrte Frau Müller, | Sehr geehrter Herr Schneider,",,Leider bin ich an diesem Tag verhindert.,,Watch: wrong auxiliary,,,,,duplicate_v02_same_decision,imported_source_without_replacement_layer_match,
content/b1-m04-applications.js,v080149_cat04_redemittel_cat04_r_019,cat04-r-019,cat04-r-019,matched_lineage_or_unresolved,Production Practice,exclude from normal auto-graded practice; route later to separate self-marked Production Practice,,,,EXCEPTION_REVIEW,manual review: imported row has sourceRowId but no comparison/recovery match,Auswahl,selected_choice_value,CAT04-redemittel-cat04_r_019,false,,Welche Form passt? interview invitation,,reschedule interview,,"Wäre ein anderer Termin möglich? | Ich brauche anderen Termin | Sehr geehrte Frau Müller, | Sehr geehrter Herr Schneider,",,Wäre ein anderer Termin möglich?,,Watch: article/capitalisation,,,,,duplicate_v02_same_decision,imported_source_without_replacement_layer_match,
content/b1-m04-applications.js,v080149_cat04_redemittel_cat04_r_020,cat04-r-020,cat04-r-020,matched_lineage_or_unresolved,Exception,manual review: unrecognised v0.2 decision vocabulary,,,,EXCEPTION_REVIEW,manual review: imported row has sourceRowId but no comparison/recovery match,Auswahl,selected_choice_value,CAT04-redemittel-cat04_r_020,false,,Welche Form passt? interview invitation,,close interview reply,,"Ich freue mich auf das Gespräch. | ich freue mich für das Gespräch | Sehr geehrte Frau Müller, | Sehr geehrter Herr Schneider,",,Ich freue mich auf das Gespräch.,,Watch: wrong preposition,,,,,duplicate_v02_same_decision,imported_source_without_replacement_layer_match,
content/b1-m04-applications.js,v080149_cat04_redemittel_cat04_r_023,cat04-r-023,cat04-r-023,matched_lineage_or_unresolved,Production Practice,exclude from normal auto-graded practice; route later to separate self-marked Production Practice,,,,EXCEPTION_REVIEW,manual review: imported row has sourceRowId but no comparison/recovery match,Auswahl,selected_choice_value,CAT04-redemittel-cat04_r_023,false,,Welche Form passt? application email,,close application,,"Bei Fragen melden Sie sich gern. | Rückfragen | Sehr geehrte Frau Müller, | Sehr geehrter Herr Schneider,",,Bei Fragen melden Sie sich gern.,,Watch: imperative/register nuance,,,,,duplicate_v02_same_decision,imported_source_without_replacement_layer_match,
content/b1-m04-applications.js,v080149_cat04_redemittel_cat04_r_024,cat04-r-024,cat04-r-024,matched_lineage_or_unresolved,Production Practice,exclude from normal auto-graded practice; route later to separate self-marked Production Practice,,,,EXCEPTION_REVIEW,manual review: imported row has sourceRowId but no comparison/recovery match,Auswahl,selected_choice_value,CAT04-redemittel-cat04_r_024,false,,Welche Form passt? application email,,email closing,,"Mit freundlichen Grüßen | Viele Grüße | Sehr geehrte Frau Müller, | Sehr geehrter Herr Schneider,",,Mit freundlichen Grüßen,,Watch: wrong capitalisation/comma,,,,,duplicate_v02_same_decision,imported_source_without_replacement_layer_match,
content/b1-m04-applications.js,v080149_cat04_redemittel_cat04_r_025,cat04-r-025,cat04-r-025,matched_lineage_or_unresolved,Production Practice,exclude from normal auto-graded practice; route later to separate self-marked Production Practice,,,,EXCEPTION_REVIEW,manual review: imported row has sourceRowId but no comparison/recovery match,Auswahl,selected_choice_value,CAT04-redemittel-cat04_r_025,false,,Welche Form passt? interview answer,,state experience,,"Ich habe drei Jahre Berufserfahrung im Verkauf. | Erfahrung von Verkauf | Sehr geehrte Frau Müller, | Sehr geehrter Herr Schneider,",,Ich habe drei Jahre Berufserfahrung im Verkauf.,,Watch: wrong preposition,,,,,duplicate_v02_same_decision,imported_source_without_replacement_layer_match,
content/b1-m04-applications.js,v080149_cat04_redemittel_cat04_r_026,cat04-r-026,cat04-r-026,matched_lineage_or_unresolved,Production Practice,exclude from normal auto-graded practice; route later to separate self-marked Production Practice,,,,EXCEPTION_REVIEW,manual review: imported row has sourceRowId but no comparison/recovery match,Auswahl,selected_choice_value,CAT04-redemittel-cat04_r_026,false,,Welche Form passt? interview answer,,state experience,,"In meiner letzten Stelle war ich für den Kundenkontakt zuständig. | ich war zuständig für | Sehr geehrte Frau Müller, | Sehr geehrter Herr Schneider,",,In meiner letzten Stelle war ich für den Kundenkontakt zuständig.,,Watch: word order/preposition,,,,,duplicate_v02_same_decision,imported_source_without_replacement_layer_match,
content/b1-m04-applications.js,v080149_cat04_redemittel_cat04_r_027,cat04-r-027,cat04-r-027,matched_lineage_or_unresolved,Production Practice,exclude from normal auto-graded practice; route later to separate self-marked Production Practice,,,,EXCEPTION_REVIEW,manual review: imported row has sourceRowId but no comparison/recovery match,Auswahl,selected_choice_value,CAT04-redemittel-cat04_r_027,false,,Welche Form passt? interview answer,,state experience,,"Ich habe im Bereich Logistik gearbeitet. | bei Bereich | Sehr geehrte Frau Müller, | Sehr geehrter Herr Schneider,",,Ich habe im Bereich Logistik gearbeitet.,,Watch: wrong preposition,,,,,duplicate_v02_same_decision,imported_source_without_replacement_layer_match,
content/b1-m04-applications.js,v080149_cat04_redemittel_cat04_r_028,cat04-r-028,cat04-r-028,matched_lineage_or_unresolved,Exception,manual review: unrecognised v0.2 decision vocabulary,,,,EXCEPTION_REVIEW,manual review: imported row has sourceRowId but no comparison/recovery match,Auswahl,selected_choice_value,CAT04-redemittel-cat04_r_028,false,,Welche Form passt? interview answer,,state role,,"Ich habe als Reinigungskraft gearbeitet. | wie Reinigungskraft | Sehr geehrte Frau Müller, | Sehr geehrter Herr Schneider,",,Ich habe als Reinigungskraft gearbeitet.,,Watch: wrong `wie`,,,,,duplicate_v02_same_decision,imported_source_without_replacement_layer_match,
content/b1-m04-applications.js,v080149_cat04_redemittel_cat04_r_029,cat04-r-029,cat04-r-029,matched_lineage_or_unresolved,Exception,manual review: unrecognised v0.2 decision vocabulary,,,,EXCEPTION_REVIEW,manual review: imported row has sourceRowId but no comparison/recovery match,Auswahl,selected_choice_value,CAT04-redemittel-cat04_r_029,false,,Welche Form passt? interview answer,,state skills,,"Ich habe gute Deutschkenntnisse. | ich bin gute Deutschkenntnisse | Sehr geehrte Frau Müller, | Sehr geehrter Herr Schneider,",,Ich habe gute Deutschkenntnisse.,,Watch: wrong verb,,,,,duplicate_v02_same_decision,imported_source_without_replacement_layer_match,
content/b1-m04-applications.js,v080149_cat04_redemittel_cat04_r_030,cat04-r-030,cat04-r-030,matched_lineage_or_unresolved,Exception,manual review: unrecognised v0.2 decision vocabulary,,,,EXCEPTION_REVIEW,manual review: imported row has sourceRowId but no comparison/recovery match,Auswahl,selected_choice_value,CAT04-redemittel-cat04_r_030,false,,Welche Form passt? interview answer,,state skills,,"Meine Deutschkenntnisse sind auf B1-Niveau. | in B1-Niveau | Sehr geehrte Frau Müller, | Sehr geehrter Herr Schneider,",,Meine Deutschkenntnisse sind auf B1-Niveau.,,Watch: wrong preposition,,,,,duplicate_v02_same_decision,imported_source_without_replacement_layer_match,
content/b1-m04-applications.js,v080149_cat04_redemittel_cat04_r_031,cat04-r-031,cat04-r-031,matched_lineage_or_unresolved,Exception,manual review: unrecognised v0.2 decision vocabulary,,,,EXCEPTION_REVIEW,manual review: imported row has sourceRowId but no comparison/recovery match,Auswahl,selected_choice_value,CAT04-redemittel-cat04_r_031,false,,Welche Form passt? interview answer,,state skills,,"Ich bin mit dem Programm vertraut. | ich kenne das Programm | Sehr geehrte Frau Müller, | Sehr geehrter Herr Schneider,",,Ich bin mit dem Programm vertraut.,,Watch: different frame,,,,,duplicate_v02_same_decision,imported_source_without_replacement_layer_match,
content/b1-m04-applications.js,v080149_cat04_redemittel_cat04_r_032,cat04-r-032,cat04-r-032,matched_lineage_or_unresolved,Exception,manual review: unrecognised v0.2 decision vocabulary,,,,EXCEPTION_REVIEW,manual review: imported row has sourceRowId but no comparison/recovery match,Auswahl,selected_choice_value,CAT04-redemittel-cat04_r_032,false,,Welche Form passt? interview answer,,state skill,,"Ich arbeite gern im Team. | ich bin Teamfähigkeit | Sehr geehrte Frau Müller, | Sehr geehrter Herr Schneider,",,Ich arbeite gern im Team.,,Watch: noun/adjective mismatch,,,,,duplicate_v02_same_decision,imported_source_without_replacement_layer_match,
content/b1-m04-applications.js,v080149_cat04_redemittel_cat04_r_033,cat04-r-033,cat04-r-033,matched_lineage_or_unresolved,Production Practice,exclude from normal auto-graded practice; route later to separate self-marked Production Practice,,,,EXCEPTION_REVIEW,manual review: imported row has sourceRowId but no comparison/recovery match,Auswahl,selected_choice_value,CAT04-redemittel-cat04_r_033,false,,Welche Form passt? interview answer,,state skill,,"Ich kann auch selbstständig arbeiten. | ich kann selbstständig sein | Sehr geehrte Frau Müller, | Sehr geehrter Herr Schneider,",,Ich kann auch selbstständig arbeiten.,,Watch: meaning ambiguity,,,,,duplicate_v02_same_decision,imported_source_without_replacement_layer_match,
content/b1-m04-applications.js,v080149_cat04_redemittel_cat04_r_034,cat04-r-034,cat04-r-034,matched_lineage_or_unresolved,Production Practice,exclude from normal auto-graded practice; route later to separate self-marked Production Practice,,,,EXCEPTION_REVIEW,manual review: imported row has sourceRowId but no comparison/recovery match,Auswahl,selected_choice_value,CAT04-redemittel-cat04_r_034,false,,Welche Form passt? interview answer,,state motivation,,"Ich möchte mich beruflich weiterentwickeln. | ich möchte mich verbessern | Sehr geehrte Frau Müller, | Sehr geehrter Herr Schneider,",,Ich möchte mich beruflich weiterentwickeln.,,Watch: register/generic risk,,,,,duplicate_v02_same_decision,imported_source_without_replacement_layer_match,
content/b1-m04-applications.js,v080149_cat04_redemittel_cat04_r_035,cat04-r-035,cat04-r-035,matched_lineage_or_unresolved,Production Practice,exclude from normal auto-graded practice; route later to separate self-marked Production Practice,,,,EXCEPTION_REVIEW,manual review: imported row has sourceRowId but no comparison/recovery match,Auswahl,selected_choice_value,CAT04-redemittel-cat04_r_035,false,,Welche Form passt? interview answer,,availability,,"Ich kann ab dem 1. August anfangen. | ich kann seit ... anfangen | Sehr geehrte Frau Müller, | Sehr geehrter Herr Schneider,",,Ich kann ab dem 1. August anfangen.,,Watch: wrong time word,,,,,duplicate_v02_same_decision,imported_source_without_replacement_layer_match,
content/b1-m04-applications.js,v080149_cat04_redemittel_cat04_r_036,cat04-r-036,cat04-r-036,matched_lineage_or_unresolved,Exception,manual review: unrecognised v0.2 decision vocabulary,,,,EXCEPTION_REVIEW,manual review: imported row has sourceRowId but no comparison/recovery match,Auswahl,selected_choice_value,CAT04-redemittel-cat04_r_036,false,,Welche Form passt? interview answer,,availability,,"Ich bin ab sofort verfügbar. | ich bin sofort erreichbar | Sehr geehrte Frau Müller, | Sehr geehrter Herr Schneider,",,Ich bin ab sofort verfügbar.,,Watch: availability vs reachability,,,,,duplicate_v02_same_decision,imported_source_without_replacement_layer_match,
content/b1-m04-applications.js,v080149_cat04_redemittel_cat04_r_037,cat04-r-037,cat04-r-037,matched_lineage_or_unresolved,Production Practice,exclude from normal auto-graded practice; route later to separate self-marked Production Practice,,,,EXCEPTION_REVIEW,manual review: imported row has sourceRowId but no comparison/recovery match,Auswahl,selected_choice_value,CAT04-redemittel-cat04_r_037,false,,Welche Form passt? interview question,,ask question,,"Ich habe noch eine Frage zur Stelle. | Frage für die Stelle | Sehr geehrte Frau Müller, | Sehr geehrter Herr Schneider,",,Ich habe noch eine Frage zur Stelle.,,Watch: wrong preposition,,,,,duplicate_v02_same_decision,imported_source_without_replacement_layer_match,
content/b1-m04-applications.js,v080149_cat04_redemittel_cat04_r_042,cat04-r-042,cat04-r-042,matched_lineage_or_unresolved,Production Practice,exclude from normal auto-graded practice; route later to separate self-marked Production Practice,,,,EXCEPTION_REVIEW,manual review: imported row has sourceRowId but no comparison/recovery match,Auswahl,selected_choice_value,CAT04-redemittel-cat04_r_042,false,,Welche Form passt? after rejection,,rejection response,,"Vielen Dank für Ihre Rückmeldung. | Danke für Absage | Sehr geehrte Frau Müller, | Sehr geehrter Herr Schneider,",,Vielen Dank für Ihre Rückmeldung.,,Watch: tone nuance,,,,,duplicate_v02_same_decision,imported_source_without_replacement_layer_match,
content/b1-m04-applications.js,v080149_cat04_redemittel_cat04_r_044,cat04-r-044,cat04-r-044,matched_lineage_or_unresolved,Production Practice,exclude from normal auto-graded practice; route later to separate self-marked Production Practice,,,,EXCEPTION_REVIEW,manual review: imported row has sourceRowId but no comparison/recovery match,Auswahl,selected_choice_value,CAT04-redemittel-cat04_r_044,false,,Welche Form passt? application follow-up,,ask missing document,,"Ich reiche das fehlende Zeugnis nach. | ich bringe später | Sehr geehrte Frau Müller, | Sehr geehrter Herr Schneider,",,Ich reiche das fehlende Zeugnis nach.,,Watch: formal admin register,,,,,duplicate_v02_same_decision,imported_source_without_replacement_layer_match,
content/b1-m04-applications.js,v080149_cat04_redemittel_cat04_r_045,cat04-r-045,cat04-r-045,matched_lineage_or_unresolved,Exception,manual review: unrecognised v0.2 decision vocabulary,,,,EXCEPTION_REVIEW,manual review: imported row has sourceRowId but no comparison/recovery match,Auswahl,selected_choice_value,CAT04-redemittel-cat04_r_045,false,,Welche Form passt? application portal,,explain upload issue,,"Leider kann ich die Datei nicht hochladen. | Datei laden hoch | Sehr geehrte Frau Müller, | Sehr geehrter Herr Schneider,",,Leider kann ich die Datei nicht hochladen.,,Watch: separable verb,,,,,duplicate_v02_same_decision,imported_source_without_replacement_layer_match,
content/b1-m04-applications.js,v080149_cat04_redemittel_cat04_r_046,cat04-r-046,cat04-r-046,matched_lineage_or_unresolved,Production Practice,exclude from normal auto-graded practice; route later to separate self-marked Production Practice,,,,EXCEPTION_REVIEW,manual review: imported row has sourceRowId but no comparison/recovery match,Auswahl,selected_choice_value,CAT04-redemittel-cat04_r_046,false,,Welche Form passt? application portal,,ask technical help,,"Könnten Sie mir bitte beim Hochladen helfen? | helfen für Hochladen | Sehr geehrte Frau Müller, | Sehr geehrter Herr Schneider,",,Könnten Sie mir bitte beim Hochladen helfen?,,Watch: preposition/nominalisation,,,,,duplicate_v02_same_decision,imported_source_without_replacement_layer_match,
content/b1-m04-applications.js,v080149_cat04_redemittel_cat04_r_047,cat04-r-047,cat04-r-047,matched_lineage_or_unresolved,Exception,manual review: unrecognised v0.2 decision vocabulary,,,,EXCEPTION_REVIEW,manual review: imported row has sourceRowId but no comparison/recovery match,Auswahl,selected_choice_value,CAT04-redemittel-cat04_r_047,false,,Welche Form passt? application follow-up,,state incomplete docs,,"Meine Unterlagen sind noch nicht vollständig. | voll sein | Sehr geehrte Frau Müller, | Sehr geehrter Herr Schneider,",,Meine Unterlagen sind noch nicht vollständig.,,Watch: wrong adjective,,,,,duplicate_v02_same_decision,imported_source_without_replacement_layer_match,
content/b1-m04-applications.js,v080149_cat04_redemittel_cat04_r_048,cat04-r-048,cat04-r-048,matched_lineage_or_unresolved,Production Practice,exclude from normal auto-graded practice; route later to separate self-marked Production Practice,,,,EXCEPTION_REVIEW,manual review: imported row has sourceRowId but no comparison/recovery match,Auswahl,selected_choice_value,CAT04-redemittel-cat04_r_048,false,,Welche Form passt? application email,,offer further info,,"Gern sende ich Ihnen weitere Unterlagen. | mehr Unterlagen | Sehr geehrte Frau Müller, | Sehr geehrter Herr Schneider,",,Gern sende ich Ihnen weitere Unterlagen.,,Watch: register/word choice,,,,,duplicate_v02_same_decision,imported_source_without_replacement_layer_match,
content/b1-m04-applications.js,v080149_cat04_redemittel_cat04_r_049,cat04-r-049,cat04-r-049,matched_lineage_or_unresolved,Production Practice,exclude from normal auto-graded practice; route later to separate self-marked Production Practice,,,,EXCEPTION_REVIEW,manual review: imported row has sourceRowId but no comparison/recovery match,Auswahl,selected_choice_value,CAT04-redemittel-cat04_r_049,false,,Welche Form passt? application email,,explain CV update,,"Ich habe meinen Lebenslauf aktualisiert. | Lebenslauf modernisiert | Sehr geehrte Frau Müller, | Sehr geehrter Herr Schneider,",,Ich habe meinen Lebenslauf aktualisiert.,,Watch: wrong verb choice,,,,,duplicate_v02_same_decision,imported_source_without_replacement_layer_match,
content/b1-m04-applications.js,v080149_cat04_redemittel_cat04_r_050,cat04-r-050,cat04-r-050,matched_lineage_or_unresolved,Production Practice,exclude from normal auto-graded practice; route later to separate self-marked Production Practice,,,,EXCEPTION_REVIEW,manual review: imported row has sourceRowId but no comparison/recovery match,Auswahl,selected_choice_value,CAT04-redemittel-cat04_r_050,false,,Welche Form passt? interview answer,,state qualification,,"Ich bringe die nötigen Qualifikationen mit. | ich habe Qualifikation | Sehr geehrte Frau Müller, | Sehr geehrter Herr Schneider,",,Ich bringe die nötigen Qualifikationen mit.,,Watch: plural/register,,,,,duplicate_v02_same_decision,imported_source_without_replacement_layer_match,
content/b1-m04-applications.js,v080149_cat04_redemittel_cat04_r_051,cat04-r-051,cat04-r-051,matched_lineage_or_unresolved,Production Practice,exclude from normal auto-graded practice; route later to separate self-marked Production Practice,,,,EXCEPTION_REVIEW,manual review: imported row has sourceRowId but no comparison/recovery match,Auswahl,selected_choice_value,CAT04-redemittel-cat04_r_051,false,,Welche Form passt? interview answer,,state fit,,"Ich denke, dass ich gut zu der Stelle passe. | ich passe für die Stelle | Sehr geehrte Frau Müller, | Sehr geehrter Herr Schneider,",,"Ich denke, dass ich gut zu der Stelle passe.",,Watch: preposition; dass word order,,,,,duplicate_v02_same_decision,imported_source_without_replacement_layer_match,
content/b1-m04-applications.js,v080149_cat04_redemittel_cat04_r_052,cat04-r-052,cat04-r-052,matched_lineage_or_unresolved,Production Practice,exclude from normal auto-graded practice; route later to separate self-marked Production Practice,,,,EXCEPTION_REVIEW,manual review: imported row has sourceRowId but no comparison/recovery match,Auswahl,selected_choice_value,CAT04-redemittel-cat04_r_052,false,,Welche Form passt? application email,,purpose,,"Ich möchte in diesem Bereich arbeiten, weil ich gern mit Menschen arbeite. | denn | deshalb contrast | Sehr geehrte Frau Müller,",,"Ich möchte in diesem Bereich arbeiten, weil ich gern mit Menschen arbeite.",,Watch: connector word order,,,,,duplicate_v02_same_decision,imported_source_without_replacement_layer_match,
content/b1-m04-applications.js,v080149_cat04_redemittel_cat04_r_053,cat04-r-053,cat04-r-053,matched_lineage_or_unresolved,Exception,manual review: unrecognised v0.2 decision vocabulary,,,,EXCEPTION_REVIEW,manual review: imported row has sourceRowId but no comparison/recovery match,Auswahl,selected_choice_value,CAT04-redemittel-cat04_r_053,false,,Welche Form passt? interview answer,,purpose,,"Ich bewerbe mich, weil ich mich beruflich weiterentwickeln möchte. | deshalb | um zu | Sehr geehrte Frau Müller,",,"Ich bewerbe mich, weil ich mich beruflich weiterentwickeln möchte.",,Watch: connector word order,,,,,duplicate_v02_same_decision,imported_source_without_replacement_layer_match,
content/b1-m04-applications.js,v080149_cat04_redemittel_cat04_r_055,cat04-r-055,cat04-r-055,matched_lineage_or_unresolved,Exception,manual review: unrecognised v0.2 decision vocabulary,,,,EXCEPTION_REVIEW,manual review: imported row has sourceRowId but no comparison/recovery match,Auswahl,selected_choice_value,CAT04-redemittel-cat04_r_055,false,,Welche Form passt? experience timeline,,interview answer,,"Von 2021 bis 2023 habe ich in einer Bäckerei gearbeitet. | seit 2021 bis 2023 | Sehr geehrte Frau Müller, | Sehr geehrter Herr Schneider,",,Von 2021 bis 2023 habe ich in einer Bäckerei gearbeitet.,,Watch: time phrase confusion,,,,,duplicate_v02_same_decision,imported_source_without_replacement_layer_match,
content/b1-m04-applications.js,v080149_cat04_redemittel_cat04_r_056,cat04-r-056,cat04-r-056,matched_lineage_or_unresolved,Exception,manual review: unrecognised v0.2 decision vocabulary,,,,EXCEPTION_REVIEW,manual review: imported row has sourceRowId but no comparison/recovery match,Auswahl,selected_choice_value,CAT04-redemittel-cat04_r_056,false,,Welche Form passt? past role,,interview answer,,"Früher habe ich im Lager gearbeitet. | ich arbeitete? | Sehr geehrte Frau Müller, | Sehr geehrter Herr Schneider,",,Früher habe ich im Lager gearbeitet.,,Watch: tense/style nuance,,,,,duplicate_v02_same_decision,imported_source_without_replacement_layer_match,
content/b1-m04-applications.js,v080149_cat04_redemittel_cat04_r_057,cat04-r-057,cat04-r-057,matched_lineage_or_unresolved,Production Practice,exclude from normal auto-graded practice; route later to separate self-marked Production Practice,,,,EXCEPTION_REVIEW,manual review: imported row has sourceRowId but no comparison/recovery match,Auswahl,selected_choice_value,CAT04-redemittel-cat04_r_057,false,,Welche Form passt? past duty,,interview answer,,"Dort war ich für die Warenkontrolle zuständig. | dort habe ich zuständig | Sehr geehrte Frau Müller, | Sehr geehrter Herr Schneider,",,Dort war ich für die Warenkontrolle zuständig.,,Watch: verb/adjective frame,,,,,duplicate_v02_same_decision,imported_source_without_replacement_layer_match,
content/b1-m04-applications.js,v080149_cat04_redemittel_cat04_r_058,cat04-r-058,cat04-r-058,matched_lineage_or_unresolved,Production Practice,exclude from normal auto-graded practice; route later to separate self-marked Production Practice,,,,EXCEPTION_REVIEW,manual review: imported row has sourceRowId but no comparison/recovery match,Auswahl,selected_choice_value,CAT04-redemittel-cat04_r_058,false,,Welche Form passt? ask repetition,,interview answer,,"Könnten Sie die Frage bitte wiederholen? | Was? | Sehr geehrte Frau Müller, | Sehr geehrter Herr Schneider,",,Könnten Sie die Frage bitte wiederholen?,,Watch: politeness/register,,,,,duplicate_v02_same_decision,imported_source_without_replacement_layer_match,
content/b1-m04-applications.js,v080149_cat04_redemittel_cat04_r_059,cat04-r-059,cat04-r-059,matched_lineage_or_unresolved,Production Practice,exclude from normal auto-graded practice; route later to separate self-marked Production Practice,,,,EXCEPTION_REVIEW,manual review: imported row has sourceRowId but no comparison/recovery match,Auswahl,selected_choice_value,CAT04-redemittel-cat04_r_059,false,,Welche Form passt? ask clarification,,interview answer,,"Meinen Sie meine letzte Stelle oder meine Ausbildung? | Was meinen Sie? | Sehr geehrte Frau Müller, | Sehr geehrter Herr Schneider,",,Meinen Sie meine letzte Stelle oder meine Ausbildung?,,Watch: clarification strategy,,,,,duplicate_v02_same_decision,imported_source_without_replacement_layer_match,
content/b1-m04-applications.js,v080149_cat04_wortschatz_cat04_w_088,cat04-w-088,cat04-w-088,matched_lineage_or_unresolved,Production Practice,exclude from normal auto-graded practice; route later to separate self-marked Production Practice,,,,EXCEPTION_REVIEW,manual review: imported row has sourceRowId but no comparison/recovery match,Auswahl,selected_choice_value,CAT04-wortschatz-cat04_w_088,false,,Welches Wort passt? to apply for,,Verbs and frames,,sich bewerben um | sich interessieren für | sich melden bei | die Bewerbung,,sich bewerben um,,missing reflexive; wrong preposition,,,,,duplicate_v02_same_decision,imported_source_without_replacement_layer_match,
content/b1-m04-applications.js,v080149_cat04_wortschatz_cat04_w_089,cat04-w-089,cat04-w-089,matched_lineage_or_unresolved,Production Practice,exclude from normal auto-graded practice; route later to separate self-marked Production Practice,,,,EXCEPTION_REVIEW,manual review: imported row has sourceRowId but no comparison/recovery match,Auswahl,selected_choice_value,CAT04-wortschatz-cat04_w_089,false,,Welches Wort passt? to send off/submit,,Verbs and frames,,abschicken | schicken | senden | einreichen,,abschicken,,using schicken without object/context,,,,,duplicate_v02_same_decision,imported_source_without_replacement_layer_match,
content/b1-m04-applications.js,v080149_cat04_wortschatz_cat04_w_090,cat04-w-090,cat04-w-090,matched_lineage_or_unresolved,Production Practice,exclude from normal auto-graded practice; route later to separate self-marked Production Practice,,,,EXCEPTION_REVIEW,manual review: imported row has sourceRowId but no comparison/recovery match,Auswahl,selected_choice_value,CAT04-wortschatz-cat04_w_090,false,,Welches Wort passt? to submit,,Verbs and frames,,einreichen | abschicken | abgeben | Antrag stellen,,einreichen,,using Antrag stellen in CAT04 context,,,,,duplicate_v02_same_decision,imported_source_without_replacement_layer_match,
content/b1-m04-applications.js,v080149_cat04_wortschatz_cat04_w_091,cat04-w-091,cat04-w-091,matched_lineage_or_unresolved,Production Practice,exclude from normal auto-graded practice; route later to separate self-marked Production Practice,,,,EXCEPTION_REVIEW,manual review: imported row has sourceRowId but no comparison/recovery match,Auswahl,selected_choice_value,CAT04-wortschatz-cat04_w_091,false,,Welches Wort passt? to attach/enclose,,Verbs and frames,,beifügen | anhängen | beilegen | die Bewerbung,,beifügen,,formal register nuance,,,,,duplicate_v02_same_decision,imported_source_without_replacement_layer_match,
content/b1-m04-applications.js,v080149_cat04_wortschatz_cat04_w_092,cat04-w-092,cat04-w-092,matched_lineage_or_unresolved,Production Practice,exclude from normal auto-graded practice; route later to separate self-marked Production Practice,,,,EXCEPTION_REVIEW,manual review: imported row has sourceRowId but no comparison/recovery match,Auswahl,selected_choice_value,CAT04-wortschatz-cat04_w_092,false,,Welches Wort passt? to attach,,Verbs and frames,,anhängen | beifügen | Anhang | die Bewerbung,,anhängen,,technical/email context,,,,,duplicate_v02_same_decision,imported_source_without_replacement_layer_match,
content/b1-m04-applications.js,v080149_cat04_wortschatz_cat04_w_093,cat04-w-093,cat04-w-093,matched_lineage_or_unresolved,Production Practice,exclude from normal auto-graded practice; route later to separate self-marked Production Practice,,,,EXCEPTION_REVIEW,manual review: imported row has sourceRowId but no comparison/recovery match,Auswahl,selected_choice_value,CAT04-wortschatz-cat04_w_093,false,,Welches Wort passt? to upload,,Verbs and frames,,hochladen | anhängen | senden | die Bewerbung,,hochladen,,technical/CAT10 overlap,,,,,duplicate_v02_same_decision,imported_source_without_replacement_layer_match,
content/b1-m04-applications.js,v080149_cat04_wortschatz_cat04_w_094,cat04-w-094,cat04-w-094,matched_lineage_or_unresolved,Production Practice,exclude from normal auto-graded practice; route later to separate self-marked Production Practice,,,,EXCEPTION_REVIEW,manual review: imported row has sourceRowId but no comparison/recovery match,Auswahl,selected_choice_value,CAT04-wortschatz-cat04_w_094,false,,Welches Wort passt? to update,,Verbs and frames,,aktualisieren | ändern | verbessern | die Bewerbung,,aktualisieren,,too broad if isolated,,,,,duplicate_v02_same_decision,imported_source_without_replacement_layer_match,
content/b1-m04-applications.js,v080149_cat04_wortschatz_cat04_w_095,cat04-w-095,cat04-w-095,matched_lineage_or_unresolved,Production Practice,exclude from normal auto-graded practice; route later to separate self-marked Production Practice,,,,EXCEPTION_REVIEW,manual review: imported row has sourceRowId but no comparison/recovery match,Auswahl,selected_choice_value,CAT04-wortschatz-cat04_w_095,false,,Welches Wort passt? to confirm,,Verbs and frames,,bestätigen | antworten | zusagen | die Bewerbung,,bestätigen,,CAT01 overlap,,,,,duplicate_v02_same_decision,imported_source_without_replacement_layer_match,
content/b1-m04-applications.js,v080149_cat04_wortschatz_cat04_w_096,cat04-w-096,cat04-w-096,matched_lineage_or_unresolved,Production Practice,exclude from normal auto-graded practice; route later to separate self-marked Production Practice,,,,EXCEPTION_REVIEW,manual review: imported row has sourceRowId but no comparison/recovery match,Auswahl,selected_choice_value,CAT04-wortschatz-cat04_w_096,false,,Welches Wort passt? to prepare,,Verbs and frames,,vorbereiten | üben | planen | die Bewerbung,,vorbereiten,,missing reflexive/preposition,,,,,duplicate_v02_same_decision,imported_source_without_replacement_layer_match,
content/b1-m04-applications.js,v080149_cat04_wortschatz_cat04_w_097,cat04-w-097,cat04-w-097,matched_lineage_or_unresolved,Production Practice,exclude from normal auto-graded practice; route later to separate self-marked Production Practice,,,,EXCEPTION_REVIEW,manual review: imported row has sourceRowId but no comparison/recovery match,Auswahl,selected_choice_value,CAT04-wortschatz-cat04_w_097,false,,Welches Wort passt? to be responsible for,,Verbs and frames,,zuständig sein für | sich kümmern um | verantwortlich sein für | die Bewerbung,,zuständig sein für,,wrong preposition,,,,,duplicate_v02_same_decision,imported_source_without_replacement_layer_match,
content/b1-m04-applications.js,v080149_cat04_wortschatz_cat04_w_098,cat04-w-098,cat04-w-098,matched_lineage_or_unresolved,Production Practice,exclude from normal auto-graded practice; route later to separate self-marked Production Practice,,,,EXCEPTION_REVIEW,manual review: imported row has sourceRowId but no comparison/recovery match,Auswahl,selected_choice_value,CAT04-wortschatz-cat04_w_098,false,,Welches Wort passt? to be familiar with,,Verbs and frames,,vertraut sein mit | kennen | wissen | die Bewerbung,,vertraut sein mit,,wrong preposition; too formal,,,,,duplicate_v02_same_decision,imported_source_without_replacement_layer_match,
content/b1-m04-applications.js,v080149_cat04_wortschatz_cat04_w_099,cat04-w-099,cat04-w-099,matched_lineage_or_unresolved,Production Practice,exclude from normal auto-graded practice; route later to separate self-marked Production Practice,,,,EXCEPTION_REVIEW,manual review: imported row has sourceRowId but no comparison/recovery match,Auswahl,selected_choice_value,CAT04-wortschatz-cat04_w_099,false,,Welches Wort passt? to develop professionally/personally,,Verbs and frames,,sich weiterentwickeln | weiterbilden | verbessern | die Bewerbung,,sich weiterentwickeln,,generic motivation phrase,,,,,duplicate_v02_same_decision,imported_source_without_replacement_layer_match,
content/b1-m04-applications.js,v080149_cat04_wortschatz_cat04_w_100,cat04-w-100,cat04-w-100,matched_lineage_or_unresolved,Production Practice,exclude from normal auto-graded practice; route later to separate self-marked Production Practice,,,,EXCEPTION_REVIEW,manual review: imported row has sourceRowId but no comparison/recovery match,Auswahl,selected_choice_value,CAT04-wortschatz-cat04_w_100,false,,Welches Wort passt? complete,,Adjectives,,vollständig | komplett | ganz | die Bewerbung,,vollständig,,adjective ending hidden target,,,,,duplicate_v02_same_decision,imported_source_without_replacement_layer_match,
content/b1-m04-applications.js,v080149_cat04_wortschatz_cat04_w_101,cat04-w-101,cat04-w-101,matched_lineage_or_unresolved,Production Practice,exclude from normal auto-graded practice; route later to separate self-marked Production Practice,,,,EXCEPTION_REVIEW,manual review: imported row has sourceRowId but no comparison/recovery match,Auswahl,selected_choice_value,CAT04-wortschatz-cat04_w_101,false,,Welches Wort passt? current/up to date,,Adjectives,,aktuell | neu | modern | die Bewerbung,,aktuell,,adjective ending hidden target,,,,,duplicate_v02_same_decision,imported_source_without_replacement_layer_match,
content/b1-m04-applications.js,v080149_cat04_wortschatz_cat04_w_102,cat04-w-102,cat04-w-102,matched_lineage_or_unresolved,Production Practice,exclude from normal auto-graded practice; route later to separate self-marked Production Practice,,,,EXCEPTION_REVIEW,manual review: imported row has sourceRowId but no comparison/recovery match,Auswahl,selected_choice_value,CAT04-wortschatz-cat04_w_102,false,,Welches Wort passt? suitable,,Adjectives,,geeignet | passend | möglich | die Bewerbung,,geeignet,,preposition/case risk,,,,,duplicate_v02_same_decision,imported_source_without_replacement_layer_match,
content/b1-m04-applications.js,v080149_cat04_wortschatz_cat04_w_103,cat04-w-103,cat04-w-103,matched_lineage_or_unresolved,Production Practice,exclude from normal auto-graded practice; route later to separate self-marked Production Practice,,,,EXCEPTION_REVIEW,manual review: imported row has sourceRowId but no comparison/recovery match,Auswahl,selected_choice_value,CAT04-wortschatz-cat04_w_103,false,,Welches Wort passt? available,,Adjectives,,verfügbar | erreichbar | frei | die Bewerbung,,verfügbar,,availability vs reachability,,,,,duplicate_v02_same_decision,imported_source_without_replacement_layer_match,
content/b1-m04-applications.js,v080149_cat04_wortschatz_cat04_w_104,cat04-w-104,cat04-w-104,matched_lineage_or_unresolved,Production Practice,exclude from normal auto-graded practice; route later to separate self-marked Production Practice,,,,EXCEPTION_REVIEW,manual review: imported row has sourceRowId but no comparison/recovery match,Auswahl,selected_choice_value,CAT04-wortschatz-cat04_w_104,false,,Welches Wort passt? motivated,,Adjectives,,motiviert | Motivation | interessiert | die Bewerbung,,motiviert,,generic interview cliché,,,,,duplicate_v02_same_decision,imported_source_without_replacement_layer_match,
content/b1-m04-applications.js,v080149_cat04_wortschatz_cat04_w_105,cat04-w-105,cat04-w-105,matched_lineage_or_unresolved,Production Practice,exclude from normal auto-graded practice; route later to separate self-marked Production Practice,,,,EXCEPTION_REVIEW,manual review: imported row has sourceRowId but no comparison/recovery match,Auswahl,selected_choice_value,CAT04-wortschatz-cat04_w_105,false,,Welches Wort passt? reliable,,Adjectives,,zuverlässig | pünktlich | sorgfältig | die Bewerbung,,zuverlässig,,soft-skill list cliché,,,,,duplicate_v02_same_decision,imported_source_without_replacement_layer_match,
content/b1-m04-applications.js,v080149_cat04_wortschatz_cat04_w_106,cat04-w-106,cat04-w-106,matched_lineage_or_unresolved,Production Practice,exclude from normal auto-graded practice; route later to separate self-marked Production Practice,,,,EXCEPTION_REVIEW,manual review: imported row has sourceRowId but no comparison/recovery match,Auswahl,selected_choice_value,CAT04-wortschatz-cat04_w_106,false,,Welches Wort passt? careful/accurate,,Adjectives,,sorgfältig | zuverlässig | langsam | die Bewerbung,,sorgfältig,,soft-skill nuance,,,,,duplicate_v02_same_decision,imported_source_without_replacement_layer_match,
content/b1-m04-applications.js,v080149_cat04_wortschatz_cat04_w_107,cat04-w-107,cat04-w-107,matched_lineage_or_unresolved,Production Practice,exclude from normal auto-graded practice; route later to separate self-marked Production Practice,,,,EXCEPTION_REVIEW,manual review: imported row has sourceRowId but no comparison/recovery match,Auswahl,selected_choice_value,CAT04-wortschatz-cat04_w_107,false,,Welches Wort passt? able to handle pressure,,Adjectives,,belastbar | Belastbarkeit | gestresst | die Bewerbung,,belastbar,,abstract soft-skill cliché,,,,,duplicate_v02_same_decision,imported_source_without_replacement_layer_match,
content/b1-m04-applications.js,v080149_cat04_wortschatz_cat04_w_108,cat04-w-108,cat04-w-108,matched_lineage_or_unresolved,Production Practice,exclude from normal auto-graded practice; route later to separate self-marked Production Practice,,,,EXCEPTION_REVIEW,manual review: imported row has sourceRowId but no comparison/recovery match,Auswahl,selected_choice_value,CAT04-wortschatz-cat04_w_108,false,,Welches Wort passt? able to work in a team,,Adjectives,,teamfähig | Teamfähigkeit | freundlich | die Bewerbung,,teamfähig,,cliché; better in context,,,,,duplicate_v02_same_decision,imported_source_without_replacement_layer_match,
content/b1-m04-applications.js,v080149_cat04_wortschatz_cat04_w_109,cat04-w-109,cat04-w-109,matched_lineage_or_unresolved,Production Practice,exclude from normal auto-graded practice; route later to separate self-marked Production Practice,,,,EXCEPTION_REVIEW,manual review: imported row has sourceRowId but no comparison/recovery match,Auswahl,selected_choice_value,CAT04-wortschatz-cat04_w_109,false,,Welches Wort passt? flexible,,Adjectives,,flexibel | verfügbar | mobil | die Bewerbung,,flexibel,,availability/working time nuance,,,,,duplicate_v02_same_decision,imported_source_without_replacement_layer_match,
content/b1-m04-applications.js,v080149_cat04_wortschatz_cat04_w_111,cat04-w-111,cat04-w-111,matched_lineage_or_unresolved,Production Practice,exclude from normal auto-graded practice; route later to separate self-marked Production Practice,,,,EXCEPTION_REVIEW,manual review: imported row has sourceRowId but no comparison/recovery match,Auswahl,selected_choice_value,CAT04-wortschatz-cat04_w_111,false,,Welches Wort passt? in writing/written,,Adjectives,,schriftlich | per E-Mail | persönlich | die Bewerbung,,schriftlich,,channel nuance,,,,,duplicate_v02_same_decision,imported_source_without_replacement_layer_match,
content/b1-m04-applications.js,v080149_cat04_wortschatz_cat04_w_112,cat04-w-112,cat04-w-112,matched_lineage_or_unresolved,Production Practice,exclude from normal auto-graded practice; route later to separate self-marked Production Practice,,,,EXCEPTION_REVIEW,manual review: imported row has sourceRowId but no comparison/recovery match,Auswahl,selected_choice_value,CAT04-wortschatz-cat04_w_112,false,,Welches Wort passt? in person/personal,,Adjectives,,persönlich | privat | direkt | die Bewerbung,,persönlich,,personal vs in-person,,,,,duplicate_v02_same_decision,imported_source_without_replacement_layer_match,
content/b1-m04-applications.js,v080149_cat04_wortschatz_cat04_w_113,cat04-w-113,cat04-w-113,matched_lineage_or_unresolved,Production Practice,exclude from normal auto-graded practice; route later to separate self-marked Production Practice,,,,EXCEPTION_REVIEW,manual review: imported row has sourceRowId but no comparison/recovery match,Auswahl,selected_choice_value,CAT04-wortschatz-cat04_w_113,false,,Welches Wort passt? by phone,,Adjectives,,telefonisch | schriftlich | online | die Bewerbung,,telefonisch,,CAT01 overlap,,,,,duplicate_v02_same_decision,imported_source_without_replacement_layer_match,
content/b1-m05-first-day-contract-basics.js,v080149_cat05_practice_family_cat05_pf_002,cat05-pf-002,cat05-pf-002,matched_lineage_or_unresolved,Exception,manual review: unrecognised v0.2 decision vocabulary,,,,EXCEPTION_REVIEW,manual review: imported row has sourceRowId but no comparison/recovery match,Reparatur,typed,CAT05-practice_family-cat05_pf_002,false,,Ich melde zuerst am Empfang.,,Korrigiere den Satz.,,,,Ich melde mich zuerst am Empfang.,,Corrected: Ich melde mich zuerst am Empfang. Reflexive phrase: `sich melden`.,,,,,duplicate_v02_same_decision,imported_source_without_replacement_layer_match,
content/b1-m05-first-day-contract-basics.js,v080149_cat05_practice_family_cat05_pf_004,cat05-pf-004,cat05-pf-004,matched_lineage_or_unresolved,Exception,manual review: unrecognised v0.2 decision vocabulary,,,,EXCEPTION_REVIEW,manual review: imported row has sourceRowId but no comparison/recovery match,Reparatur,typed,CAT05-practice_family-cat05_pf_004,false,,Ich anfange am Montag um acht Uhr.,,Korrigiere den Satz.,,,,Ich fange am Montag um acht Uhr an.,,Corrected: Ich fange am Montag um acht Uhr an.,,,,,duplicate_v02_same_decision,imported_source_without_replacement_layer_match,
content/b1-m05-first-day-contract-basics.js,v080149_cat05_practice_family_cat05_pf_008,cat05-pf-008,cat05-pf-008,matched_lineage_or_unresolved,Exception,manual review: unrecognised v0.2 decision vocabulary,,,,EXCEPTION_REVIEW,manual review: imported row has sourceRowId but no comparison/recovery match,Reparatur,typed,CAT05-practice_family-cat05_pf_008,false,,Ich nachreiche die Unterlagen morgen.,,Korrigiere den Satz.,,,,Ich reiche die Unterlagen morgen nach.,,Corrected: Ich reiche die Unterlagen morgen nach.,,,,,duplicate_v02_same_decision,imported_source_without_replacement_layer_match,
content/b1-m05-first-day-contract-basics.js,v080149_cat05_practice_family_cat05_pf_010,cat05-pf-010,cat05-pf-010,matched_lineage_or_unresolved,Exception,manual review: unrecognised v0.2 decision vocabulary,,,,EXCEPTION_REVIEW,manual review: imported row has sourceRowId but no comparison/recovery match,Reparatur,typed,CAT05-practice_family-cat05_pf_010,false,,Ich ausfülle das Formular heute.,,Korrigiere den Satz.,,,,Ich fülle das Formular heute aus.,,Separable verb: `ausfüllen` → `ich fülle ... aus`.,,,,,duplicate_v02_same_decision,imported_source_without_replacement_layer_match,
content/b1-m05-first-day-contract-basics.js,v080149_cat05_practice_family_cat05_pf_012,cat05-pf-012,cat05-pf-012,matched_lineage_or_unresolved,Exception,manual review: unrecognised v0.2 decision vocabulary,,,,EXCEPTION_REVIEW,manual review: imported row has sourceRowId but no comparison/recovery match,Reparatur,typed,CAT05-practice_family-cat05_pf_012,false,,Ich angebe meine Bankverbindung.,,Korrigiere den Satz.,,,,Ich gebe meine Bankverbindung an.,,Corrected: Ich gebe meine Bankverbindung an.,,,,,duplicate_v02_same_decision,imported_source_without_replacement_layer_match,
content/b1-m05-first-day-contract-basics.js,v080149_cat05_practice_family_cat05_pf_038,cat05-pf-038,cat05-pf-038,matched_lineage_or_unresolved,Exception,manual review: unrecognised v0.2 decision vocabulary,,,,EXCEPTION_REVIEW,manual review: imported row has sourceRowId but no comparison/recovery match,Reparatur,typed,CAT05-practice_family-cat05_pf_038,false,,Ich zurückgebe den Schlüssel.,,Korrigiere den Satz.,,,,Ich gebe den Schlüssel zurück.,,Separable verb: `zurückgeben` → `ich gebe ... zurück`.,,,,,duplicate_v02_same_decision,imported_source_without_replacement_layer_match,
content/b1-m05-first-day-contract-basics.js,v080149_cat05_practice_family_cat05_pf_047,cat05-pf-047,cat05-pf-047,matched_lineage_or_unresolved,Exception,manual review: unrecognised v0.2 decision vocabulary,,,,EXCEPTION_REVIEW,manual review: imported row has sourceRowId but no comparison/recovery match,Reparatur,typed,CAT05-practice_family-cat05_pf_047,false,,Ich bin um den Empfang zuständig.,,Korrigiere den Satz.,,,,Ich bin für den Empfang zuständig.,,Correct frame: `für etwas zuständig sein`.,,,,,duplicate_v02_same_decision,imported_source_without_replacement_layer_match,
content/b1-m05-first-day-contract-basics.js,v080149_cat05_practice_family_cat05_pf_050,cat05-pf-050,cat05-pf-050,matched_lineage_or_unresolved,Exception,manual review: unrecognised v0.2 decision vocabulary,,,,EXCEPTION_REVIEW,manual review: imported row has sourceRowId but no comparison/recovery match,Reparatur,typed,CAT05-practice_family-cat05_pf_050,false,,Ich kümmere mich für die Unterlagen.,,Korrigiere den Satz.,,,,Ich kümmere mich um die Unterlagen.,,Correct frame: `sich kümmern um`.,,,,,duplicate_v02_same_decision,imported_source_without_replacement_layer_match,
content/b1-m05-first-day-contract-basics.js,v080149_cat05_wortschatz_cat05_w_047,cat05-w-047,cat05-w-047,matched_lineage_or_unresolved,Exception,manual review: unrecognised v0.2 decision vocabulary,,,,EXCEPTION_REVIEW,manual review: imported row has sourceRowId but no comparison/recovery match,Auswahl,selected_choice_value,CAT05-wortschatz-cat05_w_047,false,,Welches Wort passt? fixed-term,,Contract basics,,befristet | unbefristet | Probezeit | der Arbeitsvertrag,,befristet,,"Keep meaning tied to first-day, contract, onboarding, duties, or workplace context.",,,,,duplicate_v02_same_decision,imported_source_without_replacement_layer_match,
content/b1-m05-first-day-contract-basics.js,v080149_cat05_wortschatz_cat05_w_048,cat05-w-048,cat05-w-048,matched_lineage_or_unresolved,Exception,manual review: unrecognised v0.2 decision vocabulary,,,,EXCEPTION_REVIEW,manual review: imported row has sourceRowId but no comparison/recovery match,Auswahl,selected_choice_value,CAT05-wortschatz-cat05_w_048,false,,Welches Wort passt? permanent/open-ended,,Contract basics,,unbefristet | befristet | auf unbestimmte Zeit | der Arbeitsvertrag,,unbefristet,,"Keep meaning tied to first-day, contract, onboarding, duties, or workplace context.",,,,,duplicate_v02_same_decision,imported_source_without_replacement_layer_match,
content/b1-m05-first-day-contract-basics.js,v080149_cat05_wortschatz_cat05_w_109,cat05-w-109,cat05-w-109,matched_lineage_or_unresolved,Exception,manual review: unrecognised v0.2 decision vocabulary,,,,EXCEPTION_REVIEW,manual review: imported row has sourceRowId but no comparison/recovery match,Auswahl,selected_choice_value,CAT05-wortschatz-cat05_w_109,false,,Welches Wort passt? start/begin,,First-day actions,,anfangen | beginnen | anfangen mit | der Arbeitsvertrag,,anfangen,,"Keep meaning tied to first-day, contract, onboarding, duties, or workplace context.",,,,,duplicate_v02_same_decision,imported_source_without_replacement_layer_match,
content/b1-m05-first-day-contract-basics.js,v080149_cat05_wortschatz_cat05_w_110,cat05-w-110,cat05-w-110,matched_lineage_or_unresolved,Exception,manual review: unrecognised v0.2 decision vocabulary,,,,EXCEPTION_REVIEW,manual review: imported row has sourceRowId but no comparison/recovery match,Auswahl,selected_choice_value,CAT05-wortschatz-cat05_w_110,false,,Welches Wort passt? begin/start,,First-day actions,,beginnen | anfangen | eröffnen | der Arbeitsvertrag,,beginnen,,"Keep meaning tied to first-day, contract, onboarding, duties, or workplace context.",,,,,duplicate_v02_same_decision,imported_source_without_replacement_layer_match,
content/b1-m05-first-day-contract-basics.js,v080149_cat05_wortschatz_cat05_w_112,cat05-w-112,cat05-w-112,matched_lineage_or_unresolved,Exception,manual review: unrecognised v0.2 decision vocabulary,,,,EXCEPTION_REVIEW,manual review: imported row has sourceRowId but no comparison/recovery match,Auswahl,selected_choice_value,CAT05-wortschatz-cat05_w_112,false,,Welches Wort passt? report/check in/get in touch,,First-day actions,,sich melden | anmelden | melden | sich anmelden,,sich melden,,"Keep meaning tied to first-day, contract, onboarding, duties, or workplace context.",,,,,duplicate_v02_same_decision,imported_source_without_replacement_layer_match,
content/b1-m05-first-day-contract-basics.js,v080149_cat05_wortschatz_cat05_w_114,cat05-w-114,cat05-w-114,matched_lineage_or_unresolved,Exception,manual review: unrecognised v0.2 decision vocabulary,,,,EXCEPTION_REVIEW,manual review: imported row has sourceRowId but no comparison/recovery match,Auswahl,selected_choice_value,CAT05-wortschatz-cat05_w_114,false,,Welches Wort passt? submit,,Document actions,,einreichen | abgeben | nachreichen | beilegen,,einreichen,,"Keep meaning tied to first-day, contract, onboarding, duties, or workplace context.",,,,,duplicate_v02_same_decision,imported_source_without_replacement_layer_match,
content/b1-m05-first-day-contract-basics.js,v080149_cat05_wortschatz_cat05_w_115,cat05-w-115,cat05-w-115,matched_lineage_or_unresolved,Exception,manual review: unrecognised v0.2 decision vocabulary,,,,EXCEPTION_REVIEW,manual review: imported row has sourceRowId but no comparison/recovery match,Auswahl,selected_choice_value,CAT05-wortschatz-cat05_w_115,false,,Welches Wort passt? submit later/provide later,,Document actions,,nachreichen | einreichen | reichen | der Arbeitsvertrag,,nachreichen,,"Keep meaning tied to first-day, contract, onboarding, duties, or workplace context.",,,,,duplicate_v02_same_decision,imported_source_without_replacement_layer_match,
content/b1-m05-first-day-contract-basics.js,v080149_cat05_wortschatz_cat05_w_116,cat05-w-116,cat05-w-116,matched_lineage_or_unresolved,Exception,manual review: unrecognised v0.2 decision vocabulary,,,,EXCEPTION_REVIEW,manual review: imported row has sourceRowId but no comparison/recovery match,Auswahl,selected_choice_value,CAT05-wortschatz-cat05_w_116,false,,Welches Wort passt? bring along,,Document actions,,mitbringen | bringen | einreichen | der Arbeitsvertrag,,mitbringen,,"Keep meaning tied to first-day, contract, onboarding, duties, or workplace context.",,,,,duplicate_v02_same_decision,imported_source_without_replacement_layer_match,
content/b1-m05-first-day-contract-basics.js,v080149_cat05_wortschatz_cat05_w_117,cat05-w-117,cat05-w-117,matched_lineage_or_unresolved,Exception,manual review: unrecognised v0.2 decision vocabulary,,,,EXCEPTION_REVIEW,manual review: imported row has sourceRowId but no comparison/recovery match,Auswahl,selected_choice_value,CAT05-wortschatz-cat05_w_117,false,,Welches Wort passt? provide/state in a form,,Document actions,,angeben | geben | abgeben | der Arbeitsvertrag,,angeben,,"Keep meaning tied to first-day, contract, onboarding, duties, or workplace context.",,,,,duplicate_v02_same_decision,imported_source_without_replacement_layer_match,
content/b1-m05-first-day-contract-basics.js,v080149_cat05_wortschatz_cat05_w_118,cat05-w-118,cat05-w-118,matched_lineage_or_unresolved,Exception,manual review: unrecognised v0.2 decision vocabulary,,,,EXCEPTION_REVIEW,manual review: imported row has sourceRowId but no comparison/recovery match,Auswahl,selected_choice_value,CAT05-wortschatz-cat05_w_118,false,,Welches Wort passt? fill in/out,,Document actions,,ausfüllen | füllen | ausmachen | der Arbeitsvertrag,,ausfüllen,,"Keep meaning tied to first-day, contract, onboarding, duties, or workplace context.",,,,,duplicate_v02_same_decision,imported_source_without_replacement_layer_match,
content/b1-m05-first-day-contract-basics.js,v080149_cat05_wortschatz_cat05_w_120,cat05-w-120,cat05-w-120,matched_lineage_or_unresolved,Exception,manual review: unrecognised v0.2 decision vocabulary,,,,EXCEPTION_REVIEW,manual review: imported row has sourceRowId but no comparison/recovery match,Auswahl,selected_choice_value,CAT05-wortschatz-cat05_w_120,false,,Welches Wort passt? train in/get someone settled,,Training actions,,einarbeiten | einweisen | arbeiten | der Arbeitsvertrag,,einarbeiten,,"Keep meaning tied to first-day, contract, onboarding, duties, or workplace context.",,,,,duplicate_v02_same_decision,imported_source_without_replacement_layer_match,
content/b1-m05-first-day-contract-basics.js,v080149_cat05_wortschatz_cat05_w_121,cat05-w-121,cat05-w-121,matched_lineage_or_unresolved,Exception,manual review: unrecognised v0.2 decision vocabulary,,,,EXCEPTION_REVIEW,manual review: imported row has sourceRowId but no comparison/recovery match,Auswahl,selected_choice_value,CAT05-wortschatz-cat05_w_121,false,,Welches Wort passt? take over/take on,,Duties and tasks,,übernehmen | bekommen | nehmen | der Arbeitsvertrag,,übernehmen,,"Keep meaning tied to first-day, contract, onboarding, duties, or workplace context.",,,,,duplicate_v02_same_decision,imported_source_without_replacement_layer_match,
content/b1-m05-first-day-contract-basics.js,v080149_cat05_wortschatz_cat05_w_122,cat05-w-122,cat05-w-122,matched_lineage_or_unresolved,Exception,manual review: unrecognised v0.2 decision vocabulary,,,,EXCEPTION_REVIEW,manual review: imported row has sourceRowId but no comparison/recovery match,Auswahl,selected_choice_value,CAT05-wortschatz-cat05_w_122,false,,Welches Wort passt? complete/take care of,,Duties and tasks,,erledigen | machen | erledigt | der Arbeitsvertrag,,erledigen,,"Keep meaning tied to first-day, contract, onboarding, duties, or workplace context.",,,,,duplicate_v02_same_decision,imported_source_without_replacement_layer_match,
content/b1-m05-first-day-contract-basics.js,v080149_cat05_wortschatz_cat05_w_123,cat05-w-123,cat05-w-123,matched_lineage_or_unresolved,Exception,manual review: unrecognised v0.2 decision vocabulary,,,,EXCEPTION_REVIEW,manual review: imported row has sourceRowId but no comparison/recovery match,Auswahl,selected_choice_value,CAT05-wortschatz-cat05_w_123,false,,Welches Wort passt? clarify,,Duties and tasks,,klären | erklären | fragen | der Arbeitsvertrag,,klären,,"Keep meaning tied to first-day, contract, onboarding, duties, or workplace context.",,,,,duplicate_v02_same_decision,imported_source_without_replacement_layer_match,
content/b1-m05-first-day-contract-basics.js,v080149_cat05_wortschatz_cat05_w_124,cat05-w-124,cat05-w-124,matched_lineage_or_unresolved,Exception,manual review: unrecognised v0.2 decision vocabulary,,,,EXCEPTION_REVIEW,manual review: imported row has sourceRowId but no comparison/recovery match,Auswahl,selected_choice_value,CAT05-wortschatz-cat05_w_124,false,,Welches Wort passt? ask/check again,,Duties and tasks,,nachfragen | fragen | anfragen | der Arbeitsvertrag,,nachfragen,,"Keep meaning tied to first-day, contract, onboarding, duties, or workplace context.",,,,,duplicate_v02_same_decision,imported_source_without_replacement_layer_match,
content/b1-m05-first-day-contract-basics.js,v080149_cat05_wortschatz_cat05_w_125,cat05-w-125,cat05-w-125,matched_lineage_or_unresolved,Exception,manual review: unrecognised v0.2 decision vocabulary,,,,EXCEPTION_REVIEW,manual review: imported row has sourceRowId but no comparison/recovery match,Auswahl,selected_choice_value,CAT05-wortschatz-cat05_w_125,false,,Welches Wort passt? keep/comply with,,Rules and conduct,,einhalten | halten | beachten | der Arbeitsvertrag,,einhalten,,"Keep meaning tied to first-day, contract, onboarding, duties, or workplace context.",,,,,duplicate_v02_same_decision,imported_source_without_replacement_layer_match,
content/b1-m05-first-day-contract-basics.js,v080149_cat05_wortschatz_cat05_w_126,cat05-w-126,cat05-w-126,matched_lineage_or_unresolved,Exception,manual review: unrecognised v0.2 decision vocabulary,,,,EXCEPTION_REVIEW,manual review: imported row has sourceRowId but no comparison/recovery match,Auswahl,selected_choice_value,CAT05-wortschatz-cat05_w_126,false,,Welches Wort passt? observe/pay attention to,,Rules and conduct,,beachten | achten auf | bemerken | der Arbeitsvertrag,,beachten,,"Keep meaning tied to first-day, contract, onboarding, duties, or workplace context.",,,,,duplicate_v02_same_decision,imported_source_without_replacement_layer_match,
content/b1-m05-first-day-contract-basics.js,v080149_cat05_wortschatz_cat05_w_127,cat05-w-127,cat05-w-127,matched_lineage_or_unresolved,Exception,manual review: unrecognised v0.2 decision vocabulary,,,,EXCEPTION_REVIEW,manual review: imported row has sourceRowId but no comparison/recovery match,Auswahl,selected_choice_value,CAT05-wortschatz-cat05_w_127,false,,Welches Wort passt? be responsible for,,Duties and tasks,,zuständig sein für | verantwortlich für | kümmern um | der Arbeitsvertrag,,zuständig sein für,,"Keep meaning tied to first-day, contract, onboarding, duties, or workplace context.",,,,,duplicate_v02_same_decision,imported_source_without_replacement_layer_match,
content/b1-m05-first-day-contract-basics.js,v080149_cat05_wortschatz_cat05_w_128,cat05-w-128,cat05-w-128,matched_lineage_or_unresolved,Exception,manual review: unrecognised v0.2 decision vocabulary,,,,EXCEPTION_REVIEW,manual review: imported row has sourceRowId but no comparison/recovery match,Auswahl,selected_choice_value,CAT05-wortschatz-cat05_w_128,false,,Welches Wort passt? be responsible for,,Duties and tasks,,verantwortlich sein für | zuständig für | Verantwortung haben | der Arbeitsvertrag,,verantwortlich sein für,,"Keep meaning tied to first-day, contract, onboarding, duties, or workplace context.",,,,,duplicate_v02_same_decision,imported_source_without_replacement_layer_match,
content/b1-m05-first-day-contract-basics.js,v080149_cat05_wortschatz_cat05_w_129,cat05-w-129,cat05-w-129,matched_lineage_or_unresolved,Exception,manual review: unrecognised v0.2 decision vocabulary,,,,EXCEPTION_REVIEW,manual review: imported row has sourceRowId but no comparison/recovery match,Auswahl,selected_choice_value,CAT05-wortschatz-cat05_w_129,false,,Welches Wort passt? take care of,,Duties and tasks,,sich kümmern um | sorgen für | kümmern für | der Arbeitsvertrag,,sich kümmern um,,"Keep meaning tied to first-day, contract, onboarding, duties, or workplace context.",,,,,duplicate_v02_same_decision,imported_source_without_replacement_layer_match,
content/b1-m05-first-day-contract-basics.js,v080149_cat05_wortschatz_cat05_w_130,cat05-w-130,cat05-w-130,matched_lineage_or_unresolved,Exception,manual review: unrecognised v0.2 decision vocabulary,,,,EXCEPTION_REVIEW,manual review: imported row has sourceRowId but no comparison/recovery match,Auswahl,selected_choice_value,CAT05-wortschatz-cat05_w_130,false,,Welches Wort passt? in writing/written,,Contract channels,,schriftlich | mündlich | schreiben | der Arbeitsvertrag,,schriftlich,,"Keep meaning tied to first-day, contract, onboarding, duties, or workplace context.",,,,,duplicate_v02_same_decision,imported_source_without_replacement_layer_match,
content/b1-m05-first-day-contract-basics.js,v080149_cat05_wortschatz_cat05_w_131,cat05-w-131,cat05-w-131,matched_lineage_or_unresolved,Exception,manual review: unrecognised v0.2 decision vocabulary,,,,EXCEPTION_REVIEW,manual review: imported row has sourceRowId but no comparison/recovery match,Auswahl,selected_choice_value,CAT05-wortschatz-cat05_w_131,false,,Welches Wort passt? orally/verbal,,Contract channels,,mündlich | schriftlich | Mund | der Arbeitsvertrag,,mündlich,,"Keep meaning tied to first-day, contract, onboarding, duties, or workplace context.",,,,,duplicate_v02_same_decision,imported_source_without_replacement_layer_match,
content/b1-m05-first-day-contract-basics.js,v080149_cat05_wortschatz_cat05_w_132,cat05-w-132,cat05-w-132,matched_lineage_or_unresolved,Exception,manual review: unrecognised v0.2 decision vocabulary,,,,EXCEPTION_REVIEW,manual review: imported row has sourceRowId but no comparison/recovery match,Auswahl,selected_choice_value,CAT05-wortschatz-cat05_w_132,false,,Welches Wort passt? on time/punctual,,First-day behaviour,,pünktlich | spät | rechtzeitig | der Arbeitsvertrag,,pünktlich,,"Keep meaning tied to first-day, contract, onboarding, duties, or workplace context.",,,,,duplicate_v02_same_decision,imported_source_without_replacement_layer_match,
content/b1-m05-first-day-contract-basics.js,v080149_cat05_wortschatz_cat05_w_133,cat05-w-133,cat05-w-133,matched_lineage_or_unresolved,Exception,manual review: unrecognised v0.2 decision vocabulary,,,,EXCEPTION_REVIEW,manual review: imported row has sourceRowId but no comparison/recovery match,Auswahl,selected_choice_value,CAT05-wortschatz-cat05_w_133,false,,Welches Wort passt? in good time,,First-day behaviour,,rechtzeitig | pünktlich | früh | der Arbeitsvertrag,,rechtzeitig,,"Keep meaning tied to first-day, contract, onboarding, duties, or workplace context.",,,,,duplicate_v02_same_decision,imported_source_without_replacement_layer_match,
content/b1-m05-first-day-contract-basics.js,v080149_cat05_wortschatz_cat05_w_134,cat05-w-134,cat05-w-134,matched_lineage_or_unresolved,Exception,manual review: unrecognised v0.2 decision vocabulary,,,,EXCEPTION_REVIEW,manual review: imported row has sourceRowId but no comparison/recovery match,Auswahl,selected_choice_value,CAT05-wortschatz-cat05_w_134,false,,Welches Wort passt? responsible/in charge,,Duties and tasks,,zuständig | verantwortlich | schuldig | der Arbeitsvertrag,,zuständig,,"Keep meaning tied to first-day, contract, onboarding, duties, or workplace context.",,,,,duplicate_v02_same_decision,imported_source_without_replacement_layer_match,
content/b1-m06-sick-leave.js,v080149_cat06_collocation_cat06_coll_014,cat06-coll-014,cat06-coll-014,matched_lineage_or_unresolved,Core Safe,keep current row unchanged,,,,EXCEPTION_REVIEW,manual review: imported row has sourceRowId but no comparison/recovery match,Auswahl,selected_choice_value,CAT06-collocation-cat06_coll_014,false,,Welche Kollokation passt? come to consultation hours,,Choose the best German option.,,in die Sprechstunde kommen | Termin | Unterricht | confusing with speaking lesson,,in die Sprechstunde kommen,,Medical `Sprechstunde` means consultation hours.,,,,,duplicate_v02_same_decision,imported_source_without_replacement_layer_match,
content/b1-m06-sick-leave.js,v080149_cat06_collocation_cat06_coll_022,cat06-coll-022,cat06-coll-022,matched_lineage_or_unresolved,Core Safe,keep current row unchanged,,,,EXCEPTION_REVIEW,manual review: imported row has sourceRowId but no comparison/recovery match,Auswahl,selected_choice_value,CAT06-collocation-cat06_coll_022,false,,Welche Kollokation passt? feel nauseous,,Choose the best German option.,,Mir ist übel. | Übelkeit haben | Erbrechen | *ich bin übel*,,Mir ist übel.,,Feeling phrase: `Mir ist übel`.,,,,,duplicate_v02_same_decision,imported_source_without_replacement_layer_match,
content/b1-m06-sick-leave.js,v080149_cat06_collocation_cat06_coll_023,cat06-coll-023,cat06-coll-023,matched_lineage_or_unresolved,Core Safe,keep current row unchanged,,,,EXCEPTION_REVIEW,manual review: imported row has sourceRowId but no comparison/recovery match,Auswahl,selected_choice_value,CAT06-collocation-cat06_coll_023,false,,Welche Kollokation passt? feel dizzy,,Choose the best German option.,,Mir ist schwindelig. | Schwindel haben | *ich bin Schwindel* | sich krankmelden,,Mir ist schwindelig.,,Feeling phrase: `Mir ist schwindelig`.,,,,,duplicate_v02_same_decision,imported_source_without_replacement_layer_match,
content/b1-m06-sick-leave.js,v080149_cat06_collocation_cat06_coll_024,cat06-coll-024,cat06-coll-024,matched_lineage_or_unresolved,Core Safe,keep current row unchanged,,,,EXCEPTION_REVIEW,manual review: imported row has sourceRowId but no comparison/recovery match,Auswahl,selected_choice_value,CAT06-collocation-cat06_coll_024,false,,Welche Kollokation passt? have diarrhoea,,Choose the best German option.,,Durchfall haben | Bauchschmerzen | Übelkeit | sensitive register,,Durchfall haben,,Use simple symptom report; do not add advice.,,,,,duplicate_v02_same_decision,imported_source_without_replacement_layer_match,
content/b1-m06-sick-leave.js,v080149_cat06_collocation_cat06_coll_025,cat06-coll-025,cat06-coll-025,matched_lineage_or_unresolved,Core Safe,keep current row unchanged,,,,EXCEPTION_REVIEW,manual review: imported row has sourceRowId but no comparison/recovery match,Auswahl,selected_choice_value,CAT06-collocation-cat06_coll_025,false,,Welche Kollokation passt? have a cold,,Choose the best German option.,,eine Erkältung haben | Grippe | Infekt | using Grippe for every cold,,eine Erkältung haben,,`Erkältung` is the safe common cold word.,,,,,duplicate_v02_same_decision,imported_source_without_replacement_layer_match,
content/b1-m06-sick-leave.js,v080149_cat06_collocation_cat06_coll_029,cat06-coll-029,cat06-coll-029,matched_lineage_or_unresolved,Core Safe,keep current row unchanged,,,,EXCEPTION_REVIEW,manual review: imported row has sourceRowId but no comparison/recovery match,Auswahl,selected_choice_value,CAT06-collocation-cat06_coll_029,false,,Welche Kollokation passt? pick up at the pharmacy,,Choose the best German option.,,in der Apotheke abholen | Praxis | Krankenhaus | place confusion,,in der Apotheke abholen,,Pharmacy is `Apotheke`; doctor practice is `Praxis`.,,,,,duplicate_v02_same_decision,imported_source_without_replacement_layer_match,
content/b1-m06-sick-leave.js,v080149_cat06_collocation_cat06_coll_034,cat06-coll-034,cat06-coll-034,matched_lineage_or_unresolved,Core Safe,keep current row unchanged,,,,EXCEPTION_REVIEW,manual review: imported row has sourceRowId but no comparison/recovery match,Auswahl,selected_choice_value,CAT06-collocation-cat06_coll_034,false,,Welche Kollokation passt? inform the employer,,Choose the best German option.,,den Arbeitgeber informieren | Bescheid sagen | melden | wrong preposition,,den Arbeitgeber informieren,,`informieren` takes a direct object.,,,,,duplicate_v02_same_decision,imported_source_without_replacement_layer_match,
content/b1-m06-sick-leave.js,v080149_cat06_collocation_cat06_coll_035,cat06-coll-035,cat06-coll-035,matched_lineage_or_unresolved,Core Safe,keep current row unchanged,,,,EXCEPTION_REVIEW,manual review: imported row has sourceRowId but no comparison/recovery match,Auswahl,selected_choice_value,CAT06-collocation-cat06_coll_035,false,,Welche Kollokation passt? let someone know,,Choose the best German option.,,Bescheid sagen | informieren | melden | wrong dative person,,Bescheid sagen,,Person receiving the information often takes dative: `der Kursleitung`.,,,,,duplicate_v02_same_decision,imported_source_without_replacement_layer_match,
content/b1-m06-sick-leave.js,v080149_cat06_collocation_cat06_coll_036,cat06-coll-036,cat06-coll-036,matched_lineage_or_unresolved,Core Safe,keep current row unchanged,,,,EXCEPTION_REVIEW,manual review: imported row has sourceRowId but no comparison/recovery match,Auswahl,selected_choice_value,CAT06-collocation-cat06_coll_036,false,,Welche Kollokation passt? submit the certificate later,,Choose the best German option.,,die Bescheinigung nachreichen | schicken | abgeben | separable verb placement,,die Bescheinigung nachreichen,,Separable verb: `ich reiche ... nach`.,,,,,duplicate_v02_same_decision,imported_source_without_replacement_layer_match,
content/b1-m06-sick-leave.js,v080149_cat06_collocation_cat06_coll_037,cat06-coll-037,cat06-coll-037,matched_lineage_or_unresolved,Core Safe,keep current row unchanged,,,,EXCEPTION_REVIEW,manual review: imported row has sourceRowId but no comparison/recovery match,Auswahl,selected_choice_value,CAT06-collocation-cat06_coll_037,false,,Welche Kollokation passt? stay at home,,Choose the best German option.,,zu Hause bleiben | nach Hause gehen | fehlen | direction,,zu Hause bleiben,,Place: `zu Hause bleiben`; direction: `nach Hause gehen`.,,,,,duplicate_v02_same_decision,imported_source_without_replacement_layer_match,
content/b1-m06-sick-leave.js,v080149_cat06_collocation_cat06_coll_038,cat06-coll-038,cat06-coll-038,matched_lineage_or_unresolved,Core Safe,keep current row unchanged,,,,EXCEPTION_REVIEW,manual review: imported row has sourceRowId but no comparison/recovery match,Auswahl,selected_choice_value,CAT06-collocation-cat06_coll_038,false,,Welche Kollokation passt? since/from/until,,Choose the best German option.,,seit gestern / ab Montag / bis Freitag | vor | um | time-marker confusion,,seit gestern / ab Montag / bis Freitag,,`seit` is from the past until now; `ab` starts; `bis` ends.,,,,,duplicate_v02_same_decision,imported_source_without_replacement_layer_match,
content/b1-m06-sick-leave.js,v080149_cat06_practice_family_cat06_pf_003,cat06-pf-003,cat06-pf-003,matched_lineage_or_unresolved,Exception,manual review: unrecognised v0.2 decision vocabulary,,,,EXCEPTION_REVIEW,manual review: imported row has sourceRowId but no comparison/recovery match,Auswahl,selected_choice_value,CAT06-practice_family-cat06_pf_003,false,,Welche Form passt zur Krankmeldung?,,A Ich möchte mich krankmelden. / B Ich mache krank. / C Ich bin Krankheit.,,A | A Ich möchte mich krankmelden. | B Ich mache krank. | C Ich bin Krankheit.,,A,,Use a complete polite phrase: `Ich möchte mich krankmelden.`,,,,,duplicate_v02_same_decision,imported_source_without_replacement_layer_match,
content/b1-m06-sick-leave.js,v080149_cat06_practice_family_cat06_pf_022,cat06-pf-022,cat06-pf-022,matched_lineage_or_unresolved,Exception,manual review: unrecognised v0.2 decision vocabulary,,,,EXCEPTION_REVIEW,manual review: imported row has sourceRowId but no comparison/recovery match,Auswahl,selected_choice_value,CAT06-practice_family-cat06_pf_022,false,,Welcher Ort passt?,,A Praxis / B Apotheke / C Büro,,A | A Praxis | B Apotheke | C Büro,,A,,A doctor’s practice is `die Praxis`.,,,,,duplicate_v02_same_decision,imported_source_without_replacement_layer_match,
content/b1-m06-sick-leave.js,v080149_cat06_practice_family_cat06_pf_026,cat06-pf-026,cat06-pf-026,matched_lineage_or_unresolved,Exception,manual review: unrecognised v0.2 decision vocabulary,,,,EXCEPTION_REVIEW,manual review: imported row has sourceRowId but no comparison/recovery match,Auswahl,selected_choice_value,CAT06-practice_family-cat06_pf_026,false,,Welche Person passt?,,A Hausarzt / B Apotheker / C Arbeitgeber,,A | A Hausarzt | B Apotheker | C Arbeitgeber,,A,,`Hausarzt` is a family doctor/GP.,,,,,duplicate_v02_same_decision,imported_source_without_replacement_layer_match,
content/b1-m06-sick-leave.js,v080149_cat06_practice_family_cat06_pf_048,cat06-pf-048,cat06-pf-048,matched_lineage_or_unresolved,Exception,manual review: unrecognised v0.2 decision vocabulary,,,,EXCEPTION_REVIEW,manual review: imported row has sourceRowId but no comparison/recovery match,Auswahl,selected_choice_value,CAT06-practice_family-cat06_pf_048,false,,Welche Form passt für “a cold”?,,A eine Erkältung / B eine Rechnung / C eine Überweisung,,A | A eine Erkältung | B eine Rechnung | C eine Überweisung,,A,,`Erkältung` is a cold.,,,,,duplicate_v02_same_decision,imported_source_without_replacement_layer_match,
content/b1-m06-sick-leave.js,v080149_cat06_practice_family_cat06_pf_052,cat06-pf-052,cat06-pf-052,matched_lineage_or_unresolved,Exception,manual review: unrecognised v0.2 decision vocabulary,,,,EXCEPTION_REVIEW,manual review: imported row has sourceRowId but no comparison/recovery match,Auswahl,selected_choice_value,CAT06-practice_family-cat06_pf_052,false,,Welche Zeitangabe passt?,,A seit gestern / B vor gestern / C um gestern,,A | A seit gestern | B vor gestern | C um gestern,,A,,`seit gestern` means since yesterday until now.,,,,,duplicate_v02_same_decision,imported_source_without_replacement_layer_match,
content/b1-m06-sick-leave.js,v080149_cat06_practice_family_cat06_pf_057,cat06-pf-057,cat06-pf-057,matched_lineage_or_unresolved,Exception,manual review: unrecognised v0.2 decision vocabulary,,,,EXCEPTION_REVIEW,manual review: imported row has sourceRowId but no comparison/recovery match,Reparatur,typed,CAT06-practice_family-cat06_pf_057,false,,Ich bleibe heute nach Hause.,,Korrigiere den Satz.,,,,Ich bleibe heute zu Hause.,,Place: `zu Hause bleiben`; direction: `nach Hause gehen`.,,,,,duplicate_v02_same_decision,imported_source_without_replacement_layer_match,
content/b1-m06-sick-leave.js,v080149_cat06_practice_family_cat06_pf_060,cat06-pf-060,cat06-pf-060,matched_lineage_or_unresolved,Exception,manual review: unrecognised v0.2 decision vocabulary,,,,EXCEPTION_REVIEW,manual review: imported row has sourceRowId but no comparison/recovery match,Reparatur,typed,CAT06-practice_family-cat06_pf_060,false,,Ich muss erholen.,,Korrigiere den Satz.,,,,Ich muss mich erholen.,,Reflexive verb: `sich erholen`.,,,,,duplicate_v02_same_decision,imported_source_without_replacement_layer_match,
content/b1-m06-sick-leave.js,v080149_cat06_practice_family_cat06_pf_064,cat06-pf-064,cat06-pf-064,matched_lineage_or_unresolved,Exception,manual review: unrecognised v0.2 decision vocabulary,,,,EXCEPTION_REVIEW,manual review: imported row has sourceRowId but no comparison/recovery match,Auswahl,selected_choice_value,CAT06-practice_family-cat06_pf_064,false,,Welche Krankmeldung ist kurz und passend?,,A Ich bin heute krank und kann nicht kommen. / B Ich erzähle alle privaten Details. / C Krankheit fertig.,,A | A Ich bin heute krank und kann nicht kommen. | B Ich erzähle alle privaten Details. | C Krankheit fertig.,,A,,"A good sick report is clear, short, and relevant.",,,,,duplicate_v02_same_decision,imported_source_without_replacement_layer_match,
content/b1-m06-sick-leave.js,v080149_cat06_practice_family_cat06_pf_090,cat06-pf-090,cat06-pf-090,matched_lineage_or_unresolved,Exception,manual review: unrecognised v0.2 decision vocabulary,,,,EXCEPTION_REVIEW,manual review: imported row has sourceRowId but no comparison/recovery match,Auswahl,selected_choice_value,CAT06-practice_family-cat06_pf_090,false,,Welche Formulierung ist natürlich?,,"A Ich rufe in der Praxis an. / B Ich rufe in der Apotheke an, um den Arzttermin zu bekommen. / C Ich rufe im Rezept an.",,"A | A Ich rufe in der Praxis an. | B Ich rufe in der Apotheke an, um den Arzttermin zu bekommen. | C Ich rufe im Rezept an.",,A,,"For a doctor appointment, call the practice: `in der Praxis anrufen`.",,,,,duplicate_v02_same_decision,imported_source_without_replacement_layer_match,
content/b1-m06-sick-leave.js,v080149_cat06_practice_family_cat06_pf_094,cat06-pf-094,cat06-pf-094,matched_lineage_or_unresolved,Exception,manual review: unrecognised v0.2 decision vocabulary,,,,EXCEPTION_REVIEW,manual review: imported row has sourceRowId but no comparison/recovery match,Auswahl,selected_choice_value,CAT06-practice_family-cat06_pf_094,false,,Welche Formulierung ist natürlich?,,A Ich habe Halsschmerzen. / B Ich bin Halsschmerzen. / C Ich mache Halsschmerzen.,,A | A Ich habe Halsschmerzen. | B Ich bin Halsschmerzen. | C Ich mache Halsschmerzen.,,A,,Symptom phrase: `Halsschmerzen haben`.,,,,,duplicate_v02_same_decision,imported_source_without_replacement_layer_match,
content/b1-m06-sick-leave.js,v080149_cat06_practice_family_cat06_pf_095,cat06-pf-095,cat06-pf-095,matched_lineage_or_unresolved,Exception,manual review: unrecognised v0.2 decision vocabulary,,,,EXCEPTION_REVIEW,manual review: imported row has sourceRowId but no comparison/recovery match,Auswahl,selected_choice_value,CAT06-practice_family-cat06_pf_095,false,,Welche Formulierung ist natürlich?,,A Mir ist übel. / B Ich habe übel. / C Ich mache übel.,,A | A Mir ist übel. | B Ich habe übel. | C Ich mache übel.,,A,,Feeling phrase: `Mir ist übel`.,,,,,duplicate_v02_same_decision,imported_source_without_replacement_layer_match,
content/b1-m06-sick-leave.js,v080149_cat06_practice_family_cat06_pf_096,cat06-pf-096,cat06-pf-096,matched_lineage_or_unresolved,Exception,manual review: unrecognised v0.2 decision vocabulary,,,,EXCEPTION_REVIEW,manual review: imported row has sourceRowId but no comparison/recovery match,Auswahl,selected_choice_value,CAT06-practice_family-cat06_pf_096,false,,Welche Formulierung ist natürlich?,,A Mir ist schwindelig. / B Ich bin Schwindel. / C Ich habe schwindelig.,,A | A Mir ist schwindelig. | B Ich bin Schwindel. | C Ich habe schwindelig.,,A,,Feeling phrase: `Mir ist schwindelig`.,,,,,duplicate_v02_same_decision,imported_source_without_replacement_layer_match,
content/b1-m06-sick-leave.js,v080149_cat06_practice_family_cat06_pf_097,cat06-pf-097,cat06-pf-097,matched_lineage_or_unresolved,Exception,manual review: unrecognised v0.2 decision vocabulary,,,,EXCEPTION_REVIEW,manual review: imported row has sourceRowId but no comparison/recovery match,Auswahl,selected_choice_value,CAT06-practice_family-cat06_pf_097,false,,Welche Formulierung ist natürlich?,,A seit gestern krank / B bis gestern krank for still sick / C um gestern krank,,A | A seit gestern krank | B bis gestern krank for still sick | C um gestern krank,,A,,`seit gestern` means since yesterday and still true.,,,,,duplicate_v02_same_decision,imported_source_without_replacement_layer_match,
content/b1-m06-sick-leave.js,v080149_cat06_practice_family_cat06_pf_098,cat06-pf-098,cat06-pf-098,matched_lineage_or_unresolved,Exception,manual review: unrecognised v0.2 decision vocabulary,,,,EXCEPTION_REVIEW,manual review: imported row has sourceRowId but no comparison/recovery match,Auswahl,selected_choice_value,CAT06-practice_family-cat06_pf_098,false,,Welche Formulierung ist natürlich?,,A Ich bleibe zu Hause. / B Ich bleibe nach Hause. / C Ich gehe zu Hause.,,A | A Ich bleibe zu Hause. | B Ich bleibe nach Hause. | C Ich gehe zu Hause.,,A,,Place phrase: `zu Hause bleiben`.,,,,,duplicate_v02_same_decision,imported_source_without_replacement_layer_match,
content/b1-m06-sick-leave.js,v080149_cat06_practice_family_cat06_pf_099,cat06-pf-099,cat06-pf-099,matched_lineage_or_unresolved,Exception,manual review: unrecognised v0.2 decision vocabulary,,,,EXCEPTION_REVIEW,manual review: imported row has sourceRowId but no comparison/recovery match,Auswahl,selected_choice_value,CAT06-practice_family-cat06_pf_099,false,,Welche Formulierung ist natürlich?,,A Ich informiere den Arbeitgeber. / B Ich informiere bei dem Arbeitgeber. / C Ich informiere zu dem Arbeitgeber.,,A | A Ich informiere den Arbeitgeber. | B Ich informiere bei dem Arbeitgeber. | C Ich informiere zu dem Arbeitgeber.,,A,,`informieren` takes a direct object.,,,,,duplicate_v02_same_decision,imported_source_without_replacement_layer_match,
content/b1-m06-sick-leave.js,v080149_cat06_redemittel_cat06_r_001,cat06-r-001,cat06-r-001,matched_replacement_layer,Production Practice,exclude from normal auto-graded practice; route later to separate self-marked Production Practice,revise_light,revise_light,,EXCEPTION_REVIEW,manual review: comparison/recovery row exists but decision is not apply-ready,Auswahl,selected_choice_value,CAT06-redemittel-cat06_r_001,false,,Welche Form passt? work phone/message,,Report sick,,Ich möchte mich krankmelden. | sich melden | abmelden | avoid translationese and unnecessary medical detail,,Ich möchte mich krankmelden.,Ich möchte mich krankmelden.,Watch: Ich melde krank; Ich bin krank melden,,,,,duplicate_v02_lineage_resolved,unclear_v02_decision,
content/b1-m06-sick-leave.js,v080149_cat06_redemittel_cat06_r_002,cat06-r-002,cat06-r-002,matched_replacement_layer,Production Practice,exclude from normal auto-graded practice; route later to separate self-marked Production Practice,revise_light,revise_light,,EXCEPTION_REVIEW,manual review: comparison/recovery row exists but decision is not apply-ready,Auswahl,selected_choice_value,CAT06-redemittel-cat06_r_002,false,,Welche Form passt? work absence,,Report sick,,Ich bin heute krank und kann nicht zur Arbeit kommen. | Urlaub | Termin absagen | avoid translationese and unnecessary medical detail,,Ich bin heute krank und kann nicht zur Arbeit kommen.,Ich bin heute krank und kann nicht zur Arbeit kommen.,Watch: Ich bin heute Krankheit,,,,,duplicate_v02_lineage_resolved,unclear_v02_decision,
content/b1-m06-sick-leave.js,v080149_cat06_redemittel_cat06_r_003,cat06-r-003,cat06-r-003,matched_replacement_layer,Production Practice,exclude from normal auto-graded practice; route later to separate self-marked Production Practice,revise_light,revise_light,,EXCEPTION_REVIEW,manual review: comparison/recovery row exists but decision is not apply-ready,Auswahl,selected_choice_value,CAT06-redemittel-cat06_r_003,false,,Welche Form passt? course absence,,Report sick,,Ich kann heute leider nicht am Kurs teilnehmen. | zur Arbeit kommen | fehlen | avoid translationese and unnecessary medical detail,,Ich kann heute leider nicht am Kurs teilnehmen.,Ich kann heute leider nicht am Kurs teilnehmen.,Watch: am Kurs teilnehmen vs zum Kurs kommen,,,,,duplicate_v02_lineage_resolved,unclear_v02_decision,
content/b1-m06-sick-leave.js,v080149_cat06_redemittel_cat06_r_004,cat06-r-004,cat06-r-004,matched_replacement_layer,Production Practice,exclude from normal auto-graded practice; route later to separate self-marked Production Practice,revise_light,revise_light,,EXCEPTION_REVIEW,manual review: comparison/recovery row exists but decision is not apply-ready,Auswahl,selected_choice_value,CAT06-redemittel-cat06_r_004,false,,Welche Form passt? course/work absence,,Report sick,,Ich fehle heute wegen Krankheit. | Urlaub | private Gründe | avoid translationese and unnecessary medical detail,,Ich fehle heute wegen Krankheit.,Ich fehle heute wegen Krankheit.,Watch: Ich fehle heute wegen krank,,,,,duplicate_v02_lineage_resolved,unclear_v02_decision,
content/b1-m06-sick-leave.js,v080149_cat06_redemittel_cat06_r_005,cat06-r-005,cat06-r-005,matched_replacement_layer,Production Practice,exclude from normal auto-graded practice; route later to separate self-marked Production Practice,revise_light,revise_light,,EXCEPTION_REVIEW,manual review: comparison/recovery row exists but decision is not apply-ready,Auswahl,selected_choice_value,CAT06-redemittel-cat06_r_005,false,,Welche Form passt? work message,,Report sick,,Ich sage meinem Arbeitgeber Bescheid. | informieren | melden | avoid translationese and unnecessary medical detail,,Ich sage meinem Arbeitgeber Bescheid.,Ich sage meinem Arbeitgeber Bescheid.,Watch: Ich sage mein Arbeitgeber Bescheid,,,,,duplicate_v02_lineage_resolved,unclear_v02_decision,
content/b1-m06-sick-leave.js,v080149_cat06_redemittel_cat06_r_006,cat06-r-006,cat06-r-006,matched_replacement_layer,Production Practice,exclude from normal auto-graded practice; route later to separate self-marked Production Practice,revise_light,revise_light,,EXCEPTION_REVIEW,manual review: comparison/recovery row exists but decision is not apply-ready,Auswahl,selected_choice_value,CAT06-redemittel-cat06_r_006,false,,Welche Form passt? course message,,Report sick,,Ich informiere die Kursleitung. | Bescheid sagen | schreiben | avoid translationese and unnecessary medical detail,,Ich informiere die Kursleitung.,Ich informiere die Kursleitung.,Watch: Ich informiere an die Kursleitung,,,,,duplicate_v02_lineage_resolved,unclear_v02_decision,
content/b1-m06-sick-leave.js,v080149_cat06_redemittel_cat06_r_008,cat06-r-008,cat06-r-008,matched_replacement_layer,Production Practice,exclude from normal auto-graded practice; route later to separate self-marked Production Practice,revise_light,revise_light,,EXCEPTION_REVIEW,manual review: comparison/recovery row exists but decision is not apply-ready,Auswahl,selected_choice_value,CAT06-redemittel-cat06_r_008,false,,Welche Form passt? work/course absence,,Duration,,Ich bleibe heute zu Hause. | fehlen | krank sein | avoid translationese and unnecessary medical detail,,Ich bleibe heute zu Hause.,Ich bleibe heute zu Hause.,Watch: Ich bleibe heute nach Hause,,,,,duplicate_v02_lineage_resolved,unclear_v02_decision,
content/b1-m06-sick-leave.js,v080149_cat06_redemittel_cat06_r_009,cat06-r-009,cat06-r-009,matched_replacement_layer,Production Practice,exclude from normal auto-graded practice; route later to separate self-marked Production Practice,revise_light,revise_light,,EXCEPTION_REVIEW,manual review: comparison/recovery row exists but decision is not apply-ready,Auswahl,selected_choice_value,CAT06-redemittel-cat06_r_009,false,,Welche Form passt? return plan,,Duration,,"Ich melde mich, wenn ich wieder gesund bin. | zurückrufen | wiederkommen | avoid translationese and unnecessary medical detail",,"Ich melde mich, wenn ich wieder gesund bin.","Ich melde mich, wenn ich wieder gesund bin.",Watch: verb placement after wenn,,,,,duplicate_v02_lineage_resolved,unclear_v02_decision,
content/b1-m06-sick-leave.js,v080149_cat06_redemittel_cat06_r_010,cat06-r-010,cat06-r-010,matched_replacement_layer,Production Practice,exclude from normal auto-graded practice; route later to separate self-marked Production Practice,revise_light,revise_light,,EXCEPTION_REVIEW,manual review: comparison/recovery row exists but decision is not apply-ready,Auswahl,selected_choice_value,CAT06-redemittel-cat06_r_010,false,,Welche Form passt? expected absence,,Duration,,Voraussichtlich komme ich am Montag wieder. | wahrscheinlich | ab Montag | avoid translationese and unnecessary medical detail,,Voraussichtlich komme ich am Montag wieder.,Voraussichtlich komme ich am Montag wieder.,Watch: word order after fronted adverb,,,,,duplicate_v02_lineage_resolved,unclear_v02_decision,
content/b1-m06-sick-leave.js,v080149_cat06_redemittel_cat06_r_016,cat06-r-016,cat06-r-016,matched_replacement_layer,Production Practice,exclude from normal auto-graded practice; route later to separate self-marked Production Practice,revise_light,revise_light,,EXCEPTION_REVIEW,manual review: comparison/recovery row exists but decision is not apply-ready,Auswahl,selected_choice_value,CAT06-redemittel-cat06_r_016,false,,Welche Form passt? general condition,,Symptoms,,Mir geht es nicht gut. | Ich bin krank | Ich habe Beschwerden | avoid translationese and unnecessary medical detail,,Mir geht es nicht gut.,Mir geht es nicht gut.,Watch: Ich geht es nicht gut,,,,,duplicate_v02_lineage_resolved,unclear_v02_decision,
content/b1-m06-sick-leave.js,v080149_cat06_redemittel_cat06_r_017,cat06-r-017,cat06-r-017,matched_replacement_layer,Production Practice,exclude from normal auto-graded practice; route later to separate self-marked Production Practice,revise_light,revise_light,,EXCEPTION_REVIEW,manual review: comparison/recovery row exists but decision is not apply-ready,Auswahl,selected_choice_value,CAT06-redemittel-cat06_r_017,false,,Welche Form passt? general condition,,Symptoms,,Seit gestern geht es mir schlecht. | vor | ab | avoid translationese and unnecessary medical detail,,Seit gestern geht es mir schlecht.,Seit gestern geht es mir schlecht.,Watch: word order with seit,,,,,duplicate_v02_lineage_resolved,unclear_v02_decision,
content/b1-m06-sick-leave.js,v080149_cat06_redemittel_cat06_r_018,cat06-r-018,cat06-r-018,matched_replacement_layer,Production Practice,exclude from normal auto-graded practice; route later to separate self-marked Production Practice,revise_light,revise_light,,EXCEPTION_REVIEW,manual review: comparison/recovery row exists but decision is not apply-ready,Auswahl,selected_choice_value,CAT06-redemittel-cat06_r_018,false,,Welche Form passt? fever,,Symptoms,,Ich habe Fieber. | Temperatur | Erkältung | avoid translationese and unnecessary medical detail,,Ich habe Fieber.,Ich habe Fieber.,Watch: Ich bin Fieber,,,,,duplicate_v02_lineage_resolved,unclear_v02_decision,
content/b1-m06-sick-leave.js,v080149_cat06_redemittel_cat06_r_019,cat06-r-019,cat06-r-019,matched_replacement_layer,Production Practice,exclude from normal auto-graded practice; route later to separate self-marked Production Practice,revise_light,revise_light,,EXCEPTION_REVIEW,manual review: comparison/recovery row exists but decision is not apply-ready,Auswahl,selected_choice_value,CAT06-redemittel-cat06_r_019,false,,Welche Form passt? cough,,Symptoms,,Ich habe starken Husten. | Schnupfen | Halsschmerzen | avoid translationese and unnecessary medical detail,,Ich habe starken Husten.,Ich habe starken Husten.,Watch: adjective ending after accusative masculine,,,,,duplicate_v02_lineage_resolved,unclear_v02_decision,
content/b1-m06-sick-leave.js,v080149_cat06_redemittel_cat06_r_020,cat06-r-020,cat06-r-020,matched_replacement_layer,Production Practice,exclude from normal auto-graded practice; route later to separate self-marked Production Practice,revise_light,revise_light,,EXCEPTION_REVIEW,manual review: comparison/recovery row exists but decision is not apply-ready,Auswahl,selected_choice_value,CAT06-redemittel-cat06_r_020,false,,Welche Form passt? sore throat,,Symptoms,,Ich habe Halsschmerzen. | Husten | Kopfschmerzen | avoid translationese and unnecessary medical detail,,Ich habe Halsschmerzen.,Ich habe Halsschmerzen.,Watch: wrong singular pattern,,,,,duplicate_v02_lineage_resolved,unclear_v02_decision,
content/b1-m06-sick-leave.js,v080149_cat06_redemittel_cat06_r_021,cat06-r-021,cat06-r-021,matched_replacement_layer,Production Practice,exclude from normal auto-graded practice; route later to separate self-marked Production Practice,revise_light,revise_light,,EXCEPTION_REVIEW,manual review: comparison/recovery row exists but decision is not apply-ready,Auswahl,selected_choice_value,CAT06-redemittel-cat06_r_021,false,,Welche Form passt? headache,,Symptoms,,Ich habe starke Kopfschmerzen. | Schwindel | Fieber | avoid translationese and unnecessary medical detail,,Ich habe starke Kopfschmerzen.,Ich habe starke Kopfschmerzen.,Watch: wrong singular pattern,,,,,duplicate_v02_lineage_resolved,unclear_v02_decision,
content/b1-m06-sick-leave.js,v080149_cat06_redemittel_cat06_r_022,cat06-r-022,cat06-r-022,matched_replacement_layer,Production Practice,exclude from normal auto-graded practice; route later to separate self-marked Production Practice,revise_light,revise_light,,EXCEPTION_REVIEW,manual review: comparison/recovery row exists but decision is not apply-ready,Auswahl,selected_choice_value,CAT06-redemittel-cat06_r_022,false,,Welche Form passt? stomach pain,,Symptoms,,Ich habe Bauchschmerzen. | Übelkeit | Durchfall | avoid translationese and unnecessary medical detail,,Ich habe Bauchschmerzen.,Ich habe Bauchschmerzen.,Watch: word order with seit,,,,,duplicate_v02_lineage_resolved,unclear_v02_decision,
content/b1-m06-sick-leave.js,v080149_cat06_redemittel_cat06_r_023,cat06-r-023,cat06-r-023,matched_replacement_layer,Production Practice,exclude from normal auto-graded practice; route later to separate self-marked Production Practice,revise_light,revise_light,,EXCEPTION_REVIEW,manual review: comparison/recovery row exists but decision is not apply-ready,Auswahl,selected_choice_value,CAT06-redemittel-cat06_r_023,false,,Welche Form passt? nausea,,Symptoms,,Mir ist übel. | Übelkeit haben | Erbrechen | avoid translationese and unnecessary medical detail,,Mir ist übel.,Mir ist übel.,Watch: Ich bin übel,,,,,duplicate_v02_lineage_resolved,unclear_v02_decision,
content/b1-m06-sick-leave.js,v080149_cat06_redemittel_cat06_r_024,cat06-r-024,cat06-r-024,matched_replacement_layer,Production Practice,exclude from normal auto-graded practice; route later to separate self-marked Production Practice,revise_light,revise_light,,EXCEPTION_REVIEW,manual review: comparison/recovery row exists but decision is not apply-ready,Auswahl,selected_choice_value,CAT06-redemittel-cat06_r_024,false,,Welche Form passt? dizziness,,Symptoms,,Mir ist schwindelig. | Schwindel haben | Kopfschmerzen | avoid translationese and unnecessary medical detail,,Mir ist schwindelig.,Mir ist schwindelig.,Watch: Ich bin schwindelig can be less target-safe,,,,,duplicate_v02_lineage_resolved,unclear_v02_decision,
content/b1-m06-sick-leave.js,v080149_cat06_redemittel_cat06_r_025,cat06-r-025,cat06-r-025,matched_replacement_layer,Production Practice,exclude from normal auto-graded practice; route later to separate self-marked Production Practice,revise_light,revise_light,,EXCEPTION_REVIEW,manual review: comparison/recovery row exists but decision is not apply-ready,Auswahl,selected_choice_value,CAT06-redemittel-cat06_r_025,false,,Welche Form passt? diarrhoea,,Symptoms,,Ich habe Durchfall. | Bauchschmerzen | Übelkeit | avoid translationese and unnecessary medical detail,,Ich habe Durchfall.,Ich habe Durchfall.,Watch: register discomfort,,,,,duplicate_v02_lineage_resolved,unclear_v02_decision,
content/b1-m06-sick-leave.js,v080149_cat06_redemittel_cat06_r_027,cat06-r-027,cat06-r-027,matched_replacement_layer,Production Practice,exclude from normal auto-graded practice; route later to separate self-marked Production Practice,revise_light,revise_light,,EXCEPTION_REVIEW,manual review: comparison/recovery row exists but decision is not apply-ready,Auswahl,selected_choice_value,CAT06-redemittel-cat06_r_027,false,,Welche Form passt? pain,,Symptoms,,Ich habe starke Schmerzen. | Beschwerden | Fieber | avoid translationese and unnecessary medical detail,,Ich habe starke Schmerzen.,Ich habe starke Schmerzen.,Watch: wrong adjective ending if expanded,,,,,duplicate_v02_lineage_resolved,unclear_v02_decision,
content/b1-m06-sick-leave.js,v080149_cat06_redemittel_cat06_r_028,cat06-r-028,cat06-r-028,matched_replacement_layer,Production Practice,exclude from normal auto-graded practice; route later to separate self-marked Production Practice,revise_light,revise_light,,EXCEPTION_REVIEW,manual review: comparison/recovery row exists but decision is not apply-ready,Auswahl,selected_choice_value,CAT06-redemittel-cat06_r_028,false,,Welche Form passt? cold,,Symptoms,,Ich habe eine Erkältung. | Grippe | Infekt | avoid translationese and unnecessary medical detail,,Ich habe eine Erkältung.,Ich habe eine Erkältung.,Watch: using Grippe casually for cold,,,,,duplicate_v02_lineage_resolved,unclear_v02_decision,
content/b1-m06-sick-leave.js,v080149_cat06_redemittel_cat06_r_030,cat06-r-030,cat06-r-030,matched_replacement_layer,Production Practice,exclude from normal auto-graded practice; route later to separate self-marked Production Practice,revise_light,revise_light,,EXCEPTION_REVIEW,manual review: comparison/recovery row exists but decision is not apply-ready,Auswahl,selected_choice_value,CAT06-redemittel-cat06_r_030,false,,Welche Form passt? ask appointment,,Doctor appointment,,Ich brauche einen Termin beim Arzt. | Arzttermin | Sprechstunde | avoid translationese and unnecessary medical detail,,Ich brauche einen Termin beim Arzt.,Ich brauche einen Termin beim Arzt.,Watch: using *in Arzt*,,,,,duplicate_v02_lineage_resolved,unclear_v02_decision,
content/b1-m06-sick-leave.js,v080149_cat06_redemittel_cat06_r_031,cat06-r-031,cat06-r-031,matched_replacement_layer,Production Practice,exclude from normal auto-graded practice; route later to separate self-marked Production Practice,revise_light,revise_light,,EXCEPTION_REVIEW,manual review: comparison/recovery row exists but decision is not apply-ready,Auswahl,selected_choice_value,CAT06-redemittel-cat06_r_031,false,,Welche Form passt? ask availability,,Doctor appointment,,Haben Sie heute noch einen Termin frei? | Sprechstunde | Notfall | avoid translationese and unnecessary medical detail,,Haben Sie heute noch einen Termin frei?,Haben Sie heute noch einen Termin frei?,Watch: word order in question,,,,,duplicate_v02_lineage_resolved,unclear_v02_decision,
content/b1-m06-sick-leave.js,v080149_cat06_redemittel_cat06_r_032,cat06-r-032,cat06-r-032,matched_replacement_layer,Production Practice,exclude from normal auto-graded practice; route later to separate self-marked Production Practice,revise_light,revise_light,,EXCEPTION_REVIEW,manual review: comparison/recovery row exists but decision is not apply-ready,Auswahl,selected_choice_value,CAT06-redemittel-cat06_r_032,false,,Welche Form passt? practice call,,Doctor appointment,,Kann ich heute in die Praxis kommen? | Krankenhaus | Apotheke | avoid translationese and unnecessary medical detail,,Kann ich heute in die Praxis kommen?,Kann ich heute in die Praxis kommen?,Watch: wrong preposition/direction,,,,,duplicate_v02_lineage_resolved,unclear_v02_decision,
content/b1-m06-sick-leave.js,v080149_cat06_redemittel_cat06_r_033,cat06-r-033,cat06-r-033,matched_replacement_layer,Production Practice,exclude from normal auto-graded practice; route later to separate self-marked Production Practice,revise_light,revise_light,,EXCEPTION_REVIEW,manual review: comparison/recovery row exists but decision is not apply-ready,Auswahl,selected_choice_value,CAT06-redemittel-cat06_r_033,false,,Welche Form passt? documents,,Doctor appointment,,Welche Unterlagen soll ich mitbringen? | CAT01 document question | avoid translationese and unnecessary medical detail | Ich möchte mich krankmelden.,,Welche Unterlagen soll ich mitbringen?,Welche Unterlagen soll ich mitbringen?,Watch: using bringen instead of mitbringen,,,,,duplicate_v02_lineage_resolved,unclear_v02_decision,
content/b1-m06-sick-leave.js,v080149_cat06_redemittel_cat06_r_036,cat06-r-036,cat06-r-036,matched_replacement_layer,Production Practice,exclude from normal auto-graded practice; route later to separate self-marked Production Practice,revise_light,revise_light,,EXCEPTION_REVIEW,manual review: comparison/recovery row exists but decision is not apply-ready,Auswahl,selected_choice_value,CAT06-redemittel-cat06_r_036,false,,Welche Form passt? miss appointment,,Doctor appointment,,Ich muss den Arzttermin leider absagen. | verschieben | krankmelden | avoid translationese and unnecessary medical detail,,Ich muss den Arzttermin leider absagen.,Ich muss den Arzttermin leider absagen.,Watch: wrong article/case,,,,,duplicate_v02_lineage_resolved,unclear_v02_decision,
content/b1-m06-sick-leave.js,v080149_cat06_redemittel_cat06_r_041,cat06-r-041,cat06-r-041,matched_replacement_layer,Production Practice,exclude from normal auto-graded practice; route later to separate self-marked Production Practice,revise_light,revise_light,,EXCEPTION_REVIEW,manual review: comparison/recovery row exists but decision is not apply-ready,Auswahl,selected_choice_value,CAT06-redemittel-cat06_r_041,false,,Welche Form passt? written confirmation,,Insurance,,Können Sie mir das bitte schriftlich bestätigen? | Bestätigung | Bescheinigung | avoid translationese and unnecessary medical detail,,Können Sie mir das bitte schriftlich bestätigen?,Können Sie mir das bitte schriftlich bestätigen?,Watch: adjective/adverb confusion,,,,,duplicate_v02_lineage_resolved,unclear_v02_decision,
content/b1-m06-sick-leave.js,v080149_cat06_redemittel_cat06_r_045,cat06-r-045,cat06-r-045,matched_replacement_layer,Production Practice,exclude from normal auto-graded practice; route later to separate self-marked Production Practice,revise_light,revise_light,,EXCEPTION_REVIEW,manual review: comparison/recovery row exists but decision is not apply-ready,Auswahl,selected_choice_value,CAT06-redemittel-cat06_r_045,false,,Welche Form passt? get well,,Recovery,,Ich muss mich ausruhen. | sich erholen | schlafen | avoid translationese and unnecessary medical detail,,Ich muss mich ausruhen.,Ich muss mich ausruhen.,Watch: forgetting reflexive pronoun,,,,,duplicate_v02_lineage_resolved,unclear_v02_decision,
content/b1-m06-sick-leave.js,v080149_cat06_redemittel_cat06_r_046,cat06-r-046,cat06-r-046,matched_replacement_layer,Production Practice,exclude from normal auto-graded practice; route later to separate self-marked Production Practice,revise_light,revise_light,,EXCEPTION_REVIEW,manual review: comparison/recovery row exists but decision is not apply-ready,Auswahl,selected_choice_value,CAT06-redemittel-cat06_r_046,false,,Welche Form passt? return,,Recovery,,"Ich komme wieder, wenn es mir besser geht. | gesund sein | wiederkommen | avoid translationese and unnecessary medical detail",,"Ich komme wieder, wenn es mir besser geht.","Ich komme wieder, wenn es mir besser geht.",Watch: verb at end after wenn,,,,,duplicate_v02_lineage_resolved,unclear_v02_decision,
content/b1-m06-sick-leave.js,v080149_cat06_redemittel_cat06_r_047,cat06-r-047,cat06-r-047,matched_replacement_layer,Production Practice,exclude from normal auto-graded practice; route later to separate self-marked Production Practice,revise_light,revise_light,,EXCEPTION_REVIEW,manual review: comparison/recovery row exists but decision is not apply-ready,Auswahl,selected_choice_value,CAT06-redemittel-cat06_r_047,false,,Welche Form passt? update,,Recovery,,"Ich gebe Bescheid, wenn ich länger krank bin. | informieren | melden | avoid translationese and unnecessary medical detail",,"Ich gebe Bescheid, wenn ich länger krank bin.","Ich gebe Bescheid, wenn ich länger krank bin.",Watch: verb at end after wenn,,,,,duplicate_v02_lineage_resolved,unclear_v02_decision,
content/b1-m06-sick-leave.js,v080149_cat06_redemittel_cat06_r_048,cat06-r-048,cat06-r-048,matched_replacement_layer,Production Practice,exclude from normal auto-graded practice; route later to separate self-marked Production Practice,revise_light,revise_light,,EXCEPTION_REVIEW,manual review: comparison/recovery row exists but decision is not apply-ready,Auswahl,selected_choice_value,CAT06-redemittel-cat06_r_048,false,,Welche Form passt? missed lesson,,Course catch-up,,Ich war krank und konnte nicht kommen. | Termin absagen | fehlen | avoid translationese and unnecessary medical detail,,Ich war krank und konnte nicht kommen.,Ich war krank und konnte nicht kommen.,Watch: war/bin tense confusion,,,,,duplicate_v02_lineage_resolved,unclear_v02_decision,
content/b1-m06-sick-leave.js,v080149_cat06_redemittel_cat06_r_049,cat06-r-049,cat06-r-049,matched_replacement_layer,Production Practice,exclude from normal auto-graded practice; route later to separate self-marked Production Practice,revise_light,revise_light,,EXCEPTION_REVIEW,manual review: comparison/recovery row exists but decision is not apply-ready,Auswahl,selected_choice_value,CAT06-redemittel-cat06_r_049,false,,Welche Form passt? catch up work,,Course catch-up,,Kann ich die Aufgabe später abgeben? | CAT13 exam | learning | avoid translationese and unnecessary medical detail,,Kann ich die Aufgabe später abgeben?,Kann ich die Aufgabe später abgeben?,Watch: separable verb placement,,,,,duplicate_v02_lineage_resolved,unclear_v02_decision,
content/b1-m06-sick-leave.js,v080149_cat06_redemittel_cat06_r_050,cat06-r-050,cat06-r-050,matched_replacement_layer,Production Practice,exclude from normal auto-graded practice; route later to separate self-marked Production Practice,revise_light,revise_light,,EXCEPTION_REVIEW,manual review: comparison/recovery row exists but decision is not apply-ready,Auswahl,selected_choice_value,CAT06-redemittel-cat06_r_050,false,,Welche Form passt? ask material,,Course catch-up,,Was habe ich im Kurs verpasst? | fehlen | abgeben | avoid translationese and unnecessary medical detail,,Was habe ich im Kurs verpasst?,Was habe ich im Kurs verpasst?,Watch: Perfekt placement,,,,,duplicate_v02_lineage_resolved,unclear_v02_decision,
content/b1-m06-sick-leave.js,v080149_cat06_redemittel_cat06_r_051,cat06-r-051,cat06-r-051,matched_replacement_layer,Production Practice,exclude from normal auto-graded practice; route later to separate self-marked Production Practice,revise_light,revise_light,,EXCEPTION_REVIEW,manual review: comparison/recovery row exists but decision is not apply-ready,Auswahl,selected_choice_value,CAT06-redemittel-cat06_r_051,false,,Welche Form passt? callback,,Phone/message,,Bitte rufen Sie mich zurück. | CAT01 callback | avoid translationese and unnecessary medical detail | Ich möchte mich krankmelden.,,Bitte rufen Sie mich zurück.,Bitte rufen Sie mich zurück.,Watch: word order,,,,,duplicate_v02_lineage_resolved,unclear_v02_decision,
content/b1-m06-sick-leave.js,v080149_cat06_redemittel_cat06_r_052,cat06-r-052,cat06-r-052,matched_replacement_layer,Production Practice,exclude from normal auto-graded practice; route later to separate self-marked Production Practice,revise_light,revise_light,,EXCEPTION_REVIEW,manual review: comparison/recovery row exists but decision is not apply-ready,Auswahl,selected_choice_value,CAT06-redemittel-cat06_r_052,false,,Welche Form passt? not reachable,,Phone/message,,Ich bin heute nur per E-Mail erreichbar. | telefonisch erreichbar | avoid translationese and unnecessary medical detail | Ich möchte mich krankmelden.,,Ich bin heute nur per E-Mail erreichbar.,Ich bin heute nur per E-Mail erreichbar.,Watch: word order,,,,,duplicate_v02_lineage_resolved,unclear_v02_decision,
content/b1-m06-sick-leave.js,v080149_cat06_wortschatz_cat06_w_002,cat06-w-002,cat06-w-002,matched_replacement_layer,Exception,manual review: unrecognised v0.2 decision vocabulary,revise_light,revise_light,,EXCEPTION_REVIEW,manual review: comparison/recovery row exists but decision is not apply-ready,Auswahl,selected_choice_value,CAT06-wortschatz-cat06_w_002,false,,Welches Wort passt? to report in sick,,Sick leave core,,sich krankmelden | melden | anmelden | die Krankmeldung,,sich krankmelden,sich krankmelden,"Keep meaning tied to sick leave, doctor, symptom reporting, pharmacy, or insurance/admin context; do not use for medical advice.",,,,,duplicate_v02_lineage_resolved,unclear_v02_decision,
content/b1-m06-sick-leave.js,v080149_cat06_wortschatz_cat06_w_003,cat06-w-003,cat06-w-003,matched_replacement_layer,Exception,manual review: unrecognised v0.2 decision vocabulary,revise_light,revise_light,,EXCEPTION_REVIEW,manual review: comparison/recovery row exists but decision is not apply-ready,Auswahl,selected_choice_value,CAT06-wortschatz-cat06_w_003,false,,Welches Wort passt? to report sick,,Sick leave core,,krankmelden | melden | abmelden | die Krankmeldung,,krankmelden,krankmelden,"Keep meaning tied to sick leave, doctor, symptom reporting, pharmacy, or insurance/admin context; do not use for medical advice.",,,,,duplicate_v02_lineage_resolved,unclear_v02_decision,
content/b1-m06-sick-leave.js,v080149_cat06_wortschatz_cat06_w_004,cat06-w-004,cat06-w-004,matched_replacement_layer,Exception,manual review: unrecognised v0.2 decision vocabulary,revise_light,revise_light,,EXCEPTION_REVIEW,manual review: comparison/recovery row exists but decision is not apply-ready,Auswahl,selected_choice_value,CAT06-wortschatz-cat06_w_004,false,,Welches Wort passt? sick / ill,,Sick leave core,,krank | gesund | krankgeschrieben | die Krankmeldung,,krank,krank,"Keep meaning tied to sick leave, doctor, symptom reporting, pharmacy, or insurance/admin context; do not use for medical advice.",,,,,duplicate_v02_lineage_resolved,unclear_v02_decision,
content/b1-m06-sick-leave.js,v080149_cat06_wortschatz_cat06_w_005,cat06-w-005,cat06-w-005,matched_replacement_layer,Exception,manual review: unrecognised v0.2 decision vocabulary,revise_light,revise_light,,EXCEPTION_REVIEW,manual review: comparison/recovery row exists but decision is not apply-ready,Auswahl,selected_choice_value,CAT06-wortschatz-cat06_w_005,false,,Welches Wort passt? signed off sick,,Sick leave core,,krankgeschrieben | krank | arbeitsunfähig | die Krankmeldung,,krankgeschrieben,krankgeschrieben,"Keep meaning tied to sick leave, doctor, symptom reporting, pharmacy, or insurance/admin context; do not use for medical advice.",,,,,duplicate_v02_lineage_resolved,unclear_v02_decision,
content/b1-m06-sick-leave.js,v080149_cat06_wortschatz_cat06_w_006,cat06-w-006,cat06-w-006,matched_replacement_layer,Exception,manual review: unrecognised v0.2 decision vocabulary,revise_light,revise_light,,EXCEPTION_REVIEW,manual review: comparison/recovery row exists but decision is not apply-ready,Auswahl,selected_choice_value,CAT06-wortschatz-cat06_w_006,false,,Welches Wort passt? unable to work,,Sick leave core,,arbeitsunfähig | krank | krankgeschrieben | die Krankmeldung,,arbeitsunfähig,arbeitsunfähig,"Keep meaning tied to sick leave, doctor, symptom reporting, pharmacy, or insurance/admin context; do not use for medical advice.",,,,,duplicate_v02_lineage_resolved,unclear_v02_decision,
content/b1-m06-sick-leave.js,v080149_cat06_wortschatz_cat06_w_059,cat06-w-059,cat06-w-059,matched_lineage_or_unresolved,Exception,manual review: unrecognised v0.2 decision vocabulary,,,,EXCEPTION_REVIEW,manual review: imported row has sourceRowId but no comparison/recovery match,Auswahl,selected_choice_value,CAT06-wortschatz-cat06_w_059,false,,Welches Wort passt? strong/severe,,Symptoms,,stark | schwer | schlimm | die Krankmeldung,,stark,,"Keep meaning tied to sick leave, doctor, symptom reporting, pharmacy, or insurance/admin context; do not use for medical advice.",,,,,duplicate_v02_same_decision,imported_source_without_replacement_layer_match,
content/b1-m06-sick-leave.js,v080149_cat06_wortschatz_cat06_w_060,cat06-w-060,cat06-w-060,matched_lineage_or_unresolved,Exception,manual review: unrecognised v0.2 decision vocabulary,,,,EXCEPTION_REVIEW,manual review: imported row has sourceRowId but no comparison/recovery match,Auswahl,selected_choice_value,CAT06-wortschatz-cat06_w_060,false,,Welches Wort passt? mild/light,,Symptoms,,leicht | einfach | schwer | die Krankmeldung,,leicht,,"Keep meaning tied to sick leave, doctor, symptom reporting, pharmacy, or insurance/admin context; do not use for medical advice.",,,,,duplicate_v02_same_decision,imported_source_without_replacement_layer_match,
content/b1-m06-sick-leave.js,v080149_cat06_wortschatz_cat06_w_098,cat06-w-098,cat06-w-098,matched_lineage_or_unresolved,Exception,manual review: unrecognised v0.2 decision vocabulary,,,,EXCEPTION_REVIEW,manual review: imported row has sourceRowId but no comparison/recovery match,Auswahl,selected_choice_value,CAT06-wortschatz-cat06_w_098,false,,Welches Wort passt? to be absent/missing,,Actions,,fehlen | verpassen | frei haben | die Krankmeldung,,fehlen,,"Keep meaning tied to sick leave, doctor, symptom reporting, pharmacy, or insurance/admin context; do not use for medical advice.",,,,,duplicate_v02_same_decision,imported_source_without_replacement_layer_match,
content/b1-m06-sick-leave.js,v080149_cat06_wortschatz_cat06_w_099,cat06-w-099,cat06-w-099,matched_lineage_or_unresolved,Exception,manual review: unrecognised v0.2 decision vocabulary,,,,EXCEPTION_REVIEW,manual review: imported row has sourceRowId but no comparison/recovery match,Auswahl,selected_choice_value,CAT06-wortschatz-cat06_w_099,false,,Welches Wort passt? to inform,,Actions,,informieren | Bescheid sagen | melden | die Krankmeldung,,informieren,,"Keep meaning tied to sick leave, doctor, symptom reporting, pharmacy, or insurance/admin context; do not use for medical advice.",,,,,duplicate_v02_same_decision,imported_source_without_replacement_layer_match,
content/b1-m06-sick-leave.js,v080149_cat06_wortschatz_cat06_w_100,cat06-w-100,cat06-w-100,matched_lineage_or_unresolved,Exception,manual review: unrecognised v0.2 decision vocabulary,,,,EXCEPTION_REVIEW,manual review: imported row has sourceRowId but no comparison/recovery match,Auswahl,selected_choice_value,CAT06-wortschatz-cat06_w_100,false,,Welches Wort passt? to let someone know,,Actions,,Bescheid sagen | informieren | erklären | die Krankmeldung,,Bescheid sagen,,"Keep meaning tied to sick leave, doctor, symptom reporting, pharmacy, or insurance/admin context; do not use for medical advice.",,,,,duplicate_v02_same_decision,imported_source_without_replacement_layer_match,
content/b1-m06-sick-leave.js,v080149_cat06_wortschatz_cat06_w_101,cat06-w-101,cat06-w-101,matched_lineage_or_unresolved,Exception,manual review: unrecognised v0.2 decision vocabulary,,,,EXCEPTION_REVIEW,manual review: imported row has sourceRowId but no comparison/recovery match,Auswahl,selected_choice_value,CAT06-wortschatz-cat06_w_101,false,,Welches Wort passt? to submit,,Actions,,einreichen | abgeben | nachreichen | die Krankmeldung,,einreichen,,"Keep meaning tied to sick leave, doctor, symptom reporting, pharmacy, or insurance/admin context; do not use for medical advice.",,,,,duplicate_v02_same_decision,imported_source_without_replacement_layer_match,
content/b1-m06-sick-leave.js,v080149_cat06_wortschatz_cat06_w_102,cat06-w-102,cat06-w-102,matched_lineage_or_unresolved,Exception,manual review: unrecognised v0.2 decision vocabulary,,,,EXCEPTION_REVIEW,manual review: imported row has sourceRowId but no comparison/recovery match,Auswahl,selected_choice_value,CAT06-wortschatz-cat06_w_102,false,,Welches Wort passt? to submit later,,Actions,,nachreichen | einreichen | schicken | die Krankmeldung,,nachreichen,,"Keep meaning tied to sick leave, doctor, symptom reporting, pharmacy, or insurance/admin context; do not use for medical advice.",,,,,duplicate_v02_same_decision,imported_source_without_replacement_layer_match,
content/b1-m06-sick-leave.js,v080149_cat06_wortschatz_cat06_w_103,cat06-w-103,cat06-w-103,matched_lineage_or_unresolved,Exception,manual review: unrecognised v0.2 decision vocabulary,,,,EXCEPTION_REVIEW,manual review: imported row has sourceRowId but no comparison/recovery match,Auswahl,selected_choice_value,CAT06-wortschatz-cat06_w_103,false,,Welches Wort passt? to present/provide formally,,Actions,,vorlegen | einreichen | zeigen | die Krankmeldung,,vorlegen,,"Keep meaning tied to sick leave, doctor, symptom reporting, pharmacy, or insurance/admin context; do not use for medical advice.",,,,,duplicate_v02_same_decision,imported_source_without_replacement_layer_match,
content/b1-m06-sick-leave.js,v080149_cat06_wortschatz_cat06_w_104,cat06-w-104,cat06-w-104,matched_lineage_or_unresolved,Exception,manual review: unrecognised v0.2 decision vocabulary,,,,EXCEPTION_REVIEW,manual review: imported row has sourceRowId but no comparison/recovery match,Auswahl,selected_choice_value,CAT06-wortschatz-cat06_w_104,false,,Welches Wort passt? to upload,,Actions,,hochladen | schicken | einreichen | die Krankmeldung,,hochladen,,"Keep meaning tied to sick leave, doctor, symptom reporting, pharmacy, or insurance/admin context; do not use for medical advice.",,,,,duplicate_v02_same_decision,imported_source_without_replacement_layer_match,
content/b1-m06-sick-leave.js,v080149_cat06_wortschatz_cat06_w_105,cat06-w-105,cat06-w-105,matched_lineage_or_unresolved,Exception,manual review: unrecognised v0.2 decision vocabulary,,,,EXCEPTION_REVIEW,manual review: imported row has sourceRowId but no comparison/recovery match,Auswahl,selected_choice_value,CAT06-wortschatz-cat06_w_105,false,,Welches Wort passt? to send,,Actions,,schicken | senden | einreichen | die Krankmeldung,,schicken,,"Keep meaning tied to sick leave, doctor, symptom reporting, pharmacy, or insurance/admin context; do not use for medical advice.",,,,,duplicate_v02_same_decision,imported_source_without_replacement_layer_match,
content/b1-m06-sick-leave.js,v080149_cat06_wortschatz_cat06_w_106,cat06-w-106,cat06-w-106,matched_lineage_or_unresolved,Exception,manual review: unrecognised v0.2 decision vocabulary,,,,EXCEPTION_REVIEW,manual review: imported row has sourceRowId but no comparison/recovery match,Auswahl,selected_choice_value,CAT06-wortschatz-cat06_w_106,false,,Welches Wort passt? to stay at home,,Actions,,zu Hause bleiben | fehlen | krank sein | die Krankmeldung,,zu Hause bleiben,,"Keep meaning tied to sick leave, doctor, symptom reporting, pharmacy, or insurance/admin context; do not use for medical advice.",,,,,duplicate_v02_same_decision,imported_source_without_replacement_layer_match,
content/b1-m06-sick-leave.js,v080149_cat06_wortschatz_cat06_w_107,cat06-w-107,cat06-w-107,matched_lineage_or_unresolved,Exception,manual review: unrecognised v0.2 decision vocabulary,,,,EXCEPTION_REVIEW,manual review: imported row has sourceRowId but no comparison/recovery match,Auswahl,selected_choice_value,CAT06-wortschatz-cat06_w_107,false,,Welches Wort passt? to recover/rest,,Actions,,sich erholen | gesund werden | die Krankmeldung | sich krankmelden,,sich erholen,,"Keep meaning tied to sick leave, doctor, symptom reporting, pharmacy, or insurance/admin context; do not use for medical advice.",,,,,duplicate_v02_same_decision,imported_source_without_replacement_layer_match,
content/b1-m06-sick-leave.js,v080149_cat06_wortschatz_cat06_w_108,cat06-w-108,cat06-w-108,matched_lineage_or_unresolved,Exception,manual review: unrecognised v0.2 decision vocabulary,,,,EXCEPTION_REVIEW,manual review: imported row has sourceRowId but no comparison/recovery match,Auswahl,selected_choice_value,CAT06-wortschatz-cat06_w_108,false,,Welches Wort passt? to get well,,Actions,,gesund werden | sich erholen | die Krankmeldung | sich krankmelden,,gesund werden,,"Keep meaning tied to sick leave, doctor, symptom reporting, pharmacy, or insurance/admin context; do not use for medical advice.",,,,,duplicate_v02_same_decision,imported_source_without_replacement_layer_match,
content/b1-m06-sick-leave.js,v080149_cat06_wortschatz_cat06_w_109,cat06-w-109,cat06-w-109,matched_lineage_or_unresolved,Exception,manual review: unrecognised v0.2 decision vocabulary,,,,EXCEPTION_REVIEW,manual review: imported row has sourceRowId but no comparison/recovery match,Auswahl,selected_choice_value,CAT06-wortschatz-cat06_w_109,false,,Welches Wort passt? to come back,,Actions,,wiederkommen | zurückrufen | wieder gesund sein | die Krankmeldung,,wiederkommen,,"Keep meaning tied to sick leave, doctor, symptom reporting, pharmacy, or insurance/admin context; do not use for medical advice.",,,,,duplicate_v02_same_decision,imported_source_without_replacement_layer_match,
content/b1-m06-sick-leave.js,v080149_cat06_wortschatz_cat06_w_110,cat06-w-110,cat06-w-110,matched_lineage_or_unresolved,Exception,manual review: unrecognised v0.2 decision vocabulary,,,,EXCEPTION_REVIEW,manual review: imported row has sourceRowId but no comparison/recovery match,Auswahl,selected_choice_value,CAT06-wortschatz-cat06_w_110,false,,Welches Wort passt? since / for up to now,,Time / duration,,seit | vor | ab | bis,,seit,,"Keep meaning tied to sick leave, doctor, symptom reporting, pharmacy, or insurance/admin context; do not use for medical advice.",,,,,duplicate_v02_same_decision,imported_source_without_replacement_layer_match,
content/b1-m06-sick-leave.js,v080149_cat06_wortschatz_cat06_w_111,cat06-w-111,cat06-w-111,matched_lineage_or_unresolved,Exception,manual review: unrecognised v0.2 decision vocabulary,,,,EXCEPTION_REVIEW,manual review: imported row has sourceRowId but no comparison/recovery match,Auswahl,selected_choice_value,CAT06-wortschatz-cat06_w_111,false,,Welches Wort passt? from / starting,,Time / duration,,ab | seit | bis | um,,ab,,"Keep meaning tied to sick leave, doctor, symptom reporting, pharmacy, or insurance/admin context; do not use for medical advice.",,,,,duplicate_v02_same_decision,imported_source_without_replacement_layer_match,
content/b1-m06-sick-leave.js,v080149_cat06_wortschatz_cat06_w_112,cat06-w-112,cat06-w-112,matched_lineage_or_unresolved,Exception,manual review: unrecognised v0.2 decision vocabulary,,,,EXCEPTION_REVIEW,manual review: imported row has sourceRowId but no comparison/recovery match,Auswahl,selected_choice_value,CAT06-wortschatz-cat06_w_112,false,,Welches Wort passt? until,,Time / duration,,bis | seit | ab | um,,bis,,"Keep meaning tied to sick leave, doctor, symptom reporting, pharmacy, or insurance/admin context; do not use for medical advice.",,,,,duplicate_v02_same_decision,imported_source_without_replacement_layer_match,
content/b1-m06-sick-leave.js,v080149_cat06_wortschatz_cat06_w_113,cat06-w-113,cat06-w-113,matched_lineage_or_unresolved,Exception,manual review: unrecognised v0.2 decision vocabulary,,,,EXCEPTION_REVIEW,manual review: imported row has sourceRowId but no comparison/recovery match,Auswahl,selected_choice_value,CAT06-wortschatz-cat06_w_113,false,,Welches Wort passt? probably/expectedly,,Time / duration,,voraussichtlich | wahrscheinlich | vielleicht | die Krankmeldung,,voraussichtlich,,"Keep meaning tied to sick leave, doctor, symptom reporting, pharmacy, or insurance/admin context; do not use for medical advice.",,,,,duplicate_v02_same_decision,imported_source_without_replacement_layer_match,
content/b1-m06-sick-leave.js,v080149_cat06_wortschatz_cat06_w_114,cat06-w-114,cat06-w-114,matched_lineage_or_unresolved,Exception,manual review: unrecognised v0.2 decision vocabulary,,,,EXCEPTION_REVIEW,manual review: imported row has sourceRowId but no comparison/recovery match,Auswahl,selected_choice_value,CAT06-wortschatz-cat06_w_114,false,,Welches Wort passt? for now / initially,,Time / duration,,vorerst | zuerst | zuerst einmal | die Krankmeldung,,vorerst,,"Keep meaning tied to sick leave, doctor, symptom reporting, pharmacy, or insurance/admin context; do not use for medical advice.",,,,,duplicate_v02_same_decision,imported_source_without_replacement_layer_match,
content/b1-m07-meetings-leave-requests.js,v080149_cat07_practice_family_cat07_pf_085,cat07-pf-085,cat07-pf-085,matched_lineage_or_unresolved,Core Safe,keep current row unchanged,,,,EXCEPTION_REVIEW,manual review: imported row has sourceRowId but no comparison/recovery match,Reparatur,typed,CAT07-practice_family-cat07_pf_085,false,,Ich habe dazu eine Rückmeldung.,,Korrigiere den Satz.,,,,Ich habe dazu eine Rückfrage.,,Rückfrage = follow-up question; Rückmeldung = response.,,,,,duplicate_v02_same_decision,imported_source_without_replacement_layer_match,
content/b1-m07-meetings-leave-requests.js,v080149_cat07_practice_family_cat07_pf_088,cat07-pf-088,cat07-pf-088,matched_lineage_or_unresolved,Core Safe,keep current row unchanged,,,,EXCEPTION_REVIEW,manual review: imported row has sourceRowId but no comparison/recovery match,Reparatur,typed,CAT07-practice_family-cat07_pf_088,false,,Ich zusammenfasse das Ergebnis.,,Korrigiere den Satz.,,,,Ich fasse das Ergebnis zusammen.,,zusammenfassen is separable in a main clause Use this as the trained pattern in this context.,,,,,duplicate_v02_same_decision,imported_source_without_replacement_layer_match,
content/b1-m07-meetings-leave-requests.js,v080149_cat07_wortschatz_cat07_w_023,cat07-w-023,cat07-w-023,matched_lineage_or_unresolved,Core Safe,keep current row unchanged,,,,EXCEPTION_REVIEW,manual review: imported row has sourceRowId but no comparison/recovery match,Auswahl,selected_choice_value,CAT07-wortschatz-cat07_w_023,false,,Welches Wort passt? Common abbreviation for Tagesordnungspunkt; recognise before active use.,,Agenda/content,,TOP | Learner may not know abbreviation expansion. | die Besprechung | das Meeting,,TOP,,formal workplace,,,,,duplicate_v02_same_decision,imported_source_without_replacement_layer_match,
content/b1-m07-meetings-leave-requests.js,v080149_cat07_wortschatz_cat07_w_052,cat07-w-052,cat07-w-052,matched_lineage_or_unresolved,Core Safe,keep current row unchanged,,,,EXCEPTION_REVIEW,manual review: imported row has sourceRowId but no comparison/recovery match,Auswahl,selected_choice_value,CAT07-wortschatz-cat07_w_052,false,,Welches Wort passt? Useful planning adjective.,,Planning and availability,,verfügbar | Using verfügbar for people too formally sometimes. | die Besprechung | das Meeting,,verfügbar,,neutral,,,,,duplicate_v02_same_decision,imported_source_without_replacement_layer_match,
content/b1-m07-meetings-leave-requests.js,v080149_cat07_wortschatz_cat07_w_053,cat07-w-053,cat07-w-053,matched_lineage_or_unresolved,Core Safe,keep current row unchanged,,,,EXCEPTION_REVIEW,manual review: imported row has sourceRowId but no comparison/recovery match,Auswahl,selected_choice_value,CAT07-wortschatz-cat07_w_053,false,,Welches Wort passt? Common but broad; context needed.,,Planning and availability,,frei | Meaning ambiguity. | die Besprechung | das Meeting,,frei,,neutral,,,,,duplicate_v02_same_decision,imported_source_without_replacement_layer_match,
content/b1-m07-meetings-leave-requests.js,v080149_cat07_wortschatz_cat07_w_054,cat07-w-054,cat07-w-054,matched_lineage_or_unresolved,Core Safe,keep current row unchanged,,,,EXCEPTION_REVIEW,manual review: imported row has sourceRowId but no comparison/recovery match,Auswahl,selected_choice_value,CAT07-wortschatz-cat07_w_054,false,,"Welches Wort passt? Phone/contact availability, not schedule availability.",,Planning and availability,,erreichbar | Using reachable for meeting attendance. | die Besprechung | das Meeting,,erreichbar,,neutral,,,,,duplicate_v02_same_decision,imported_source_without_replacement_layer_match,
content/b1-m07-meetings-leave-requests.js,v080149_cat07_wortschatz_cat07_w_056,cat07-w-056,cat07-w-056,matched_lineage_or_unresolved,Core Safe,keep current row unchanged,,,,EXCEPTION_REVIEW,manual review: imported row has sourceRowId but no comparison/recovery match,Auswahl,selected_choice_value,CAT07-wortschatz-cat07_w_056,false,,Welches Wort passt? Useful meeting attendance.,,Planning and availability,,anwesend | Over-formal in casual workplace. | die Besprechung | das Meeting,,anwesend,,formal neutral,,,,,duplicate_v02_same_decision,imported_source_without_replacement_layer_match,
content/b1-m07-meetings-leave-requests.js,v080149_cat07_wortschatz_cat07_w_057,cat07-w-057,cat07-w-057,matched_lineage_or_unresolved,Core Safe,keep current row unchanged,,,,EXCEPTION_REVIEW,manual review: imported row has sourceRowId but no comparison/recovery match,Auswahl,selected_choice_value,CAT07-wortschatz-cat07_w_057,false,,Welches Wort passt? Useful for leave/meeting absence.,,Planning and availability,,abwesend | May sound formal or school-like. | die Besprechung | das Meeting,,abwesend,,formal neutral,,,,,duplicate_v02_same_decision,imported_source_without_replacement_layer_match,
content/b1-m07-meetings-leave-requests.js,v080149_cat07_wortschatz_cat07_w_058,cat07-w-058,cat07-w-058,matched_lineage_or_unresolved,Core Safe,keep current row unchanged,,,,EXCEPTION_REVIEW,manual review: imported row has sourceRowId but no comparison/recovery match,Auswahl,selected_choice_value,CAT07-wortschatz-cat07_w_058,false,,Welches Wort passt? Meeting participation.,,Planning and availability,,pünktlich | Confusing punctual and in time. | die Besprechung | das Meeting,,pünktlich,,neutral,,,,,duplicate_v02_same_decision,imported_source_without_replacement_layer_match,
content/b1-m07-meetings-leave-requests.js,v080149_cat07_wortschatz_cat07_w_062,cat07-w-062,cat07-w-062,matched_lineage_or_unresolved,Core Safe,keep current row unchanged,,,,EXCEPTION_REVIEW,manual review: imported row has sourceRowId but no comparison/recovery match,Auswahl,selected_choice_value,CAT07-wortschatz-cat07_w_062,false,,Welches Wort passt? Core scheduling action.,,Planning and availability,,verschieben | Using bewegen. | die Besprechung | das Meeting,,verschieben,,neutral,,,,,duplicate_v02_same_decision,imported_source_without_replacement_layer_match,
content/b1-m07-meetings-leave-requests.js,v080149_cat07_wortschatz_cat07_w_063,cat07-w-063,cat07-w-063,matched_lineage_or_unresolved,Core Safe,keep current row unchanged,,,,EXCEPTION_REVIEW,manual review: imported row has sourceRowId but no comparison/recovery match,Auswahl,selected_choice_value,CAT07-wortschatz-cat07_w_063,false,,Welches Wort passt? Core scheduling action.,,Planning and availability,,absagen | Using kündigen for meeting. | die Besprechung | das Meeting,,absagen,,neutral,,,,,duplicate_v02_same_decision,imported_source_without_replacement_layer_match,
content/b1-m07-meetings-leave-requests.js,v080149_cat07_wortschatz_cat07_w_065,cat07-w-065,cat07-w-065,matched_lineage_or_unresolved,Core Safe,keep current row unchanged,,,,EXCEPTION_REVIEW,manual review: imported row has sourceRowId but no comparison/recovery match,Auswahl,selected_choice_value,CAT07-wortschatz-cat07_w_065,false,,Welches Wort passt? Needs an + dative.,,Planning and availability,,teilnehmen | Wrong preposition: in | bei. | die Besprechung,,teilnehmen,,neutral,,,,,duplicate_v02_same_decision,imported_source_without_replacement_layer_match,
content/b1-m07-meetings-leave-requests.js,v080149_cat07_wortschatz_cat07_w_066,cat07-w-066,cat07-w-066,matched_lineage_or_unresolved,Core Safe,keep current row unchanged,,,,EXCEPTION_REVIEW,manual review: imported row has sourceRowId but no comparison/recovery match,Auswahl,selected_choice_value,CAT07-wortschatz-cat07_w_066,false,,Welches Wort passt? Direct object: ein Thema besprechen.,,Planning and availability,,besprechen | Wrong frame: über ein Thema besprechen. | die Besprechung | das Meeting,,besprechen,,neutral,,,,,duplicate_v02_same_decision,imported_source_without_replacement_layer_match,
content/b1-m07-meetings-leave-requests.js,v080149_cat07_wortschatz_cat07_w_067,cat07-w-067,cat07-w-067,matched_lineage_or_unresolved,Core Safe,keep current row unchanged,,,,EXCEPTION_REVIEW,manual review: imported row has sourceRowId but no comparison/recovery match,Auswahl,selected_choice_value,CAT07-wortschatz-cat07_w_067,false,,Welches Wort passt? Clarify a question/responsibility.,,Planning and availability,,klären | Confusing explain and clarify. | die Besprechung | das Meeting,,klären,,neutral,,,,,duplicate_v02_same_decision,imported_source_without_replacement_layer_match,
content/b1-m07-meetings-leave-requests.js,v080149_cat07_wortschatz_cat07_w_069,cat07-w-069,cat07-w-069,matched_lineage_or_unresolved,Core Safe,keep current row unchanged,,,,EXCEPTION_REVIEW,manual review: imported row has sourceRowId but no comparison/recovery match,Auswahl,selected_choice_value,CAT07-wortschatz-cat07_w_069,false,,Welches Wort passt? Core proposal verb.,,Planning and availability,,vorschlagen | Separable | nonseparable false analogy. | die Besprechung,,vorschlagen,,neutral,,,,,duplicate_v02_same_decision,imported_source_without_replacement_layer_match,
content/b1-m07-meetings-leave-requests.js,v080149_cat07_wortschatz_cat07_w_070,cat07-w-070,cat07-w-070,matched_lineage_or_unresolved,Core Safe,keep current row unchanged,,,,EXCEPTION_REVIEW,manual review: imported row has sourceRowId but no comparison/recovery match,Auswahl,selected_choice_value,CAT07-wortschatz-cat07_w_070,false,,Welches Wort passt? Meeting outcome; active but not overformal.,,Planning and availability,,entscheiden | Confusing transitive | reflexive. | die Besprechung,,entscheiden,,neutral,,,,,duplicate_v02_same_decision,imported_source_without_replacement_layer_match,
content/b1-m07-meetings-leave-requests.js,v080149_cat07_wortschatz_cat07_w_071,cat07-w-071,cat07-w-071,matched_lineage_or_unresolved,Core Safe,keep current row unchanged,,,,EXCEPTION_REVIEW,manual review: imported row has sourceRowId but no comparison/recovery match,Auswahl,selected_choice_value,CAT07-wortschatz-cat07_w_071,false,,Welches Wort passt? Planning verb.,,Planning and availability,,einplanen | Separable verb placement. | die Besprechung | das Meeting,,einplanen,,neutral workplace,,,,,duplicate_v02_same_decision,imported_source_without_replacement_layer_match,
content/b1-m07-meetings-leave-requests.js,v080149_cat07_wortschatz_cat07_w_072,cat07-w-072,cat07-w-072,matched_lineage_or_unresolved,Core Safe,keep current row unchanged,,,,EXCEPTION_REVIEW,manual review: imported row has sourceRowId but no comparison/recovery match,Auswahl,selected_choice_value,CAT07-wortschatz-cat07_w_072,false,,Welches Wort passt? Tasks/cover shifts.,,Planning and availability,,übernehmen | Meaning depends on object. | die Besprechung | das Meeting,,übernehmen,,neutral,,,,,duplicate_v02_same_decision,imported_source_without_replacement_layer_match,
content/b1-m07-meetings-leave-requests.js,v080149_cat07_wortschatz_cat07_w_097,cat07-w-097,cat07-w-097,matched_lineage_or_unresolved,Core Safe,keep current row unchanged,,,,EXCEPTION_REVIEW,manual review: imported row has sourceRowId but no comparison/recovery match,Auswahl,selected_choice_value,CAT07-wortschatz-cat07_w_097,false,,Welches Wort passt? Leave coverage verb.,,Leave requests,,vertreten | Wrong object | preposition. | die Besprechung,,vertreten,,neutral workplace,,,,,duplicate_v02_same_decision,imported_source_without_replacement_layer_match,
content/b1-m07-meetings-leave-requests.js,v080149_cat07_wortschatz_cat07_w_098,cat07-w-098,cat07-w-098,matched_lineage_or_unresolved,Core Safe,keep current row unchanged,,,,EXCEPTION_REVIEW,manual review: imported row has sourceRowId but no comparison/recovery match,Auswahl,selected_choice_value,CAT07-wortschatz-cat07_w_098,false,,Welches Wort passt? Handover before absence.,,Leave requests,,übergeben | Separable | nonseparable? übergeben is inseparable here. | die Besprechung,,übergeben,,neutral workplace,,,,,duplicate_v02_same_decision,imported_source_without_replacement_layer_match,
content/b1-m07-meetings-leave-requests.js,v080149_cat07_wortschatz_cat07_w_105,cat07-w-105,cat07-w-105,matched_lineage_or_unresolved,Core Safe,keep current row unchanged,,,,EXCEPTION_REVIEW,manual review: imported row has sourceRowId but no comparison/recovery match,Auswahl,selected_choice_value,CAT07-wortschatz-cat07_w_105,false,,Welches Wort passt? Covering tasks during leave; also broader.,,Leave requests,,sich kümmern um | Missing reflexive | preposition. | die Besprechung,,sich kümmern um,,neutral,,,,,duplicate_v02_same_decision,imported_source_without_replacement_layer_match,
content/b1-m07-meetings-leave-requests.js,v080149_cat07_wortschatz_cat07_w_108,cat07-w-108,cat07-w-108,matched_lineage_or_unresolved,Core Safe,keep current row unchanged,,,,EXCEPTION_REVIEW,manual review: imported row has sourceRowId but no comparison/recovery match,Auswahl,selected_choice_value,CAT07-wortschatz-cat07_w_108,false,,"Welches Wort passt? Planning conflicts, meeting times.",,Leave requests,,gleichzeitig | Connector | time nuance. | die Besprechung,,gleichzeitig,,neutral,,,,,duplicate_v02_same_decision,imported_source_without_replacement_layer_match,
content/b1-m08-orders-delivery.js,v080149_cat08_practice_family_cat08_pf_005,cat08-pf-005,cat08-pf-005,matched_lineage_or_unresolved,Exception,manual review: unrecognised v0.2 decision vocabulary,,,,EXCEPTION_REVIEW,manual review: imported row has sourceRowId but no comparison/recovery match,Auswahl,selected_choice_value,CAT08-practice_family-cat08_pf_005,false,,Welche Nummer passt zur Bestellung?,,A Bestellnummer / B Artikelnummer / C Sendungsnummer,,Bestellnummer | A Bestellnummer | B Artikelnummer | C Sendungsnummer,,Bestellnummer,,Bestellnummer identifies the order.,,,,,duplicate_v02_same_decision,imported_source_without_replacement_layer_match,
content/b1-m08-orders-delivery.js,v080149_cat08_practice_family_cat08_pf_006,cat08-pf-006,cat08-pf-006,matched_lineage_or_unresolved,Exception,manual review: unrecognised v0.2 decision vocabulary,,,,EXCEPTION_REVIEW,manual review: imported row has sourceRowId but no comparison/recovery match,Auswahl,selected_choice_value,CAT08-practice_family-cat08_pf_006,false,,Welche Nummer passt zur Paketverfolgung?,,A Sendungsnummer / B Kundennummer / C Rechnungsnummer,,Sendungsnummer | A Sendungsnummer | B Kundennummer | C Rechnungsnummer,,Sendungsnummer,,Sendungsnummer tracks the shipment.,,,,,duplicate_v02_same_decision,imported_source_without_replacement_layer_match,
content/b1-m08-orders-delivery.js,v080149_cat08_practice_family_cat08_pf_008,cat08-pf-008,cat08-pf-008,matched_lineage_or_unresolved,Exception,manual review: unrecognised v0.2 decision vocabulary,,,,EXCEPTION_REVIEW,manual review: imported row has sourceRowId but no comparison/recovery match,Auswahl,selected_choice_value,CAT08-practice_family-cat08_pf_008,false,,Welche Adresse passt?,,Die Ware soll an diese Adresse kommen: A Lieferadresse / B Rechnungsadresse / C Absender,,Lieferadresse | Die Ware soll an diese Adresse kommen: A Lieferadresse | B Rechnungsadresse | C Absender,,Lieferadresse,,Lieferadresse is where the delivery goes.,,,,,duplicate_v02_same_decision,imported_source_without_replacement_layer_match,
content/b1-m08-orders-delivery.js,v080149_cat08_practice_family_cat08_pf_027,cat08-pf-027,cat08-pf-027,matched_lineage_or_unresolved,Exception,manual review: unrecognised v0.2 decision vocabulary,,,,EXCEPTION_REVIEW,manual review: imported row has sourceRowId but no comparison/recovery match,Auswahl,selected_choice_value,CAT08-practice_family-cat08_pf_027,false,,Welches Dokument ist eine Zahlungsbestätigung?,,A Quittung / B Rechnung / C Lieferschein,,Quittung | A Quittung | B Rechnung | C Lieferschein,,Quittung,,Quittung proves payment; Rechnung is the invoice.,,,,,duplicate_v02_same_decision,imported_source_without_replacement_layer_match,
content/b1-m08-orders-delivery.js,v080149_cat08_practice_family_cat08_pf_042,cat08-pf-042,cat08-pf-042,matched_lineage_or_unresolved,Exception,manual review: unrecognised v0.2 decision vocabulary,,,,EXCEPTION_REVIEW,manual review: imported row has sourceRowId but no comparison/recovery match,Auswahl,selected_choice_value,CAT08-practice_family-cat08_pf_042,false,,Welche Bitte ist höflich und vollständig?,,A Könnten Sie mir bitte die Rechnung schicken? / B Schicken Sie Rechnung. / C Gib mir Rechnung.,,Könnten Sie mir bitte die Rechnung schicken? | A Könnten Sie mir bitte die Rechnung schicken? | B Schicken Sie Rechnung. | C Gib mir Rechnung.,,Könnten Sie mir bitte die Rechnung schicken?,,Könnten Sie bitte ... is polite and complete.,,,,,duplicate_v02_same_decision,imported_source_without_replacement_layer_match,
content/b1-m08-orders-delivery.js,v080149_cat08_practice_family_cat08_pf_045,cat08-pf-045,cat08-pf-045,matched_lineage_or_unresolved,Exception,manual review: unrecognised v0.2 decision vocabulary,,,,EXCEPTION_REVIEW,manual review: imported row has sourceRowId but no comparison/recovery match,Reparatur,typed,CAT08-practice_family-cat08_pf_045,false,,Ich rufe wegen meiner Bestellung an: A Bestellnummer / B Artikelnummer / C Farbe,,Welche Nummer passt für diese Frage?,,,,Bestellnummer,,"For an existing order, ask for the Bestellnummer.",,,,,duplicate_v02_same_decision,imported_source_without_replacement_layer_match,
content/b1-m08-orders-delivery.js,v080149_cat08_practice_family_cat08_pf_047,cat08-pf-047,cat08-pf-047,matched_lineage_or_unresolved,Exception,manual review: unrecognised v0.2 decision vocabulary,,,,EXCEPTION_REVIEW,manual review: imported row has sourceRowId but no comparison/recovery match,Reparatur,typed,CAT08-practice_family-cat08_pf_047,false,,A Ich habe die Ware erhalten. / B Ich bin die Ware geliefert. / C Ich habe die Ware angekommen.,,Welche Form ist natürlich?,,,,Ich habe die Ware erhalten.,,A person receives goods; goods arrive.,,,,,duplicate_v02_same_decision,imported_source_without_replacement_layer_match,
content/b1-m08-orders-delivery.js,v080149_cat08_practice_family_cat08_pf_052,cat08-pf-052,cat08-pf-052,matched_lineage_or_unresolved,Exception,manual review: unrecognised v0.2 decision vocabulary,,,,EXCEPTION_REVIEW,manual review: imported row has sourceRowId but no comparison/recovery match,Auswahl,selected_choice_value,CAT08-practice_family-cat08_pf_052,false,,Welches Wort passt?,,Der Preis wird niedriger: A Rabatt / B Bestellnummer / C Lieferzeit,,A Rabatt | B Bestellnummer | C Lieferzeit,,Rabatt,,Rabatt reduces the price.,,,,,duplicate_v02_same_decision,imported_source_without_replacement_layer_match,
content/b1-m08-orders-delivery.js,v080149_cat08_practice_family_cat08_pf_055,cat08-pf-055,cat08-pf-055,matched_lineage_or_unresolved,Exception,manual review: unrecognised v0.2 decision vocabulary,,,,EXCEPTION_REVIEW,manual review: imported row has sourceRowId but no comparison/recovery match,Auswahl,selected_choice_value,CAT08-practice_family-cat08_pf_055,false,,Was beschreibt „drei Stück“?,,A Stückzahl / B Artikelnummer / C Lieferadresse,,Stückzahl | A Stückzahl | B Artikelnummer | C Lieferadresse,,Stückzahl,,Stückzahl is the number of pieces.,,,,,duplicate_v02_same_decision,imported_source_without_replacement_layer_match,
content/b1-m08-orders-delivery.js,v080149_cat08_practice_family_cat08_pf_059,cat08-pf-059,cat08-pf-059,matched_lineage_or_unresolved,Exception,manual review: unrecognised v0.2 decision vocabulary,,,,EXCEPTION_REVIEW,manual review: imported row has sourceRowId but no comparison/recovery match,Auswahl,selected_choice_value,CAT08-practice_family-cat08_pf_059,false,,Welche Form bedeutet „in stock“?,,A vorrätig / B geliefert / C verspätet,,vorrätig | A vorrätig | B geliefert | C verspätet,,vorrätig,,Vorrätig means in stock.,,,,,duplicate_v02_same_decision,imported_source_without_replacement_layer_match,
content/b1-m08-orders-delivery.js,v080149_cat08_practice_family_cat08_pf_061,cat08-pf-061,cat08-pf-061,matched_lineage_or_unresolved,Exception,manual review: unrecognised v0.2 decision vocabulary,,,,EXCEPTION_REVIEW,manual review: imported row has sourceRowId but no comparison/recovery match,Auswahl,selected_choice_value,CAT08-practice_family-cat08_pf_061,false,,Wer bekommt das Paket?,,A Empfänger / B Absender / C Liefertermin,,Empfänger | A Empfänger | B Absender | C Liefertermin,,Empfänger,,The Empfänger receives the parcel.,,,,,duplicate_v02_same_decision,imported_source_without_replacement_layer_match,
content/b1-m08-orders-delivery.js,v080149_cat08_practice_family_cat08_pf_062,cat08-pf-062,cat08-pf-062,matched_lineage_or_unresolved,Exception,manual review: unrecognised v0.2 decision vocabulary,,,,EXCEPTION_REVIEW,manual review: imported row has sourceRowId but no comparison/recovery match,Auswahl,selected_choice_value,CAT08-practice_family-cat08_pf_062,false,,Wer schickt das Paket?,,A Absender / B Empfänger / C Kassenbon,,Absender | A Absender | B Empfänger | C Kassenbon,,Absender,,The Absender sends the parcel.,,,,,duplicate_v02_same_decision,imported_source_without_replacement_layer_match,
content/b1-m08-orders-delivery.js,v080149_cat08_practice_family_cat08_pf_069,cat08-pf-069,cat08-pf-069,matched_lineage_or_unresolved,Exception,manual review: unrecognised v0.2 decision vocabulary,,,,EXCEPTION_REVIEW,manual review: imported row has sourceRowId but no comparison/recovery match,Auswahl,selected_choice_value,CAT08-practice_family-cat08_pf_069,false,,Welches Wort passt zur Paketkarte?,,A Zustellversuch / B Zahlungsart / C Rabatt,,Zustellversuch | A Zustellversuch | B Zahlungsart | C Rabatt,,Zustellversuch,,Zustellversuch means delivery attempt.,,,,,duplicate_v02_same_decision,imported_source_without_replacement_layer_match,
content/b1-m08-orders-delivery.js,v080149_cat08_practice_family_cat08_pf_090,cat08-pf-090,cat08-pf-090,matched_lineage_or_unresolved,Exception,manual review: unrecognised v0.2 decision vocabulary,,,,EXCEPTION_REVIEW,manual review: imported row has sourceRowId but no comparison/recovery match,Auswahl,selected_choice_value,CAT08-practice_family-cat08_pf_090,false,,Welches Dokument fordert Zahlung?,,A Rechnung / B Bestellbestätigung / C Sendungsnummer,,Rechnung | A Rechnung | B Bestellbestätigung | C Sendungsnummer,,Rechnung,,A Rechnung is the invoice/bill.,,,,,duplicate_v02_same_decision,imported_source_without_replacement_layer_match,
content/b1-m08-orders-delivery.js,v080149_cat08_redemittel_cat08_r_002,cat08-r-002,cat08-r-002,matched_replacement_layer,Exception,manual review: unrecognised v0.2 decision vocabulary,revise_light,revise_light,,EXCEPTION_REVIEW,manual review: comparison/recovery row exists but decision is not apply-ready,Auswahl,selected_choice_value,CAT08-redemittel-cat08_r_002,false,,Welche Form passt? email/shop,,Order request,,Ich möchte gern eine Bestellung aufgeben. | Ich möchte einen Auftrag machen. | Ich will bestellen. | Ich möchte gern die Ware bestellen.,,Ich möchte gern eine Bestellung aufgeben.,Ich möchte gern eine Bestellung aufgeben.,Watch: eine Bestellung machen,,,,,duplicate_v02_lineage_resolved,unclear_v02_decision,
content/b1-m08-orders-delivery.js,v080149_cat08_redemittel_cat08_r_003,cat08-r-003,cat08-r-003,matched_replacement_layer,Exception,manual review: unrecognised v0.2 decision vocabulary,revise_light,revise_light,,EXCEPTION_REVIEW,manual review: comparison/recovery row exists but decision is not apply-ready,Auswahl,selected_choice_value,CAT08-redemittel-cat08_r_003,false,,Welche Form passt? email/shop,,Order request,,Ich interessiere mich für diesen Artikel. | Ich bewerbe mich für diesen Artikel. | Ich habe Interesse über den Artikel. | Ich möchte gern die Ware bestellen.,,Ich interessiere mich für diesen Artikel.,Ich interessiere mich für diesen Artikel.,Watch: wrong preposition,,,,,duplicate_v02_lineage_resolved,unclear_v02_decision,
content/b1-m08-orders-delivery.js,v080149_cat08_redemittel_cat08_r_004,cat08-r-004,cat08-r-004,matched_replacement_layer,Exception,manual review: unrecognised v0.2 decision vocabulary,revise_light,revise_light,,EXCEPTION_REVIEW,manual review: comparison/recovery row exists but decision is not apply-ready,Auswahl,selected_choice_value,CAT08-redemittel-cat08_r_004,false,,Welche Form passt? shop/email,,Product question,,Ist der Artikel noch lieferbar? | Ist der Artikel geliefert? | Ist es verfügbar zu liefern? | Ich möchte gern die Ware bestellen.,,Ist der Artikel noch lieferbar?,Ist der Artikel noch lieferbar?,Watch: lieferbar vs geliefert,,,,,duplicate_v02_lineage_resolved,unclear_v02_decision,
content/b1-m08-orders-delivery.js,v080149_cat08_redemittel_cat08_r_005,cat08-r-005,cat08-r-005,matched_replacement_layer,Exception,manual review: unrecognised v0.2 decision vocabulary,revise_light,revise_light,,EXCEPTION_REVIEW,manual review: comparison/recovery row exists but decision is not apply-ready,Auswahl,selected_choice_value,CAT08-redemittel-cat08_r_005,false,,Welche Form passt? shop/email,,Product question,,Haben Sie diesen Artikel auf Lager? | Ist der Artikel im Lager? | Gibt es im Lager? | Ich möchte gern die Ware bestellen.,,Haben Sie diesen Artikel auf Lager?,Haben Sie diesen Artikel auf Lager?,Watch: auf Lager phrase missing,,,,,duplicate_v02_lineage_resolved,unclear_v02_decision,
content/b1-m08-orders-delivery.js,v080149_cat08_redemittel_cat08_r_007,cat08-r-007,cat08-r-007,matched_replacement_layer,Exception,manual review: unrecognised v0.2 decision vocabulary,revise_light,revise_light,,EXCEPTION_REVIEW,manual review: comparison/recovery row exists but decision is not apply-ready,Auswahl,selected_choice_value,CAT08-redemittel-cat08_r_007,false,,Welche Form passt? shop/email,,Product question,,Welche Farben sind verfügbar? | Welche Farben sind lieferbar? | Was Farben gibt es? | Ich möchte gern die Ware bestellen.,,Welche Farben sind verfügbar?,Welche Farben sind verfügbar?,Watch: question-word/verb order,,,,,duplicate_v02_lineage_resolved,unclear_v02_decision,
content/b1-m08-orders-delivery.js,v080149_cat08_redemittel_cat08_r_008,cat08-r-008,cat08-r-008,matched_replacement_layer,Exception,manual review: unrecognised v0.2 decision vocabulary,revise_light,revise_light,,EXCEPTION_REVIEW,manual review: comparison/recovery row exists but decision is not apply-ready,Auswahl,selected_choice_value,CAT08-redemittel-cat08_r_008,false,,Welche Form passt? shop/email,,Product question,,Können Sie mir bitte die Artikelnummer nennen? | Sagen Sie mir die Nummer. | Können Sie die Nummer nennen mir? | Ich möchte gern die Ware bestellen.,,Können Sie mir bitte die Artikelnummer nennen?,Können Sie mir bitte die Artikelnummer nennen?,Watch: word order with mir,,,,,duplicate_v02_lineage_resolved,unclear_v02_decision,
content/b1-m08-orders-delivery.js,v080149_cat08_redemittel_cat08_r_009,cat08-r-009,cat08-r-009,matched_replacement_layer,Exception,manual review: unrecognised v0.2 decision vocabulary,revise_light,revise_light,,EXCEPTION_REVIEW,manual review: comparison/recovery row exists but decision is not apply-ready,Auswahl,selected_choice_value,CAT08-redemittel-cat08_r_009,false,,Welche Form passt? email/shop,,Order detail,,Ich möchte die Menge ändern. | Ich möchte die Menge wechseln. | Ich will anders machen. | Ich möchte gern die Ware bestellen.,,Ich möchte die Menge ändern.,Ich möchte die Menge ändern.,Watch: ändern vs wechseln,,,,,duplicate_v02_lineage_resolved,unclear_v02_decision,
content/b1-m08-orders-delivery.js,v080149_cat08_redemittel_cat08_r_010,cat08-r-010,cat08-r-010,matched_replacement_layer,Exception,manual review: unrecognised v0.2 decision vocabulary,revise_light,revise_light,,EXCEPTION_REVIEW,manual review: comparison/recovery row exists but decision is not apply-ready,Auswahl,selected_choice_value,CAT08-redemittel-cat08_r_010,false,,Welche Form passt? email/shop,,Order detail,,Kann ich die Bestellung noch ändern? | Kann ich die Bestellung noch wechseln? | Kann ich Bestellung ändern? | Ich möchte gern die Ware bestellen.,,Kann ich die Bestellung noch ändern?,Kann ich die Bestellung noch ändern?,Watch: article omission,,,,,duplicate_v02_lineage_resolved,unclear_v02_decision,
content/b1-m08-orders-delivery.js,v080149_cat08_redemittel_cat08_r_011,cat08-r-011,cat08-r-011,matched_replacement_layer,Exception,manual review: unrecognised v0.2 decision vocabulary,revise_light,revise_light,,EXCEPTION_REVIEW,manual review: comparison/recovery row exists but decision is not apply-ready,Auswahl,selected_choice_value,CAT08-redemittel-cat08_r_011,false,,Welche Form passt? email/shop,,Order detail,,Kann ich die Bestellung noch stornieren? | Kann ich die Bestellung absagen? | Kann ich die Bestellung kündigen? | Ich möchte gern die Ware bestellen.,,Kann ich die Bestellung noch stornieren?,Kann ich die Bestellung noch stornieren?,Watch: wrong cancellation verb,,,,,duplicate_v02_lineage_resolved,unclear_v02_decision,
content/b1-m08-orders-delivery.js,v080149_cat08_redemittel_cat08_r_012,cat08-r-012,cat08-r-012,matched_replacement_layer,Exception,manual review: unrecognised v0.2 decision vocabulary,revise_light,revise_light,,EXCEPTION_REVIEW,manual review: comparison/recovery row exists but decision is not apply-ready,Auswahl,selected_choice_value,CAT08-redemittel-cat08_r_012,false,,Welche Form passt? email/shop,,Order detail,,Bitte ändern Sie die Lieferadresse. | Bitte wechseln Sie die Adresse. | Machen Sie andere Adresse. | Ich möchte gern die Ware bestellen.,,Bitte ändern Sie die Lieferadresse.,Bitte ändern Sie die Lieferadresse.,Watch: ändern vs wechseln,,,,,duplicate_v02_lineage_resolved,unclear_v02_decision,
content/b1-m08-orders-delivery.js,v080149_cat08_redemittel_cat08_r_015,cat08-r-015,cat08-r-015,matched_replacement_layer,Exception,manual review: unrecognised v0.2 decision vocabulary,revise_light,revise_light,,EXCEPTION_REVIEW,manual review: comparison/recovery row exists but decision is not apply-ready,Auswahl,selected_choice_value,CAT08-redemittel-cat08_r_015,false,,Welche Form passt? email,,Order confirmation,,Ich habe die Bestellbestätigung erhalten. | Ich habe die Bestätigung bekommen. | Ich bin die Bestätigung erhalten. | Ich möchte gern die Ware bestellen.,,Ich habe die Bestellbestätigung erhalten.,Ich habe die Bestellbestätigung erhalten.,Watch: haben with erhalten,,,,,duplicate_v02_lineage_resolved,unclear_v02_decision,
content/b1-m08-orders-delivery.js,v080149_cat08_redemittel_cat08_r_016,cat08-r-016,cat08-r-016,matched_replacement_layer,Exception,manual review: unrecognised v0.2 decision vocabulary,revise_light,revise_light,,EXCEPTION_REVIEW,manual review: comparison/recovery row exists but decision is not apply-ready,Auswahl,selected_choice_value,CAT08-redemittel-cat08_r_016,false,,Welche Form passt? email,,Order confirmation,,Die Bestellung ist noch in Bearbeitung. | Die Bestellung ist in Arbeit. | Die Bestellung bearbeitet noch. | Ich möchte gern die Ware bestellen.,,Die Bestellung ist noch in Bearbeitung.,Die Bestellung ist noch in Bearbeitung.,Watch: fixed phrase in Bearbeitung,,,,,duplicate_v02_lineage_resolved,unclear_v02_decision,
content/b1-m08-orders-delivery.js,v080149_cat08_redemittel_cat08_r_017,cat08-r-017,cat08-r-017,matched_replacement_layer,Exception,manual review: unrecognised v0.2 decision vocabulary,revise_light,revise_light,,EXCEPTION_REVIEW,manual review: comparison/recovery row exists but decision is not apply-ready,Auswahl,selected_choice_value,CAT08-redemittel-cat08_r_017,false,,Welche Form passt? email/portal,,Order confirmation,,Der Status der Bestellung ist noch offen. | Die Bestellung ist offen Status. | Der Zustand ist offen. | Ich möchte gern die Ware bestellen.,,Der Status der Bestellung ist noch offen.,Der Status der Bestellung ist noch offen.,Watch: status vs Zustand,,,,,duplicate_v02_lineage_resolved,unclear_v02_decision,
content/b1-m08-orders-delivery.js,v080149_cat08_redemittel_cat08_r_018,cat08-r-018,cat08-r-018,matched_replacement_layer,Exception,manual review: unrecognised v0.2 decision vocabulary,revise_light,revise_light,,EXCEPTION_REVIEW,manual review: comparison/recovery row exists but decision is not apply-ready,Auswahl,selected_choice_value,CAT08-redemittel-cat08_r_018,false,,Welche Form passt? email/phone,,Delivery status,,Ich möchte den Lieferstatus prüfen. | Ich möchte den Status testen. | Ich prüfe die Lieferung Status. | Ich möchte gern die Ware bestellen.,,Ich möchte den Lieferstatus prüfen.,Ich möchte den Lieferstatus prüfen.,Watch: prüfen vs testen; compound,,,,,duplicate_v02_lineage_resolved,unclear_v02_decision,
content/b1-m08-orders-delivery.js,v080149_cat08_redemittel_cat08_r_019,cat08-r-019,cat08-r-019,matched_replacement_layer,Exception,manual review: unrecognised v0.2 decision vocabulary,revise_light,revise_light,,EXCEPTION_REVIEW,manual review: comparison/recovery row exists but decision is not apply-ready,Auswahl,selected_choice_value,CAT08-redemittel-cat08_r_019,false,,Welche Form passt? email/phone,,Delivery status,,Können Sie mir den Liefertermin nennen? | Sagen Sie mir Liefertermin. | Können Sie mir die Lieferzeit nennen? | Ich möchte gern die Ware bestellen.,,Können Sie mir den Liefertermin nennen?,Können Sie mir den Liefertermin nennen?,Watch: Liefertermin vs Lieferzeit,,,,,duplicate_v02_lineage_resolved,unclear_v02_decision,
content/b1-m08-orders-delivery.js,v080149_cat08_redemittel_cat08_r_020,cat08-r-020,cat08-r-020,matched_replacement_layer,Exception,manual review: unrecognised v0.2 decision vocabulary,revise_light,revise_light,,EXCEPTION_REVIEW,manual review: comparison/recovery row exists but decision is not apply-ready,Auswahl,selected_choice_value,CAT08-redemittel-cat08_r_020,false,,Welche Form passt? email/phone,,Delivery status,,Wann kommt die Lieferung voraussichtlich an? | Wann liefert die Lieferung? | Wann bekommt die Lieferung? | Ich möchte gern die Ware bestellen.,,Wann kommt die Lieferung voraussichtlich an?,Wann kommt die Lieferung voraussichtlich an?,Watch: ankommen for delivery arrival,,,,,duplicate_v02_lineage_resolved,unclear_v02_decision,
content/b1-m08-orders-delivery.js,v080149_cat08_redemittel_cat08_r_021,cat08-r-021,cat08-r-021,matched_lineage_or_unresolved,Exception,manual review: unrecognised v0.2 decision vocabulary,,,,EXCEPTION_REVIEW,manual review: imported row has sourceRowId but no comparison/recovery match,Auswahl,selected_choice_value,CAT08-redemittel-cat08_r_021,false,,Welche Form passt? email/phone,,Delivery status,,Die Lieferung kommt voraussichtlich am Freitag. | Die Lieferung kommt wahrscheinlich Freitag. | Lieferung ist am Freitag. | Ich möchte gern die Ware bestellen.,,Die Lieferung kommt voraussichtlich am Freitag.,,Watch: voraussichtlich + date,,,,,duplicate_v02_same_decision,imported_source_without_replacement_layer_match,
content/b1-m08-orders-delivery.js,v080149_cat08_redemittel_cat08_r_022,cat08-r-022,cat08-r-022,matched_lineage_or_unresolved,Exception,manual review: unrecognised v0.2 decision vocabulary,,,,EXCEPTION_REVIEW,manual review: imported row has sourceRowId but no comparison/recovery match,Auswahl,selected_choice_value,CAT08-redemittel-cat08_r_022,false,,Welche Form passt? email/phone,,Delivery status,,Die Lieferung ist leider verspätet. | Die Lieferung ist leider spät. | Die Lieferung hat Verspätung. | Ich möchte gern die Ware bestellen.,,Die Lieferung ist leider verspätet.,,Watch: verspätet adjective,,,,,duplicate_v02_same_decision,imported_source_without_replacement_layer_match,
content/b1-m08-orders-delivery.js,v080149_cat08_redemittel_cat08_r_023,cat08-r-023,cat08-r-023,matched_lineage_or_unresolved,Exception,manual review: unrecognised v0.2 decision vocabulary,,,,EXCEPTION_REVIEW,manual review: imported row has sourceRowId but no comparison/recovery match,Auswahl,selected_choice_value,CAT08-redemittel-cat08_r_023,false,,Welche Form passt? email/phone,,Delivery status,,Es gibt eine Verzögerung bei der Lieferung. | Es gibt eine Verspätung auf der Lieferung. | Die Lieferung macht Verzögerung. | Ich möchte gern die Ware bestellen.,,Es gibt eine Verzögerung bei der Lieferung.,,Watch: bei der Lieferung,,,,,duplicate_v02_same_decision,imported_source_without_replacement_layer_match,
content/b1-m08-orders-delivery.js,v080149_cat08_redemittel_cat08_r_024,cat08-r-024,cat08-r-024,matched_lineage_or_unresolved,Exception,manual review: unrecognised v0.2 decision vocabulary,,,,EXCEPTION_REVIEW,manual review: imported row has sourceRowId but no comparison/recovery match,Auswahl,selected_choice_value,CAT08-redemittel-cat08_r_024,false,,Welche Form passt? email/portal,,Delivery tracking,,Ich möchte die Sendung verfolgen. | Ich möchte die Lieferung folgen. | Ich möchte die Sendung folgen. | Ich möchte gern die Ware bestellen.,,Ich möchte die Sendung verfolgen.,,Watch: verfolgen takes direct object,,,,,duplicate_v02_same_decision,imported_source_without_replacement_layer_match,
content/b1-m08-orders-delivery.js,v080149_cat08_redemittel_cat08_r_025,cat08-r-025,cat08-r-025,matched_lineage_or_unresolved,Exception,manual review: unrecognised v0.2 decision vocabulary,,,,EXCEPTION_REVIEW,manual review: imported row has sourceRowId but no comparison/recovery match,Auswahl,selected_choice_value,CAT08-redemittel-cat08_r_025,false,,Welche Form passt? email/phone,,Delivery tracking,,Können Sie mir die Sendungsnummer schicken? | Schicken Sie mir Sendungsnummer. | Können Sie die Bestellnummer schicken? | Ich möchte gern die Ware bestellen.,,Können Sie mir die Sendungsnummer schicken?,,Watch: tracking number vs order number,,,,,duplicate_v02_same_decision,imported_source_without_replacement_layer_match,
content/b1-m08-orders-delivery.js,v080149_cat08_redemittel_cat08_r_026,cat08-r-026,cat08-r-026,matched_lineage_or_unresolved,Exception,manual review: unrecognised v0.2 decision vocabulary,,,,EXCEPTION_REVIEW,manual review: imported row has sourceRowId but no comparison/recovery match,Auswahl,selected_choice_value,CAT08-redemittel-cat08_r_026,false,,Welche Form passt? email/portal,,Delivery tracking,,Die Sendungsnummer funktioniert nicht. | Die Nummer geht nicht. | Die Sendungsnummer arbeitet nicht. | Ich möchte gern die Ware bestellen.,,Die Sendungsnummer funktioniert nicht.,,Watch: funktionieren for number/link,,,,,duplicate_v02_same_decision,imported_source_without_replacement_layer_match,
content/b1-m08-orders-delivery.js,v080149_cat08_redemittel_cat08_r_027,cat08-r-027,cat08-r-027,matched_lineage_or_unresolved,Exception,manual review: unrecognised v0.2 decision vocabulary,,,,EXCEPTION_REVIEW,manual review: imported row has sourceRowId but no comparison/recovery match,Auswahl,selected_choice_value,CAT08-redemittel-cat08_r_027,false,,Welche Form passt? shop/phone,,Delivery option,,Ich möchte das Paket in der Filiale abholen. | Ich möchte das Paket holen in Filiale. | Ich möchte Lieferung abholen. | Ich möchte gern die Ware bestellen.,,Ich möchte das Paket in der Filiale abholen.,,Watch: abholen word order/object,,,,,duplicate_v02_same_decision,imported_source_without_replacement_layer_match,
content/b1-m08-orders-delivery.js,v080149_cat08_redemittel_cat08_r_031,cat08-r-031,cat08-r-031,matched_lineage_or_unresolved,Exception,manual review: unrecognised v0.2 decision vocabulary,,,,EXCEPTION_REVIEW,manual review: imported row has sourceRowId but no comparison/recovery match,Auswahl,selected_choice_value,CAT08-redemittel-cat08_r_031,false,,Welche Form passt? phone/workplace,,Delivery receipt,,Ich habe das Paket angenommen. | Ich habe das Paket akzeptiert. | Ich bin das Paket angenommen. | Ich möchte gern die Ware bestellen.,,Ich habe das Paket angenommen.,,Watch: annehmen vs akzeptieren,,,,,duplicate_v02_same_decision,imported_source_without_replacement_layer_match,
content/b1-m08-orders-delivery.js,v080149_cat08_redemittel_cat08_r_032,cat08-r-032,cat08-r-032,matched_lineage_or_unresolved,Exception,manual review: unrecognised v0.2 decision vocabulary,,,,EXCEPTION_REVIEW,manual review: imported row has sourceRowId but no comparison/recovery match,Auswahl,selected_choice_value,CAT08-redemittel-cat08_r_032,false,,Welche Form passt? phone/workplace,,Delivery receipt,,Die Ware ist heute angekommen. | Die Ware hat angekommen. | Die Ware ist heute bekommen. | Ich möchte gern die Ware bestellen.,,Die Ware ist heute angekommen.,,Watch: ankommen uses sein in Perfekt,,,,,duplicate_v02_same_decision,imported_source_without_replacement_layer_match,
content/b1-m08-orders-delivery.js,v080149_cat08_redemittel_cat08_r_033,cat08-r-033,cat08-r-033,matched_lineage_or_unresolved,Exception,manual review: unrecognised v0.2 decision vocabulary,,,,EXCEPTION_REVIEW,manual review: imported row has sourceRowId but no comparison/recovery match,Auswahl,selected_choice_value,CAT08-redemittel-cat08_r_033,false,,Welche Form passt? email/workplace,,Delivery receipt,,Ich habe die Ware erhalten. | Ich bin Ware erhalten. | Ich habe Ware bekommen. | Ich möchte gern die Ware bestellen.,,Ich habe die Ware erhalten.,,Watch: formal erhalten with haben,,,,,duplicate_v02_same_decision,imported_source_without_replacement_layer_match,
content/b1-m08-orders-delivery.js,v080149_cat08_redemittel_cat08_r_034,cat08-r-034,cat08-r-034,matched_lineage_or_unresolved,Exception,manual review: unrecognised v0.2 decision vocabulary,,,,EXCEPTION_REVIEW,manual review: imported row has sourceRowId but no comparison/recovery match,Auswahl,selected_choice_value,CAT08-redemittel-cat08_r_034,false,,Welche Form passt? email,,Invoice,,Könnten Sie mir bitte die Rechnung schicken? | Schicken Sie mir Rechnung. | Können Sie bitte mir die Rechnung schicken? | Ich möchte gern die Ware bestellen.,,Könnten Sie mir bitte die Rechnung schicken?,,Watch: word order/politeness,,,,,duplicate_v02_same_decision,imported_source_without_replacement_layer_match,
content/b1-m08-orders-delivery.js,v080149_cat08_redemittel_cat08_r_035,cat08-r-035,cat08-r-035,matched_lineage_or_unresolved,Exception,manual review: unrecognised v0.2 decision vocabulary,,,,EXCEPTION_REVIEW,manual review: imported row has sourceRowId but no comparison/recovery match,Auswahl,selected_choice_value,CAT08-redemittel-cat08_r_035,false,,Welche Form passt? email,,Invoice,,Ich habe die Rechnung noch nicht erhalten. | Ich habe die Rechnung nicht bekommen noch. | Ich bin die Rechnung nicht erhalten. | Ich möchte gern die Ware bestellen.,,Ich habe die Rechnung noch nicht erhalten.,,Watch: noch nicht + Perfekt,,,,,duplicate_v02_same_decision,imported_source_without_replacement_layer_match,
content/b1-m08-orders-delivery.js,v080149_cat08_redemittel_cat08_r_036,cat08-r-036,cat08-r-036,matched_lineage_or_unresolved,Exception,manual review: unrecognised v0.2 decision vocabulary,,,,EXCEPTION_REVIEW,manual review: imported row has sourceRowId but no comparison/recovery match,Auswahl,selected_choice_value,CAT08-redemittel-cat08_r_036,false,,Welche Form passt? email,,Invoice,,Auf der Rechnung steht eine andere Adresse. | In der Rechnung steht... | Die Rechnung hat andere Adresse. | Ich möchte gern die Ware bestellen.,,Auf der Rechnung steht eine andere Adresse.,,Watch: auf der Rechnung stehen,,,,,duplicate_v02_same_decision,imported_source_without_replacement_layer_match,
content/b1-m08-orders-delivery.js,v080149_cat08_redemittel_cat08_r_039,cat08-r-039,cat08-r-039,matched_lineage_or_unresolved,Exception,manual review: unrecognised v0.2 decision vocabulary,,,,EXCEPTION_REVIEW,manual review: imported row has sourceRowId but no comparison/recovery match,Auswahl,selected_choice_value,CAT08-redemittel-cat08_r_039,false,,Welche Form passt? email,,Invoice,,Welche Zahlungsart soll ich auswählen? | Welche Zahlung soll ich wählen? | Was Bezahlung? | Ich möchte gern die Ware bestellen.,,Welche Zahlungsart soll ich auswählen?,,Watch: payment-method noun,,,,,duplicate_v02_same_decision,imported_source_without_replacement_layer_match,
content/b1-m08-orders-delivery.js,v080149_cat08_redemittel_cat08_r_041,cat08-r-041,cat08-r-041,matched_lineage_or_unresolved,Exception,manual review: unrecognised v0.2 decision vocabulary,,,,EXCEPTION_REVIEW,manual review: imported row has sourceRowId but no comparison/recovery match,Auswahl,selected_choice_value,CAT08-redemittel-cat08_r_041,false,,Welche Form passt? email,,Invoice,,Ich habe den Betrag überwiesen. | Ich habe Betrag geschickt. | Ich bin Betrag überwiesen. | Ich möchte gern die Ware bestellen.,,Ich habe den Betrag überwiesen.,,Watch: überweisen with amount,,,,,duplicate_v02_same_decision,imported_source_without_replacement_layer_match,
content/b1-m08-orders-delivery.js,v080149_cat08_redemittel_cat08_r_043,cat08-r-043,cat08-r-043,matched_lineage_or_unresolved,Exception,manual review: unrecognised v0.2 decision vocabulary,,,,EXCEPTION_REVIEW,manual review: imported row has sourceRowId but no comparison/recovery match,Auswahl,selected_choice_value,CAT08-redemittel-cat08_r_043,false,,Welche Form passt? delivery,,Documents,,Im Paket liegt ein Lieferschein. | Im Paket ist eine Rechnung. | Paket hat Lieferschein. | Ich möchte gern die Ware bestellen.,,Im Paket liegt ein Lieferschein.,,Watch: Lieferschein vs Rechnung,,,,,duplicate_v02_same_decision,imported_source_without_replacement_layer_match,
content/b1-m08-orders-delivery.js,v080149_cat08_redemittel_cat08_r_044,cat08-r-044,cat08-r-044,matched_lineage_or_unresolved,Exception,manual review: unrecognised v0.2 decision vocabulary,,,,EXCEPTION_REVIEW,manual review: imported row has sourceRowId but no comparison/recovery match,Auswahl,selected_choice_value,CAT08-redemittel-cat08_r_044,false,,Welche Form passt? delivery,,Documents,,Bitte bewahren Sie den Beleg auf. | Bitte behalten Sie Beleg. | Bitte legen Sie Beleg ab. | Ich möchte gern die Ware bestellen.,,Bitte bewahren Sie den Beleg auf.,,Watch: aufbewahren separable verb,,,,,duplicate_v02_same_decision,imported_source_without_replacement_layer_match,
content/b1-m08-orders-delivery.js,v080149_cat08_redemittel_cat08_r_054,cat08-r-054,cat08-r-054,matched_replacement_layer,Exception,manual review: unrecognised v0.2 decision vocabulary,revise_light,revise_light,,EXCEPTION_REVIEW,manual review: comparison/recovery row exists but decision is not apply-ready,Auswahl,selected_choice_value,CAT08-redemittel-cat08_r_054,false,,Welche Form passt? email/phone,,Follow-up,,"Ich wollte kurz nachfragen, ob die Lieferung unterwegs ist. | Ich wollte fragen, ist die Lieferung unterwegs. | Ist Lieferung unterwegs? | Ich möchte gern die Ware bestellen.",,"Ich wollte kurz nachfragen, ob die Lieferung unterwegs ist.","Ich wollte kurz nachfragen, ob die Lieferung unterwegs ist.",Watch: ob-clause word order,,,,,duplicate_v02_lineage_resolved,unclear_v02_decision,
content/b1-m08-orders-delivery.js,v080149_cat08_wortschatz_cat08_w_021,cat08-w-021,cat08-w-021,matched_replacement_layer,Exception,manual review: unrecognised v0.2 decision vocabulary,revise_light,revise_light,,EXCEPTION_REVIEW,manual review: comparison/recovery row exists but decision is not apply-ready,Auswahl,selected_choice_value,CAT08-wortschatz-cat08_w_021,false,,Welches Wort passt? to order,,Order actions,,bestellen | anfordern | buchen | die Bestellung,,bestellen,bestellen,Core CAT08 action.,,,,,duplicate_v02_lineage_resolved,unclear_v02_decision,
content/b1-m08-orders-delivery.js,v080149_cat08_wortschatz_cat08_w_022,cat08-w-022,cat08-w-022,matched_replacement_layer,Exception,manual review: unrecognised v0.2 decision vocabulary,revise_light,revise_light,,EXCEPTION_REVIEW,manual review: comparison/recovery row exists but decision is not apply-ready,Auswahl,selected_choice_value,CAT08-wortschatz-cat08_w_022,false,,Welches Wort passt? to place/submit,,Order actions,,aufgeben | geben | abgeben | die Bestellung,,aufgeben,aufgeben,With Bestellung: eine Bestellung aufgeben.,,,,,duplicate_v02_lineage_resolved,unclear_v02_decision,
content/b1-m08-orders-delivery.js,v080149_cat08_wortschatz_cat08_w_023,cat08-w-023,cat08-w-023,matched_replacement_layer,Exception,manual review: unrecognised v0.2 decision vocabulary,revise_light,revise_light,,EXCEPTION_REVIEW,manual review: comparison/recovery row exists but decision is not apply-ready,Auswahl,selected_choice_value,CAT08-wortschatz-cat08_w_023,false,,Welches Wort passt? to choose/select,,Order actions,,auswählen | wählen | aussuchen | die Bestellung,,auswählen,auswählen,"Choose product, colour, size, delivery option.",,,,,duplicate_v02_lineage_resolved,unclear_v02_decision,
content/b1-m08-orders-delivery.js,v080149_cat08_wortschatz_cat08_w_024,cat08-w-024,cat08-w-024,matched_replacement_layer,Exception,manual review: unrecognised v0.2 decision vocabulary,revise_light,revise_light,,EXCEPTION_REVIEW,manual review: comparison/recovery row exists but decision is not apply-ready,Auswahl,selected_choice_value,CAT08-wortschatz-cat08_w_024,false,,Welches Wort passt? to add,,Order actions,,hinzufügen | zufügen | legen | die Bestellung,,hinzufügen,hinzufügen,Online basket/action.,,,,,duplicate_v02_lineage_resolved,unclear_v02_decision,
content/b1-m08-orders-delivery.js,v080149_cat08_wortschatz_cat08_w_025,cat08-w-025,cat08-w-025,matched_replacement_layer,Exception,manual review: unrecognised v0.2 decision vocabulary,revise_light,revise_light,,EXCEPTION_REVIEW,manual review: comparison/recovery row exists but decision is not apply-ready,Auswahl,selected_choice_value,CAT08-wortschatz-cat08_w_025,false,,Welches Wort passt? to change,,Order actions,,ändern | wechseln | verschieben | die Bestellung,,ändern,ändern,"Change order, address, quantity.",,,,,duplicate_v02_lineage_resolved,unclear_v02_decision,
content/b1-m08-orders-delivery.js,v080149_cat08_wortschatz_cat08_w_026,cat08-w-026,cat08-w-026,matched_replacement_layer,Exception,manual review: unrecognised v0.2 decision vocabulary,revise_light,revise_light,,EXCEPTION_REVIEW,manual review: comparison/recovery row exists but decision is not apply-ready,Auswahl,selected_choice_value,CAT08-wortschatz-cat08_w_026,false,,Welches Wort passt? to cancel an order,,Order actions,,stornieren | absagen | kündigen | die Bestellung,,stornieren,stornieren,"Common for cancelling an order, not every appointment.",,,,,duplicate_v02_lineage_resolved,unclear_v02_decision,
content/b1-m08-orders-delivery.js,v080149_cat08_wortschatz_cat08_w_027,cat08-w-027,cat08-w-027,matched_replacement_layer,Exception,manual review: unrecognised v0.2 decision vocabulary,revise_light,revise_light,,EXCEPTION_REVIEW,manual review: comparison/recovery row exists but decision is not apply-ready,Auswahl,selected_choice_value,CAT08-wortschatz-cat08_w_027,false,,Welches Wort passt? to confirm,,Order actions,,bestätigen | bejahen | bestätigen lassen | die Bestellung,,bestätigen,bestätigen,"Confirm order, delivery date, receipt.",,,,,duplicate_v02_lineage_resolved,unclear_v02_decision,
content/b1-m08-orders-delivery.js,v080149_cat08_wortschatz_cat08_w_028,cat08-w-028,cat08-w-028,matched_replacement_layer,Exception,manual review: unrecognised v0.2 decision vocabulary,revise_light,revise_light,,EXCEPTION_REVIEW,manual review: comparison/recovery row exists but decision is not apply-ready,Auswahl,selected_choice_value,CAT08-wortschatz-cat08_w_028,false,,Welches Wort passt? to process/work on,,Order actions,,bearbeiten | verarbeiten | arbeiten an | die Bestellung,,bearbeiten,bearbeiten,Order processing.,,,,,duplicate_v02_lineage_resolved,unclear_v02_decision,
content/b1-m08-orders-delivery.js,v080149_cat08_wortschatz_cat08_w_029,cat08-w-029,cat08-w-029,matched_replacement_layer,Exception,manual review: unrecognised v0.2 decision vocabulary,revise_light,revise_light,,EXCEPTION_REVIEW,manual review: comparison/recovery row exists but decision is not apply-ready,Auswahl,selected_choice_value,CAT08-wortschatz-cat08_w_029,false,,Welches Wort passt? to check/review,,Order actions,,prüfen | kontrollieren | testen | die Bestellung,,prüfen,prüfen,"Check invoice, order, delivery.",,,,,duplicate_v02_lineage_resolved,unclear_v02_decision,
content/b1-m08-orders-delivery.js,v080149_cat08_wortschatz_cat08_w_030,cat08-w-030,cat08-w-030,matched_replacement_layer,Exception,manual review: unrecognised v0.2 decision vocabulary,revise_light,revise_light,,EXCEPTION_REVIEW,manual review: comparison/recovery row exists but decision is not apply-ready,Auswahl,selected_choice_value,CAT08-wortschatz-cat08_w_030,false,,Welches Wort passt? to receive,,Order actions,,erhalten | bekommen | holen | die Bestellung,,erhalten,erhalten,Receive goods/invoice/confirmation.,,,,,duplicate_v02_lineage_resolved,unclear_v02_decision,
content/b1-m08-orders-delivery.js,v080149_cat08_wortschatz_cat08_w_031,cat08-w-031,cat08-w-031,matched_replacement_layer,Exception,manual review: unrecognised v0.2 decision vocabulary,revise_light,revise_light,,EXCEPTION_REVIEW,manual review: comparison/recovery row exists but decision is not apply-ready,Auswahl,selected_choice_value,CAT08-wortschatz-cat08_w_031,false,,Welches Wort passt? to arrive,,Order actions,,ankommen | erhalten | liefern | die Bestellung,,ankommen,ankommen,Package/delivery arrives.,,,,,duplicate_v02_lineage_resolved,unclear_v02_decision,
content/b1-m08-orders-delivery.js,v080149_cat08_wortschatz_cat08_w_032,cat08-w-032,cat08-w-032,matched_replacement_layer,Exception,manual review: unrecognised v0.2 decision vocabulary,revise_light,revise_light,,EXCEPTION_REVIEW,manual review: comparison/recovery row exists but decision is not apply-ready,Auswahl,selected_choice_value,CAT08-wortschatz-cat08_w_032,false,,Welches Wort passt? to deliver,,Order actions,,liefern | schicken | bringen | die Bestellung,,liefern,liefern,Seller/carrier delivers.,,,,,duplicate_v02_lineage_resolved,unclear_v02_decision,
content/b1-m08-orders-delivery.js,v080149_cat08_wortschatz_cat08_w_033,cat08-w-033,cat08-w-033,matched_replacement_layer,Exception,manual review: unrecognised v0.2 decision vocabulary,revise_light,revise_light,,EXCEPTION_REVIEW,manual review: comparison/recovery row exists but decision is not apply-ready,Auswahl,selected_choice_value,CAT08-wortschatz-cat08_w_033,false,,Welches Wort passt? to dispatch/deliver out,,Order actions,,ausliefern | liefern | verschicken | die Bestellung,,ausliefern,ausliefern,Often logistics/company-side.,,,,,duplicate_v02_lineage_resolved,unclear_v02_decision,
content/b1-m08-orders-delivery.js,v080149_cat08_wortschatz_cat08_w_034,cat08-w-034,cat08-w-034,matched_replacement_layer,Exception,manual review: unrecognised v0.2 decision vocabulary,revise_light,revise_light,,EXCEPTION_REVIEW,manual review: comparison/recovery row exists but decision is not apply-ready,Auswahl,selected_choice_value,CAT08-wortschatz-cat08_w_034,false,,Welches Wort passt? to send/dispatch,,Order actions,,verschicken | schicken | liefern | die Bestellung,,verschicken,verschicken,Company sends goods/documents.,,,,,duplicate_v02_lineage_resolved,unclear_v02_decision,
content/b1-m08-orders-delivery.js,v080149_cat08_wortschatz_cat08_w_035,cat08-w-035,cat08-w-035,matched_replacement_layer,Exception,manual review: unrecognised v0.2 decision vocabulary,revise_light,revise_light,,EXCEPTION_REVIEW,manual review: comparison/recovery row exists but decision is not apply-ready,Auswahl,selected_choice_value,CAT08-wortschatz-cat08_w_035,false,,Welches Wort passt? to send/dispatch,,Order actions,,versenden | verschicken | liefern | die Bestellung,,versenden,versenden,More formal/process word for shipping.,,,,,duplicate_v02_lineage_resolved,unclear_v02_decision,
content/b1-m08-orders-delivery.js,v080149_cat08_wortschatz_cat08_w_036,cat08-w-036,cat08-w-036,matched_lineage_or_unresolved,Exception,manual review: unrecognised v0.2 decision vocabulary,,,,EXCEPTION_REVIEW,manual review: imported row has sourceRowId but no comparison/recovery match,Auswahl,selected_choice_value,CAT08-wortschatz-cat08_w_036,false,,Welches Wort passt? to deliver to recipient,,Order actions,,zustellen | liefern | schicken | die Bestellung,,zustellen,,Carrier delivers to an address/person.,,,,,duplicate_v02_same_decision,imported_source_without_replacement_layer_match,
content/b1-m08-orders-delivery.js,v080149_cat08_wortschatz_cat08_w_037,cat08-w-037,cat08-w-037,matched_lineage_or_unresolved,Exception,manual review: unrecognised v0.2 decision vocabulary,,,,EXCEPTION_REVIEW,manual review: imported row has sourceRowId but no comparison/recovery match,Auswahl,selected_choice_value,CAT08-wortschatz-cat08_w_037,false,,Welches Wort passt? to accept/receive,,Order actions,,annehmen | bekommen | erhalten | die Bestellung,,annehmen,,Accept a package or delivery.,,,,,duplicate_v02_same_decision,imported_source_without_replacement_layer_match,
content/b1-m08-orders-delivery.js,v080149_cat08_wortschatz_cat08_w_038,cat08-w-038,cat08-w-038,matched_lineage_or_unresolved,Exception,manual review: unrecognised v0.2 decision vocabulary,,,,EXCEPTION_REVIEW,manual review: imported row has sourceRowId but no comparison/recovery match,Auswahl,selected_choice_value,CAT08-wortschatz-cat08_w_038,false,,Welches Wort passt? to pick up/collect,,Order actions,,abholen | holen | bekommen | die Bestellung,,abholen,,Pick up parcel/order.,,,,,duplicate_v02_same_decision,imported_source_without_replacement_layer_match,
content/b1-m08-orders-delivery.js,v080149_cat08_wortschatz_cat08_w_040,cat08-w-040,cat08-w-040,matched_lineage_or_unresolved,Exception,manual review: unrecognised v0.2 decision vocabulary,,,,EXCEPTION_REVIEW,manual review: imported row has sourceRowId but no comparison/recovery match,Auswahl,selected_choice_value,CAT08-wortschatz-cat08_w_040,false,,Welches Wort passt? to ask/check again,,Order actions,,nachfragen | fragen | beschweren | die Bestellung,,nachfragen,,Ask about delivery/order status.,,,,,duplicate_v02_same_decision,imported_source_without_replacement_layer_match,
content/b1-m08-orders-delivery.js,v080149_cat08_wortschatz_cat08_w_064,cat08-w-064,cat08-w-064,matched_lineage_or_unresolved,Exception,manual review: unrecognised v0.2 decision vocabulary,,,,EXCEPTION_REVIEW,manual review: imported row has sourceRowId but no comparison/recovery match,Auswahl,selected_choice_value,CAT08-wortschatz-cat08_w_064,false,,Welches Wort passt? expected/estimated,,Delivery,,voraussichtlich | ungefähr | wahrscheinlich | die Bestellung,,voraussichtlich,,Common in delivery estimates.,,,,,duplicate_v02_same_decision,imported_source_without_replacement_layer_match,
content/b1-m08-orders-delivery.js,v080149_cat08_wortschatz_cat08_w_065,cat08-w-065,cat08-w-065,matched_lineage_or_unresolved,Exception,manual review: unrecognised v0.2 decision vocabulary,,,,EXCEPTION_REVIEW,manual review: imported row has sourceRowId but no comparison/recovery match,Auswahl,selected_choice_value,CAT08-wortschatz-cat08_w_065,false,,Welches Wort passt? on time/punctual,,Delivery,,pünktlich | rechtzeitig | verspätet | die Bestellung,,pünktlich,,For delivery/person.,,,,,duplicate_v02_same_decision,imported_source_without_replacement_layer_match,
content/b1-m08-orders-delivery.js,v080149_cat08_wortschatz_cat08_w_066,cat08-w-066,cat08-w-066,matched_lineage_or_unresolved,Exception,manual review: unrecognised v0.2 decision vocabulary,,,,EXCEPTION_REVIEW,manual review: imported row has sourceRowId but no comparison/recovery match,Auswahl,selected_choice_value,CAT08-wortschatz-cat08_w_066,false,,Welches Wort passt? delayed/late,,Delivery,,verspätet | spät | verschoben | die Bestellung,,verspätet,,Delivery is delayed.,,,,,duplicate_v02_same_decision,imported_source_without_replacement_layer_match,
content/b1-m08-orders-delivery.js,v080149_cat08_wortschatz_cat08_w_075,cat08-w-075,cat08-w-075,matched_lineage_or_unresolved,Exception,manual review: unrecognised v0.2 decision vocabulary,,,,EXCEPTION_REVIEW,manual review: imported row has sourceRowId but no comparison/recovery match,Auswahl,selected_choice_value,CAT08-wortschatz-cat08_w_075,false,,Welches Wort passt? available for delivery,,Delivery,,lieferbar | verfügbar | vorrätig | die Bestellung,,lieferbar,,Product availability.,,,,,duplicate_v02_same_decision,imported_source_without_replacement_layer_match,
content/b1-m08-orders-delivery.js,v080149_cat08_wortschatz_cat08_w_076,cat08-w-076,cat08-w-076,matched_lineage_or_unresolved,Exception,manual review: unrecognised v0.2 decision vocabulary,,,,EXCEPTION_REVIEW,manual review: imported row has sourceRowId but no comparison/recovery match,Auswahl,selected_choice_value,CAT08-wortschatz-cat08_w_076,false,,Welches Wort passt? available,,Delivery,,verfügbar | lieferbar | frei | die Bestellung,,verfügbar,,General availability.,,,,,duplicate_v02_same_decision,imported_source_without_replacement_layer_match,
content/b1-m08-orders-delivery.js,v080149_cat08_wortschatz_cat08_w_077,cat08-w-077,cat08-w-077,matched_lineage_or_unresolved,Exception,manual review: unrecognised v0.2 decision vocabulary,,,,EXCEPTION_REVIEW,manual review: imported row has sourceRowId but no comparison/recovery match,Auswahl,selected_choice_value,CAT08-wortschatz-cat08_w_077,false,,Welches Wort passt? in stock,,Delivery,,vorrätig | verfügbar | lieferbar | die Bestellung,,vorrätig,,Stock at shop/warehouse.,,,,,duplicate_v02_same_decision,imported_source_without_replacement_layer_match,
content/b1-m09-complaints-customer-service.js,v080149_cat09_practice_family_cat09_pf_009,cat09-pf-009,cat09-pf-009,matched_lineage_or_unresolved,Exception,manual review: unrecognised v0.2 decision vocabulary,,,,EXCEPTION_REVIEW,manual review: imported row has sourceRowId but no comparison/recovery match,Auswahl,selected_choice_value,CAT09-practice_family-cat09_pf_009,false,,Welche Formulierung ist natürlich?,,A Die Lieferung ist unvollständig. / B Die Lieferung ist unkomplett gemacht. / C Die Lieferung fehlt alles.,,A | A Die Lieferung ist unvollständig. | B Die Lieferung ist unkomplett gemacht. | C Die Lieferung fehlt alles.,,A,,Use “unvollständig” for an incomplete delivery.,,,,,duplicate_v02_same_decision,imported_source_without_replacement_layer_match,
content/b1-m09-complaints-customer-service.js,v080149_cat09_practice_family_cat09_pf_040,cat09-pf-040,cat09-pf-040,matched_lineage_or_unresolved,Exception,manual review: unrecognised v0.2 decision vocabulary,,,,EXCEPTION_REVIEW,manual review: imported row has sourceRowId but no comparison/recovery match,Auswahl,selected_choice_value,CAT09-practice_family-cat09_pf_040,false,,Welche Bitte ist höflich und klar?,,A Ich bitte um eine Lösung. / B Machen Sie sofort etwas! / C Das ist nicht mein Problem.,,A | A Ich bitte um eine Lösung. | B Machen Sie sofort etwas! | C Das ist nicht mein Problem.,,A,,“Ich bitte um ...” is polite and clear.,,,,,duplicate_v02_same_decision,imported_source_without_replacement_layer_match,
content/b1-m09-complaints-customer-service.js,v080149_cat09_practice_family_cat09_pf_044,cat09-pf-044,cat09-pf-044,matched_lineage_or_unresolved,Exception,manual review: unrecognised v0.2 decision vocabulary,,,,EXCEPTION_REVIEW,manual review: imported row has sourceRowId but no comparison/recovery match,Auswahl,selected_choice_value,CAT09-practice_family-cat09_pf_044,false,,Welche Form ist natürlich?,,A Ein Teil fehlt. / B Ein Teil ist fehlen. / C Ein Teil macht fehlen.,,A | A Ein Teil fehlt. | B Ein Teil ist fehlen. | C Ein Teil macht fehlen.,,A,,Use “fehlt” as the finite verb.,,,,,duplicate_v02_same_decision,imported_source_without_replacement_layer_match,
content/b1-m09-complaints-customer-service.js,v080149_cat09_practice_family_cat09_pf_045,cat09-pf-045,cat09-pf-045,matched_lineage_or_unresolved,Exception,manual review: unrecognised v0.2 decision vocabulary,,,,EXCEPTION_REVIEW,manual review: imported row has sourceRowId but no comparison/recovery match,Auswahl,selected_choice_value,CAT09-practice_family-cat09_pf_045,false,,Welche Antwort enthält eine konkrete Aktion?,,A Wir prüfen den Fall. / B Mit freundlichen Grüßen. / C Vielen Dank.,,A | A Wir prüfen den Fall. | B Mit freundlichen Grüßen. | C Vielen Dank.,,A,,“Wir prüfen den Fall” says what the service will do.,,,,,duplicate_v02_same_decision,imported_source_without_replacement_layer_match,
content/b1-m09-complaints-customer-service.js,v080149_cat09_practice_family_cat09_pf_046,cat09-pf-046,cat09-pf-046,matched_lineage_or_unresolved,Exception,manual review: unrecognised v0.2 decision vocabulary,,,,EXCEPTION_REVIEW,manual review: imported row has sourceRowId but no comparison/recovery match,Auswahl,selected_choice_value,CAT09-practice_family-cat09_pf_046,false,,"Welche Form ist höflich, aber klar?",,A Das ist für mich keine passende Lösung. / B Das ist Quatsch. / C Sie sind schuld.,,A | A Das ist für mich keine passende Lösung. | B Das ist Quatsch. | C Sie sind schuld.,,A,,This rejects the solution without becoming rude.,,,,,duplicate_v02_same_decision,imported_source_without_replacement_layer_match,
content/b1-m09-complaints-customer-service.js,v080149_cat09_practice_family_cat09_pf_047,cat09-pf-047,cat09-pf-047,matched_lineage_or_unresolved,Exception,manual review: unrecognised v0.2 decision vocabulary,,,,EXCEPTION_REVIEW,manual review: imported row has sourceRowId but no comparison/recovery match,Auswahl,selected_choice_value,CAT09-practice_family-cat09_pf_047,false,,Welche Nummer passt zur ganzen Bestellung?,,A Bestellnummer / B Artikelnummer / C Seriennummer,,A | A Bestellnummer | B Artikelnummer | C Seriennummer,,A,,Bestellnummer identifies the order.,,,,,duplicate_v02_same_decision,imported_source_without_replacement_layer_match,
content/b1-m09-complaints-customer-service.js,v080149_cat09_practice_family_cat09_pf_048,cat09-pf-048,cat09-pf-048,matched_lineage_or_unresolved,Exception,manual review: unrecognised v0.2 decision vocabulary,,,,EXCEPTION_REVIEW,manual review: imported row has sourceRowId but no comparison/recovery match,Auswahl,selected_choice_value,CAT09-practice_family-cat09_pf_048,false,,Welche Nummer passt zu einem bestimmten Produkt?,,A Artikelnummer / B Kundennummer / C Fallnummer,,A | A Artikelnummer | B Kundennummer | C Fallnummer,,A,,Artikelnummer identifies the item/product.,,,,,duplicate_v02_same_decision,imported_source_without_replacement_layer_match,
content/b1-m09-complaints-customer-service.js,v080149_cat09_redemittel_cat09_r_001,cat09-r-001,cat09-r-001,matched_replacement_layer,Exception,manual review: unrecognised v0.2 decision vocabulary,revise_light,revise_light,,EXCEPTION_REVIEW,manual review: comparison/recovery row exists but decision is not apply-ready,Auswahl,selected_choice_value,CAT09-redemittel-cat09_r_001,false,,Welche Form passt? email/phone,,open complaint,,Ich möchte eine Reklamation melden. | Beschwerde | Reklamation | Ich will reklamieren.,,Ich möchte eine Reklamation melden.,Ich möchte eine Reklamation melden.,Watch: missing eine,,,,,duplicate_v02_lineage_resolved,unclear_v02_decision,
content/b1-m09-complaints-customer-service.js,v080149_cat09_redemittel_cat09_r_002,cat09-r-002,cat09-r-002,matched_replacement_layer,Exception,manual review: unrecognised v0.2 decision vocabulary,revise_light,revise_light,,EXCEPTION_REVIEW,manual review: comparison/recovery row exists but decision is not apply-ready,Auswahl,selected_choice_value,CAT09-redemittel-cat09_r_002,false,,Welche Form passt? email,,open complaint,,Ich schreibe Ihnen wegen meiner Bestellung. | zu meiner Bestellung | Ich schreibe wegen Bestellung. | Ich möchte eine Reklamation melden.,,Ich schreibe Ihnen wegen meiner Bestellung.,Ich schreibe Ihnen wegen meiner Bestellung.,Watch: missing article/possessive,,,,,duplicate_v02_lineage_resolved,unclear_v02_decision,
content/b1-m09-complaints-customer-service.js,v080149_cat09_redemittel_cat09_r_004,cat09-r-004,cat09-r-004,matched_replacement_layer,Exception,manual review: unrecognised v0.2 decision vocabulary,revise_light,revise_light,,EXCEPTION_REVIEW,manual review: comparison/recovery row exists but decision is not apply-ready,Auswahl,selected_choice_value,CAT09-redemittel-cat09_r_004,false,,Welche Form passt? email/phone,,open complaint,,Es geht um die Bestellung mit der Nummer 12345. | Es geht über die Bestellung. | Ich möchte eine Reklamation melden. | Ich schreibe Ihnen wegen meiner Bestellung.,,Es geht um die Bestellung mit der Nummer 12345.,Es geht um die Bestellung mit der Nummer 12345.,Watch: wrong preposition,,,,,duplicate_v02_lineage_resolved,unclear_v02_decision,
content/b1-m09-complaints-customer-service.js,v080149_cat09_redemittel_cat09_r_005,cat09-r-005,cat09-r-005,matched_replacement_layer,Exception,manual review: unrecognised v0.2 decision vocabulary,revise_light,revise_light,,EXCEPTION_REVIEW,manual review: comparison/recovery row exists but decision is not apply-ready,Auswahl,selected_choice_value,CAT09-redemittel-cat09_r_005,false,,Welche Form passt? email,,open complaint,,Leider bin ich mit dem Service nicht zufrieden. | Ich bin nicht zufrieden von dem Service. | Ich möchte eine Reklamation melden. | Ich schreibe Ihnen wegen meiner Bestellung.,,Leider bin ich mit dem Service nicht zufrieden.,Leider bin ich mit dem Service nicht zufrieden.,Watch: wrong preposition,,,,,duplicate_v02_lineage_resolved,unclear_v02_decision,
content/b1-m09-complaints-customer-service.js,v080149_cat09_redemittel_cat09_r_007,cat09-r-007,cat09-r-007,matched_replacement_layer,Exception,manual review: unrecognised v0.2 decision vocabulary,revise_light,revise_light,,EXCEPTION_REVIEW,manual review: comparison/recovery row exists but decision is not apply-ready,Auswahl,selected_choice_value,CAT09-redemittel-cat09_r_007,false,,Welche Form passt? email/phone,,state problem,,Das Gerät funktioniert leider nicht. | Das Gerät arbeitet nicht. | Ich möchte eine Reklamation melden. | Ich schreibe Ihnen wegen meiner Bestellung.,,Das Gerät funktioniert leider nicht.,Das Gerät funktioniert leider nicht.,Watch: wrong verb,,,,,duplicate_v02_lineage_resolved,unclear_v02_decision,
content/b1-m09-complaints-customer-service.js,v080149_cat09_redemittel_cat09_r_008,cat09-r-008,cat09-r-008,matched_replacement_layer,Exception,manual review: unrecognised v0.2 decision vocabulary,revise_light,revise_light,,EXCEPTION_REVIEW,manual review: comparison/recovery row exists but decision is not apply-ready,Auswahl,selected_choice_value,CAT09-redemittel-cat09_r_008,false,,Welche Form passt? email/phone,,state problem,,Ein Teil fehlt in der Lieferung. | Ein Teil ist fehlen. | Ich möchte eine Reklamation melden. | Ich schreibe Ihnen wegen meiner Bestellung.,,Ein Teil fehlt in der Lieferung.,Ein Teil fehlt in der Lieferung.,Watch: verb error,,,,,duplicate_v02_lineage_resolved,unclear_v02_decision,
content/b1-m09-complaints-customer-service.js,v080149_cat09_redemittel_cat09_r_009,cat09-r-009,cat09-r-009,matched_replacement_layer,Exception,manual review: unrecognised v0.2 decision vocabulary,revise_light,revise_light,,EXCEPTION_REVIEW,manual review: comparison/recovery row exists but decision is not apply-ready,Auswahl,selected_choice_value,CAT09-redemittel-cat09_r_009,false,,Welche Form passt? email/phone,,state problem,,Die Lieferung ist leider unvollständig. | Die Lieferung ist nicht komplett. | Ich möchte eine Reklamation melden. | Ich schreibe Ihnen wegen meiner Bestellung.,,Die Lieferung ist leider unvollständig.,Die Lieferung ist leider unvollständig.,Watch: less formal but valid,,,,,duplicate_v02_lineage_resolved,unclear_v02_decision,
content/b1-m09-complaints-customer-service.js,v080149_cat09_redemittel_cat09_r_010,cat09-r-010,cat09-r-010,matched_replacement_layer,Exception,manual review: unrecognised v0.2 decision vocabulary,revise_light,revise_light,,EXCEPTION_REVIEW,manual review: comparison/recovery row exists but decision is not apply-ready,Auswahl,selected_choice_value,CAT09-redemittel-cat09_r_010,false,,Welche Form passt? email/phone,,state problem,,Ich habe den falschen Artikel erhalten. | Ich habe der falsche Artikel bekommen. | Ich möchte eine Reklamation melden. | Ich schreibe Ihnen wegen meiner Bestellung.,,Ich habe den falschen Artikel erhalten.,Ich habe den falschen Artikel erhalten.,Watch: case/adjective error,,,,,duplicate_v02_lineage_resolved,unclear_v02_decision,
content/b1-m09-complaints-customer-service.js,v080149_cat09_redemittel_cat09_r_012,cat09-r-012,cat09-r-012,matched_replacement_layer,Exception,manual review: unrecognised v0.2 decision vocabulary,revise_light,revise_light,,EXCEPTION_REVIEW,manual review: comparison/recovery row exists but decision is not apply-ready,Auswahl,selected_choice_value,CAT09-redemittel-cat09_r_012,false,,Welche Form passt? phone/email,,state problem,,Das Paket ist bisher nicht angekommen. | Das Paket kommt bisher nicht. | Ich möchte eine Reklamation melden. | Ich schreibe Ihnen wegen meiner Bestellung.,,Das Paket ist bisher nicht angekommen.,Das Paket ist bisher nicht angekommen.,Watch: tense/word choice,,,,,duplicate_v02_lineage_resolved,unclear_v02_decision,
content/b1-m09-complaints-customer-service.js,v080149_cat09_redemittel_cat09_r_013,cat09-r-013,cat09-r-013,matched_replacement_layer,Exception,manual review: unrecognised v0.2 decision vocabulary,revise_light,revise_light,,EXCEPTION_REVIEW,manual review: comparison/recovery row exists but decision is not apply-ready,Auswahl,selected_choice_value,CAT09-redemittel-cat09_r_013,false,,Welche Form passt? email,,evidence,,Die Bestellnummer lautet 12345. | Die Bestellnummer ist lautet. | Ich möchte eine Reklamation melden. | Ich schreibe Ihnen wegen meiner Bestellung.,,Die Bestellnummer lautet 12345.,Die Bestellnummer lautet 12345.,Watch: double verb,,,,,duplicate_v02_lineage_resolved,unclear_v02_decision,
content/b1-m09-complaints-customer-service.js,v080149_cat09_redemittel_cat09_r_014,cat09-r-014,cat09-r-014,matched_replacement_layer,Exception,manual review: unrecognised v0.2 decision vocabulary,revise_light,revise_light,,EXCEPTION_REVIEW,manual review: comparison/recovery row exists but decision is not apply-ready,Auswahl,selected_choice_value,CAT09-redemittel-cat09_r_014,false,,Welche Form passt? email,,evidence,,Ich sende Ihnen ein Foto als Nachweis. | Ich schicke Sie ein Foto. | Ich möchte eine Reklamation melden. | Ich schreibe Ihnen wegen meiner Bestellung.,,Ich sende Ihnen ein Foto als Nachweis.,Ich sende Ihnen ein Foto als Nachweis.,Watch: pronoun/case error,,,,,duplicate_v02_lineage_resolved,unclear_v02_decision,
content/b1-m09-complaints-customer-service.js,v080149_cat09_redemittel_cat09_r_015,cat09-r-015,cat09-r-015,matched_replacement_layer,Exception,manual review: unrecognised v0.2 decision vocabulary,revise_light,revise_light,,EXCEPTION_REVIEW,manual review: comparison/recovery row exists but decision is not apply-ready,Auswahl,selected_choice_value,CAT09-redemittel-cat09_r_015,false,,Welche Form passt? email,,evidence,,Im Anhang finden Sie den Kassenbon. | In Anhang finden Sie... | Ich möchte eine Reklamation melden. | Ich schreibe Ihnen wegen meiner Bestellung.,,Im Anhang finden Sie den Kassenbon.,Im Anhang finden Sie den Kassenbon.,Watch: preposition/article error,,,,,duplicate_v02_lineage_resolved,unclear_v02_decision,
content/b1-m09-complaints-customer-service.js,v080149_cat09_redemittel_cat09_r_017,cat09-r-017,cat09-r-017,matched_replacement_layer,Exception,manual review: unrecognised v0.2 decision vocabulary,revise_light,revise_light,,EXCEPTION_REVIEW,manual review: comparison/recovery row exists but decision is not apply-ready,Auswahl,selected_choice_value,CAT09-redemittel-cat09_r_017,false,,Welche Form passt? email/phone,,request check,,Könnten Sie das bitte prüfen? | Prüfen Sie das! | Ich möchte eine Reklamation melden. | Ich schreibe Ihnen wegen meiner Bestellung.,,Könnten Sie das bitte prüfen?,Könnten Sie das bitte prüfen?,Watch: too direct,,,,,duplicate_v02_lineage_resolved,unclear_v02_decision,
content/b1-m09-complaints-customer-service.js,v080149_cat09_redemittel_cat09_r_019,cat09-r-019,cat09-r-019,matched_replacement_layer,Exception,manual review: unrecognised v0.2 decision vocabulary,revise_light,revise_light,,EXCEPTION_REVIEW,manual review: comparison/recovery row exists but decision is not apply-ready,Auswahl,selected_choice_value,CAT09-redemittel-cat09_r_019,false,,Welche Form passt? email/phone,,request solution,,Ich bitte um eine Lösung. | Ich bitte für eine Lösung. | Ich möchte eine Reklamation melden. | Ich schreibe Ihnen wegen meiner Bestellung.,,Ich bitte um eine Lösung.,Ich bitte um eine Lösung.,Watch: wrong preposition,,,,,duplicate_v02_lineage_resolved,unclear_v02_decision,
content/b1-m09-complaints-customer-service.js,v080149_cat09_redemittel_cat09_r_020,cat09-r-020,cat09-r-020,matched_replacement_layer,Exception,manual review: unrecognised v0.2 decision vocabulary,revise_light,revise_light,,EXCEPTION_REVIEW,manual review: comparison/recovery row exists but decision is not apply-ready,Auswahl,selected_choice_value,CAT09-redemittel-cat09_r_020,false,,Welche Form passt? email/phone,,request solution,,Können Sie mir bitte eine Lösung anbieten? | Können Sie mir eine Lösung geben? | Ich möchte eine Reklamation melden. | Ich schreibe Ihnen wegen meiner Bestellung.,,Können Sie mir bitte eine Lösung anbieten?,Können Sie mir bitte eine Lösung anbieten?,Watch: less natural,,,,,duplicate_v02_lineage_resolved,unclear_v02_decision,
content/b1-m09-complaints-customer-service.js,v080149_cat09_redemittel_cat09_r_023,cat09-r-023,cat09-r-023,matched_lineage_or_unresolved,Exception,manual review: unrecognised v0.2 decision vocabulary,,,,EXCEPTION_REVIEW,manual review: imported row has sourceRowId but no comparison/recovery match,Auswahl,selected_choice_value,CAT09-redemittel-cat09_r_023,false,,Welche Form passt? shop/email,,request exchange,,Ich möchte den Artikel umtauschen. | Ich möchte den Artikel austauschen. | Ich möchte eine Reklamation melden. | Ich schreibe Ihnen wegen meiner Bestellung.,,Ich möchte den Artikel umtauschen.,,Watch: may be valid but different nuance,,,,,duplicate_v02_same_decision,imported_source_without_replacement_layer_match,
content/b1-m09-complaints-customer-service.js,v080149_cat09_redemittel_cat09_r_029,cat09-r-029,cat09-r-029,matched_lineage_or_unresolved,Exception,manual review: unrecognised v0.2 decision vocabulary,,,,EXCEPTION_REVIEW,manual review: imported row has sourceRowId but no comparison/recovery match,Auswahl,selected_choice_value,CAT09-redemittel-cat09_r_029,false,,Welche Form passt? email/phone,,ask next steps,,Wie sollen wir weiter vorgehen? | Was machen wir jetzt? | Ich möchte eine Reklamation melden. | Ich schreibe Ihnen wegen meiner Bestellung.,,Wie sollen wir weiter vorgehen?,,Watch: too casual in formal email,,,,,duplicate_v02_same_decision,imported_source_without_replacement_layer_match,
content/b1-m09-complaints-customer-service.js,v080149_cat09_redemittel_cat09_r_030,cat09-r-030,cat09-r-030,matched_lineage_or_unresolved,Exception,manual review: unrecognised v0.2 decision vocabulary,,,,EXCEPTION_REVIEW,manual review: imported row has sourceRowId but no comparison/recovery match,Auswahl,selected_choice_value,CAT09-redemittel-cat09_r_030,false,,Welche Form passt? email/phone,,ask next steps,,Was soll ich als Nächstes tun? | Was muss ich machen jetzt? | Ich möchte eine Reklamation melden. | Ich schreibe Ihnen wegen meiner Bestellung.,,Was soll ich als Nächstes tun?,,Watch: word order/register,,,,,duplicate_v02_same_decision,imported_source_without_replacement_layer_match,
content/b1-m09-complaints-customer-service.js,v080149_cat09_redemittel_cat09_r_031,cat09-r-031,cat09-r-031,matched_lineage_or_unresolved,Exception,manual review: unrecognised v0.2 decision vocabulary,,,,EXCEPTION_REVIEW,manual review: imported row has sourceRowId but no comparison/recovery match,Auswahl,selected_choice_value,CAT09-redemittel-cat09_r_031,false,,Welche Form passt? email/phone,,ask required documents,,Welche Unterlagen brauchen Sie dafür? | Welche Dokumente brauchen Sie für das? | Ich möchte eine Reklamation melden. | Ich schreibe Ihnen wegen meiner Bestellung.,,Welche Unterlagen brauchen Sie dafür?,,Watch: less natural,,,,,duplicate_v02_same_decision,imported_source_without_replacement_layer_match,
content/b1-m09-complaints-customer-service.js,v080149_cat09_redemittel_cat09_r_032,cat09-r-032,cat09-r-032,matched_lineage_or_unresolved,Exception,manual review: unrecognised v0.2 decision vocabulary,,,,EXCEPTION_REVIEW,manual review: imported row has sourceRowId but no comparison/recovery match,Auswahl,selected_choice_value,CAT09-redemittel-cat09_r_032,false,,Welche Form passt? email,,ask response,,Ich bitte um eine kurze Rückmeldung. | Ich bitte eine Rückmeldung. | Ich möchte eine Reklamation melden. | Ich schreibe Ihnen wegen meiner Bestellung.,,Ich bitte um eine kurze Rückmeldung.,,Watch: missing um,,,,,duplicate_v02_same_decision,imported_source_without_replacement_layer_match,
content/b1-m09-complaints-customer-service.js,v080149_cat09_redemittel_cat09_r_033,cat09-r-033,cat09-r-033,matched_lineage_or_unresolved,Exception,manual review: unrecognised v0.2 decision vocabulary,,,,EXCEPTION_REVIEW,manual review: imported row has sourceRowId but no comparison/recovery match,Auswahl,selected_choice_value,CAT09-redemittel-cat09_r_033,false,,Welche Form passt? email/phone,,follow up,,Ich habe bisher keine Rückmeldung erhalten. | Ich habe bisher keine Rückmeldung bekommen gehabt. | Ich möchte eine Reklamation melden. | Ich schreibe Ihnen wegen meiner Bestellung.,,Ich habe bisher keine Rückmeldung erhalten.,,Watch: tense overbuild,,,,,duplicate_v02_same_decision,imported_source_without_replacement_layer_match,
content/b1-m09-complaints-customer-service.js,v080149_cat09_redemittel_cat09_r_034,cat09-r-034,cat09-r-034,matched_lineage_or_unresolved,Exception,manual review: unrecognised v0.2 decision vocabulary,,,,EXCEPTION_REVIEW,manual review: imported row has sourceRowId but no comparison/recovery match,Auswahl,selected_choice_value,CAT09-redemittel-cat09_r_034,false,,Welche Form passt? email,,follow up,,"Ich wollte nachfragen, ob meine Reklamation bearbeitet wird. | Ich wollte fragen, wenn... | Ich möchte eine Reklamation melden. | Ich schreibe Ihnen wegen meiner Bestellung.",,"Ich wollte nachfragen, ob meine Reklamation bearbeitet wird.",,Watch: ob/wenn confusion,,,,,duplicate_v02_same_decision,imported_source_without_replacement_layer_match,
content/b1-m09-complaints-customer-service.js,v080149_cat09_redemittel_cat09_r_035,cat09-r-035,cat09-r-035,matched_lineage_or_unresolved,Exception,manual review: unrecognised v0.2 decision vocabulary,,,,EXCEPTION_REVIEW,manual review: imported row has sourceRowId but no comparison/recovery match,Auswahl,selected_choice_value,CAT09-redemittel-cat09_r_035,false,,Welche Form passt? email/phone,,follow up,,Gibt es schon eine Lösung? | Ist es schon eine Lösung? | Ich möchte eine Reklamation melden. | Ich schreibe Ihnen wegen meiner Bestellung.,,Gibt es schon eine Lösung?,,Watch: wrong es gibt pattern,,,,,duplicate_v02_same_decision,imported_source_without_replacement_layer_match,
content/b1-m09-complaints-customer-service.js,v080149_cat09_redemittel_cat09_r_036,cat09-r-036,cat09-r-036,matched_lineage_or_unresolved,Exception,manual review: unrecognised v0.2 decision vocabulary,,,,EXCEPTION_REVIEW,manual review: imported row has sourceRowId but no comparison/recovery match,Auswahl,selected_choice_value,CAT09-redemittel-cat09_r_036,false,,Welche Form passt? email,,tone softening,,"Ich verstehe, dass Fehler passieren können. | Ich verstehe, dass können Fehler passieren. | Ich möchte eine Reklamation melden. | Ich schreibe Ihnen wegen meiner Bestellung.",,"Ich verstehe, dass Fehler passieren können.",,Watch: word order,,,,,duplicate_v02_same_decision,imported_source_without_replacement_layer_match,
content/b1-m09-complaints-customer-service.js,v080149_cat09_redemittel_cat09_r_037,cat09-r-037,cat09-r-037,matched_lineage_or_unresolved,Exception,manual review: unrecognised v0.2 decision vocabulary,,,,EXCEPTION_REVIEW,manual review: imported row has sourceRowId but no comparison/recovery match,Auswahl,selected_choice_value,CAT09-redemittel-cat09_r_037,false,,Welche Form passt? email,,tone softening,,Trotzdem bitte ich um eine Lösung. | Trotzdem ich bitte... | Ich möchte eine Reklamation melden. | Ich schreibe Ihnen wegen meiner Bestellung.,,Trotzdem bitte ich um eine Lösung.,,Watch: V2 after trotzdem,,,,,duplicate_v02_same_decision,imported_source_without_replacement_layer_match,
content/b1-m09-complaints-customer-service.js,v080149_cat09_redemittel_cat09_r_039,cat09-r-039,cat09-r-039,matched_replacement_layer,Exception,manual review: unrecognised v0.2 decision vocabulary,revise_light,revise_light,,EXCEPTION_REVIEW,manual review: comparison/recovery row exists but decision is not apply-ready,Auswahl,selected_choice_value,CAT09-redemittel-cat09_r_039,false,,Welche Form passt? email,,tone softening,,Ich möchte das Problem sachlich klären. | Ich möchte das Problem sachlich erklären. | Ich möchte eine Reklamation melden. | Ich schreibe Ihnen wegen meiner Bestellung.,,Ich möchte das Problem sachlich klären.,Ich möchte das Problem sachlich klären.,Watch: klären/erklären confusion,,,,,duplicate_v02_lineage_resolved,unclear_v02_decision,
content/b1-m09-complaints-customer-service.js,v080149_cat09_redemittel_cat09_r_040,cat09-r-040,cat09-r-040,matched_lineage_or_unresolved,Exception,manual review: unrecognised v0.2 decision vocabulary,,,,EXCEPTION_REVIEW,manual review: imported row has sourceRowId but no comparison/recovery match,Auswahl,selected_choice_value,CAT09-redemittel-cat09_r_040,false,,Welche Form passt? email/phone,,tone softening,,Bitte verstehen Sie meine Situation. | Bitte haben Sie Verständnis meine Situation. | Ich möchte eine Reklamation melden. | Ich schreibe Ihnen wegen meiner Bestellung.,,Bitte verstehen Sie meine Situation.,,Watch: missing für,,,,,duplicate_v02_same_decision,imported_source_without_replacement_layer_match,
content/b1-m09-complaints-customer-service.js,v080149_cat09_redemittel_cat09_r_041,cat09-r-041,cat09-r-041,matched_replacement_layer,Exception,manual review: unrecognised v0.2 decision vocabulary,revise_light,revise_light,,EXCEPTION_REVIEW,manual review: comparison/recovery row exists but decision is not apply-ready,Auswahl,selected_choice_value,CAT09-redemittel-cat09_r_041,false,,Welche Form passt? service email,,service response,,"Es tut uns leid, dass es ein Problem gab. | Es tut uns leid für dass... | Ich möchte eine Reklamation melden. | Ich schreibe Ihnen wegen meiner Bestellung.",,"Es tut uns leid, dass es ein Problem gab.","Es tut uns leid, dass es ein Problem gab.",Watch: wrong clause link,,,,,duplicate_v02_lineage_resolved,unclear_v02_decision,
content/b1-m09-complaints-customer-service.js,v080149_cat09_redemittel_cat09_r_042,cat09-r-042,cat09-r-042,matched_lineage_or_unresolved,Exception,manual review: unrecognised v0.2 decision vocabulary,,,,EXCEPTION_REVIEW,manual review: imported row has sourceRowId but no comparison/recovery match,Auswahl,selected_choice_value,CAT09-redemittel-cat09_r_042,false,,Welche Form passt? service email/phone,,service response,,Wir prüfen den Fall und melden uns bei Ihnen. | Wir prüfen den Fall und melden Sie. | Ich möchte eine Reklamation melden. | Ich schreibe Ihnen wegen meiner Bestellung.,,Wir prüfen den Fall und melden uns bei Ihnen.,,Watch: reflexive/pronoun error,,,,,duplicate_v02_same_decision,imported_source_without_replacement_layer_match,
content/b1-m09-complaints-customer-service.js,v080149_cat09_redemittel_cat09_r_043,cat09-r-043,cat09-r-043,matched_lineage_or_unresolved,Exception,manual review: unrecognised v0.2 decision vocabulary,,,,EXCEPTION_REVIEW,manual review: imported row has sourceRowId but no comparison/recovery match,Auswahl,selected_choice_value,CAT09-redemittel-cat09_r_043,false,,Welche Form passt? service email,,service response,,Wir leiten Ihre Nachricht an die zuständige Abteilung weiter. | Wir weiterleiten Ihre Nachricht. | Ich möchte eine Reklamation melden. | Ich schreibe Ihnen wegen meiner Bestellung.,,Wir leiten Ihre Nachricht an die zuständige Abteilung weiter.,,Watch: separable verb,,,,,duplicate_v02_same_decision,imported_source_without_replacement_layer_match,
content/b1-m09-complaints-customer-service.js,v080149_cat09_redemittel_cat09_r_044,cat09-r-044,cat09-r-044,matched_lineage_or_unresolved,Exception,manual review: unrecognised v0.2 decision vocabulary,,,,EXCEPTION_REVIEW,manual review: imported row has sourceRowId but no comparison/recovery match,Auswahl,selected_choice_value,CAT09-redemittel-cat09_r_044,false,,Welche Form passt? service email,,service response,,Bitte senden Sie uns den Artikel zurück. | Bitte senden Sie zurück uns den Artikel. | Ich möchte eine Reklamation melden. | Ich schreibe Ihnen wegen meiner Bestellung.,,Bitte senden Sie uns den Artikel zurück.,,Watch: word order,,,,,duplicate_v02_same_decision,imported_source_without_replacement_layer_match,
content/b1-m09-complaints-customer-service.js,v080149_cat09_redemittel_cat09_r_046,cat09-r-046,cat09-r-046,matched_lineage_or_unresolved,Exception,manual review: unrecognised v0.2 decision vocabulary,,,,EXCEPTION_REVIEW,manual review: imported row has sourceRowId but no comparison/recovery match,Auswahl,selected_choice_value,CAT09-redemittel-cat09_r_046,false,,Welche Form passt? service email,,service response,,Wir schicken Ihnen einen Ersatzartikel. | Wir schicken Sie einen Ersatzartikel. | Ich möchte eine Reklamation melden. | Ich schreibe Ihnen wegen meiner Bestellung.,,Wir schicken Ihnen einen Ersatzartikel.,,Watch: pronoun/case error,,,,,duplicate_v02_same_decision,imported_source_without_replacement_layer_match,
content/b1-m09-complaints-customer-service.js,v080149_cat09_redemittel_cat09_r_047,cat09-r-047,cat09-r-047,matched_lineage_or_unresolved,Exception,manual review: unrecognised v0.2 decision vocabulary,,,,EXCEPTION_REVIEW,manual review: imported row has sourceRowId but no comparison/recovery match,Auswahl,selected_choice_value,CAT09-redemittel-cat09_r_047,false,,Welche Form passt? service email,,service response,,Vielen Dank für Ihren Hinweis. | Danke für Ihre Beschwerde. | Ich möchte eine Reklamation melden. | Ich schreibe Ihnen wegen meiner Bestellung.,,Vielen Dank für Ihren Hinweis.,,Watch: can sound odd,,,,,duplicate_v02_same_decision,imported_source_without_replacement_layer_match,
content/b1-m09-complaints-customer-service.js,v080149_cat09_redemittel_cat09_r_048,cat09-r-048,cat09-r-048,matched_lineage_or_unresolved,Exception,manual review: unrecognised v0.2 decision vocabulary,,,,EXCEPTION_REVIEW,manual review: imported row has sourceRowId but no comparison/recovery match,Auswahl,selected_choice_value,CAT09-redemittel-cat09_r_048,false,,Welche Form passt? service email,,service response,,Vielen Dank für Ihre Geduld. | Danke für Ihre Warten. | Ich möchte eine Reklamation melden. | Ich schreibe Ihnen wegen meiner Bestellung.,,Vielen Dank für Ihre Geduld.,,Watch: wrong noun,,,,,duplicate_v02_same_decision,imported_source_without_replacement_layer_match,
content/b1-m09-complaints-customer-service.js,v080149_cat09_redemittel_cat09_r_049,cat09-r-049,cat09-r-049,matched_lineage_or_unresolved,Exception,manual review: unrecognised v0.2 decision vocabulary,,,,EXCEPTION_REVIEW,manual review: imported row has sourceRowId but no comparison/recovery match,Auswahl,selected_choice_value,CAT09-redemittel-cat09_r_049,false,,Welche Form passt? email,,close complaint,,Vielen Dank im Voraus für Ihre Hilfe. | Danke voraus. | Ich möchte eine Reklamation melden. | Ich schreibe Ihnen wegen meiner Bestellung.,,Vielen Dank im Voraus für Ihre Hilfe.,,Watch: literal translation,,,,,duplicate_v02_same_decision,imported_source_without_replacement_layer_match,
content/b1-m09-complaints-customer-service.js,v080149_cat09_redemittel_cat09_r_050,cat09-r-050,cat09-r-050,matched_lineage_or_unresolved,Exception,manual review: unrecognised v0.2 decision vocabulary,,,,EXCEPTION_REVIEW,manual review: imported row has sourceRowId but no comparison/recovery match,Auswahl,selected_choice_value,CAT09-redemittel-cat09_r_050,false,,Welche Form passt? email,,close complaint,,Ich freue mich auf Ihre Rückmeldung. | Ich freue mich für Ihre Rückmeldung. | Ich möchte eine Reklamation melden. | Ich schreibe Ihnen wegen meiner Bestellung.,,Ich freue mich auf Ihre Rückmeldung.,,Watch: wrong preposition,,,,,duplicate_v02_same_decision,imported_source_without_replacement_layer_match,
content/b1-m09-complaints-customer-service.js,v080149_cat09_redemittel_cat09_r_051,cat09-r-051,cat09-r-051,matched_lineage_or_unresolved,Exception,manual review: unrecognised v0.2 decision vocabulary,,,,EXCEPTION_REVIEW,manual review: imported row has sourceRowId but no comparison/recovery match,Auswahl,selected_choice_value,CAT09-redemittel-cat09_r_051,false,,Welche Form passt? email,,close complaint,,Mit freundlichen Grüßen | Mit freundliche Grüße | Ich möchte eine Reklamation melden. | Ich schreibe Ihnen wegen meiner Bestellung.,,Mit freundlichen Grüßen,,Watch: ending error,,,,,duplicate_v02_same_decision,imported_source_without_replacement_layer_match,
content/b1-m09-complaints-customer-service.js,v080149_cat09_redemittel_cat09_r_052,cat09-r-052,cat09-r-052,matched_lineage_or_unresolved,Exception,manual review: unrecognised v0.2 decision vocabulary,,,,EXCEPTION_REVIEW,manual review: imported row has sourceRowId but no comparison/recovery match,Auswahl,selected_choice_value,CAT09-redemittel-cat09_r_052,false,,Welche Form passt? phone,,phone complaint,,Ich rufe wegen einer Reklamation an. | Ich rufe für eine Reklamation an. | Ich möchte eine Reklamation melden. | Ich schreibe Ihnen wegen meiner Bestellung.,,Ich rufe wegen einer Reklamation an.,,Watch: wrong preposition,,,,,duplicate_v02_same_decision,imported_source_without_replacement_layer_match,
content/b1-m09-complaints-customer-service.js,v080149_cat09_redemittel_cat09_r_053,cat09-r-053,cat09-r-053,matched_replacement_layer,Exception,manual review: unrecognised v0.2 decision vocabulary,revise_light,revise_light,,EXCEPTION_REVIEW,manual review: comparison/recovery row exists but decision is not apply-ready,Auswahl,selected_choice_value,CAT09-redemittel-cat09_r_053,false,,Welche Form passt? phone,,phone complaint,,Können Sie mich bitte mit dem Kundenservice verbinden? | Können Sie mich zu Kundenservice verbinden? | Ich möchte eine Reklamation melden. | Ich schreibe Ihnen wegen meiner Bestellung.,,Können Sie mich bitte mit dem Kundenservice verbinden?,Können Sie mich bitte mit dem Kundenservice verbinden?,Watch: preposition/article,,,,,duplicate_v02_lineage_resolved,unclear_v02_decision,
content/b1-m09-complaints-customer-service.js,v080149_cat09_redemittel_cat09_r_054,cat09-r-054,cat09-r-054,matched_lineage_or_unresolved,Exception,manual review: unrecognised v0.2 decision vocabulary,,,,EXCEPTION_REVIEW,manual review: imported row has sourceRowId but no comparison/recovery match,Auswahl,selected_choice_value,CAT09-redemittel-cat09_r_054,false,,Welche Form passt? phone,,phone complaint,,Ich möchte mit jemandem aus der Serviceabteilung sprechen. | Ich möchte jemand sprechen. | Ich möchte eine Reklamation melden. | Ich schreibe Ihnen wegen meiner Bestellung.,,Ich möchte mit jemandem aus der Serviceabteilung sprechen.,,Watch: missing mit/case,,,,,duplicate_v02_same_decision,imported_source_without_replacement_layer_match,
content/b1-m09-complaints-customer-service.js,v080149_cat09_redemittel_cat09_r_055,cat09-r-055,cat09-r-055,matched_lineage_or_unresolved,Exception,manual review: unrecognised v0.2 decision vocabulary,,,,EXCEPTION_REVIEW,manual review: imported row has sourceRowId but no comparison/recovery match,Auswahl,selected_choice_value,CAT09-redemittel-cat09_r_055,false,,Welche Form passt? email/phone,,too-direct contrast,,Das ist für mich keine passende Lösung. | Das ist Quatsch. | Ich möchte eine Reklamation melden. | Ich schreibe Ihnen wegen meiner Bestellung.,,Das ist für mich keine passende Lösung.,,Watch: rude,,,,,duplicate_v02_same_decision,imported_source_without_replacement_layer_match,
content/b1-m09-complaints-customer-service.js,v080149_cat09_redemittel_cat09_r_056,cat09-r-056,cat09-r-056,matched_lineage_or_unresolved,Exception,manual review: unrecognised v0.2 decision vocabulary,,,,EXCEPTION_REVIEW,manual review: imported row has sourceRowId but no comparison/recovery match,Auswahl,selected_choice_value,CAT09-redemittel-cat09_r_056,false,,Welche Form passt? email/phone,,too-direct contrast,,Ich bin mit diesem Vorschlag leider nicht einverstanden. | Ich bin nicht agree. | Ich möchte eine Reklamation melden. | Ich schreibe Ihnen wegen meiner Bestellung.,,Ich bin mit diesem Vorschlag leider nicht einverstanden.,,Watch: code-switch,,,,,duplicate_v02_same_decision,imported_source_without_replacement_layer_match,
content/b1-m09-complaints-customer-service.js,v080149_cat09_redemittel_cat09_r_057,cat09-r-057,cat09-r-057,matched_lineage_or_unresolved,Exception,manual review: unrecognised v0.2 decision vocabulary,,,,EXCEPTION_REVIEW,manual review: imported row has sourceRowId but no comparison/recovery match,Auswahl,selected_choice_value,CAT09-redemittel-cat09_r_057,false,,Welche Form passt? email,,compensation request,,Ich bitte um eine angemessene Entschädigung. | Ich will Entschädigung. | Ich möchte eine Reklamation melden. | Ich schreibe Ihnen wegen meiner Bestellung.,,Ich bitte um eine angemessene Entschädigung.,,Watch: too direct,,,,,duplicate_v02_same_decision,imported_source_without_replacement_layer_match,
content/b1-m09-complaints-customer-service.js,v080149_cat09_wortschatz_cat09_w_025,cat09-w-025,cat09-w-025,matched_replacement_layer,Exception,manual review: unrecognised v0.2 decision vocabulary,revise_light,revise_light,,EXCEPTION_REVIEW,manual review: comparison/recovery row exists but decision is not apply-ready,Auswahl,selected_choice_value,CAT09-wortschatz-cat09_w_025,false,,Welches Wort passt? incomplete,,Problem description,,unvollständig | fehlend | falsch | die Beschwerde,,unvollständig,unvollständig,Missing parts or information.,,,,,duplicate_v02_lineage_resolved,unclear_v02_decision,
content/b1-m09-complaints-customer-service.js,v080149_cat09_wortschatz_cat09_w_026,cat09-w-026,cat09-w-026,matched_replacement_layer,Exception,manual review: unrecognised v0.2 decision vocabulary,revise_light,revise_light,,EXCEPTION_REVIEW,manual review: comparison/recovery row exists but decision is not apply-ready,Auswahl,selected_choice_value,CAT09-wortschatz-cat09_w_026,false,,Welches Wort passt? missing,,Problem description,,fehlend | fehlen | unvollständig | die Beschwerde,,fehlend,fehlend,Describes a missing item or part.,,,,,duplicate_v02_lineage_resolved,unclear_v02_decision,
content/b1-m09-complaints-customer-service.js,v080149_cat09_wortschatz_cat09_w_027,cat09-w-027,cat09-w-027,matched_replacement_layer,Exception,manual review: unrecognised v0.2 decision vocabulary,revise_light,revise_light,,EXCEPTION_REVIEW,manual review: comparison/recovery row exists but decision is not apply-ready,Auswahl,selected_choice_value,CAT09-wortschatz-cat09_w_027,false,,Welches Wort passt? late / delayed,,Problem description,,verspätet | später | zu spät | die Beschwerde,,verspätet,verspätet,Useful for delayed delivery/service.,,,,,duplicate_v02_lineage_resolved,unclear_v02_decision,
content/b1-m09-complaints-customer-service.js,v080149_cat09_wortschatz_cat09_w_028,cat09-w-028,cat09-w-028,matched_replacement_layer,Exception,manual review: unrecognised v0.2 decision vocabulary,revise_light,revise_light,,EXCEPTION_REVIEW,manual review: comparison/recovery row exists but decision is not apply-ready,Auswahl,selected_choice_value,CAT09-wortschatz-cat09_w_028,false,,Welches Wort passt? annoying / frustrating,,Problem description,,ärgerlich | wütend | sauer | die Beschwerde,,ärgerlich,ärgerlich,Polite way to say something is annoying.,,,,,duplicate_v02_lineage_resolved,unclear_v02_decision,
content/b1-m09-complaints-customer-service.js,v080149_cat09_wortschatz_cat09_w_029,cat09-w-029,cat09-w-029,matched_replacement_layer,Exception,manual review: unrecognised v0.2 decision vocabulary,revise_light,revise_light,,EXCEPTION_REVIEW,manual review: comparison/recovery row exists but decision is not apply-ready,Auswahl,selected_choice_value,CAT09-wortschatz-cat09_w_029,false,,Welches Wort passt? unpleasant / inconvenient,,Problem description,,unangenehm | ärgerlich | schlimm | die Beschwerde,,unangenehm,unangenehm,Polite complaint tone.,,,,,duplicate_v02_lineage_resolved,unclear_v02_decision,
content/b1-m09-complaints-customer-service.js,v080149_cat09_wortschatz_cat09_w_030,cat09-w-030,cat09-w-030,matched_replacement_layer,Exception,manual review: unrecognised v0.2 decision vocabulary,revise_light,revise_light,,EXCEPTION_REVIEW,manual review: comparison/recovery row exists but decision is not apply-ready,Auswahl,selected_choice_value,CAT09-wortschatz-cat09_w_030,false,,Welches Wort passt? dissatisfied,,Problem description,,unzufrieden | ärgerlich | wütend | die Beschwerde,,unzufrieden,unzufrieden,Core complaint tone.,,,,,duplicate_v02_lineage_resolved,unclear_v02_decision,
content/b1-m09-complaints-customer-service.js,v080149_cat09_wortschatz_cat09_w_031,cat09-w-031,cat09-w-031,matched_replacement_layer,Exception,manual review: unrecognised v0.2 decision vocabulary,revise_light,revise_light,,EXCEPTION_REVIEW,manual review: comparison/recovery row exists but decision is not apply-ready,Auswahl,selected_choice_value,CAT09-wortschatz-cat09_w_031,false,,Welches Wort passt? satisfied,,Problem description,,zufrieden | einverstanden | zufriedenstellend | die Beschwerde,,zufrieden,zufrieden,Useful in contrast with unzufrieden.,,,,,duplicate_v02_lineage_resolved,unclear_v02_decision,
content/b1-m09-complaints-customer-service.js,v080149_cat09_wortschatz_cat09_w_093,cat09-w-093,cat09-w-093,matched_lineage_or_unresolved,Exception,manual review: unrecognised v0.2 decision vocabulary,,,,EXCEPTION_REVIEW,manual review: imported row has sourceRowId but no comparison/recovery match,Auswahl,selected_choice_value,CAT09-wortschatz-cat09_w_093,false,,Welches Wort passt? to complain about,,Actions,,sich beschweren | reklamieren | bitten um | die Beschwerde,,sich beschweren,,Reflexive verb with über + accusative.,,,,,duplicate_v02_same_decision,imported_source_without_replacement_layer_match,
content/b1-m09-complaints-customer-service.js,v080149_cat09_wortschatz_cat09_w_095,cat09-w-095,cat09-w-095,matched_lineage_or_unresolved,Exception,manual review: unrecognised v0.2 decision vocabulary,,,,EXCEPTION_REVIEW,manual review: imported row has sourceRowId but no comparison/recovery match,Auswahl,selected_choice_value,CAT09-wortschatz-cat09_w_095,false,,Welches Wort passt? to report,,Actions,,melden | schildern | reklamieren | die Beschwerde,,melden,,Useful neutral action.,,,,,duplicate_v02_same_decision,imported_source_without_replacement_layer_match,
content/b1-m09-complaints-customer-service.js,v080149_cat09_wortschatz_cat09_w_096,cat09-w-096,cat09-w-096,matched_lineage_or_unresolved,Exception,manual review: unrecognised v0.2 decision vocabulary,,,,EXCEPTION_REVIEW,manual review: imported row has sourceRowId but no comparison/recovery match,Auswahl,selected_choice_value,CAT09-wortschatz-cat09_w_096,false,,Welches Wort passt? to describe/explain,,Actions,,schildern | erklären | beschreiben | die Beschwerde,,schildern,,Useful for describing a complaint clearly.,,,,,duplicate_v02_same_decision,imported_source_without_replacement_layer_match,
content/b1-m09-complaints-customer-service.js,v080149_cat09_wortschatz_cat09_w_098,cat09-w-098,cat09-w-098,matched_lineage_or_unresolved,Exception,manual review: unrecognised v0.2 decision vocabulary,,,,EXCEPTION_REVIEW,manual review: imported row has sourceRowId but no comparison/recovery match,Auswahl,selected_choice_value,CAT09-wortschatz-cat09_w_098,false,,Welches Wort passt? to process/handle,,Actions,,bearbeiten | prüfen | lösen | die Beschwerde,,bearbeiten,,Service handling action.,,,,,duplicate_v02_same_decision,imported_source_without_replacement_layer_match,
content/b1-m09-complaints-customer-service.js,v080149_cat09_wortschatz_cat09_w_099,cat09-w-099,cat09-w-099,matched_lineage_or_unresolved,Exception,manual review: unrecognised v0.2 decision vocabulary,,,,EXCEPTION_REVIEW,manual review: imported row has sourceRowId but no comparison/recovery match,Auswahl,selected_choice_value,CAT09-wortschatz-cat09_w_099,false,,Welches Wort passt? to forward/pass on,,Actions,,weiterleiten | weitergeben | schicken | die Beschwerde,,weiterleiten,,Service message/case routing.,,,,,duplicate_v02_same_decision,imported_source_without_replacement_layer_match,
content/b1-m09-complaints-customer-service.js,v080149_cat09_wortschatz_cat09_w_100,cat09-w-100,cat09-w-100,matched_lineage_or_unresolved,Exception,manual review: unrecognised v0.2 decision vocabulary,,,,EXCEPTION_REVIEW,manual review: imported row has sourceRowId but no comparison/recovery match,Auswahl,selected_choice_value,CAT09-wortschatz-cat09_w_100,false,,Welches Wort passt? to clarify/settle,,Actions,,klären | lösen | erklären | die Beschwerde,,klären,,Good service solution verb.,,,,,duplicate_v02_same_decision,imported_source_without_replacement_layer_match,
content/b1-m09-complaints-customer-service.js,v080149_cat09_wortschatz_cat09_w_101,cat09-w-101,cat09-w-101,matched_lineage_or_unresolved,Exception,manual review: unrecognised v0.2 decision vocabulary,,,,EXCEPTION_REVIEW,manual review: imported row has sourceRowId but no comparison/recovery match,Auswahl,selected_choice_value,CAT09-wortschatz-cat09_w_101,false,,Welches Wort passt? to solve,,Actions,,lösen | klären | reparieren | die Beschwerde,,lösen,,Core solution verb.,,,,,duplicate_v02_same_decision,imported_source_without_replacement_layer_match,
content/b1-m09-complaints-customer-service.js,v080149_cat09_wortschatz_cat09_w_105,cat09-w-105,cat09-w-105,matched_lineage_or_unresolved,Exception,manual review: unrecognised v0.2 decision vocabulary,,,,EXCEPTION_REVIEW,manual review: imported row has sourceRowId but no comparison/recovery match,Auswahl,selected_choice_value,CAT09-wortschatz-cat09_w_105,false,,Welches Wort passt? to replace,,Actions,,ersetzen | austauschen | umtauschen | die Beschwerde,,ersetzen,,Generic replace.,,,,,duplicate_v02_same_decision,imported_source_without_replacement_layer_match,
content/b1-m09-complaints-customer-service.js,v080149_cat09_wortschatz_cat09_w_111,cat09-w-111,cat09-w-111,matched_lineage_or_unresolved,Exception,manual review: unrecognised v0.2 decision vocabulary,,,,EXCEPTION_REVIEW,manual review: imported row has sourceRowId but no comparison/recovery match,Auswahl,selected_choice_value,CAT09-wortschatz-cat09_w_111,false,,Welches Wort passt? to enclose/attach,,Actions,,beilegen | anhängen | mitschicken | die Beschwerde,,beilegen,,Documents/evidence with mail/email.,,,,,duplicate_v02_same_decision,imported_source_without_replacement_layer_match,
content/b1-m09-complaints-customer-service.js,v080149_cat09_wortschatz_cat09_w_112,cat09-w-112,cat09-w-112,matched_lineage_or_unresolved,Exception,manual review: unrecognised v0.2 decision vocabulary,,,,EXCEPTION_REVIEW,manual review: imported row has sourceRowId but no comparison/recovery match,Auswahl,selected_choice_value,CAT09-wortschatz-cat09_w_112,false,,Welches Wort passt? to attach,,Actions,,anhängen | beilegen | senden | die Beschwerde,,anhängen,,Email attachment.,,,,,duplicate_v02_same_decision,imported_source_without_replacement_layer_match,
content/b1-m09-complaints-customer-service.js,v080149_cat09_wortschatz_cat09_w_113,cat09-w-113,cat09-w-113,matched_lineage_or_unresolved,Exception,manual review: unrecognised v0.2 decision vocabulary,,,,EXCEPTION_REVIEW,manual review: imported row has sourceRowId but no comparison/recovery match,Auswahl,selected_choice_value,CAT09-wortschatz-cat09_w_113,false,,Welches Wort passt? to fix/correct,,Actions,,beheben | reparieren | lösen | die Beschwerde,,beheben,,Fix a fault/error.,,,,,duplicate_v02_same_decision,imported_source_without_replacement_layer_match,
content/b1-m09-complaints-customer-service.js,v080149_cat09_wortschatz_cat09_w_114,cat09-w-114,cat09-w-114,matched_lineage_or_unresolved,Exception,manual review: unrecognised v0.2 decision vocabulary,,,,EXCEPTION_REVIEW,manual review: imported row has sourceRowId but no comparison/recovery match,Auswahl,selected_choice_value,CAT09-wortschatz-cat09_w_114,false,,Welches Wort passt? to apologise for,,Actions,,entschuldigen | bitten | erklären | die Beschwerde,,entschuldigen,,Service apology phrase.,,,,,duplicate_v02_same_decision,imported_source_without_replacement_layer_match,
content/b1-m09-complaints-customer-service.js,v080149_cat09_wortschatz_cat09_w_115,cat09-w-115,cat09-w-115,matched_lineage_or_unresolved,Exception,manual review: unrecognised v0.2 decision vocabulary,,,,EXCEPTION_REVIEW,manual review: imported row has sourceRowId but no comparison/recovery match,Auswahl,selected_choice_value,CAT09-wortschatz-cat09_w_115,false,,Welches Wort passt? to offer,,Actions,,anbieten | vorschlagen | geben | die Beschwerde,,anbieten,,Service offers a solution.,,,,,duplicate_v02_same_decision,imported_source_without_replacement_layer_match,
content/b1-m09-complaints-customer-service.js,v080149_cat09_wortschatz_cat09_w_117,cat09-w-117,cat09-w-117,matched_lineage_or_unresolved,Exception,manual review: unrecognised v0.2 decision vocabulary,,,,EXCEPTION_REVIEW,manual review: imported row has sourceRowId but no comparison/recovery match,Auswahl,selected_choice_value,CAT09-wortschatz-cat09_w_117,false,,Welches Wort passt? to ask for,,Actions,,bitten um | fragen nach | verlangen | die Beschwerde,,bitten um,,Polite request frame.,,,,,duplicate_v02_same_decision,imported_source_without_replacement_layer_match,
content/b1-m09-complaints-customer-service.js,v080149_cat09_wortschatz_cat09_w_118,cat09-w-118,cat09-w-118,matched_lineage_or_unresolved,Exception,manual review: unrecognised v0.2 decision vocabulary,,,,EXCEPTION_REVIEW,manual review: imported row has sourceRowId but no comparison/recovery match,Auswahl,selected_choice_value,CAT09-wortschatz-cat09_w_118,false,,Welches Wort passt? factual/objective,,Tone/register,,sachlich | höflich | freundlich | direkt,,sachlich,,Ideal complaint tone.,,,,,duplicate_v02_same_decision,imported_source_without_replacement_layer_match,
content/b1-m09-complaints-customer-service.js,v080149_cat09_wortschatz_cat09_w_119,cat09-w-119,cat09-w-119,matched_lineage_or_unresolved,Exception,manual review: unrecognised v0.2 decision vocabulary,,,,EXCEPTION_REVIEW,manual review: imported row has sourceRowId but no comparison/recovery match,Auswahl,selected_choice_value,CAT09-wortschatz-cat09_w_119,false,,Welches Wort passt? polite,,Tone/register,,höflich | freundlich | formell | die Beschwerde,,höflich,,Core tone target.,,,,,duplicate_v02_same_decision,imported_source_without_replacement_layer_match,
content/b1-m09-complaints-customer-service.js,v080149_cat09_wortschatz_cat09_w_120,cat09-w-120,cat09-w-120,matched_lineage_or_unresolved,Exception,manual review: unrecognised v0.2 decision vocabulary,,,,EXCEPTION_REVIEW,manual review: imported row has sourceRowId but no comparison/recovery match,Auswahl,selected_choice_value,CAT09-wortschatz-cat09_w_120,false,,Welches Wort passt? friendly,,Tone/register,,freundlich | höflich | nett | die Beschwerde,,freundlich,,Positive tone.,,,,,duplicate_v02_same_decision,imported_source_without_replacement_layer_match,
content/b1-m09-complaints-customer-service.js,v080149_cat09_wortschatz_cat09_w_121,cat09-w-121,cat09-w-121,matched_lineage_or_unresolved,Exception,manual review: unrecognised v0.2 decision vocabulary,,,,EXCEPTION_REVIEW,manual review: imported row has sourceRowId but no comparison/recovery match,Auswahl,selected_choice_value,CAT09-wortschatz-cat09_w_121,false,,Welches Wort passt? direct,,Tone/register,,direkt | unhöflich | klar | die Beschwerde,,direkt,,"Can be useful, but must not become rude.",,,,,duplicate_v02_same_decision,imported_source_without_replacement_layer_match,
content/b1-m09-complaints-customer-service.js,v080149_cat09_wortschatz_cat09_w_122,cat09-w-122,cat09-w-122,matched_lineage_or_unresolved,Exception,manual review: unrecognised v0.2 decision vocabulary,,,,EXCEPTION_REVIEW,manual review: imported row has sourceRowId but no comparison/recovery match,Auswahl,selected_choice_value,CAT09-wortschatz-cat09_w_122,false,,Welches Wort passt? impolite,,Tone/register,,unhöflich | direkt | klar | die Beschwerde,,unhöflich,,Mostly contrast target.,,,,,duplicate_v02_same_decision,imported_source_without_replacement_layer_match,
content/b1-m09-complaints-customer-service.js,v080149_cat09_wortschatz_cat09_w_123,cat09-w-123,cat09-w-123,matched_lineage_or_unresolved,Exception,manual review: unrecognised v0.2 decision vocabulary,,,,EXCEPTION_REVIEW,manual review: imported row has sourceRowId but no comparison/recovery match,Auswahl,selected_choice_value,CAT09-wortschatz-cat09_w_123,false,,Welches Wort passt? clear,,Tone/register,,klar | direkt | einfach | die Beschwerde,,klar,,Complaint should be clear.,,,,,duplicate_v02_same_decision,imported_source_without_replacement_layer_match,
content/b1-m09-complaints-customer-service.js,v080149_cat09_wortschatz_cat09_w_124,cat09-w-124,cat09-w-124,matched_lineage_or_unresolved,Exception,manual review: unrecognised v0.2 decision vocabulary,,,,EXCEPTION_REVIEW,manual review: imported row has sourceRowId but no comparison/recovery match,Auswahl,selected_choice_value,CAT09-wortschatz-cat09_w_124,false,,Welches Wort passt? calm,,Tone/register,,ruhig | höflich | sachlich | die Beschwerde,,ruhig,,Useful complaint attitude.,,,,,duplicate_v02_same_decision,imported_source_without_replacement_layer_match,
content/b1-m09-complaints-customer-service.js,v080149_cat09_wortschatz_cat09_w_125,cat09-w-125,cat09-w-125,matched_lineage_or_unresolved,Exception,manual review: unrecognised v0.2 decision vocabulary,,,,EXCEPTION_REVIEW,manual review: imported row has sourceRowId but no comparison/recovery match,Auswahl,selected_choice_value,CAT09-wortschatz-cat09_w_125,false,,Welches Wort passt? so far / until now,,Timing/follow-up,,bisher | seit | noch nicht | die Beschwerde,,bisher,,Follow-up after no answer.,,,,,duplicate_v02_same_decision,imported_source_without_replacement_layer_match,
content/b1-m09-complaints-customer-service.js,v080149_cat09_wortschatz_cat09_w_126,cat09-w-126,cat09-w-126,matched_lineage_or_unresolved,Exception,manual review: unrecognised v0.2 decision vocabulary,,,,EXCEPTION_REVIEW,manual review: imported row has sourceRowId but no comparison/recovery match,Auswahl,selected_choice_value,CAT09-wortschatz-cat09_w_126,false,,Welches Wort passt? already,,Timing/follow-up,,bereits | schon | bisher | die Beschwerde,,bereits,,Polite timeline evidence.,,,,,duplicate_v02_same_decision,imported_source_without_replacement_layer_match,
content/b1-m09-complaints-customer-service.js,v080149_cat09_wortschatz_cat09_w_127,cat09-w-127,cat09-w-127,matched_lineage_or_unresolved,Exception,manual review: unrecognised v0.2 decision vocabulary,,,,EXCEPTION_REVIEW,manual review: imported row has sourceRowId but no comparison/recovery match,Auswahl,selected_choice_value,CAT09-wortschatz-cat09_w_127,false,,Welches Wort passt? again,,Timing/follow-up,,erneut | nochmal | wieder | die Beschwerde,,erneut,,Formal-ish follow-up.,,,,,duplicate_v02_same_decision,imported_source_without_replacement_layer_match,
content/b1-m09-complaints-customer-service.js,v080149_cat09_wortschatz_cat09_w_128,cat09-w-128,cat09-w-128,matched_lineage_or_unresolved,Exception,manual review: unrecognised v0.2 decision vocabulary,,,,EXCEPTION_REVIEW,manual review: imported row has sourceRowId but no comparison/recovery match,Auswahl,selected_choice_value,CAT09-wortschatz-cat09_w_128,false,,Welches Wort passt? once again,,Timing/follow-up,,noch einmal | erneut | wieder | die Beschwerde,,noch einmal,,Neutral spoken/written follow-up.,,,,,duplicate_v02_same_decision,imported_source_without_replacement_layer_match,
content/b1-m09-complaints-customer-service.js,v080149_cat09_wortschatz_cat09_w_129,cat09-w-129,cat09-w-129,matched_lineage_or_unresolved,Exception,manual review: unrecognised v0.2 decision vocabulary,,,,EXCEPTION_REVIEW,manual review: imported row has sourceRowId but no comparison/recovery match,Auswahl,selected_choice_value,CAT09-wortschatz-cat09_w_129,false,,Welches Wort passt? urgent,,Timing/follow-up,,dringend | eilig | wichtig | die Beschwerde,,dringend,,Use carefully; not always suitable.,,,,,duplicate_v02_same_decision,imported_source_without_replacement_layer_match,
content/b1-m09-complaints-customer-service.js,v080149_cat09_wortschatz_cat09_w_130,cat09-w-130,cat09-w-130,matched_lineage_or_unresolved,Exception,manual review: unrecognised v0.2 decision vocabulary,,,,EXCEPTION_REVIEW,manual review: imported row has sourceRowId but no comparison/recovery match,Auswahl,selected_choice_value,CAT09-wortschatz-cat09_w_130,false,,Welches Wort passt? on time / in time,,Timing/follow-up,,rechtzeitig | pünktlich | früh | die Beschwerde,,rechtzeitig,,Deadline/service timing.,,,,,duplicate_v02_same_decision,imported_source_without_replacement_layer_match,
content/b1-m09-complaints-customer-service.js,v080149_cat09_wortschatz_cat09_w_131,cat09-w-131,cat09-w-131,matched_lineage_or_unresolved,Exception,manual review: unrecognised v0.2 decision vocabulary,,,,EXCEPTION_REVIEW,manual review: imported row has sourceRowId but no comparison/recovery match,Auswahl,selected_choice_value,CAT09-wortschatz-cat09_w_131,false,,Welches Wort passt? at the latest,,Timing/follow-up,,spätestens | bis | ab | die Beschwerde,,spätestens,,Deadline phrase; can be demanding.,,,,,duplicate_v02_same_decision,imported_source_without_replacement_layer_match,
content/b1-m09-complaints-customer-service.js,v080149_cat09_wortschatz_cat09_w_161,cat09-w-161,cat09-w-161,matched_lineage_or_unresolved,Exception,manual review: unrecognised v0.2 decision vocabulary,,,,EXCEPTION_REVIEW,manual review: imported row has sourceRowId but no comparison/recovery match,Auswahl,selected_choice_value,CAT09-wortschatz-cat09_w_161,false,,Welches Wort passt? understandable,,Tone/register,,nachvollziehbar | die Beschwerde | die Reklamation | die Kritik,,nachvollziehbar,,Polite service response: nachvollziehbar,,,,,duplicate_v02_same_decision,imported_source_without_replacement_layer_match,
content/b1-m10-technical-problems.js,v080149_cat10_redemittel_cat10_r_001,cat10-r-001,cat10-r-001,matched_replacement_layer,Production Practice,exclude from normal auto-graded practice; route later to separate self-marked Production Practice,revise_light,revise_light,,EXCEPTION_REVIEW,manual review: comparison/recovery row exists but decision is not apply-ready,Auswahl,selected_choice_value,CAT10-redemittel-cat10_r_001,false,,Welche Form passt? app_problem,,problem_report,,Die App öffnet sich nicht. | App | Programm | Webseite,,Die App öffnet sich nicht.,Die App öffnet sich nicht.,Watch: App started nicht,,,,,duplicate_v02_lineage_resolved,unclear_v02_decision,
content/b1-m10-technical-problems.js,v080149_cat10_redemittel_cat10_r_002,cat10-r-002,cat10-r-002,matched_replacement_layer,Production Practice,exclude from normal auto-graded practice; route later to separate self-marked Production Practice,revise_light,revise_light,,EXCEPTION_REVIEW,manual review: comparison/recovery row exists but decision is not apply-ready,Auswahl,selected_choice_value,CAT10-redemittel-cat10_r_002,false,,Welche Form passt? login_problem,,problem_report,,Ich kann mich nicht anmelden. | mich | Sie | anmelden,,Ich kann mich nicht anmelden.,Ich kann mich nicht anmelden.,Watch: Ich kann nicht mich anmelden,,,,,duplicate_v02_lineage_resolved,unclear_v02_decision,
content/b1-m10-technical-problems.js,v080149_cat10_redemittel_cat10_r_007,cat10-r-007,cat10-r-007,matched_replacement_layer,Production Practice,exclude from normal auto-graded practice; route later to separate self-marked Production Practice,revise_light,revise_light,,EXCEPTION_REVIEW,manual review: comparison/recovery row exists but decision is not apply-ready,Auswahl,selected_choice_value,CAT10-redemittel-cat10_r_007,false,,Welche Form passt? black_screen,,problem_report,,Der Bildschirm bleibt schwarz. | Bildschirm | Monitor | Der Bildschirm ist schwarz geblieben can be okay,,Der Bildschirm bleibt schwarz.,Der Bildschirm bleibt schwarz.,Watch: Der Bildschirm ist schwarz geblieben can be okay,,,,,duplicate_v02_lineage_resolved,unclear_v02_decision,
content/b1-m10-technical-problems.js,v080149_cat10_redemittel_cat10_r_008,cat10-r-008,cat10-r-008,matched_replacement_layer,Production Practice,exclude from normal auto-graded practice; route later to separate self-marked Production Practice,revise_light,revise_light,,EXCEPTION_REVIEW,manual review: comparison/recovery row exists but decision is not apply-ready,Auswahl,selected_choice_value,CAT10-redemittel-cat10_r_008,false,,Welche Form passt? program_unresponsive,,problem_report,,Das Programm reagiert nicht. | Programm | App | Seite,,Das Programm reagiert nicht.,Das Programm reagiert nicht.,Watch: Das Programm antwortet nicht,,,,,duplicate_v02_lineage_resolved,unclear_v02_decision,
content/b1-m10-technical-problems.js,v080149_cat10_redemittel_cat10_r_009,cat10-r-009,cat10-r-009,matched_replacement_layer,Production Practice,exclude from normal auto-graded practice; route later to separate self-marked Production Practice,revise_light,revise_light,,EXCEPTION_REVIEW,manual review: comparison/recovery row exists but decision is not apply-ready,Auswahl,selected_choice_value,CAT10-redemittel-cat10_r_009,false,,Welche Form passt? internet_slow,,problem_report,,Das Internet ist sehr langsam. | Internet | WLAN | Verbindung,,Das Internet ist sehr langsam.,Das Internet ist sehr langsam.,Watch: Das Internet läuft langsam can be okay,,,,,duplicate_v02_lineage_resolved,unclear_v02_decision,
content/b1-m10-technical-problems.js,v080149_cat10_redemittel_cat10_r_011,cat10-r-011,cat10-r-011,matched_replacement_layer,Production Practice,exclude from normal auto-graded practice; route later to separate self-marked Production Practice,revise_light,revise_light,,EXCEPTION_REVIEW,manual review: comparison/recovery row exists but decision is not apply-ready,Auswahl,selected_choice_value,CAT10-redemittel-cat10_r_011,false,,Welche Form passt? printer_problem,,problem_report,,Der Drucker druckt nicht. | Drucker | Kopierer | Der Drucker macht nicht,,Der Drucker druckt nicht.,Der Drucker druckt nicht.,Watch: Der Drucker macht nicht,,,,,duplicate_v02_lineage_resolved,unclear_v02_decision,
content/b1-m10-technical-problems.js,v080149_cat10_redemittel_cat10_r_012,cat10-r-012,cat10-r-012,matched_replacement_layer,Production Practice,exclude from normal auto-graded practice; route later to separate self-marked Production Practice,revise_light,revise_light,,EXCEPTION_REVIEW,manual review: comparison/recovery row exists but decision is not apply-ready,Auswahl,selected_choice_value,CAT10-redemittel-cat10_r_012,false,,Welche Form passt? scanner_problem,,problem_report,,Der Scanner funktioniert nicht. | Scanner | Drucker | Der Scanner ist nicht funktionieren,,Der Scanner funktioniert nicht.,Der Scanner funktioniert nicht.,Watch: Der Scanner ist nicht funktionieren,,,,,duplicate_v02_lineage_resolved,unclear_v02_decision,
content/b1-m10-technical-problems.js,v080149_cat10_redemittel_cat10_r_014,cat10-r-014,cat10-r-014,matched_replacement_layer,Production Practice,exclude from normal auto-graded practice; route later to separate self-marked Production Practice,revise_light,revise_light,,EXCEPTION_REVIEW,manual review: comparison/recovery row exists but decision is not apply-ready,Auswahl,selected_choice_value,CAT10-redemittel-cat10_r_014,false,,Welche Form passt? upload_problem,,problem_report,,Ich kann die Datei nicht hochladen. | Datei | Foto | PDF,,Ich kann die Datei nicht hochladen.,Ich kann die Datei nicht hochladen.,Watch: Ich kann die Datei nicht herunterladen when upload intended,,,,,duplicate_v02_lineage_resolved,unclear_v02_decision,
content/b1-m10-technical-problems.js,v080149_cat10_redemittel_cat10_r_015,cat10-r-015,cat10-r-015,matched_replacement_layer,Production Practice,exclude from normal auto-graded practice; route later to separate self-marked Production Practice,revise_light,revise_light,,EXCEPTION_REVIEW,manual review: comparison/recovery row exists but decision is not apply-ready,Auswahl,selected_choice_value,CAT10-redemittel-cat10_r_015,false,,Welche Form passt? download_problem,,problem_report,,Ich kann die Datei nicht herunterladen. | Datei | PDF | Anhang,,Ich kann die Datei nicht herunterladen.,Ich kann die Datei nicht herunterladen.,Watch: hochladen vs herunterladen,,,,,duplicate_v02_lineage_resolved,unclear_v02_decision,
content/b1-m10-technical-problems.js,v080149_cat10_redemittel_cat10_r_018,cat10-r-018,cat10-r-018,matched_replacement_layer,Production Practice,exclude from normal auto-graded practice; route later to separate self-marked Production Practice,revise_light,revise_light,,EXCEPTION_REVIEW,manual review: comparison/recovery row exists but decision is not apply-ready,Auswahl,selected_choice_value,CAT10-redemittel-cat10_r_018,false,,Welche Form passt? sound_problem,,problem_report,,Der Ton funktioniert nicht. | Ton | Lautsprecher | Mikrofon,,Der Ton funktioniert nicht.,Der Ton funktioniert nicht.,Watch: Die Ton funktioniert nicht,,,,,duplicate_v02_lineage_resolved,unclear_v02_decision,
content/b1-m10-technical-problems.js,v080149_cat10_redemittel_cat10_r_019,cat10-r-019,cat10-r-019,matched_replacement_layer,Production Practice,exclude from normal auto-graded practice; route later to separate self-marked Production Practice,revise_light,revise_light,,EXCEPTION_REVIEW,manual review: comparison/recovery row exists but decision is not apply-ready,Auswahl,selected_choice_value,CAT10-redemittel-cat10_r_019,false,,Welche Form passt? mic_problem,,problem_report,,Mein Mikrofon ist stumm. | Mikrofon | Ton | Mein Mikrofon ist still,,Mein Mikrofon ist stumm.,Mein Mikrofon ist stumm.,Watch: Mein Mikrofon ist still,,,,,duplicate_v02_lineage_resolved,unclear_v02_decision,
content/b1-m10-technical-problems.js,v080149_cat10_redemittel_cat10_r_020,cat10-r-020,cat10-r-020,matched_replacement_layer,Production Practice,exclude from normal auto-graded practice; route later to separate self-marked Production Practice,revise_light,revise_light,,EXCEPTION_REVIEW,manual review: comparison/recovery row exists but decision is not apply-ready,Auswahl,selected_choice_value,CAT10-redemittel-cat10_r_020,false,,Welche Form passt? camera_problem,,problem_report,,Meine Kamera ist ausgeschaltet. | Kamera | Mikrofon | Die Kamera ist aus is okay,,Meine Kamera ist ausgeschaltet.,Meine Kamera ist ausgeschaltet.,Watch: Die Kamera ist aus is okay,,,,,duplicate_v02_lineage_resolved,unclear_v02_decision,
content/b1-m10-technical-problems.js,v080149_cat10_redemittel_cat10_r_021,cat10-r-021,cat10-r-021,matched_replacement_layer,Production Practice,exclude from normal auto-graded practice; route later to separate self-marked Production Practice,revise_light,revise_light,,EXCEPTION_REVIEW,manual review: comparison/recovery row exists but decision is not apply-ready,Auswahl,selected_choice_value,CAT10-redemittel-cat10_r_021,false,,Welche Form passt? battery_problem,,problem_report,,Der Akku ist leer. | Akku | Batterie | Die Akku ist leer,,Der Akku ist leer.,Der Akku ist leer.,Watch: Die Akku ist leer,,,,,duplicate_v02_lineage_resolved,unclear_v02_decision,
content/b1-m10-technical-problems.js,v080149_cat10_redemittel_cat10_r_022,cat10-r-022,cat10-r-022,matched_replacement_layer,Production Practice,exclude from normal auto-graded practice; route later to separate self-marked Production Practice,revise_light,revise_light,,EXCEPTION_REVIEW,manual review: comparison/recovery row exists but decision is not apply-ready,Auswahl,selected_choice_value,CAT10-redemittel-cat10_r_022,false,,Welche Form passt? storage_problem,,problem_report,,Der Speicher ist voll. | Speicher | Speicherplatz | Der Speicherplatz hat voll,,Der Speicher ist voll.,Der Speicher ist voll.,Watch: Der Speicherplatz hat voll,,,,,duplicate_v02_lineage_resolved,unclear_v02_decision,
content/b1-m10-technical-problems.js,v080149_cat10_redemittel_cat10_r_023,cat10-r-023,cat10-r-023,matched_replacement_layer,Production Practice,exclude from normal auto-graded practice; route later to separate self-marked Production Practice,revise_light,revise_light,,EXCEPTION_REVIEW,manual review: comparison/recovery row exists but decision is not apply-ready,Auswahl,selected_choice_value,CAT10-redemittel-cat10_r_023,false,,Welche Form passt? ask_help,,support_request,,Könnten Sie mir bitte helfen? | mir | uns | helfen,,Könnten Sie mir bitte helfen?,Könnten Sie mir bitte helfen?,Watch: Helfen Sie mir sofort,,,,,duplicate_v02_lineage_resolved,unclear_v02_decision,
content/b1-m10-technical-problems.js,v080149_cat10_redemittel_cat10_r_025,cat10-r-025,cat10-r-025,matched_lineage_or_unresolved,Production Practice,exclude from normal auto-graded practice; route later to separate self-marked Production Practice,,,,EXCEPTION_REVIEW,manual review: imported row has sourceRowId but no comparison/recovery match,Auswahl,selected_choice_value,CAT10-redemittel-cat10_r_025,false,,Welche Form passt? ask_instruction,,support_request,,Könnten Sie mir eine kurze Anleitung schicken? | Anleitung | Schritte | Informationen,,Könnten Sie mir eine kurze Anleitung schicken?,,Watch: eine Hilfe schicken,,,,,duplicate_v02_same_decision,imported_source_without_replacement_layer_match,
content/b1-m10-technical-problems.js,v080149_cat10_redemittel_cat10_r_026,cat10-r-026,cat10-r-026,matched_lineage_or_unresolved,Production Practice,exclude from normal auto-graded practice; route later to separate self-marked Production Practice,,,,EXCEPTION_REVIEW,manual review: imported row has sourceRowId but no comparison/recovery match,Auswahl,selected_choice_value,CAT10-redemittel-cat10_r_026,false,,Welche Form passt? ask_first_step,,support_request,,Was soll ich zuerst versuchen? | zuerst | noch einmal | als Nächstes,,Was soll ich zuerst versuchen?,,Watch: Was muss ich zuerst machen? okay,,,,,duplicate_v02_same_decision,imported_source_without_replacement_layer_match,
content/b1-m10-technical-problems.js,v080149_cat10_redemittel_cat10_r_031,cat10-r-031,cat10-r-031,matched_lineage_or_unresolved,Production Practice,exclude from normal auto-graded practice; route later to separate self-marked Production Practice,,,,EXCEPTION_REVIEW,manual review: imported row has sourceRowId but no comparison/recovery match,Auswahl,selected_choice_value,CAT10-redemittel-cat10_r_031,false,,Welche Form passt? after_restart,,support_request,,"Ich habe das Gerät neu gestartet, aber das Problem bleibt. | Gerät | Computer | App",,"Ich habe das Gerät neu gestartet, aber das Problem bleibt.",,Watch: Ich habe neu starten,,,,,duplicate_v02_same_decision,imported_source_without_replacement_layer_match,
content/b1-m10-technical-problems.js,v080149_cat10_redemittel_cat10_r_032,cat10-r-032,cat10-r-032,matched_lineage_or_unresolved,Production Practice,exclude from normal auto-graded practice; route later to separate self-marked Production Practice,,,,EXCEPTION_REVIEW,manual review: imported row has sourceRowId but no comparison/recovery match,Auswahl,selected_choice_value,CAT10-redemittel-cat10_r_032,false,,Welche Form passt? not_helped,,support_request,,Das hat leider nicht geholfen. | das | der Neustart | die Anleitung,,Das hat leider nicht geholfen.,,Watch: Das hat nicht geholfen leider is okay but less natural,,,,,duplicate_v02_same_decision,imported_source_without_replacement_layer_match,
content/b1-m10-technical-problems.js,v080149_cat10_redemittel_cat10_r_033,cat10-r-033,cat10-r-033,matched_lineage_or_unresolved,Production Practice,exclude from normal auto-graded practice; route later to separate self-marked Production Practice,,,,EXCEPTION_REVIEW,manual review: imported row has sourceRowId but no comparison/recovery match,Auswahl,selected_choice_value,CAT10-redemittel-cat10_r_033,false,,Welche Form passt? fixed_now,,support_request,,Jetzt funktioniert es wieder. | es | die App | der Drucker,,Jetzt funktioniert es wieder.,,Watch: Jetzt geht es wieder,,,,,duplicate_v02_same_decision,imported_source_without_replacement_layer_match,
content/b1-m10-technical-problems.js,v080149_cat10_redemittel_cat10_r_034,cat10-r-034,cat10-r-034,matched_lineage_or_unresolved,Production Practice,exclude from normal auto-graded practice; route later to separate self-marked Production Practice,,,,EXCEPTION_REVIEW,manual review: imported row has sourceRowId but no comparison/recovery match,Auswahl,selected_choice_value,CAT10-redemittel-cat10_r_034,false,,Welche Form passt? problem_solved,,support_request,,"Vielen Dank, das Problem ist gelöst. | Problem | Störung | Fehler",,"Vielen Dank, das Problem ist gelöst.",,Watch: Problem ist repariert,,,,,duplicate_v02_same_decision,imported_source_without_replacement_layer_match,
content/b1-m10-technical-problems.js,v080149_cat10_redemittel_cat10_r_041,cat10-r-041,cat10-r-041,matched_replacement_layer,Exception,manual review: unrecognised v0.2 decision vocabulary,revise_light,revise_light,,EXCEPTION_REVIEW,manual review: comparison/recovery row exists but decision is not apply-ready,Auswahl,selected_choice_value,CAT10-redemittel-cat10_r_041,false,,Welche Form passt? ask_status,,status_followup,,Gibt es schon eine Rückmeldung zu meinem Ticket? | Ticket | Anfrage | Problem,,Gibt es schon eine Rückmeldung zu meinem Ticket?,Gibt es schon eine Rückmeldung zu meinem Ticket?,Watch: Gibt es eine Antwort für mein Ticket?,,,,,duplicate_v02_lineage_resolved,unclear_v02_decision,
content/b1-m10-technical-problems.js,v080149_cat10_redemittel_cat10_r_042,cat10-r-042,cat10-r-042,matched_replacement_layer,Exception,manual review: unrecognised v0.2 decision vocabulary,revise_light,revise_light,,EXCEPTION_REVIEW,manual review: comparison/recovery row exists but decision is not apply-ready,Auswahl,selected_choice_value,CAT10-redemittel-cat10_r_042,false,,Welche Form passt? ticket_number,,status_followup,,Die Ticketnummer lautet 4821. | Ticketnummer | Bearbeitungsnummer | Die Ticketnummer ist 4821 okay,,Die Ticketnummer lautet 4821.,Die Ticketnummer lautet 4821.,Watch: Die Ticketnummer ist 4821 okay,,,,,duplicate_v02_lineage_resolved,unclear_v02_decision,
content/b1-m10-technical-problems.js,v080149_cat10_redemittel_cat10_r_043,cat10-r-043,cat10-r-043,matched_lineage_or_unresolved,Exception,manual review: unrecognised v0.2 decision vocabulary,,,,EXCEPTION_REVIEW,manual review: imported row has sourceRowId but no comparison/recovery match,Auswahl,selected_choice_value,CAT10-redemittel-cat10_r_043,false,,Welche Form passt? still_problem,,status_followup,,Das Problem besteht weiterhin. | Problem | Störung | Fehler,,Das Problem besteht weiterhin.,,Watch: Problem bleibt also okay,,,,,duplicate_v02_same_decision,imported_source_without_replacement_layer_match,
content/b1-m10-technical-problems.js,v080149_cat10_redemittel_cat10_r_044,cat10-r-044,cat10-r-044,matched_replacement_layer,Exception,manual review: unrecognised v0.2 decision vocabulary,revise_light,revise_light,,EXCEPTION_REVIEW,manual review: comparison/recovery row exists but decision is not apply-ready,Auswahl,selected_choice_value,CAT10-redemittel-cat10_r_044,false,,Welche Form passt? urgent_because,,status_followup,,"Es ist dringend, weil ich die Datei heute abgeben muss. | file | form | device reason",,"Es ist dringend, weil ich die Datei heute abgeben muss.","Es ist dringend, weil ich die Datei heute abgeben muss.",Watch: Es ist dringend wegen ich...,,,,,duplicate_v02_lineage_resolved,unclear_v02_decision,
content/b1-m10-technical-problems.js,v080149_cat10_redemittel_cat10_r_045,cat10-r-045,cat10-r-045,matched_lineage_or_unresolved,Exception,manual review: unrecognised v0.2 decision vocabulary,,,,EXCEPTION_REVIEW,manual review: imported row has sourceRowId but no comparison/recovery match,Auswahl,selected_choice_value,CAT10-redemittel-cat10_r_045,false,,Welche Form passt? workaround,,status_followup,,Gibt es eine andere Möglichkeit? | Möglichkeit | Weg | Termin,,Gibt es eine andere Möglichkeit?,,Watch: Gibt es ein anderes Weg,,,,,duplicate_v02_same_decision,imported_source_without_replacement_layer_match,
content/b1-m10-technical-problems.js,v080149_cat10_redemittel_cat10_r_046,cat10-r-046,cat10-r-046,matched_lineage_or_unresolved,Exception,manual review: unrecognised v0.2 decision vocabulary,,,,EXCEPTION_REVIEW,manual review: imported row has sourceRowId but no comparison/recovery match,Auswahl,selected_choice_value,CAT10-redemittel-cat10_r_046,false,,Welche Form passt? join_problem,,video_call,,Ich komme nicht in die Videokonferenz. | Videokonferenz | Meeting | Ich komme nicht auf die Videokonferenz,,Ich komme nicht in die Videokonferenz.,,Watch: Ich komme nicht auf die Videokonferenz,,,,,duplicate_v02_same_decision,imported_source_without_replacement_layer_match,
content/b1-m10-technical-problems.js,v080149_cat10_redemittel_cat10_r_048,cat10-r-048,cat10-r-048,matched_replacement_layer,Exception,manual review: unrecognised v0.2 decision vocabulary,revise_light,revise_light,,EXCEPTION_REVIEW,manual review: comparison/recovery row exists but decision is not apply-ready,Auswahl,selected_choice_value,CAT10-redemittel-cat10_r_048,false,,Welche Form passt? turn_on_camera,,video_call,,Ich schalte die Kamera kurz ein. | Kamera | Mikrofon | Ich mache Kamera an less formal,,Ich schalte die Kamera kurz ein.,Ich schalte die Kamera kurz ein.,Watch: Ich mache Kamera an less formal,,,,,duplicate_v02_lineage_resolved,unclear_v02_decision,
content/b1-m10-technical-problems.js,v080149_cat10_redemittel_cat10_r_049,cat10-r-049,cat10-r-049,matched_replacement_layer,Exception,manual review: unrecognised v0.2 decision vocabulary,revise_light,revise_light,,EXCEPTION_REVIEW,manual review: comparison/recovery row exists but decision is not apply-ready,Auswahl,selected_choice_value,CAT10-redemittel-cat10_r_049,false,,Welche Form passt? muted_mic,,video_call,,"Ich glaube, mein Mikrofon ist stumm. | Mikrofon | Ton | Mein Mikrofon ist stummgeschaltet also okay",,"Ich glaube, mein Mikrofon ist stumm.","Ich glaube, mein Mikrofon ist stumm.",Watch: Mein Mikrofon ist stummgeschaltet also okay,,,,,duplicate_v02_lineage_resolved,unclear_v02_decision,
content/b1-m10-technical-problems.js,v080149_cat10_redemittel_cat10_r_050,cat10-r-050,cat10-r-050,matched_lineage_or_unresolved,Exception,manual review: unrecognised v0.2 decision vocabulary,,,,EXCEPTION_REVIEW,manual review: imported row has sourceRowId but no comparison/recovery match,Auswahl,selected_choice_value,CAT10-redemittel-cat10_r_050,false,,Welche Form passt? audio_delay,,video_call,,Der Ton kommt mit Verzögerung. | Ton | Bild | Verbindung,,Der Ton kommt mit Verzögerung.,,Watch: Der Ton hat Verzögerung,,,,,duplicate_v02_same_decision,imported_source_without_replacement_layer_match,
content/b1-m10-technical-problems.js,v080149_cat10_redemittel_cat10_r_052,cat10-r-052,cat10-r-052,matched_replacement_layer,Exception,manual review: unrecognised v0.2 decision vocabulary,revise_light,revise_light,,EXCEPTION_REVIEW,manual review: comparison/recovery row exists but decision is not apply-ready,Auswahl,selected_choice_value,CAT10-redemittel-cat10_r_052,false,,Welche Form passt? file_too_large,,file_form,,Die Datei ist zu groß. | Datei | Foto | PDF,,Die Datei ist zu groß.,Die Datei ist zu groß.,Watch: Die Datei hat zu groß,,,,,duplicate_v02_lineage_resolved,unclear_v02_decision,
content/b1-m10-technical-problems.js,v080149_cat10_redemittel_cat10_r_056,cat10-r-056,cat10-r-056,matched_lineage_or_unresolved,Exception,manual review: unrecognised v0.2 decision vocabulary,,,,EXCEPTION_REVIEW,manual review: imported row has sourceRowId but no comparison/recovery match,Auswahl,selected_choice_value,CAT10-redemittel-cat10_r_056,false,,Welche Form passt? phone_help,,support_channel,,Kann ich das telefonisch klären? | telefonisch | online | per E-Mail,,Kann ich das telefonisch klären?,,Watch: Kann ich das mit Telefon klären,,,,,duplicate_v02_same_decision,imported_source_without_replacement_layer_match,
content/b1-m10-technical-problems.js,v080149_cat10_redemittel_cat10_r_057,cat10-r-057,cat10-r-057,matched_lineage_or_unresolved,Exception,manual review: unrecognised v0.2 decision vocabulary,,,,EXCEPTION_REVIEW,manual review: imported row has sourceRowId but no comparison/recovery match,Auswahl,selected_choice_value,CAT10-redemittel-cat10_r_057,false,,Welche Form passt? reachable,,support_channel,,Sie erreichen mich heute bis 16 Uhr. | time | number | Sie können mich erreichen bis...,,Sie erreichen mich heute bis 16 Uhr.,,Watch: Sie können mich erreichen bis...,,,,,duplicate_v02_same_decision,imported_source_without_replacement_layer_match,
content/b1-m10-technical-problems.js,v080149_cat10_redemittel_cat10_r_058,cat10-r-058,cat10-r-058,matched_lineage_or_unresolved,Exception,manual review: unrecognised v0.2 decision vocabulary,,,,EXCEPTION_REVIEW,manual review: imported row has sourceRowId but no comparison/recovery match,Auswahl,selected_choice_value,CAT10-redemittel-cat10_r_058,false,,Welche Form passt? callback,,support_channel,,Könnten Sie mich bitte zurückrufen? | mich | uns | number,,Könnten Sie mich bitte zurückrufen?,,Watch: Könnten Sie mir zurückrufen,,,,,duplicate_v02_same_decision,imported_source_without_replacement_layer_match,
content/b1-m10-technical-problems.js,v080149_cat10_redemittel_cat10_r_060,cat10-r-060,cat10-r-060,matched_lineage_or_unresolved,Exception,manual review: unrecognised v0.2 decision vocabulary,,,,EXCEPTION_REVIEW,manual review: imported row has sourceRowId but no comparison/recovery match,Auswahl,selected_choice_value,CAT10-redemittel-cat10_r_060,false,,Welche Form passt? confirm_received,,support_channel,,Ich habe Ihre Nachricht erhalten. | Nachricht | E-Mail | Anleitung,,Ich habe Ihre Nachricht erhalten.,,Watch: Ich habe Ihre Nachricht bekommt,,,,,duplicate_v02_same_decision,imported_source_without_replacement_layer_match,
content/b1-m10-technical-problems.js,v080149_cat10_redemittel_cat10_r_062,cat10-r-062,cat10-r-062,matched_lineage_or_unresolved,Exception,manual review: unrecognised v0.2 decision vocabulary,,,,EXCEPTION_REVIEW,manual review: imported row has sourceRowId but no comparison/recovery match,Auswahl,selected_choice_value,CAT10-redemittel-cat10_r_062,false,,Welche Form passt? reload_page,,instruction,,Laden Sie die Seite bitte neu. | Seite | Webseite | Laden Sie bitte herunter die Seite,,Laden Sie die Seite bitte neu.,,Watch: Laden Sie bitte herunter die Seite,,,,,duplicate_v02_same_decision,imported_source_without_replacement_layer_match,
content/b1-m10-technical-problems.js,v080149_cat10_redemittel_cat10_r_063,cat10-r-063,cat10-r-063,matched_replacement_layer,Exception,manual review: unrecognised v0.2 decision vocabulary,revise_light,revise_light,,EXCEPTION_REVIEW,manual review: comparison/recovery row exists but decision is not apply-ready,Auswahl,selected_choice_value,CAT10-redemittel-cat10_r_063,false,,Welche Form passt? check_connection,,instruction,,Prüfen Sie bitte die Verbindung. | Verbindung | Kabel | WLAN,,Prüfen Sie bitte die Verbindung.,Prüfen Sie bitte die Verbindung.,Watch: Kontrollieren Sie Verbindung,,,,,duplicate_v02_lineage_resolved,unclear_v02_decision,
content/b1-m10-technical-problems.js,v080149_cat10_redemittel_cat10_r_064,cat10-r-064,cat10-r-064,matched_lineage_or_unresolved,Exception,manual review: unrecognised v0.2 decision vocabulary,,,,EXCEPTION_REVIEW,manual review: imported row has sourceRowId but no comparison/recovery match,Auswahl,selected_choice_value,CAT10-redemittel-cat10_r_064,false,,Welche Form passt? try_again,,instruction,,Versuchen Sie es bitte noch einmal. | es | die Anmeldung | den Upload,,Versuchen Sie es bitte noch einmal.,,Watch: Probieren Sie nochmal okay,,,,,duplicate_v02_same_decision,imported_source_without_replacement_layer_match,
content/b1-m10-technical-problems.js,v080149_cat10_redemittel_cat10_r_067,cat10-r-067,cat10-r-067,matched_replacement_layer,Exception,manual review: unrecognised v0.2 decision vocabulary,revise_light,revise_light,,EXCEPTION_REVIEW,manual review: comparison/recovery row exists but decision is not apply-ready,Auswahl,selected_choice_value,CAT10-redemittel-cat10_r_067,false,,Welche Form passt? contact_support,,instruction,,Wenden Sie sich bitte an den Support. | Support | IT | Kundendienst,,Wenden Sie sich bitte an den Support.,Wenden Sie sich bitte an den Support.,Watch: Kontaktieren Sie den Support also okay,,,,,duplicate_v02_lineage_resolved,unclear_v02_decision,
content/b1-m10-technical-problems.js,v080149_cat10_redemittel_cat10_r_068,cat10-r-068,cat10-r-068,matched_lineage_or_unresolved,Exception,manual review: unrecognised v0.2 decision vocabulary,,,,EXCEPTION_REVIEW,manual review: imported row has sourceRowId but no comparison/recovery match,Auswahl,selected_choice_value,CAT10-redemittel-cat10_r_068,false,,Welche Form passt? thanks_support,,closing,,Vielen Dank für Ihre Hilfe. | Hilfe | Rückmeldung | Anleitung,,Vielen Dank für Ihre Hilfe.,,Watch: Danke für die Hilfe okay,,,,,duplicate_v02_same_decision,imported_source_without_replacement_layer_match,
content/b1-m10-technical-problems.js,v080149_cat10_redemittel_cat10_r_069,cat10-r-069,cat10-r-069,matched_lineage_or_unresolved,Exception,manual review: unrecognised v0.2 decision vocabulary,,,,EXCEPTION_REVIEW,manual review: imported row has sourceRowId but no comparison/recovery match,Auswahl,selected_choice_value,CAT10-redemittel-cat10_r_069,false,,Welche Form passt? confirm_fixed,,closing,,"Danke, jetzt funktioniert alles. | alles | die App | der Drucker",,"Danke, jetzt funktioniert alles.",,Watch: Alles ist funktionieren,,,,,duplicate_v02_same_decision,imported_source_without_replacement_layer_match,
content/b1-m10-technical-problems.js,v080149_cat10_wortschatz_cat10_w_109,cat10-w-109,cat10-w-109,matched_lineage_or_unresolved,Exception,manual review: unrecognised v0.2 decision vocabulary,,,,EXCEPTION_REVIEW,manual review: imported row has sourceRowId but no comparison/recovery match,Auswahl,selected_choice_value,CAT10-wortschatz-cat10_w_109,false,,Welches Wort passt? to work/function,,actions_verbs,,funktionieren | gehen | klappen | das Gerät,,funktionieren,,General verb for whether something works.,,,,,duplicate_v02_same_decision,imported_source_without_replacement_layer_match,
content/b1-m10-technical-problems.js,v080149_cat10_wortschatz_cat10_w_110,cat10-w-110,cat10-w-110,matched_lineage_or_unresolved,Exception,manual review: unrecognised v0.2 decision vocabulary,,,,EXCEPTION_REVIEW,manual review: imported row has sourceRowId but no comparison/recovery match,Auswahl,selected_choice_value,CAT10-wortschatz-cat10_w_110,false,,Welches Wort passt? to respond/react,,actions_verbs,,reagieren | funktionieren | starten | das Gerät,,reagieren,,Used when an app/device does nothing.,,,,,duplicate_v02_same_decision,imported_source_without_replacement_layer_match,
content/b1-m10-technical-problems.js,v080149_cat10_wortschatz_cat10_w_111,cat10-w-111,cat10-w-111,matched_lineage_or_unresolved,Exception,manual review: unrecognised v0.2 decision vocabulary,,,,EXCEPTION_REVIEW,manual review: imported row has sourceRowId but no comparison/recovery match,Auswahl,selected_choice_value,CAT10-wortschatz-cat10_w_111,false,,Welches Wort passt? to start/launch,,actions_verbs,,starten | öffnen | neu starten | das Gerät,,starten,,Start app/device/program.,,,,,duplicate_v02_same_decision,imported_source_without_replacement_layer_match,
content/b1-m10-technical-problems.js,v080149_cat10_wortschatz_cat10_w_112,cat10-w-112,cat10-w-112,matched_lineage_or_unresolved,Exception,manual review: unrecognised v0.2 decision vocabulary,,,,EXCEPTION_REVIEW,manual review: imported row has sourceRowId but no comparison/recovery match,Auswahl,selected_choice_value,CAT10-wortschatz-cat10_w_112,false,,Welches Wort passt? to open,,actions_verbs,,öffnen | starten | laden | das Gerät,,öffnen,,Open app/file/link.,,,,,duplicate_v02_same_decision,imported_source_without_replacement_layer_match,
content/b1-m10-technical-problems.js,v080149_cat10_wortschatz_cat10_w_113,cat10-w-113,cat10-w-113,matched_lineage_or_unresolved,Exception,manual review: unrecognised v0.2 decision vocabulary,,,,EXCEPTION_REVIEW,manual review: imported row has sourceRowId but no comparison/recovery match,Auswahl,selected_choice_value,CAT10-wortschatz-cat10_w_113,false,,Welches Wort passt? to close,,actions_verbs,,schließen | zumachen | beenden | das Gerät,,schließen,,Close window/app.,,,,,duplicate_v02_same_decision,imported_source_without_replacement_layer_match,
content/b1-m10-technical-problems.js,v080149_cat10_wortschatz_cat10_w_115,cat10-w-115,cat10-w-115,matched_lineage_or_unresolved,Exception,manual review: unrecognised v0.2 decision vocabulary,,,,EXCEPTION_REVIEW,manual review: imported row has sourceRowId but no comparison/recovery match,Auswahl,selected_choice_value,CAT10-wortschatz-cat10_w_115,false,,Welches Wort passt? to charge,,actions_verbs,,aufladen | laden | herunterladen | das Gerät,,aufladen,,Charge battery/device.,,,,,duplicate_v02_same_decision,imported_source_without_replacement_layer_match,
content/b1-m10-technical-problems.js,v080149_cat10_wortschatz_cat10_w_116,cat10-w-116,cat10-w-116,matched_lineage_or_unresolved,Exception,manual review: unrecognised v0.2 decision vocabulary,,,,EXCEPTION_REVIEW,manual review: imported row has sourceRowId but no comparison/recovery match,Auswahl,selected_choice_value,CAT10-wortschatz-cat10_w_116,false,,Welches Wort passt? to save,,actions_verbs,,speichern | herunterladen | hochladen | das Gerät,,speichern,,Save file/form.,,,,,duplicate_v02_same_decision,imported_source_without_replacement_layer_match,
content/b1-m10-technical-problems.js,v080149_cat10_wortschatz_cat10_w_117,cat10-w-117,cat10-w-117,matched_lineage_or_unresolved,Exception,manual review: unrecognised v0.2 decision vocabulary,,,,EXCEPTION_REVIEW,manual review: imported row has sourceRowId but no comparison/recovery match,Auswahl,selected_choice_value,CAT10-wortschatz-cat10_w_117,false,,Welches Wort passt? to download,,actions_verbs,,herunterladen | hochladen | speichern | das Gerät,,herunterladen,,Download to device.,,,,,duplicate_v02_same_decision,imported_source_without_replacement_layer_match,
content/b1-m10-technical-problems.js,v080149_cat10_wortschatz_cat10_w_118,cat10-w-118,cat10-w-118,matched_lineage_or_unresolved,Exception,manual review: unrecognised v0.2 decision vocabulary,,,,EXCEPTION_REVIEW,manual review: imported row has sourceRowId but no comparison/recovery match,Auswahl,selected_choice_value,CAT10-wortschatz-cat10_w_118,false,,Welches Wort passt? to upload,,actions_verbs,,hochladen | herunterladen | senden | das Gerät,,hochladen,,Upload to site/form.,,,,,duplicate_v02_same_decision,imported_source_without_replacement_layer_match,
content/b1-m10-technical-problems.js,v080149_cat10_wortschatz_cat10_w_119,cat10-w-119,cat10-w-119,matched_lineage_or_unresolved,Exception,manual review: unrecognised v0.2 decision vocabulary,,,,EXCEPTION_REVIEW,manual review: imported row has sourceRowId but no comparison/recovery match,Auswahl,selected_choice_value,CAT10-wortschatz-cat10_w_119,false,,Welches Wort passt? to attach,,actions_verbs,,anhängen | hängen | senden | das Gerät,,anhängen,,Attach file.,,,,,duplicate_v02_same_decision,imported_source_without_replacement_layer_match,
content/b1-m10-technical-problems.js,v080149_cat10_wortschatz_cat10_w_120,cat10-w-120,cat10-w-120,matched_lineage_or_unresolved,Exception,manual review: unrecognised v0.2 decision vocabulary,,,,EXCEPTION_REVIEW,manual review: imported row has sourceRowId but no comparison/recovery match,Auswahl,selected_choice_value,CAT10-wortschatz-cat10_w_120,false,,Welches Wort passt? to send,,actions_verbs,,senden | schicken | absenden | das Gerät,,senden,,Send file/message/form.,,,,,duplicate_v02_same_decision,imported_source_without_replacement_layer_match,
content/b1-m10-technical-problems.js,v080149_cat10_wortschatz_cat10_w_122,cat10-w-122,cat10-w-122,matched_lineage_or_unresolved,Exception,manual review: unrecognised v0.2 decision vocabulary,,,,EXCEPTION_REVIEW,manual review: imported row has sourceRowId but no comparison/recovery match,Auswahl,selected_choice_value,CAT10-wortschatz-cat10_w_122,false,,Welches Wort passt? to forward,,actions_verbs,,weiterleiten | senden | teilen | das Gerät,,weiterleiten,,Forward message/file.,,,,,duplicate_v02_same_decision,imported_source_without_replacement_layer_match,
content/b1-m10-technical-problems.js,v080149_cat10_wortschatz_cat10_w_123,cat10-w-123,cat10-w-123,matched_lineage_or_unresolved,Exception,manual review: unrecognised v0.2 decision vocabulary,,,,EXCEPTION_REVIEW,manual review: imported row has sourceRowId but no comparison/recovery match,Auswahl,selected_choice_value,CAT10-wortschatz-cat10_w_123,false,,Welches Wort passt? to install,,actions_verbs,,installieren | aktualisieren | deinstallieren | das Gerät,,installieren,,Install app/program/update.,,,,,duplicate_v02_same_decision,imported_source_without_replacement_layer_match,
content/b1-m10-technical-problems.js,v080149_cat10_wortschatz_cat10_w_125,cat10-w-125,cat10-w-125,matched_lineage_or_unresolved,Exception,manual review: unrecognised v0.2 decision vocabulary,,,,EXCEPTION_REVIEW,manual review: imported row has sourceRowId but no comparison/recovery match,Auswahl,selected_choice_value,CAT10-wortschatz-cat10_w_125,false,,Welches Wort passt? to update/refresh,,actions_verbs,,aktualisieren | installieren | neu laden | das Gerät,,aktualisieren,,Update software or refresh information.,,,,,duplicate_v02_same_decision,imported_source_without_replacement_layer_match,
content/b1-m10-technical-problems.js,v080149_cat10_wortschatz_cat10_w_126,cat10-w-126,cat10-w-126,matched_lineage_or_unresolved,Exception,manual review: unrecognised v0.2 decision vocabulary,,,,EXCEPTION_REVIEW,manual review: imported row has sourceRowId but no comparison/recovery match,Auswahl,selected_choice_value,CAT10-wortschatz-cat10_w_126,false,,Welches Wort passt? to reload,,actions_verbs,,neu laden | aktualisieren | herunterladen | das Gerät,,neu laden,,Reload page/app.,,,,,duplicate_v02_same_decision,imported_source_without_replacement_layer_match,
content/b1-m10-technical-problems.js,v080149_cat10_wortschatz_cat10_w_127,cat10-w-127,cat10-w-127,matched_lineage_or_unresolved,Exception,manual review: unrecognised v0.2 decision vocabulary,,,,EXCEPTION_REVIEW,manual review: imported row has sourceRowId but no comparison/recovery match,Auswahl,selected_choice_value,CAT10-wortschatz-cat10_w_127,false,,Welches Wort passt? to restart,,actions_verbs,,neu starten | starten | ausschalten | das Gerät,,neu starten,,Restart device/app.,,,,,duplicate_v02_same_decision,imported_source_without_replacement_layer_match,
content/b1-m10-technical-problems.js,v080149_cat10_wortschatz_cat10_w_128,cat10-w-128,cat10-w-128,matched_lineage_or_unresolved,Exception,manual review: unrecognised v0.2 decision vocabulary,,,,EXCEPTION_REVIEW,manual review: imported row has sourceRowId but no comparison/recovery match,Auswahl,selected_choice_value,CAT10-wortschatz-cat10_w_128,false,,Welches Wort passt? to switch on,,actions_verbs,,einschalten | anschalten | ausschalten | das Gerät,,einschalten,,Turn on device/camera/mic.,,,,,duplicate_v02_same_decision,imported_source_without_replacement_layer_match,
content/b1-m10-technical-problems.js,v080149_cat10_wortschatz_cat10_w_129,cat10-w-129,cat10-w-129,matched_lineage_or_unresolved,Exception,manual review: unrecognised v0.2 decision vocabulary,,,,EXCEPTION_REVIEW,manual review: imported row has sourceRowId but no comparison/recovery match,Auswahl,selected_choice_value,CAT10-wortschatz-cat10_w_129,false,,Welches Wort passt? to switch off,,actions_verbs,,ausschalten | einschalten | abmelden | das Gerät,,ausschalten,,Turn off device/camera/mic.,,,,,duplicate_v02_same_decision,imported_source_without_replacement_layer_match,
content/b1-m10-technical-problems.js,v080149_cat10_wortschatz_cat10_w_130,cat10-w-130,cat10-w-130,matched_lineage_or_unresolved,Exception,manual review: unrecognised v0.2 decision vocabulary,,,,EXCEPTION_REVIEW,manual review: imported row has sourceRowId but no comparison/recovery match,Auswahl,selected_choice_value,CAT10-wortschatz-cat10_w_130,false,,Welches Wort passt? to connect/plug in,,actions_verbs,,anschließen | verbinden | anmelden | das Gerät,,anschließen,,Connect cable/device.,,,,,duplicate_v02_same_decision,imported_source_without_replacement_layer_match,
content/b1-m10-technical-problems.js,v080149_cat10_wortschatz_cat10_w_131,cat10-w-131,cat10-w-131,matched_lineage_or_unresolved,Exception,manual review: unrecognised v0.2 decision vocabulary,,,,EXCEPTION_REVIEW,manual review: imported row has sourceRowId but no comparison/recovery match,Auswahl,selected_choice_value,CAT10-wortschatz-cat10_w_131,false,,Welches Wort passt? to connect,,actions_verbs,,verbinden | anschließen | verknüpfen | das Gerät,,verbinden,,Connect to network/device.,,,,,duplicate_v02_same_decision,imported_source_without_replacement_layer_match,
content/b1-m10-technical-problems.js,v080149_cat10_wortschatz_cat10_w_133,cat10-w-133,cat10-w-133,matched_lineage_or_unresolved,Exception,manual review: unrecognised v0.2 decision vocabulary,,,,EXCEPTION_REVIEW,manual review: imported row has sourceRowId but no comparison/recovery match,Auswahl,selected_choice_value,CAT10-wortschatz-cat10_w_133,false,,Welches Wort passt? to print,,actions_verbs,,drucken | kopieren | scannen | das Gerät,,drucken,,Print document.,,,,,duplicate_v02_same_decision,imported_source_without_replacement_layer_match,
content/b1-m10-technical-problems.js,v080149_cat10_wortschatz_cat10_w_135,cat10-w-135,cat10-w-135,matched_lineage_or_unresolved,Exception,manual review: unrecognised v0.2 decision vocabulary,,,,EXCEPTION_REVIEW,manual review: imported row has sourceRowId but no comparison/recovery match,Auswahl,selected_choice_value,CAT10-wortschatz-cat10_w_135,false,,Welches Wort passt? to copy,,actions_verbs,,kopieren | drucken | scannen | das Gerät,,kopieren,,Make a copy or duplicate.,,,,,duplicate_v02_same_decision,imported_source_without_replacement_layer_match,
content/b1-m10-technical-problems.js,v080149_cat10_wortschatz_cat10_w_137,cat10-w-137,cat10-w-137,matched_lineage_or_unresolved,Exception,manual review: unrecognised v0.2 decision vocabulary,,,,EXCEPTION_REVIEW,manual review: imported row has sourceRowId but no comparison/recovery match,Auswahl,selected_choice_value,CAT10-wortschatz-cat10_w_137,false,,Welches Wort passt? to share/release/authorise,,actions_verbs,,freigeben | teilen | erlauben | das Gerät,,freigeben,,Give access/share.,,,,,duplicate_v02_same_decision,imported_source_without_replacement_layer_match,
content/b1-m10-technical-problems.js,v080149_cat10_wortschatz_cat10_w_141,cat10-w-141,cat10-w-141,matched_lineage_or_unresolved,Exception,manual review: unrecognised v0.2 decision vocabulary,,,,EXCEPTION_REVIEW,manual review: imported row has sourceRowId but no comparison/recovery match,Auswahl,selected_choice_value,CAT10-wortschatz-cat10_w_141,false,,Welches Wort passt? to check,,actions_verbs,,prüfen | testen | kontrollieren | das Gerät,,prüfen,,Check problem/status/device.,,,,,duplicate_v02_same_decision,imported_source_without_replacement_layer_match,
content/b1-m10-technical-problems.js,v080149_cat10_wortschatz_cat10_w_142,cat10-w-142,cat10-w-142,matched_lineage_or_unresolved,Exception,manual review: unrecognised v0.2 decision vocabulary,,,,EXCEPTION_REVIEW,manual review: imported row has sourceRowId but no comparison/recovery match,Auswahl,selected_choice_value,CAT10-wortschatz-cat10_w_142,false,,Welches Wort passt? to fix/resolve,,actions_verbs,,beheben | lösen | reparieren | das Gerät,,beheben,,Fix an error/problem.,,,,,duplicate_v02_same_decision,imported_source_without_replacement_layer_match,
content/b1-m10-technical-problems.js,v080149_cat10_wortschatz_cat10_w_143,cat10-w-143,cat10-w-143,matched_lineage_or_unresolved,Exception,manual review: unrecognised v0.2 decision vocabulary,,,,EXCEPTION_REVIEW,manual review: imported row has sourceRowId but no comparison/recovery match,Auswahl,selected_choice_value,CAT10-wortschatz-cat10_w_143,false,,Welches Wort passt? to occur/appear,,actions_verbs,,auftreten | passieren | kommen | das Gerät,,auftreten,,Problem/error occurs.,,,,,duplicate_v02_same_decision,imported_source_without_replacement_layer_match,
content/b1-m10-technical-problems.js,v080149_cat10_wortschatz_cat10_w_144,cat10-w-144,cat10-w-144,matched_lineage_or_unresolved,Exception,manual review: unrecognised v0.2 decision vocabulary,,,,EXCEPTION_REVIEW,manual review: imported row has sourceRowId but no comparison/recovery match,Auswahl,selected_choice_value,CAT10-wortschatz-cat10_w_144,false,,Welches Wort passt? slow,,problem_adjectives,,langsam | spät | lange | das Gerät,,langsam,,System or internet is slow.,,,,,duplicate_v02_same_decision,imported_source_without_replacement_layer_match,
content/b1-m10-technical-problems.js,v080149_cat10_wortschatz_cat10_w_145,cat10-w-145,cat10-w-145,matched_lineage_or_unresolved,Exception,manual review: unrecognised v0.2 decision vocabulary,,,,EXCEPTION_REVIEW,manual review: imported row has sourceRowId but no comparison/recovery match,Auswahl,selected_choice_value,CAT10-wortschatz-cat10_w_145,false,,Welches Wort passt? broken,,problem_adjectives,,kaputt | defekt | beschädigt | das Gerät,,kaputt,,Everyday broken/not working.,,,,,duplicate_v02_same_decision,imported_source_without_replacement_layer_match,
content/b1-m10-technical-problems.js,v080149_cat10_wortschatz_cat10_w_146,cat10-w-146,cat10-w-146,matched_lineage_or_unresolved,Exception,manual review: unrecognised v0.2 decision vocabulary,,,,EXCEPTION_REVIEW,manual review: imported row has sourceRowId but no comparison/recovery match,Auswahl,selected_choice_value,CAT10-wortschatz-cat10_w_146,false,,Welches Wort passt? defective/faulty,,problem_adjectives,,defekt | kaputt | beschädigt | das Gerät,,defekt,,More formal than kaputt.,,,,,duplicate_v02_same_decision,imported_source_without_replacement_layer_match,
content/b1-m10-technical-problems.js,v080149_cat10_wortschatz_cat10_w_147,cat10-w-147,cat10-w-147,matched_lineage_or_unresolved,Exception,manual review: unrecognised v0.2 decision vocabulary,,,,EXCEPTION_REVIEW,manual review: imported row has sourceRowId but no comparison/recovery match,Auswahl,selected_choice_value,CAT10-wortschatz-cat10_w_147,false,,Welches Wort passt? damaged,,problem_adjectives,,beschädigt | kaputt | defekt | das Gerät,,beschädigt,,Physical/file damage.,,,,,duplicate_v02_same_decision,imported_source_without_replacement_layer_match,
content/b1-m10-technical-problems.js,v080149_cat10_wortschatz_cat10_w_148,cat10-w-148,cat10-w-148,matched_lineage_or_unresolved,Exception,manual review: unrecognised v0.2 decision vocabulary,,,,EXCEPTION_REVIEW,manual review: imported row has sourceRowId but no comparison/recovery match,Auswahl,selected_choice_value,CAT10-wortschatz-cat10_w_148,false,,Welches Wort passt? frozen,,problem_adjectives,,eingefroren | kalt | hängt | das Gerät,,eingefroren,,Screen/app frozen.,,,,,duplicate_v02_same_decision,imported_source_without_replacement_layer_match,
content/b1-m10-technical-problems.js,v080149_cat10_wortschatz_cat10_w_150,cat10-w-150,cat10-w-150,matched_lineage_or_unresolved,Exception,manual review: unrecognised v0.2 decision vocabulary,,,,EXCEPTION_REVIEW,manual review: imported row has sourceRowId but no comparison/recovery match,Auswahl,selected_choice_value,CAT10-wortschatz-cat10_w_150,false,,Welches Wort passt? connected,,problem_adjectives,,verbunden | angeschlossen | verfügbar | das Gerät,,verbunden,,Connected to network/device.,,,,,duplicate_v02_same_decision,imported_source_without_replacement_layer_match,
content/b1-m10-technical-problems.js,v080149_cat10_wortschatz_cat10_w_151,cat10-w-151,cat10-w-151,matched_lineage_or_unresolved,Exception,manual review: unrecognised v0.2 decision vocabulary,,,,EXCEPTION_REVIEW,manual review: imported row has sourceRowId but no comparison/recovery match,Auswahl,selected_choice_value,CAT10-wortschatz-cat10_w_151,false,,Welches Wort passt? disconnected/separate,,problem_adjectives,,getrennt | aus | offline | das Gerät,,getrennt,,Disconnected.,,,,,duplicate_v02_same_decision,imported_source_without_replacement_layer_match,
content/b1-m10-technical-problems.js,v080149_cat10_wortschatz_cat10_w_152,cat10-w-152,cat10-w-152,matched_lineage_or_unresolved,Exception,manual review: unrecognised v0.2 decision vocabulary,,,,EXCEPTION_REVIEW,manual review: imported row has sourceRowId but no comparison/recovery match,Auswahl,selected_choice_value,CAT10-wortschatz-cat10_w_152,false,,Welches Wort passt? available,,problem_adjectives,,verfügbar | erreichbar | frei | das Gerät,,verfügbar,,Available function/update/service.,,,,,duplicate_v02_same_decision,imported_source_without_replacement_layer_match,
content/b1-m10-technical-problems.js,v080149_cat10_wortschatz_cat10_w_153,cat10-w-153,cat10-w-153,matched_lineage_or_unresolved,Exception,manual review: unrecognised v0.2 decision vocabulary,,,,EXCEPTION_REVIEW,manual review: imported row has sourceRowId but no comparison/recovery match,Auswahl,selected_choice_value,CAT10-wortschatz-cat10_w_153,false,,Welches Wort passt? current/up to date,,problem_adjectives,,aktuell | neu | verfügbar | das Gerät,,aktuell,,Current version/status.,,,,,duplicate_v02_same_decision,imported_source_without_replacement_layer_match,
content/b1-m10-technical-problems.js,v080149_cat10_wortschatz_cat10_w_154,cat10-w-154,cat10-w-154,matched_lineage_or_unresolved,Exception,manual review: unrecognised v0.2 decision vocabulary,,,,EXCEPTION_REVIEW,manual review: imported row has sourceRowId but no comparison/recovery match,Auswahl,selected_choice_value,CAT10-wortschatz-cat10_w_154,false,,Welches Wort passt? outdated,,problem_adjectives,,veraltet | alt | aktuell | das Gerät,,veraltet,,Old/not current.,,,,,duplicate_v02_same_decision,imported_source_without_replacement_layer_match,
content/b1-m10-technical-problems.js,v080149_cat10_wortschatz_cat10_w_155,cat10-w-155,cat10-w-155,matched_lineage_or_unresolved,Exception,manual review: unrecognised v0.2 decision vocabulary,,,,EXCEPTION_REVIEW,manual review: imported row has sourceRowId but no comparison/recovery match,Auswahl,selected_choice_value,CAT10-wortschatz-cat10_w_155,false,,Welches Wort passt? empty/flat,,problem_adjectives,,leer | voll | kaputt | das Gerät,,leer,,Battery empty or field empty.,,,,,duplicate_v02_same_decision,imported_source_without_replacement_layer_match,
content/b1-m10-technical-problems.js,v080149_cat10_wortschatz_cat10_w_156,cat10-w-156,cat10-w-156,matched_lineage_or_unresolved,Exception,manual review: unrecognised v0.2 decision vocabulary,,,,EXCEPTION_REVIEW,manual review: imported row has sourceRowId but no comparison/recovery match,Auswahl,selected_choice_value,CAT10-wortschatz-cat10_w_156,false,,Welches Wort passt? full,,problem_adjectives,,voll | leer | besetzt | das Gerät,,voll,,Storage/full mailbox.,,,,,duplicate_v02_same_decision,imported_source_without_replacement_layer_match,
content/b1-m11-colleague-feedback-conflict.js,v080149_cat11_practice_family_cat11_pf_025,cat11-pf-025,cat11-pf-025,matched_lineage_or_unresolved,Exception,manual review: unrecognised v0.2 decision vocabulary,,,,EXCEPTION_REVIEW,manual review: imported row has sourceRowId but no comparison/recovery match,Auswahl,selected_choice_value,CAT11-practice_family-cat11_pf_025,false,,Welche Reaktion passt auf Feedback?,,"A Danke für die Rückmeldung. / B Das weiß ich schon. / C Na gut, wenn Sie meinen.",,"Danke für die Rückmeldung. | A Danke für die Rückmeldung. | B Das weiß ich schon. | C Na gut, wenn Sie meinen.",,Danke für die Rückmeldung.,,This accepts feedback politely without agreeing to everything.,,,,,duplicate_v02_same_decision,imported_source_without_replacement_layer_match,
content/b1-m11-colleague-feedback-conflict.js,v080149_cat11_practice_family_cat11_pf_027,cat11-pf-027,cat11-pf-027,matched_lineage_or_unresolved,Exception,manual review: unrecognised v0.2 decision vocabulary,,,,EXCEPTION_REVIEW,manual review: imported row has sourceRowId but no comparison/recovery match,Auswahl,selected_choice_value,CAT11-practice_family-cat11_pf_027,false,,Welche Bitte ist höflich?,,"A Könnten Sie mir bitte ein konkretes Beispiel geben? / B Geben Sie mir ein Beispiel. / C Beispiel, bitte.",,"Könnten Sie mir bitte ein konkretes Beispiel geben? | A Könnten Sie mir bitte ein konkretes Beispiel geben? | B Geben Sie mir ein Beispiel. | C Beispiel, bitte.",,Könnten Sie mir bitte ein konkretes Beispiel geben?,,`Könnten Sie bitte ...?` is a polite request pattern.,,,,,duplicate_v02_same_decision,imported_source_without_replacement_layer_match,
content/b1-m11-colleague-feedback-conflict.js,v080149_cat11_redemittel_cat11_r_001,cat11-r-001,cat11-r-001,matched_replacement_layer,Production Practice,exclude from normal auto-graded practice; route later to separate self-marked Production Practice,revise_light,revise_light,,EXCEPTION_REVIEW,manual review: comparison/recovery row exists but decision is not apply-ready,Auswahl,selected_choice_value,CAT11-redemittel-cat11_r_001,false,,Welche Form passt? colleague_discussion,,soft_disagreement,,Ich sehe das etwas anders. | Widerspruch | anderer Meinung sein | Ich bin dagegen.,,Ich sehe das etwas anders.,Ich sehe das etwas anders.,Watch: Ich sehe es anders.,,,,,duplicate_v02_lineage_resolved,unclear_v02_decision,
content/b1-m11-colleague-feedback-conflict.js,v080149_cat11_redemittel_cat11_r_003,cat11-r-003,cat11-r-003,matched_replacement_layer,Production Practice,exclude from normal auto-graded practice; route later to separate self-marked Production Practice,revise_light,revise_light,,EXCEPTION_REVIEW,manual review: comparison/recovery row exists but decision is not apply-ready,Auswahl,selected_choice_value,CAT11-redemittel-cat11_r_003,false,,Welche Form passt? team_planning,,soft_disagreement,,"Ich bin mir nicht sicher, ob das die beste Lösung ist. | Einwand | Zweifel | Das ist falsch.",,"Ich bin mir nicht sicher, ob das die beste Lösung ist.","Ich bin mir nicht sicher, ob das die beste Lösung ist.","Watch: Ich bin nicht sicher, wenn ...",,,,,duplicate_v02_lineage_resolved,unclear_v02_decision,
content/b1-m11-colleague-feedback-conflict.js,v080149_cat11_redemittel_cat11_r_005,cat11-r-005,cat11-r-005,matched_replacement_layer,Production Practice,exclude from normal auto-graded practice; route later to separate self-marked Production Practice,revise_light,revise_light,,EXCEPTION_REVIEW,manual review: comparison/recovery row exists but decision is not apply-ready,Auswahl,selected_choice_value,CAT11-redemittel-cat11_r_005,false,,Welche Form passt? meeting,,soft_disagreement,,Aus meiner Sicht sollten wir zuerst die Priorität klären. | meiner Meinung nach | ich denke | Wir müssen unbedingt ...,,Aus meiner Sicht sollten wir zuerst die Priorität klären.,Aus meiner Sicht sollten wir zuerst die Priorität klären.,Watch: Aus meine Sicht ...,,,,,duplicate_v02_lineage_resolved,unclear_v02_decision,
content/b1-m11-colleague-feedback-conflict.js,v080149_cat11_redemittel_cat11_r_006,cat11-r-006,cat11-r-006,matched_replacement_layer,Production Practice,exclude from normal auto-graded practice; route later to separate self-marked Production Practice,revise_light,revise_light,,EXCEPTION_REVIEW,manual review: comparison/recovery row exists but decision is not apply-ready,Auswahl,selected_choice_value,CAT11-redemittel-cat11_r_006,false,,Welche Form passt? meeting,,soft_disagreement,,Ich bin mit dem Vorschlag nicht ganz einverstanden. | ablehnen | widersprechen | Ich bin nicht einverstanden mit alles.,,Ich bin mit dem Vorschlag nicht ganz einverstanden.,Ich bin mit dem Vorschlag nicht ganz einverstanden.,Watch: Ich bin nicht ganz einverstanden mit dem Vorschlag.,,,,,duplicate_v02_lineage_resolved,unclear_v02_decision,
content/b1-m11-colleague-feedback-conflict.js,v080149_cat11_redemittel_cat11_r_007,cat11-r-007,cat11-r-007,matched_replacement_layer,Production Practice,exclude from normal auto-graded practice; route later to separate self-marked Production Practice,revise_light,revise_light,,EXCEPTION_REVIEW,manual review: comparison/recovery row exists but decision is not apply-ready,Auswahl,selected_choice_value,CAT11-redemittel-cat11_r_007,false,,Welche Form passt? misunderstanding,,clarification,,"Ich glaube, da gab es ein Missverständnis. | Fehler | Konflikt | Sie haben mich falsch verstanden.",,"Ich glaube, da gab es ein Missverständnis.","Ich glaube, da gab es ein Missverständnis.",Watch: es gibt ein Missverständnis gewesen,,,,,duplicate_v02_lineage_resolved,unclear_v02_decision,
content/b1-m11-colleague-feedback-conflict.js,v080149_cat11_redemittel_cat11_r_008,cat11-r-008,cat11-r-008,matched_replacement_layer,Production Practice,exclude from normal auto-graded practice; route later to separate self-marked Production Practice,revise_light,revise_light,,EXCEPTION_REVIEW,manual review: comparison/recovery row exists but decision is not apply-ready,Auswahl,selected_choice_value,CAT11-redemittel-cat11_r_008,false,,Welche Form passt? task_confusion,,clarification,,Können wir das kurz klären? | besprechen | erklären | Klären wir das jetzt!,,Können wir das kurz klären?,Können wir das kurz klären?,Watch: Können wir das kurz erklären?,,,,,duplicate_v02_lineage_resolved,unclear_v02_decision,
content/b1-m11-colleague-feedback-conflict.js,v080149_cat11_redemittel_cat11_r_009,cat11-r-009,cat11-r-009,matched_replacement_layer,Production Practice,exclude from normal auto-graded practice; route later to separate self-marked Production Practice,revise_light,revise_light,,EXCEPTION_REVIEW,manual review: comparison/recovery row exists but decision is not apply-ready,Auswahl,selected_choice_value,CAT11-redemittel-cat11_r_009,false,,Welche Form passt? feedback,,clarification,,Was genau soll ich anders machen? | Feedback | Verbesserung | Was ist falsch?,,Was genau soll ich anders machen?,Was genau soll ich anders machen?,Watch: Was soll ich andere machen?,,,,,duplicate_v02_lineage_resolved,unclear_v02_decision,
content/b1-m11-colleague-feedback-conflict.js,v080149_cat11_redemittel_cat11_r_010,cat11-r-010,cat11-r-010,matched_replacement_layer,Production Practice,exclude from normal auto-graded practice; route later to separate self-marked Production Practice,revise_light,revise_light,,EXCEPTION_REVIEW,manual review: comparison/recovery row exists but decision is not apply-ready,Auswahl,selected_choice_value,CAT11-redemittel-cat11_r_010,false,,Welche Form passt? feedback,,clarification,,Könnten Sie mir bitte ein konkretes Beispiel geben? | Beispiel | Hinweis | Beweisen Sie das.,,Könnten Sie mir bitte ein konkretes Beispiel geben?,Könnten Sie mir bitte ein konkretes Beispiel geben?,Watch: ein konkret Beispiel,,,,,duplicate_v02_lineage_resolved,unclear_v02_decision,
content/b1-m11-colleague-feedback-conflict.js,v080149_cat11_redemittel_cat11_r_011,cat11-r-011,cat11-r-011,matched_replacement_layer,Production Practice,exclude from normal auto-graded practice; route later to separate self-marked Production Practice,revise_light,revise_light,,EXCEPTION_REVIEW,manual review: comparison/recovery row exists but decision is not apply-ready,Auswahl,selected_choice_value,CAT11-redemittel-cat11_r_011,false,,Welche Form passt? task_handover,,clarification,,Welche Aufgabe hat im Moment Priorität? | Priorität klären | Was ist wichtiger? | Ich sehe das etwas anders.,,Welche Aufgabe hat im Moment Priorität?,Welche Aufgabe hat im Moment Priorität?,Watch: Welche Aufgabe ist Priorität?,,,,,duplicate_v02_lineage_resolved,unclear_v02_decision,
content/b1-m11-colleague-feedback-conflict.js,v080149_cat11_redemittel_cat11_r_013,cat11-r-013,cat11-r-013,matched_replacement_layer,Production Practice,exclude from normal auto-graded practice; route later to separate self-marked Production Practice,revise_light,revise_light,,EXCEPTION_REVIEW,manual review: comparison/recovery row exists but decision is not apply-ready,Auswahl,selected_choice_value,CAT11-redemittel-cat11_r_013,false,,Welche Form passt? communication,,clarification,,"Ich möchte sicher sein, dass ich Sie richtig verstanden habe. | nachfragen | klären | Sie sind unklar.",,"Ich möchte sicher sein, dass ich Sie richtig verstanden habe.","Ich möchte sicher sein, dass ich Sie richtig verstanden habe.","Watch: Ich möchte sicher sein, ob ...",,,,,duplicate_v02_lineage_resolved,unclear_v02_decision,
content/b1-m11-colleague-feedback-conflict.js,v080149_cat11_redemittel_cat11_r_015,cat11-r-015,cat11-r-015,matched_replacement_layer,Production Practice,exclude from normal auto-graded practice; route later to separate self-marked Production Practice,revise_light,revise_light,,EXCEPTION_REVIEW,manual review: comparison/recovery row exists but decision is not apply-ready,Auswahl,selected_choice_value,CAT11-redemittel-cat11_r_015,false,,Welche Form passt? work_quality,,feedback_giving,,"Mir ist aufgefallen, dass hier noch etwas fehlt. | Hinweis | Kritik | Du hast das vergessen.",,"Mir ist aufgefallen, dass hier noch etwas fehlt.","Mir ist aufgefallen, dass hier noch etwas fehlt.","Watch: Mir hat aufgefallen, dass ...",,,,,duplicate_v02_lineage_resolved,unclear_v02_decision,
content/b1-m11-colleague-feedback-conflict.js,v080149_cat11_redemittel_cat11_r_016,cat11-r-016,cat11-r-016,matched_replacement_layer,Production Practice,exclude from normal auto-graded practice; route later to separate self-marked Production Practice,revise_light,revise_light,,EXCEPTION_REVIEW,manual review: comparison/recovery row exists but decision is not apply-ready,Auswahl,selected_choice_value,CAT11-redemittel-cat11_r_016,false,,Welche Form passt? work_quality,,feedback_giving,,Könnten wir diesen Punkt noch einmal prüfen? | prüfen | klären | Das ist falsch.,,Könnten wir diesen Punkt noch einmal prüfen?,Könnten wir diesen Punkt noch einmal prüfen?,Watch: diesen Punkt nochmal gucken,,,,,duplicate_v02_lineage_resolved,unclear_v02_decision,
content/b1-m11-colleague-feedback-conflict.js,v080149_cat11_redemittel_cat11_r_017,cat11-r-017,cat11-r-017,matched_replacement_layer,Production Practice,exclude from normal auto-graded practice; route later to separate self-marked Production Practice,revise_light,revise_light,,EXCEPTION_REVIEW,manual review: comparison/recovery row exists but decision is not apply-ready,Auswahl,selected_choice_value,CAT11-redemittel-cat11_r_017,false,,Welche Form passt? work_process,,feedback_giving,,Ich habe einen Vorschlag zur Zusammenarbeit. | Verbesserungsvorschlag | Ich habe Kritik an dir. | Ich sehe das etwas anders.,,Ich habe einen Vorschlag zur Zusammenarbeit.,Ich habe einen Vorschlag zur Zusammenarbeit.,Watch: Vorschlag für Zusammenarbeit,,,,,duplicate_v02_lineage_resolved,unclear_v02_decision,
content/b1-m11-colleague-feedback-conflict.js,v080149_cat11_redemittel_cat11_r_018,cat11-r-018,cat11-r-018,matched_replacement_layer,Production Practice,exclude from normal auto-graded practice; route later to separate self-marked Production Practice,revise_light,revise_light,,EXCEPTION_REVIEW,manual review: comparison/recovery row exists but decision is not apply-ready,Auswahl,selected_choice_value,CAT11-redemittel-cat11_r_018,false,,Welche Form passt? team_process,,feedback_giving,,Vielleicht könnten wir die Absprache klarer machen. | Vorschlag | Klärung | Wir brauchen bessere Regeln.,,Vielleicht könnten wir die Absprache klarer machen.,Vielleicht könnten wir die Absprache klarer machen.,Watch: Absprache klarer machen,,,,,duplicate_v02_lineage_resolved,unclear_v02_decision,
content/b1-m11-colleague-feedback-conflict.js,v080149_cat11_redemittel_cat11_r_021,cat11-r-021,cat11-r-021,matched_replacement_layer,Production Practice,exclude from normal auto-graded practice; route later to separate self-marked Production Practice,revise_light,revise_light,,EXCEPTION_REVIEW,manual review: comparison/recovery row exists but decision is not apply-ready,Auswahl,selected_choice_value,CAT11-redemittel-cat11_r_021,false,,Welche Form passt? feedback_response,,feedback_receiving,,Danke für die Rückmeldung. | Feedback | Kritik | Okay.,,Danke für die Rückmeldung.,Danke für die Rückmeldung.,Watch: Danke für Rückmeldung,,,,,duplicate_v02_lineage_resolved,unclear_v02_decision,
content/b1-m11-colleague-feedback-conflict.js,v080149_cat11_redemittel_cat11_r_022,cat11-r-022,cat11-r-022,matched_replacement_layer,Production Practice,exclude from normal auto-graded practice; route later to separate self-marked Production Practice,revise_light,revise_light,,EXCEPTION_REVIEW,manual review: comparison/recovery row exists but decision is not apply-ready,Auswahl,selected_choice_value,CAT11-redemittel-cat11_r_022,false,,Welche Form passt? feedback_response,,feedback_receiving,,Ich schaue mir das noch einmal an. | prüfen | verbessern | Ich gucke mal.,,Ich schaue mir das noch einmal an.,Ich schaue mir das noch einmal an.,Watch: Ich schaue das noch einmal.,,,,,duplicate_v02_lineage_resolved,unclear_v02_decision,
content/b1-m11-colleague-feedback-conflict.js,v080149_cat11_redemittel_cat11_r_023,cat11-r-023,cat11-r-023,matched_replacement_layer,Production Practice,exclude from normal auto-graded practice; route later to separate self-marked Production Practice,revise_light,revise_light,,EXCEPTION_REVIEW,manual review: comparison/recovery row exists but decision is not apply-ready,Auswahl,selected_choice_value,CAT11-redemittel-cat11_r_023,false,,Welche Form passt? feedback_response,,feedback_receiving,,Ich nehme den Hinweis mit. | berücksichtigen | prüfen | Ich nehme es mit mir.,,Ich nehme den Hinweis mit.,Ich nehme den Hinweis mit.,Watch: Ich nehme Hinweis mit,,,,,duplicate_v02_lineage_resolved,unclear_v02_decision,
content/b1-m11-colleague-feedback-conflict.js,v080149_cat11_redemittel_cat11_r_024,cat11-r-024,cat11-r-024,matched_replacement_layer,Production Practice,exclude from normal auto-graded practice; route later to separate self-marked Production Practice,revise_light,revise_light,,EXCEPTION_REVIEW,manual review: comparison/recovery row exists but decision is not apply-ready,Auswahl,selected_choice_value,CAT11-redemittel-cat11_r_024,false,,Welche Form passt? feedback_response,,feedback_receiving,,"Ich verstehe, was Sie meinen. | Verständnis zeigen | Ich verstehe Sie meinen. | Ich sehe das etwas anders.",,"Ich verstehe, was Sie meinen.","Ich verstehe, was Sie meinen.","Watch: Ich verstehe, was Sie meinen.",,,,,duplicate_v02_lineage_resolved,unclear_v02_decision,
content/b1-m11-colleague-feedback-conflict.js,v080149_cat11_redemittel_cat11_r_025,cat11-r-025,cat11-r-025,matched_replacement_layer,Production Practice,exclude from normal auto-graded practice; route later to separate self-marked Production Practice,revise_light,revise_light,,EXCEPTION_REVIEW,manual review: comparison/recovery row exists but decision is not apply-ready,Auswahl,selected_choice_value,CAT11-redemittel-cat11_r_025,false,,Welche Form passt? feedback_response,,feedback_receiving,,"Ich brauche noch einen Moment, um darüber nachzudenken. | Abstand | Ruhe | Ich antworte später irgendwann.",,"Ich brauche noch einen Moment, um darüber nachzudenken.","Ich brauche noch einen Moment, um darüber nachzudenken.",Watch: Moment um darüber denken,,,,,duplicate_v02_lineage_resolved,unclear_v02_decision,
content/b1-m11-colleague-feedback-conflict.js,v080149_cat11_redemittel_cat11_r_028,cat11-r-028,cat11-r-028,matched_replacement_layer,Production Practice,exclude from normal auto-graded practice; route later to separate self-marked Production Practice,revise_light,revise_light,,EXCEPTION_REVIEW,manual review: comparison/recovery row exists but decision is not apply-ready,Auswahl,selected_choice_value,CAT11-redemittel-cat11_r_028,false,,Welche Form passt? miscommunication,,apology,,"Das tut mir leid, das war nicht meine Absicht. | Absicht | Versehen | War nicht so gemeint.",,"Das tut mir leid, das war nicht meine Absicht.","Das tut mir leid, das war nicht meine Absicht.",Watch: das war nicht mein Absicht,,,,,duplicate_v02_lineage_resolved,unclear_v02_decision,
content/b1-m11-colleague-feedback-conflict.js,v080149_cat11_redemittel_cat11_r_030,cat11-r-030,cat11-r-030,matched_lineage_or_unresolved,Production Practice,exclude from normal auto-graded practice; route later to separate self-marked Production Practice,,,,EXCEPTION_REVIEW,manual review: imported row has sourceRowId but no comparison/recovery match,Auswahl,selected_choice_value,CAT11-redemittel-cat11_r_030,false,,Welche Form passt? delay_task,,apology,,"Es tut mir leid, ich habe die Absprache falsch verstanden. | Missverständnis | Absprache | Sie haben es falsch erklärt.",,"Es tut mir leid, ich habe die Absprache falsch verstanden.",,Watch: ich habe falsch verstanden die Absprache,,,,,duplicate_v02_same_decision,imported_source_without_replacement_layer_match,
content/b1-m11-colleague-feedback-conflict.js,v080149_cat11_redemittel_cat11_r_031,cat11-r-031,cat11-r-031,matched_lineage_or_unresolved,Production Practice,exclude from normal auto-graded practice; route later to separate self-marked Production Practice,,,,EXCEPTION_REVIEW,manual review: imported row has sourceRowId but no comparison/recovery match,Auswahl,selected_choice_value,CAT11-redemittel-cat11_r_031,false,,Welche Form passt? repair_action,,apology,,Ich kümmere mich sofort darum. | Verantwortung übernehmen | Ich mache es irgendwann. | Ich sehe das etwas anders.,,Ich kümmere mich sofort darum.,,Watch: Ich kümmere das,,,,,duplicate_v02_same_decision,imported_source_without_replacement_layer_match,
content/b1-m11-colleague-feedback-conflict.js,v080149_cat11_redemittel_cat11_r_032,cat11-r-032,cat11-r-032,matched_lineage_or_unresolved,Production Practice,exclude from normal auto-graded practice; route later to separate self-marked Production Practice,,,,EXCEPTION_REVIEW,manual review: imported row has sourceRowId but no comparison/recovery match,Auswahl,selected_choice_value,CAT11-redemittel-cat11_r_032,false,,Welche Form passt? repair_action,,apology,,Ich korrigiere das und melde mich danach noch einmal. | Fehler | Rückmeldung | Ich korrigiere und fertig.,,Ich korrigiere das und melde mich danach noch einmal.,,Watch: Ich korrigiere das und melde danach,,,,,duplicate_v02_same_decision,imported_source_without_replacement_layer_match,
content/b1-m11-colleague-feedback-conflict.js,v080149_cat11_redemittel_cat11_r_033,cat11-r-033,cat11-r-033,matched_replacement_layer,Production Practice,exclude from normal auto-graded practice; route later to separate self-marked Production Practice,revise_light,revise_light,,EXCEPTION_REVIEW,manual review: comparison/recovery row exists but decision is not apply-ready,Auswahl,selected_choice_value,CAT11-redemittel-cat11_r_033,false,,Welche Form passt? tone,,boundary,,Könnten wir bitte sachlich bleiben? | Ton | sachlich | Sei sachlich!,,Könnten wir bitte sachlich bleiben?,Könnten wir bitte sachlich bleiben?,Watch: Können wir sachlich sein?,,,,,duplicate_v02_lineage_resolved,unclear_v02_decision,
content/b1-m11-colleague-feedback-conflict.js,v080149_cat11_redemittel_cat11_r_034,cat11-r-034,cat11-r-034,matched_lineage_or_unresolved,Production Practice,exclude from normal auto-graded practice; route later to separate self-marked Production Practice,,,,EXCEPTION_REVIEW,manual review: imported row has sourceRowId but no comparison/recovery match,Auswahl,selected_choice_value,CAT11-redemittel-cat11_r_034,false,,Welche Form passt? interruption,,boundary,,Bitte lassen Sie mich kurz ausreden. | Unterbrechung | ausreden lassen | Hören Sie auf!,,Bitte lassen Sie mich kurz ausreden.,,Watch: Bitte lassen Sie mir ausreden,,,,,duplicate_v02_same_decision,imported_source_without_replacement_layer_match,
content/b1-m11-colleague-feedback-conflict.js,v080149_cat11_redemittel_cat11_r_036,cat11-r-036,cat11-r-036,matched_lineage_or_unresolved,Production Practice,exclude from normal auto-graded practice; route later to separate self-marked Production Practice,,,,EXCEPTION_REVIEW,manual review: imported row has sourceRowId but no comparison/recovery match,Auswahl,selected_choice_value,CAT11-redemittel-cat11_r_036,false,,Welche Form passt? workload,,boundary,,Ich kann diese Aufgabe heute nicht zusätzlich übernehmen. | ablehnen | übernehmen | Das ist nicht mein Job.,,Ich kann diese Aufgabe heute nicht zusätzlich übernehmen.,,Watch: nicht extra übernehmen,,,,,duplicate_v02_same_decision,imported_source_without_replacement_layer_match,
content/b1-m11-colleague-feedback-conflict.js,v080149_cat11_redemittel_cat11_r_038,cat11-r-038,cat11-r-038,matched_lineage_or_unresolved,Production Practice,exclude from normal auto-graded practice; route later to separate self-marked Production Practice,,,,EXCEPTION_REVIEW,manual review: imported row has sourceRowId but no comparison/recovery match,Auswahl,selected_choice_value,CAT11-redemittel-cat11_r_038,false,,Welche Form passt? availability,,boundary,,Ich kann darüber jetzt nicht gut sprechen. Können wir später reden? | Abstand | Ruhe | Ich rede nicht mit Ihnen.,,Ich kann darüber jetzt nicht gut sprechen. Können wir später reden?,,Watch: Ich kann nicht darüber sprechen gut,,,,,duplicate_v02_same_decision,imported_source_without_replacement_layer_match,
content/b1-m11-colleague-feedback-conflict.js,v080149_cat11_redemittel_cat11_r_040,cat11-r-040,cat11-r-040,matched_lineage_or_unresolved,Production Practice,exclude from normal auto-graded practice; route later to separate self-marked Production Practice,,,,EXCEPTION_REVIEW,manual review: imported row has sourceRowId but no comparison/recovery match,Auswahl,selected_choice_value,CAT11-redemittel-cat11_r_040,false,,Welche Form passt? respect,,boundary,,Ich möchte respektvoll miteinander sprechen. | Respekt | Ton | Sie sind respektlos.,,Ich möchte respektvoll miteinander sprechen.,,Watch: respektvoll miteinander sprechen,,,,,duplicate_v02_same_decision,imported_source_without_replacement_layer_match,
content/b1-m11-colleague-feedback-conflict.js,v080149_cat11_redemittel_cat11_r_041,cat11-r-041,cat11-r-041,matched_replacement_layer,Production Practice,exclude from normal auto-graded practice; route later to separate self-marked Production Practice,revise_light,revise_light,,EXCEPTION_REVIEW,manual review: comparison/recovery row exists but decision is not apply-ready,Auswahl,selected_choice_value,CAT11-redemittel-cat11_r_041,false,,Welche Form passt? solution_finding,,solution,,Wie können wir das gemeinsam lösen? | Lösung | gemeinsam | Was machen Sie jetzt?,,Wie können wir das gemeinsam lösen?,Wie können wir das gemeinsam lösen?,Watch: gemeinsam lösen das,,,,,duplicate_v02_lineage_resolved,unclear_v02_decision,
content/b1-m11-colleague-feedback-conflict.js,v080149_cat11_redemittel_cat11_r_042,cat11-r-042,cat11-r-042,matched_replacement_layer,Production Practice,exclude from normal auto-graded practice; route later to separate self-marked Production Practice,revise_light,revise_light,,EXCEPTION_REVIEW,manual review: comparison/recovery row exists but decision is not apply-ready,Auswahl,selected_choice_value,CAT11-redemittel-cat11_r_042,false,,Welche Form passt? proposal,,solution,,"Ich schlage vor, dass wir zuerst die Fakten klären. | vorschlagen | klären | Wir machen es so.",,"Ich schlage vor, dass wir zuerst die Fakten klären.","Ich schlage vor, dass wir zuerst die Fakten klären.","Watch: Ich vorschlage, dass ...",,,,,duplicate_v02_lineage_resolved,unclear_v02_decision,
content/b1-m11-colleague-feedback-conflict.js,v080149_cat11_redemittel_cat11_r_043,cat11-r-043,cat11-r-043,matched_lineage_or_unresolved,Production Practice,exclude from normal auto-graded practice; route later to separate self-marked Production Practice,,,,EXCEPTION_REVIEW,manual review: imported row has sourceRowId but no comparison/recovery match,Auswahl,selected_choice_value,CAT11-redemittel-cat11_r_043,false,,Welche Form passt? agreement,,solution,,Können wir für die Zukunft eine klare Absprache treffen? | Absprache | Vereinbarung | Ab jetzt müssen Sie ...,,Können wir für die Zukunft eine klare Absprache treffen?,,Watch: eine Absprache machen,,,,,duplicate_v02_same_decision,imported_source_without_replacement_layer_match,
content/b1-m11-colleague-feedback-conflict.js,v080149_cat11_redemittel_cat11_r_044,cat11-r-044,cat11-r-044,matched_lineage_or_unresolved,Production Practice,exclude from normal auto-graded practice; route later to separate self-marked Production Practice,,,,EXCEPTION_REVIEW,manual review: imported row has sourceRowId but no comparison/recovery match,Auswahl,selected_choice_value,CAT11-redemittel-cat11_r_044,false,,Welche Form passt? compromise,,solution,,Vielleicht finden wir einen Kompromiss. | Lösung | Vereinbarung | Machen wir halb halb.,,Vielleicht finden wir einen Kompromiss.,,Watch: einen Kompromiss machen,,,,,duplicate_v02_same_decision,imported_source_without_replacement_layer_match,
content/b1-m11-colleague-feedback-conflict.js,v080149_cat11_redemittel_cat11_r_046,cat11-r-046,cat11-r-046,matched_lineage_or_unresolved,Production Practice,exclude from normal auto-graded practice; route later to separate self-marked Production Practice,,,,EXCEPTION_REVIEW,manual review: imported row has sourceRowId but no comparison/recovery match,Auswahl,selected_choice_value,CAT11-redemittel-cat11_r_046,false,,Welche Form passt? support,,solution,,Ich kann Sie dabei unterstützen. | helfen | unterstützen | Ich mache es für Sie.,,Ich kann Sie dabei unterstützen.,,Watch: ich kann Ihnen unterstützen,,,,,duplicate_v02_same_decision,imported_source_without_replacement_layer_match,
content/b1-m11-colleague-feedback-conflict.js,v080149_cat11_redemittel_cat11_r_047,cat11-r-047,cat11-r-047,matched_lineage_or_unresolved,Production Practice,exclude from normal auto-graded practice; route later to separate self-marked Production Practice,,,,EXCEPTION_REVIEW,manual review: imported row has sourceRowId but no comparison/recovery match,Auswahl,selected_choice_value,CAT11-redemittel-cat11_r_047,false,,Welche Form passt? support_request,,solution,,Könnten Sie mich dabei unterstützen? | Hilfe | unterstützen | Sie müssen mir helfen.,,Könnten Sie mich dabei unterstützen?,,Watch: Könnten Sie mir unterstützen?,,,,,duplicate_v02_same_decision,imported_source_without_replacement_layer_match,
content/b1-m11-colleague-feedback-conflict.js,v080149_cat11_redemittel_cat11_r_048,cat11-r-048,cat11-r-048,matched_replacement_layer,Production Practice,exclude from normal auto-graded practice; route later to separate self-marked Production Practice,revise_light,revise_light,,EXCEPTION_REVIEW,manual review: comparison/recovery row exists but decision is not apply-ready,Auswahl,selected_choice_value,CAT11-redemittel-cat11_r_048,false,,Welche Form passt? role_clarity,,solution,,"Lassen Sie uns klären, wer was übernimmt. | Verantwortung | Aufgabe | Wer macht das jetzt?",,"Lassen Sie uns klären, wer was übernimmt.","Lassen Sie uns klären, wer was übernimmt.",Watch: wer was übernehmt,,,,,duplicate_v02_lineage_resolved,unclear_v02_decision,
content/b1-m11-colleague-feedback-conflict.js,v080149_cat11_redemittel_cat11_r_051,cat11-r-051,cat11-r-051,matched_lineage_or_unresolved,Production Practice,exclude from normal auto-graded practice; route later to separate self-marked Production Practice,,,,EXCEPTION_REVIEW,manual review: imported row has sourceRowId but no comparison/recovery match,Auswahl,selected_choice_value,CAT11-redemittel-cat11_r_051,false,,Welche Form passt? serious_issue,,escalation,,Ich möchte das in Ruhe besprechen. | Gespräch | klären | Später.,,Ich möchte das in Ruhe besprechen.,,Watch: in Ruhe sprechen über das,,,,,duplicate_v02_same_decision,imported_source_without_replacement_layer_match,
content/b1-m11-colleague-feedback-conflict.js,v080149_cat11_wortschatz_cat11_w_068,cat11-w-068,cat11-w-068,matched_lineage_or_unresolved,Exception,manual review: unrecognised v0.2 decision vocabulary,,,,EXCEPTION_REVIEW,manual review: imported row has sourceRowId but no comparison/recovery match,Auswahl,selected_choice_value,CAT11-wortschatz-cat11_w_068,false,,Welches Wort passt? bring up/address,,verbs_feedback,,ansprechen | sprechen über | erklären | das Feedback,,ansprechen,,Frame: ein Problem/ein Thema ansprechen.,,,,,duplicate_v02_same_decision,imported_source_without_replacement_layer_match,
content/b1-m11-colleague-feedback-conflict.js,v080149_cat11_wortschatz_cat11_w_069,cat11-w-069,cat11-w-069,matched_lineage_or_unresolved,Exception,manual review: unrecognised v0.2 decision vocabulary,,,,EXCEPTION_REVIEW,manual review: imported row has sourceRowId but no comparison/recovery match,Auswahl,selected_choice_value,CAT11-wortschatz-cat11_w_069,false,,Welches Wort passt? discuss,,verbs_feedback,,besprechen | sprechen über | klären | das Feedback,,besprechen,,Takes direct object: etwas besprechen.,,,,,duplicate_v02_same_decision,imported_source_without_replacement_layer_match,
content/b1-m11-colleague-feedback-conflict.js,v080149_cat11_wortschatz_cat11_w_070,cat11-w-070,cat11-w-070,matched_lineage_or_unresolved,Exception,manual review: unrecognised v0.2 decision vocabulary,,,,EXCEPTION_REVIEW,manual review: imported row has sourceRowId but no comparison/recovery match,Auswahl,selected_choice_value,CAT11-wortschatz-cat11_w_070,false,,Welches Wort passt? clarify/resolve,,verbs_feedback,,klären | erklären | lösen | das Feedback,,klären,,High-yield conflict de-escalation verb.,,,,,duplicate_v02_same_decision,imported_source_without_replacement_layer_match,
content/b1-m11-colleague-feedback-conflict.js,v080149_cat11_wortschatz_cat11_w_071,cat11-w-071,cat11-w-071,matched_lineage_or_unresolved,Exception,manual review: unrecognised v0.2 decision vocabulary,,,,EXCEPTION_REVIEW,manual review: imported row has sourceRowId but no comparison/recovery match,Auswahl,selected_choice_value,CAT11-wortschatz-cat11_w_071,false,,Welches Wort passt? explain,,verbs_feedback,,erklären | klären | sagen | das Feedback,,erklären,,Do not confuse with klären.,,,,,duplicate_v02_same_decision,imported_source_without_replacement_layer_match,
content/b1-m11-colleague-feedback-conflict.js,v080149_cat11_wortschatz_cat11_w_072,cat11-w-072,cat11-w-072,matched_lineage_or_unresolved,Exception,manual review: unrecognised v0.2 decision vocabulary,,,,EXCEPTION_REVIEW,manual review: imported row has sourceRowId but no comparison/recovery match,Auswahl,selected_choice_value,CAT11-wortschatz-cat11_w_072,false,,Welches Wort passt? ask/check again,,verbs_feedback,,nachfragen | fragen | erklären | das Feedback,,nachfragen,,Useful for clarification.,,,,,duplicate_v02_same_decision,imported_source_without_replacement_layer_match,
content/b1-m11-colleague-feedback-conflict.js,v080149_cat11_wortschatz_cat11_w_073,cat11-w-073,cat11-w-073,matched_lineage_or_unresolved,Exception,manual review: unrecognised v0.2 decision vocabulary,,,,EXCEPTION_REVIEW,manual review: imported row has sourceRowId but no comparison/recovery match,Auswahl,selected_choice_value,CAT11-wortschatz-cat11_w_073,false,,Welches Wort passt? listen,,verbs_feedback,,zuhören | hören | zuhören zu | das Feedback,,zuhören,,Often with dative person: jemandem zuhören.,,,,,duplicate_v02_same_decision,imported_source_without_replacement_layer_match,
content/b1-m11-colleague-feedback-conflict.js,v080149_cat11_wortschatz_cat11_w_075,cat11-w-075,cat11-w-075,matched_lineage_or_unresolved,Exception,manual review: unrecognised v0.2 decision vocabulary,,,,EXCEPTION_REVIEW,manual review: imported row has sourceRowId but no comparison/recovery match,Auswahl,selected_choice_value,CAT11-wortschatz-cat11_w_075,false,,Welches Wort passt? interrupt,,verbs_feedback,,unterbrechen | stören | abbrechen | das Feedback,,unterbrechen,,Takes a person/object.,,,,,duplicate_v02_same_decision,imported_source_without_replacement_layer_match,
content/b1-m11-colleague-feedback-conflict.js,v080149_cat11_wortschatz_cat11_w_076,cat11-w-076,cat11-w-076,matched_lineage_or_unresolved,Exception,manual review: unrecognised v0.2 decision vocabulary,,,,EXCEPTION_REVIEW,manual review: imported row has sourceRowId but no comparison/recovery match,Auswahl,selected_choice_value,CAT11-wortschatz-cat11_w_076,false,,Welches Wort passt? agree,,verbs_feedback,,zustimmen | zustimmen zu | einverstanden sein | das Feedback,,zustimmen,,Often with dative: jemandem zustimmen.,,,,,duplicate_v02_same_decision,imported_source_without_replacement_layer_match,
content/b1-m11-colleague-feedback-conflict.js,v080149_cat11_wortschatz_cat11_w_079,cat11-w-079,cat11-w-079,matched_lineage_or_unresolved,Exception,manual review: unrecognised v0.2 decision vocabulary,,,,EXCEPTION_REVIEW,manual review: imported row has sourceRowId but no comparison/recovery match,Auswahl,selected_choice_value,CAT11-wortschatz-cat11_w_079,false,,Welches Wort passt? improve/correct,,verbs_feedback,,verbessern | korrigieren | ändern | das Feedback,,verbessern,,Useful for solution language.,,,,,duplicate_v02_same_decision,imported_source_without_replacement_layer_match,
content/b1-m11-colleague-feedback-conflict.js,v080149_cat11_wortschatz_cat11_w_080,cat11-w-080,cat11-w-080,matched_lineage_or_unresolved,Exception,manual review: unrecognised v0.2 decision vocabulary,,,,EXCEPTION_REVIEW,manual review: imported row has sourceRowId but no comparison/recovery match,Auswahl,selected_choice_value,CAT11-wortschatz-cat11_w_080,false,,Welches Wort passt? suggest,,verbs_feedback,,vorschlagen | empfehlen | sagen | das Feedback,,vorschlagen,,Often with dass/infinitive structures later.,,,,,duplicate_v02_same_decision,imported_source_without_replacement_layer_match,
content/b1-m11-colleague-feedback-conflict.js,v080149_cat11_wortschatz_cat11_w_081,cat11-w-081,cat11-w-081,matched_lineage_or_unresolved,Exception,manual review: unrecognised v0.2 decision vocabulary,,,,EXCEPTION_REVIEW,manual review: imported row has sourceRowId but no comparison/recovery match,Auswahl,selected_choice_value,CAT11-wortschatz-cat11_w_081,false,,Welches Wort passt? agree/arrange,,verbs_feedback,,vereinbaren | absprechen | buchen | das Feedback,,vereinbaren,,Useful for future rule or process.,,,,,duplicate_v02_same_decision,imported_source_without_replacement_layer_match,
content/b1-m11-colleague-feedback-conflict.js,v080149_cat11_wortschatz_cat11_w_084,cat11-w-084,cat11-w-084,matched_lineage_or_unresolved,Exception,manual review: unrecognised v0.2 decision vocabulary,,,,EXCEPTION_REVIEW,manual review: imported row has sourceRowId but no comparison/recovery match,Auswahl,selected_choice_value,CAT11-wortschatz-cat11_w_084,false,,Welches Wort passt? misunderstand,,verbs_feedback,,missverstehen | verstehen | falsch verstehen | das Feedback,,missverstehen,,Useful for de-escalation.,,,,,duplicate_v02_same_decision,imported_source_without_replacement_layer_match,
content/b1-m11-colleague-feedback-conflict.js,v080149_cat11_wortschatz_cat11_w_085,cat11-w-085,cat11-w-085,matched_lineage_or_unresolved,Exception,manual review: unrecognised v0.2 decision vocabulary,,,,EXCEPTION_REVIEW,manual review: imported row has sourceRowId but no comparison/recovery match,Auswahl,selected_choice_value,CAT11-wortschatz-cat11_w_085,false,,Welches Wort passt? avoid,,verbs_feedback,,vermeiden | verhindern | meiden | das Feedback,,vermeiden,,Useful conflict-prevention verb.,,,,,duplicate_v02_same_decision,imported_source_without_replacement_layer_match,
content/b1-m11-colleague-feedback-conflict.js,v080149_cat11_wortschatz_cat11_w_086,cat11-w-086,cat11-w-086,matched_lineage_or_unresolved,Exception,manual review: unrecognised v0.2 decision vocabulary,,,,EXCEPTION_REVIEW,manual review: imported row has sourceRowId but no comparison/recovery match,Auswahl,selected_choice_value,CAT11-wortschatz-cat11_w_086,false,,Welches Wort passt? react/respond to,,verbs_feedback,,reagieren auf | antworten | reagieren zu | das Feedback,,reagieren auf,,Frame: auf + accusative.,,,,,duplicate_v02_same_decision,imported_source_without_replacement_layer_match,
content/b1-m11-colleague-feedback-conflict.js,v080149_cat11_wortschatz_cat11_w_089,cat11-w-089,cat11-w-089,matched_lineage_or_unresolved,Exception,manual review: unrecognised v0.2 decision vocabulary,,,,EXCEPTION_REVIEW,manual review: imported row has sourceRowId but no comparison/recovery match,Auswahl,selected_choice_value,CAT11-wortschatz-cat11_w_089,false,,Welches Wort passt? respect,,verbs_feedback,,respektieren | akzeptieren | beachten | das Feedback,,respektieren,,Useful simple verb.,,,,,duplicate_v02_same_decision,imported_source_without_replacement_layer_match,
content/b1-m11-colleague-feedback-conflict.js,v080149_cat11_wortschatz_cat11_w_090,cat11-w-090,cat11-w-090,matched_lineage_or_unresolved,Exception,manual review: unrecognised v0.2 decision vocabulary,,,,EXCEPTION_REVIEW,manual review: imported row has sourceRowId but no comparison/recovery match,Auswahl,selected_choice_value,CAT11-wortschatz-cat11_w_090,false,,Welches Wort passt? decline/refuse,,verbs_feedback,,ablehnen | absagen | vermeiden | das Feedback,,ablehnen,,Useful but can sound direct.,,,,,duplicate_v02_same_decision,imported_source_without_replacement_layer_match,
content/b1-m11-colleague-feedback-conflict.js,v080149_cat11_wortschatz_cat11_w_091,cat11-w-091,cat11-w-091,matched_lineage_or_unresolved,Exception,manual review: unrecognised v0.2 decision vocabulary,,,,EXCEPTION_REVIEW,manual review: imported row has sourceRowId but no comparison/recovery match,Auswahl,selected_choice_value,CAT11-wortschatz-cat11_w_091,false,,Welches Wort passt? take over/accept responsibility,,verbs_feedback,,übernehmen | nehmen | machen | das Feedback,,übernehmen,,Useful for tasks and responsibility.,,,,,duplicate_v02_same_decision,imported_source_without_replacement_layer_match,
content/b1-m11-colleague-feedback-conflict.js,v080149_cat11_wortschatz_cat11_w_092,cat11-w-092,cat11-w-092,matched_lineage_or_unresolved,Exception,manual review: unrecognised v0.2 decision vocabulary,,,,EXCEPTION_REVIEW,manual review: imported row has sourceRowId but no comparison/recovery match,Auswahl,selected_choice_value,CAT11-wortschatz-cat11_w_092,false,,Welches Wort passt? support,,verbs_feedback,,unterstützen | helfen | vertreten | das Feedback,,unterstützen,,Useful positive solution verb.,,,,,duplicate_v02_same_decision,imported_source_without_replacement_layer_match,
content/b1-m11-colleague-feedback-conflict.js,v080149_cat11_wortschatz_cat11_w_093,cat11-w-093,cat11-w-093,matched_lineage_or_unresolved,Exception,manual review: unrecognised v0.2 decision vocabulary,,,,EXCEPTION_REVIEW,manual review: imported row has sourceRowId but no comparison/recovery match,Auswahl,selected_choice_value,CAT11-wortschatz-cat11_w_093,false,,Welches Wort passt? ask for help,,verbs_feedback,,um Hilfe bitten | Hilfe brauchen | helfen | das Feedback,,um Hilfe bitten,,Useful conflict/workload de-escalation.,,,,,duplicate_v02_same_decision,imported_source_without_replacement_layer_match,
content/b1-m11-colleague-feedback-conflict.js,v080149_cat11_wortschatz_cat11_w_094,cat11-w-094,cat11-w-094,matched_lineage_or_unresolved,Exception,manual review: unrecognised v0.2 decision vocabulary,,,,EXCEPTION_REVIEW,manual review: imported row has sourceRowId but no comparison/recovery match,Auswahl,selected_choice_value,CAT11-wortschatz-cat11_w_094,false,,Welches Wort passt? remind about,,verbs_feedback,,erinnern an | sich erinnern | merken | das Feedback,,erinnern an,,Frame: jemanden an etwas erinnern.,,,,,duplicate_v02_same_decision,imported_source_without_replacement_layer_match,
content/b1-m11-colleague-feedback-conflict.js,v080149_cat11_wortschatz_cat11_w_096,cat11-w-096,cat11-w-096,matched_lineage_or_unresolved,Exception,manual review: unrecognised v0.2 decision vocabulary,,,,EXCEPTION_REVIEW,manual review: imported row has sourceRowId but no comparison/recovery match,Auswahl,selected_choice_value,CAT11-wortschatz-cat11_w_096,false,,Welches Wort passt? objective/factual,,tone_register,,sachlich | ruhig | freundlich | das Feedback,,sachlich,,Key de-escalation adjective.,,,,,duplicate_v02_same_decision,imported_source_without_replacement_layer_match,
content/b1-m11-colleague-feedback-conflict.js,v080149_cat11_wortschatz_cat11_w_097,cat11-w-097,cat11-w-097,matched_lineage_or_unresolved,Exception,manual review: unrecognised v0.2 decision vocabulary,,,,EXCEPTION_REVIEW,manual review: imported row has sourceRowId but no comparison/recovery match,Auswahl,selected_choice_value,CAT11-wortschatz-cat11_w_097,false,,Welches Wort passt? polite,,tone_register,,höflich | freundlich | respektvoll | das Feedback,,höflich,,Core register word.,,,,,duplicate_v02_same_decision,imported_source_without_replacement_layer_match,
content/b1-m11-colleague-feedback-conflict.js,v080149_cat11_wortschatz_cat11_w_098,cat11-w-098,cat11-w-098,matched_lineage_or_unresolved,Exception,manual review: unrecognised v0.2 decision vocabulary,,,,EXCEPTION_REVIEW,manual review: imported row has sourceRowId but no comparison/recovery match,Auswahl,selected_choice_value,CAT11-wortschatz-cat11_w_098,false,,Welches Wort passt? direct,,tone_register,,direkt | unhöflich | klar | das Feedback,,direkt,,Useful register contrast; not always rude.,,,,,duplicate_v02_same_decision,imported_source_without_replacement_layer_match,
content/b1-m11-colleague-feedback-conflict.js,v080149_cat11_wortschatz_cat11_w_099,cat11-w-099,cat11-w-099,matched_lineage_or_unresolved,Exception,manual review: unrecognised v0.2 decision vocabulary,,,,EXCEPTION_REVIEW,manual review: imported row has sourceRowId but no comparison/recovery match,Auswahl,selected_choice_value,CAT11-wortschatz-cat11_w_099,false,,Welches Wort passt? clear,,tone_register,,klar | deutlich | direkt | das Feedback,,klar,,Core clarity word.,,,,,duplicate_v02_same_decision,imported_source_without_replacement_layer_match,
content/b1-m11-colleague-feedback-conflict.js,v080149_cat11_wortschatz_cat11_w_100,cat11-w-100,cat11-w-100,matched_lineage_or_unresolved,Exception,manual review: unrecognised v0.2 decision vocabulary,,,,EXCEPTION_REVIEW,manual review: imported row has sourceRowId but no comparison/recovery match,Auswahl,selected_choice_value,CAT11-wortschatz-cat11_w_100,false,,Welches Wort passt? specific/concrete,,tone_register,,konkret | genau | klar | das Feedback,,konkret,,Useful for asking for feedback.,,,,,duplicate_v02_same_decision,imported_source_without_replacement_layer_match,
content/b1-m11-colleague-feedback-conflict.js,v080149_cat11_wortschatz_cat11_w_101,cat11-w-101,cat11-w-101,matched_lineage_or_unresolved,Exception,manual review: unrecognised v0.2 decision vocabulary,,,,EXCEPTION_REVIEW,manual review: imported row has sourceRowId but no comparison/recovery match,Auswahl,selected_choice_value,CAT11-wortschatz-cat11_w_101,false,,Welches Wort passt? fair,,tone_register,,fair | gerecht | freundlich | das Feedback,,fair,,Common B1 word; borrowed.,,,,,duplicate_v02_same_decision,imported_source_without_replacement_layer_match,
content/b1-m11-colleague-feedback-conflict.js,v080149_cat11_wortschatz_cat11_w_102,cat11-w-102,cat11-w-102,matched_lineage_or_unresolved,Exception,manual review: unrecognised v0.2 decision vocabulary,,,,EXCEPTION_REVIEW,manual review: imported row has sourceRowId but no comparison/recovery match,Auswahl,selected_choice_value,CAT11-wortschatz-cat11_w_102,false,,Welches Wort passt? respectful,,tone_register,,respektvoll | höflich | freundlich | das Feedback,,respektvoll,,Core conflict adjective.,,,,,duplicate_v02_same_decision,imported_source_without_replacement_layer_match,
content/b1-m11-colleague-feedback-conflict.js,v080149_cat11_wortschatz_cat11_w_103,cat11-w-103,cat11-w-103,matched_lineage_or_unresolved,Exception,manual review: unrecognised v0.2 decision vocabulary,,,,EXCEPTION_REVIEW,manual review: imported row has sourceRowId but no comparison/recovery match,Auswahl,selected_choice_value,CAT11-wortschatz-cat11_w_103,false,,Welches Wort passt? calm/quiet,,tone_register,,ruhig | leise | sachlich | das Feedback,,ruhig,,Useful de-escalation word.,,,,,duplicate_v02_same_decision,imported_source_without_replacement_layer_match,
content/b1-m11-colleague-feedback-conflict.js,v080149_cat11_wortschatz_cat11_w_106,cat11-w-106,cat11-w-106,matched_lineage_or_unresolved,Exception,manual review: unrecognised v0.2 decision vocabulary,,,,EXCEPTION_REVIEW,manual review: imported row has sourceRowId but no comparison/recovery match,Auswahl,selected_choice_value,CAT11-wortschatz-cat11_w_106,false,,Welches Wort passt? unpleasant/uncomfortable,,tone_register,,unangenehm | schwierig | peinlich | das Feedback,,unangenehm,,Useful emotional/context word.,,,,,duplicate_v02_same_decision,imported_source_without_replacement_layer_match,
content/b1-m11-colleague-feedback-conflict.js,v080149_cat11_wortschatz_cat11_w_108,cat11-w-108,cat11-w-108,matched_lineage_or_unresolved,Exception,manual review: unrecognised v0.2 decision vocabulary,,,,EXCEPTION_REVIEW,manual review: imported row has sourceRowId but no comparison/recovery match,Auswahl,selected_choice_value,CAT11-wortschatz-cat11_w_108,false,,Welches Wort passt? unclear,,tone_register,,unklar | klar | offen | das Feedback,,unklar,,Useful for clarification.,,,,,duplicate_v02_same_decision,imported_source_without_replacement_layer_match,
content/b1-m11-colleague-feedback-conflict.js,v080149_cat11_wortschatz_cat11_w_110,cat11-w-110,cat11-w-110,matched_lineage_or_unresolved,Exception,manual review: unrecognised v0.2 decision vocabulary,,,,EXCEPTION_REVIEW,manual review: imported row has sourceRowId but no comparison/recovery match,Auswahl,selected_choice_value,CAT11-wortschatz-cat11_w_110,false,,Welches Wort passt? inappropriate/not suitable,,tone_register,,unpassend | falsch | unangenehm | das Feedback,,unpassend,,Useful for tone/boundary.,,,,,duplicate_v02_same_decision,imported_source_without_replacement_layer_match,
content/b1-m11-colleague-feedback-conflict.js,v080149_cat11_wortschatz_cat11_w_112,cat11-w-112,cat11-w-112,matched_lineage_or_unresolved,Exception,manual review: unrecognised v0.2 decision vocabulary,,,,EXCEPTION_REVIEW,manual review: imported row has sourceRowId but no comparison/recovery match,Auswahl,selected_choice_value,CAT11-wortschatz-cat11_w_112,false,,Welches Wort passt? unfair,,tone_register,,unfair | fair | ungerecht | das Feedback,,unfair,,Useful conflict word.,,,,,duplicate_v02_same_decision,imported_source_without_replacement_layer_match,
content/b1-m11-colleague-feedback-conflict.js,v080149_cat11_wortschatz_cat11_w_113,cat11-w-113,cat11-w-113,matched_lineage_or_unresolved,Exception,manual review: unrecognised v0.2 decision vocabulary,,,,EXCEPTION_REVIEW,manual review: imported row has sourceRowId but no comparison/recovery match,Auswahl,selected_choice_value,CAT11-wortschatz-cat11_w_113,false,,Welches Wort passt? loud,,tone_register,,laut | deutlich | streng | das Feedback,,laut,,Useful tone/volume description.,,,,,duplicate_v02_same_decision,imported_source_without_replacement_layer_match,
content/b1-m11-colleague-feedback-conflict.js,v080149_cat11_wortschatz_cat11_w_114,cat11-w-114,cat11-w-114,matched_lineage_or_unresolved,Exception,manual review: unrecognised v0.2 decision vocabulary,,,,EXCEPTION_REVIEW,manual review: imported row has sourceRowId but no comparison/recovery match,Auswahl,selected_choice_value,CAT11-wortschatz-cat11_w_114,false,,Welches Wort passt? together/jointly,,tone_register,,gemeinsam | zusammen | allein | das Feedback,,gemeinsam,,Useful solution framing.,,,,,duplicate_v02_same_decision,imported_source_without_replacement_layer_match,
content/b1-m12-forms-admin-certificates.js,v080149_cat12_redemittel_cat12_r_002,cat12-r-002,cat12-r-002,matched_replacement_layer,Production Practice,exclude from normal auto-graded practice; route later to separate self-marked Production Practice,revise_light,revise_light,,EXCEPTION_REVIEW,manual review: comparison/recovery row exists but decision is not apply-ready,Auswahl,selected_choice_value,CAT12-redemittel-cat12_r_002,false,,Welche Form passt? office/online,,find_form,,Wo finde ich das Formular? | Formular | Online-Portal | Ich brauche das Formular für ___.,,Wo finde ich das Formular?,Wo finde ich das Formular?,Watch: word order,,,,,duplicate_v02_lineage_resolved,unclear_v02_decision,
content/b1-m12-forms-admin-certificates.js,v080149_cat12_redemittel_cat12_r_011,cat12-r-011,cat12-r-011,matched_replacement_layer,Production Practice,exclude from normal auto-graded practice; route later to separate self-marked Production Practice,revise_light,revise_light,,EXCEPTION_REVIEW,manual review: comparison/recovery row exists but decision is not apply-ready,Auswahl,selected_choice_value,CAT12-redemittel-cat12_r_011,false,,Welche Form passt? phone,,no_reference,,Ich habe leider kein Aktenzeichen. | Aktenzeichen haben | Ich brauche das Formular für ___. | Wo finde ich das Formular?,,Ich habe leider kein Aktenzeichen.,Ich habe leider kein Aktenzeichen.,Watch: Ich bin kein Aktenzeichen,,,,,duplicate_v02_lineage_resolved,unclear_v02_decision,
content/b1-m12-forms-admin-certificates.js,v080149_cat12_redemittel_cat12_r_013,cat12-r-013,cat12-r-013,matched_replacement_layer,Production Practice,exclude from normal auto-graded practice; route later to separate self-marked Production Practice,revise_light,revise_light,,EXCEPTION_REVIEW,manual review: comparison/recovery row exists but decision is not apply-ready,Auswahl,selected_choice_value,CAT12-redemittel-cat12_r_013,false,,Welche Form passt? email/letter,,attach_copy,,Ich lege eine Kopie bei. | Datei anhängen | Ich brauche das Formular für ___. | Wo finde ich das Formular?,,Ich lege eine Kopie bei.,Ich lege eine Kopie bei.,Watch: Ich lege eine Kopie mit,,,,,duplicate_v02_lineage_resolved,unclear_v02_decision,
content/b1-m12-forms-admin-certificates.js,v080149_cat12_redemittel_cat12_r_014,cat12-r-014,cat12-r-014,matched_replacement_layer,Production Practice,exclude from normal auto-graded practice; route later to separate self-marked Production Practice,revise_light,revise_light,,EXCEPTION_REVIEW,manual review: comparison/recovery row exists but decision is not apply-ready,Auswahl,selected_choice_value,CAT12-redemittel-cat12_r_014,false,,Welche Form passt? email,,email_attachment,,Die Datei finden Sie im Anhang. | Anhang | Anlage | Ich brauche das Formular für ___.,,Die Datei finden Sie im Anhang.,Die Datei finden Sie im Anhang.,Watch: in Anhang,,,,,duplicate_v02_lineage_resolved,unclear_v02_decision,
content/b1-m12-forms-admin-certificates.js,v080149_cat12_redemittel_cat12_r_016,cat12-r-016,cat12-r-016,matched_replacement_layer,Production Practice,exclude from normal auto-graded practice; route later to separate self-marked Production Practice,revise_light,revise_light,,EXCEPTION_REVIEW,manual review: comparison/recovery row exists but decision is not apply-ready,Auswahl,selected_choice_value,CAT12-redemittel-cat12_r_016,false,,Welche Form passt? office/email,,form_completed,,Ich habe das Formular vollständig ausgefüllt. | vollständig | unvollständig | Ich brauche das Formular für ___.,,Ich habe das Formular vollständig ausgefüllt.,Ich habe das Formular vollständig ausgefüllt.,Watch: komplett gefüllt,,,,,duplicate_v02_lineage_resolved,unclear_v02_decision,
content/b1-m12-forms-admin-certificates.js,v080149_cat12_redemittel_cat12_r_017,cat12-r-017,cat12-r-017,matched_replacement_layer,Production Practice,exclude from normal auto-graded practice; route later to separate self-marked Production Practice,revise_light,revise_light,,EXCEPTION_REVIEW,manual review: comparison/recovery row exists but decision is not apply-ready,Auswahl,selected_choice_value,CAT12-redemittel-cat12_r_017,false,,Welche Form passt? office/email,,missing_signature,,Die Unterschrift fehlt noch. | Unterschrift | Stempel | Ich brauche das Formular für ___.,,Die Unterschrift fehlt noch.,Die Unterschrift fehlt noch.,Watch: Unterschrift ist nicht,,,,,duplicate_v02_lineage_resolved,unclear_v02_decision,
content/b1-m12-forms-admin-certificates.js,v080149_cat12_redemittel_cat12_r_023,cat12-r-023,cat12-r-023,matched_lineage_or_unresolved,Production Practice,exclude from normal auto-graded practice; route later to separate self-marked Production Practice,,,,EXCEPTION_REVIEW,manual review: imported row has sourceRowId but no comparison/recovery match,Auswahl,selected_choice_value,CAT12-redemittel-cat12_r_023,false,,Welche Form passt? email,,inform_change,,Ich möchte Ihnen meine neue Anschrift mitteilen. | Adresse | Meldeadresse | Ich brauche das Formular für ___.,,Ich möchte Ihnen meine neue Anschrift mitteilen.,,Watch: Adresse sagen,,,,,duplicate_v02_same_decision,imported_source_without_replacement_layer_match,
content/b1-m12-forms-admin-certificates.js,v080149_cat12_redemittel_cat12_r_024,cat12-r-024,cat12-r-024,matched_replacement_layer,Production Practice,exclude from normal auto-graded practice; route later to separate self-marked Production Practice,revise_light,revise_light,,EXCEPTION_REVIEW,manual review: comparison/recovery row exists but decision is not apply-ready,Auswahl,selected_choice_value,CAT12-redemittel-cat12_r_024,false,,Welche Form passt? email,,ask_correction,,In meinem Formular ist ein Fehler. | Fehler im Formular | Ich brauche das Formular für ___. | Wo finde ich das Formular?,,In meinem Formular ist ein Fehler.,In meinem Formular ist ein Fehler.,Watch: Mein Formular hat ein Fehler,,,,,duplicate_v02_lineage_resolved,unclear_v02_decision,
content/b1-m12-forms-admin-certificates.js,v080149_cat12_redemittel_cat12_r_029,cat12-r-029,cat12-r-029,matched_replacement_layer,Production Practice,exclude from normal auto-graded practice; route later to separate self-marked Production Practice,revise_light,revise_light,,EXCEPTION_REVIEW,manual review: comparison/recovery row exists but decision is not apply-ready,Auswahl,selected_choice_value,CAT12-redemittel-cat12_r_029,false,,Welche Form passt? office,,personal_submission,,Kann ich die Unterlagen persönlich abgeben? | persönlich | per Post | Ich brauche das Formular für ___.,,Kann ich die Unterlagen persönlich abgeben?,Kann ich die Unterlagen persönlich abgeben?,Watch: persönlich geben,,,,,duplicate_v02_lineage_resolved,unclear_v02_decision,
content/b1-m12-forms-admin-certificates.js,v080149_cat12_redemittel_cat12_r_030,cat12-r-030,cat12-r-030,matched_replacement_layer,Production Practice,exclude from normal auto-graded practice; route later to separate self-marked Production Practice,revise_light,revise_light,,EXCEPTION_REVIEW,manual review: comparison/recovery row exists but decision is not apply-ready,Auswahl,selected_choice_value,CAT12-redemittel-cat12_r_030,false,,Welche Form passt? email/office,,post_submission,,Kann ich die Unterlagen auch per Post schicken? | per Post | postalisch | Ich brauche das Formular für ___.,,Kann ich die Unterlagen auch per Post schicken?,Kann ich die Unterlagen auch per Post schicken?,Watch: mit Post schicken,,,,,duplicate_v02_lineage_resolved,unclear_v02_decision,
content/b1-m12-forms-admin-certificates.js,v080149_cat12_redemittel_cat12_r_033,cat12-r-033,cat12-r-033,matched_lineage_or_unresolved,Production Practice,exclude from normal auto-graded practice; route later to separate self-marked Production Practice,,,,EXCEPTION_REVIEW,manual review: imported row has sourceRowId but no comparison/recovery match,Auswahl,selected_choice_value,CAT12-redemittel-cat12_r_033,false,,Welche Form passt? office,,ask_processing_time,,Wie lange dauert die Bearbeitung? | Bearbeitung | Bearbeitungszeit | Ich brauche das Formular für ___.,,Wie lange dauert die Bearbeitung?,,Watch: Bearbeitung nimmt,,,,,duplicate_v02_same_decision,imported_source_without_replacement_layer_match,
content/b1-m12-forms-admin-certificates.js,v080149_cat12_redemittel_cat12_r_037,cat12-r-037,cat12-r-037,matched_lineage_or_unresolved,Production Practice,exclude from normal auto-graded practice; route later to separate self-marked Production Practice,,,,EXCEPTION_REVIEW,manual review: imported row has sourceRowId but no comparison/recovery match,Auswahl,selected_choice_value,CAT12-redemittel-cat12_r_037,false,,Welche Form passt? email,,thanks_reply,,Vielen Dank für Ihre Rückmeldung. | Rückmeldung | Antwort | Ich brauche das Formular für ___.,,Vielen Dank für Ihre Rückmeldung.,,Watch: Danke für Rückmeldung,,,,,duplicate_v02_same_decision,imported_source_without_replacement_layer_match,
content/b1-m12-forms-admin-certificates.js,v080149_cat12_redemittel_cat12_r_040,cat12-r-040,cat12-r-040,matched_lineage_or_unresolved,Production Practice,exclude from normal auto-graded practice; route later to separate self-marked Production Practice,,,,EXCEPTION_REVIEW,manual review: imported row has sourceRowId but no comparison/recovery match,Auswahl,selected_choice_value,CAT12-redemittel-cat12_r_040,false,,Welche Form passt? email,,name_person,,"Sehr geehrte Frau Schneider, | Anrede | Name | Ich brauche das Formular für ___.",,"Sehr geehrte Frau Schneider,",,Watch: Hallo Frau Schneider,,,,,duplicate_v02_same_decision,imported_source_without_replacement_layer_match,
content/b1-m12-forms-admin-certificates.js,v080149_cat12_redemittel_cat12_r_041,cat12-r-041,cat12-r-041,matched_lineage_or_unresolved,Production Practice,exclude from normal auto-graded practice; route later to separate self-marked Production Practice,,,,EXCEPTION_REVIEW,manual review: imported row has sourceRowId but no comparison/recovery match,Auswahl,selected_choice_value,CAT12-redemittel-cat12_r_041,false,,Welche Form passt? email/form,,explain_reason,,Der Grund ist ___. | Grund | Begründung | Ich brauche das Formular für ___.,,Der Grund ist ___.,,Watch: Grund ist wegen,,,,,duplicate_v02_same_decision,imported_source_without_replacement_layer_match,
content/b1-m12-forms-admin-certificates.js,v080149_cat12_redemittel_cat12_r_045,cat12-r-045,cat12-r-045,matched_lineage_or_unresolved,Production Practice,exclude from normal auto-graded practice; route later to separate self-marked Production Practice,,,,EXCEPTION_REVIEW,manual review: imported row has sourceRowId but no comparison/recovery match,Auswahl,selected_choice_value,CAT12-redemittel-cat12_r_045,false,,Welche Form passt? office,,request_help,,Könnten Sie mir bitte helfen? | polite request | Ich brauche das Formular für ___. | Wo finde ich das Formular?,,Könnten Sie mir bitte helfen?,,Watch: Helfen Sie mir!,,,,,duplicate_v02_same_decision,imported_source_without_replacement_layer_match,
content/b1-m12-forms-admin-certificates.js,v080149_cat12_redemittel_cat12_r_047,cat12-r-047,cat12-r-047,matched_lineage_or_unresolved,Production Practice,exclude from normal auto-graded practice; route later to separate self-marked Production Practice,,,,EXCEPTION_REVIEW,manual review: imported row has sourceRowId but no comparison/recovery match,Auswahl,selected_choice_value,CAT12-redemittel-cat12_r_047,false,,Welche Form passt? office,,ask_field,,Was soll ich in dieses Feld eintragen? | Feld | Angabe | Ich brauche das Formular für ___.,,Was soll ich in dieses Feld eintragen?,,Watch: im Feld schreiben,,,,,duplicate_v02_same_decision,imported_source_without_replacement_layer_match,
content/b1-m12-forms-admin-certificates.js,v080149_cat12_redemittel_cat12_r_049,cat12-r-049,cat12-r-049,matched_lineage_or_unresolved,Production Practice,exclude from normal auto-graded practice; route later to separate self-marked Production Practice,,,,EXCEPTION_REVIEW,manual review: imported row has sourceRowId but no comparison/recovery match,Auswahl,selected_choice_value,CAT12-redemittel-cat12_r_049,false,,Welche Form passt? form,,read_note,,Bitte beachten Sie den Hinweis. | Hinweis | Anleitung | Ich brauche das Formular für ___.,,Bitte beachten Sie den Hinweis.,,Watch: Hinweis sehen,,,,,duplicate_v02_same_decision,imported_source_without_replacement_layer_match,
content/b1-m12-forms-admin-certificates.js,v080149_cat12_redemittel_cat12_r_052,cat12-r-052,cat12-r-052,matched_lineage_or_unresolved,Production Practice,exclude from normal auto-graded practice; route later to separate self-marked Production Practice,,,,EXCEPTION_REVIEW,manual review: imported row has sourceRowId but no comparison/recovery match,Auswahl,selected_choice_value,CAT12-redemittel-cat12_r_052,false,,Welche Form passt? office,,ask_responsible,,Welche Stelle ist dafür zuständig? | zuständige Stelle | Ich brauche das Formular für ___. | Wo finde ich das Formular?,,Welche Stelle ist dafür zuständig?,,Watch: welche Stelle ist zuständig dafür?,,,,,duplicate_v02_same_decision,imported_source_without_replacement_layer_match,
content/b1-m12-forms-admin-certificates.js,v080149_cat12_redemittel_cat12_r_053,cat12-r-053,cat12-r-053,matched_lineage_or_unresolved,Production Practice,exclude from normal auto-graded practice; route later to separate self-marked Production Practice,,,,EXCEPTION_REVIEW,manual review: imported row has sourceRowId but no comparison/recovery match,Auswahl,selected_choice_value,CAT12-redemittel-cat12_r_053,false,,Welche Form passt? office,,wrong_office,,Dafür bin ich leider nicht zuständig. | zuständig | erreichbar | Ich brauche das Formular für ___.,,Dafür bin ich leider nicht zuständig.,,Watch: nicht gültig,,,,,duplicate_v02_same_decision,imported_source_without_replacement_layer_match,
content/b1-m12-forms-admin-certificates.js,v080149_cat12_redemittel_cat12_r_054,cat12-r-054,cat12-r-054,matched_lineage_or_unresolved,Production Practice,exclude from normal auto-graded practice; route later to separate self-marked Production Practice,,,,EXCEPTION_REVIEW,manual review: imported row has sourceRowId but no comparison/recovery match,Auswahl,selected_choice_value,CAT12-redemittel-cat12_r_054,false,,Welche Form passt? office,,forward_request,,Ich leite Ihre Anfrage weiter. | weiterleiten | Ich brauche das Formular für ___. | Wo finde ich das Formular?,,Ich leite Ihre Anfrage weiter.,,Watch: weiterleite Ihre Anfrage,,,,,duplicate_v02_same_decision,imported_source_without_replacement_layer_match,
content/b1-m12-forms-admin-certificates.js,v080149_cat12_redemittel_cat12_r_056,cat12-r-056,cat12-r-056,matched_replacement_layer,Production Practice,exclude from normal auto-graded practice; route later to separate self-marked Production Practice,revise_light,revise_light,,EXCEPTION_REVIEW,manual review: comparison/recovery row exists but decision is not apply-ready,Auswahl,selected_choice_value,CAT12-redemittel-cat12_r_056,false,,Welche Form passt? office,,make_copy,,Bitte bringen Sie eine Kopie mit. | Kopie | Original | Ich brauche das Formular für ___.,,Bitte bringen Sie eine Kopie mit.,Bitte bringen Sie eine Kopie mit.,Watch: Kopie bringen,,,,,duplicate_v02_lineage_resolved,unclear_v02_decision,
content/b1-m12-forms-admin-certificates.js,v080149_cat12_redemittel_cat12_r_057,cat12-r-057,cat12-r-057,matched_replacement_layer,Production Practice,exclude from normal auto-graded practice; route later to separate self-marked Production Practice,revise_light,revise_light,,EXCEPTION_REVIEW,manual review: comparison/recovery row exists but decision is not apply-ready,Auswahl,selected_choice_value,CAT12-redemittel-cat12_r_057,false,,Welche Form passt? office,,bring_original,,Bitte bringen Sie das Original mit. | Kopie | Original | Ich brauche das Formular für ___.,,Bitte bringen Sie das Original mit.,Bitte bringen Sie das Original mit.,Watch: Original bringen,,,,,duplicate_v02_lineage_resolved,unclear_v02_decision,
content/b1-m12-forms-admin-certificates.js,v080149_cat12_redemittel_cat12_r_058,cat12-r-058,cat12-r-058,matched_replacement_layer,Production Practice,exclude from normal auto-graded practice; route later to separate self-marked Production Practice,revise_light,revise_light,,EXCEPTION_REVIEW,manual review: comparison/recovery row exists but decision is not apply-ready,Auswahl,selected_choice_value,CAT12-redemittel-cat12_r_058,false,,Welche Form passt? office,,copy_original,,Wir brauchen eine Kopie und das Original. | Kopie | Original | Ich brauche das Formular für ___.,,Wir brauchen eine Kopie und das Original.,Wir brauchen eine Kopie und das Original.,Watch: article confusion,,,,,duplicate_v02_lineage_resolved,unclear_v02_decision,
content/b1-m12-forms-admin-certificates.js,v080149_cat12_redemittel_cat12_r_059,cat12-r-059,cat12-r-059,matched_replacement_layer,Production Practice,exclude from normal auto-graded practice; route later to separate self-marked Production Practice,revise_light,revise_light,,EXCEPTION_REVIEW,manual review: comparison/recovery row exists but decision is not apply-ready,Auswahl,selected_choice_value,CAT12-redemittel-cat12_r_059,false,,Welche Form passt? office/email,,confirm_complete,,Die Unterlagen sind vollständig. | vollständig | unvollständig | Ich brauche das Formular für ___.,,Die Unterlagen sind vollständig.,Die Unterlagen sind vollständig.,Watch: vollständig haben,,,,,duplicate_v02_lineage_resolved,unclear_v02_decision,
content/b1-m12-forms-admin-certificates.js,v080149_cat12_redemittel_cat12_r_060,cat12-r-060,cat12-r-060,matched_replacement_layer,Production Practice,exclude from normal auto-graded practice; route later to separate self-marked Production Practice,revise_light,revise_light,,EXCEPTION_REVIEW,manual review: comparison/recovery row exists but decision is not apply-ready,Auswahl,selected_choice_value,CAT12-redemittel-cat12_r_060,false,,Welche Form passt? office/email,,not_complete,,Die Unterlagen sind leider unvollständig. | vollständig | fehlend | Ich brauche das Formular für ___.,,Die Unterlagen sind leider unvollständig.,Die Unterlagen sind leider unvollständig.,Watch: unvollständig haben,,,,,duplicate_v02_lineage_resolved,unclear_v02_decision,
content/b1-m12-forms-admin-certificates.js,v080149_cat12_redemittel_cat12_r_063,cat12-r-063,cat12-r-063,matched_lineage_or_unresolved,Production Practice,exclude from normal auto-graded practice; route later to separate self-marked Production Practice,,,,EXCEPTION_REVIEW,manual review: imported row has sourceRowId but no comparison/recovery match,Auswahl,selected_choice_value,CAT12-redemittel-cat12_r_063,false,,Welche Form passt? form,,date_form,,Bitte tragen Sie das Datum ein. | Datum | Feld | Ich brauche das Formular für ___.,,Bitte tragen Sie das Datum ein.,,Watch: Datum schreiben,,,,,duplicate_v02_same_decision,imported_source_without_replacement_layer_match,
content/b1-m12-forms-admin-certificates.js,v080149_cat12_redemittel_cat12_r_065,cat12-r-065,cat12-r-065,matched_lineage_or_unresolved,Production Practice,exclude from normal auto-graded practice; route later to separate self-marked Production Practice,,,,EXCEPTION_REVIEW,manual review: imported row has sourceRowId but no comparison/recovery match,Auswahl,selected_choice_value,CAT12-redemittel-cat12_r_065,false,,Welche Form passt? office,,ask_date_format,,In welchem Format soll ich das Datum schreiben? | Format | Datum | Ich brauche das Formular für ___.,,In welchem Format soll ich das Datum schreiben?,,Watch: Wie muss ich Datum?,,,,,duplicate_v02_same_decision,imported_source_without_replacement_layer_match,
content/b1-m12-forms-admin-certificates.js,v080149_cat12_wortschatz_cat12_w_068,cat12-w-068,cat12-w-068,matched_lineage_or_unresolved,Exception,manual review: unrecognised v0.2 decision vocabulary,,,,EXCEPTION_REVIEW,manual review: imported row has sourceRowId but no comparison/recovery match,Auswahl,selected_choice_value,CAT12-wortschatz-cat12_w_068,false,,Welches Wort passt? attach,,actions,,anhängen | beilegen | hochladen | hinzufügen,,anhängen,,CAT12 survival/admin term: attach.,,,,,duplicate_v02_same_decision,imported_source_without_replacement_layer_match,
content/b1-m12-forms-admin-certificates.js,v080149_cat12_wortschatz_cat12_w_069,cat12-w-069,cat12-w-069,matched_replacement_layer,Exception,manual review: unrecognised v0.2 decision vocabulary,revise_light,revise_light,,EXCEPTION_REVIEW,manual review: comparison/recovery row exists but decision is not apply-ready,Auswahl,selected_choice_value,CAT12-wortschatz-cat12_w_069,false,,Welches Wort passt? upload,,actions,,hochladen | absenden | herunterladen | anhängen,,hochladen,hochladen,CAT12 survival/admin term: upload.,,,,,duplicate_v02_lineage_resolved,unclear_v02_decision,
content/b1-m12-forms-admin-certificates.js,v080149_cat12_wortschatz_cat12_w_070,cat12-w-070,cat12-w-070,matched_lineage_or_unresolved,Exception,manual review: unrecognised v0.2 decision vocabulary,,,,EXCEPTION_REVIEW,manual review: imported row has sourceRowId but no comparison/recovery match,Auswahl,selected_choice_value,CAT12-wortschatz-cat12_w_070,false,,Welches Wort passt? download,,actions,,herunterladen | hochladen | ausdrucken | öffnen,,herunterladen,,CAT12 survival/admin term: download.,,,,,duplicate_v02_same_decision,imported_source_without_replacement_layer_match,
content/b1-m12-forms-admin-certificates.js,v080149_cat12_wortschatz_cat12_w_073,cat12-w-073,cat12-w-073,matched_lineage_or_unresolved,Exception,manual review: unrecognised v0.2 decision vocabulary,,,,EXCEPTION_REVIEW,manual review: imported row has sourceRowId but no comparison/recovery match,Auswahl,selected_choice_value,CAT12-wortschatz-cat12_w_073,false,,Welches Wort passt? state/provide,,actions,,angeben | eintragen | mitteilen | schreiben,,angeben,,CAT12 survival/admin term: state/provide.,,,,,duplicate_v02_same_decision,imported_source_without_replacement_layer_match,
content/b1-m12-forms-admin-certificates.js,v080149_cat12_wortschatz_cat12_w_077,cat12-w-077,cat12-w-077,matched_lineage_or_unresolved,Exception,manual review: unrecognised v0.2 decision vocabulary,,,,EXCEPTION_REVIEW,manual review: imported row has sourceRowId but no comparison/recovery match,Auswahl,selected_choice_value,CAT12-wortschatz-cat12_w_077,false,,Welches Wort passt? print out,,actions,,ausdrucken | kopieren | scannen | herunterladen,,ausdrucken,,CAT12 survival/admin term: print out.,,,,,duplicate_v02_same_decision,imported_source_without_replacement_layer_match,
content/b1-m12-forms-admin-certificates.js,v080149_cat12_wortschatz_cat12_w_090,cat12-w-090,cat12-w-090,matched_lineage_or_unresolved,Exception,manual review: unrecognised v0.2 decision vocabulary,,,,EXCEPTION_REVIEW,manual review: imported row has sourceRowId but no comparison/recovery match,Auswahl,selected_choice_value,CAT12-wortschatz-cat12_w_090,false,,Welches Wort passt? mark/select,,actions,,markieren | ankreuzen | auswählen | streichen,,markieren,,CAT12 survival/admin term: mark/select.,,,,,duplicate_v02_same_decision,imported_source_without_replacement_layer_match,
content/b1-m12-forms-admin-certificates.js,v080149_cat12_wortschatz_cat12_w_091,cat12-w-091,cat12-w-091,matched_lineage_or_unresolved,Exception,manual review: unrecognised v0.2 decision vocabulary,,,,EXCEPTION_REVIEW,manual review: imported row has sourceRowId but no comparison/recovery match,Auswahl,selected_choice_value,CAT12-wortschatz-cat12_w_091,false,,Welches Wort passt? select,,actions,,auswählen | ankreuzen | eintragen | markieren,,auswählen,,CAT12 survival/admin term: select.,,,,,duplicate_v02_same_decision,imported_source_without_replacement_layer_match,
content/b1-m12-forms-admin-certificates.js,v080149_cat12_wortschatz_cat12_w_093,cat12-w-093,cat12-w-093,matched_lineage_or_unresolved,Exception,manual review: unrecognised v0.2 decision vocabulary,,,,EXCEPTION_REVIEW,manual review: imported row has sourceRowId but no comparison/recovery match,Auswahl,selected_choice_value,CAT12-wortschatz-cat12_w_093,false,,Welches Wort passt? inform/notify,,actions,,mitteilen | melden | sagen | angeben,,mitteilen,,CAT12 survival/admin term: inform/notify.,,,,,duplicate_v02_same_decision,imported_source_without_replacement_layer_match,
content/b1-m12-forms-admin-certificates.js,v080149_cat12_wortschatz_cat12_w_095,cat12-w-095,cat12-w-095,matched_lineage_or_unresolved,Exception,manual review: unrecognised v0.2 decision vocabulary,,,,EXCEPTION_REVIEW,manual review: imported row has sourceRowId but no comparison/recovery match,Auswahl,selected_choice_value,CAT12-wortschatz-cat12_w_095,false,,Welches Wort passt? contact/turn to,,actions,,sich wenden an | kontaktieren | fragen | melden,,sich wenden an,,CAT12 survival/admin term: contact/turn to.,,,,,duplicate_v02_same_decision,imported_source_without_replacement_layer_match,
content/b1-m12-forms-admin-certificates.js,v080149_cat12_wortschatz_cat12_w_097,cat12-w-097,cat12-w-097,matched_replacement_layer,Exception,manual review: unrecognised v0.2 decision vocabulary,revise_light,revise_light,,EXCEPTION_REVIEW,manual review: comparison/recovery row exists but decision is not apply-ready,Auswahl,selected_choice_value,CAT12-wortschatz-cat12_w_097,false,,Welches Wort passt? complete,,status_words,,vollständig | teilweise | unvollständig | korrekt,,vollständig,vollständig,CAT12 survival/admin term: complete.,,,,,duplicate_v02_lineage_resolved,unclear_v02_decision,
content/b1-m12-forms-admin-certificates.js,v080149_cat12_wortschatz_cat12_w_098,cat12-w-098,cat12-w-098,matched_replacement_layer,Exception,manual review: unrecognised v0.2 decision vocabulary,revise_light,revise_light,,EXCEPTION_REVIEW,manual review: comparison/recovery row exists but decision is not apply-ready,Auswahl,selected_choice_value,CAT12-wortschatz-cat12_w_098,false,,Welches Wort passt? incomplete,,status_words,,unvollständig | vollständig | fehlerhaft | fehlend,,unvollständig,unvollständig,CAT12 survival/admin term: incomplete.,,,,,duplicate_v02_lineage_resolved,unclear_v02_decision,
content/b1-m12-forms-admin-certificates.js,v080149_cat12_wortschatz_cat12_w_108,cat12-w-108,cat12-w-108,matched_lineage_or_unresolved,Exception,manual review: unrecognised v0.2 decision vocabulary,,,,EXCEPTION_REVIEW,manual review: imported row has sourceRowId but no comparison/recovery match,Auswahl,selected_choice_value,CAT12-wortschatz-cat12_w_108,false,,Welches Wort passt? in writing,,channels,,schriftlich | mündlich | telefonisch | persönlich,,schriftlich,,CAT12 survival/admin term: in writing.,,,,,duplicate_v02_same_decision,imported_source_without_replacement_layer_match,
content/b1-m12-forms-admin-certificates.js,v080149_cat12_wortschatz_cat12_w_110,cat12-w-110,cat12-w-110,matched_lineage_or_unresolved,Exception,manual review: unrecognised v0.2 decision vocabulary,,,,EXCEPTION_REVIEW,manual review: imported row has sourceRowId but no comparison/recovery match,Auswahl,selected_choice_value,CAT12-wortschatz-cat12_w_110,false,,Welches Wort passt? in person/personally,,channels,,persönlich | schriftlich | online | telefonisch,,persönlich,,CAT12 survival/admin term: in person/personally.,,,,,duplicate_v02_same_decision,imported_source_without_replacement_layer_match,
content/b1-m13-learning-exam-language.js,v080149_cat13_practice_family_cat13_pf_097,cat13-pf-097,cat13-pf-097,matched_lineage_or_unresolved,Exception,manual review: unrecognised v0.2 decision vocabulary,,,,EXCEPTION_REVIEW,manual review: imported row has sourceRowId but no comparison/recovery match,Auswahl,selected_choice_value,CAT13-practice_family-cat13_pf_097,false,,Which term means listening comprehension?,,A das Hörverstehen / B der Hörtext / C das Leseverstehen,,das Hörverstehen | A das Hörverstehen | B der Hörtext | C das Leseverstehen,,das Hörverstehen,,`Hörverstehen` is the listening-comprehension skill.,,,,,duplicate_v02_same_decision,imported_source_without_replacement_layer_match,
content/b1-m13-learning-exam-language.js,v080149_cat13_practice_family_cat13_pf_098,cat13-pf-098,cat13-pf-098,matched_lineage_or_unresolved,Exception,manual review: unrecognised v0.2 decision vocabulary,,,,EXCEPTION_REVIEW,manual review: imported row has sourceRowId but no comparison/recovery match,Auswahl,selected_choice_value,CAT13-practice_family-cat13_pf_098,false,,Which term means reading comprehension?,,A das Leseverstehen / B der Lesetext / C das Schreiben,,das Leseverstehen | A das Leseverstehen | B der Lesetext | C das Schreiben,,das Leseverstehen,,`Leseverstehen` is the reading-comprehension skill.,,,,,duplicate_v02_same_decision,imported_source_without_replacement_layer_match,
content/b1-m13-learning-exam-language.js,v080149_cat13_practice_family_cat13_pf_099,cat13-pf-099,cat13-pf-099,matched_lineage_or_unresolved,Exception,manual review: unrecognised v0.2 decision vocabulary,,,,EXCEPTION_REVIEW,manual review: imported row has sourceRowId but no comparison/recovery match,Auswahl,selected_choice_value,CAT13-practice_family-cat13_pf_099,false,,Which book is the main coursebook?,,A das Kursbuch / B das Arbeitsbuch / C der Antwortbogen,,das Kursbuch | A das Kursbuch | B das Arbeitsbuch | C der Antwortbogen,,das Kursbuch,,`Kursbuch` is the main coursebook.,,,,,duplicate_v02_same_decision,imported_source_without_replacement_layer_match,
content/b1-m13-learning-exam-language.js,v080149_cat13_practice_family_cat13_pf_101,cat13-pf-101,cat13-pf-101,matched_lineage_or_unresolved,Exception,manual review: unrecognised v0.2 decision vocabulary,,,,EXCEPTION_REVIEW,manual review: imported row has sourceRowId but no comparison/recovery match,Auswahl,selected_choice_value,CAT13-practice_family-cat13_pf_101,false,,Which word means study group?,,A die Lerngruppe / B die Gruppenarbeit / C die Prüfung,,die Lerngruppe | A die Lerngruppe | B die Gruppenarbeit | C die Prüfung,,die Lerngruppe,,A `Lerngruppe` is a group for learning/practice.,,,,,duplicate_v02_same_decision,imported_source_without_replacement_layer_match,
content/b1-m13-learning-exam-language.js,v080149_cat13_practice_family_cat13_pf_102,cat13-pf-102,cat13-pf-102,matched_lineage_or_unresolved,Exception,manual review: unrecognised v0.2 decision vocabulary,,,,EXCEPTION_REVIEW,manual review: imported row has sourceRowId but no comparison/recovery match,Auswahl,selected_choice_value,CAT13-practice_family-cat13_pf_102,false,,Which word means flashcard/index card?,,A die Karteikarte / B die Tabelle / C die Anweisung,,die Karteikarte | A die Karteikarte | B die Tabelle | C die Anweisung,,die Karteikarte,,A `Karteikarte` is used for practising words.,,,,,duplicate_v02_same_decision,imported_source_without_replacement_layer_match,
content/b1-m13-learning-exam-language.js,v080149_cat13_redemittel_cat13_r_001,cat13-r-001,cat13-r-001,matched_replacement_layer,Production Practice,exclude from normal auto-graded practice; route later to separate self-marked Production Practice,revise_light,revise_light,,EXCEPTION_REVIEW,manual review: comparison/recovery row exists but decision is not apply-ready,Auswahl,selected_choice_value,CAT13-redemittel-cat13_r_001,false,,Welche Form passt? classroom,,Ask for clarification,,Ich verstehe die Aufgabe leider nicht. | Aufgabe verstehen | Ich verstehe nicht die Aufgabe. | Könnten Sie die Aufgabe bitte erklären?,,Ich verstehe die Aufgabe leider nicht.,Ich verstehe die Aufgabe leider nicht.,Watch: wrong word order; missing article,,,,,duplicate_v02_lineage_resolved,unclear_v02_decision,
content/b1-m13-learning-exam-language.js,v080149_cat13_redemittel_cat13_r_002,cat13-r-002,cat13-r-002,matched_replacement_layer,Production Practice,exclude from normal auto-graded practice; route later to separate self-marked Production Practice,revise_light,revise_light,,EXCEPTION_REVIEW,manual review: comparison/recovery row exists but decision is not apply-ready,Auswahl,selected_choice_value,CAT13-redemittel-cat13_r_002,false,,Welche Form passt? classroom,,Ask for clarification,,Könnten Sie die Aufgabe bitte erklären? | Aufgabe erklären | Erklären Sie Aufgabe. | Ich verstehe die Aufgabe leider nicht.,,Könnten Sie die Aufgabe bitte erklären?,Könnten Sie die Aufgabe bitte erklären?,Watch: missing article; too direct,,,,,duplicate_v02_lineage_resolved,unclear_v02_decision,
content/b1-m13-learning-exam-language.js,v080149_cat13_redemittel_cat13_r_003,cat13-r-003,cat13-r-003,matched_replacement_layer,Exception,manual review: unrecognised v0.2 decision vocabulary,revise_light,revise_light,,EXCEPTION_REVIEW,manual review: comparison/recovery row exists but decision is not apply-ready,Auswahl,selected_choice_value,CAT13-redemittel-cat13_r_003,false,,Welche Form passt? classroom,,Ask for repetition,,Könnten Sie das bitte wiederholen? | wiederholen vs noch einmal sagen | Können Sie wiederholen das? | Ich verstehe die Aufgabe leider nicht.,,Könnten Sie das bitte wiederholen?,Könnten Sie das bitte wiederholen?,Watch: wrong word order,,,,,duplicate_v02_lineage_resolved,unclear_v02_decision,
content/b1-m13-learning-exam-language.js,v080149_cat13_redemittel_cat13_r_004,cat13-r-004,cat13-r-004,matched_replacement_layer,Exception,manual review: unrecognised v0.2 decision vocabulary,revise_light,revise_light,,EXCEPTION_REVIEW,manual review: comparison/recovery row exists but decision is not apply-ready,Auswahl,selected_choice_value,CAT13-redemittel-cat13_r_004,false,,Welche Form passt? classroom,,Ask for repetition,,Können Sie das bitte noch einmal sagen? | noch einmal sagen | Sagen Sie das nochmal. | Ich verstehe die Aufgabe leider nicht.,,Können Sie das bitte noch einmal sagen?,Können Sie das bitte noch einmal sagen?,Watch: too direct/spelling,,,,,duplicate_v02_lineage_resolved,unclear_v02_decision,
content/b1-m13-learning-exam-language.js,v080149_cat13_redemittel_cat13_r_005,cat13-r-005,cat13-r-005,matched_replacement_layer,Exception,manual review: unrecognised v0.2 decision vocabulary,revise_light,revise_light,,EXCEPTION_REVIEW,manual review: comparison/recovery row exists but decision is not apply-ready,Auswahl,selected_choice_value,CAT13-redemittel-cat13_r_005,false,,Welche Form passt? classroom,,Ask for example,,Könnten Sie bitte ein Beispiel geben? | Beispiel geben | Könnten Sie ein Beispiel machen? | Ich verstehe die Aufgabe leider nicht.,,Könnten Sie bitte ein Beispiel geben?,Könnten Sie bitte ein Beispiel geben?,Watch: less natural collocation,,,,,duplicate_v02_lineage_resolved,unclear_v02_decision,
content/b1-m13-learning-exam-language.js,v080149_cat13_redemittel_cat13_r_006,cat13-r-006,cat13-r-006,matched_replacement_layer,Exception,manual review: unrecognised v0.2 decision vocabulary,revise_light,revise_light,,EXCEPTION_REVIEW,manual review: comparison/recovery row exists but decision is not apply-ready,Auswahl,selected_choice_value,CAT13-redemittel-cat13_r_006,false,,Welche Form passt? classroom,,Ask meaning,,Was bedeutet dieses Wort? | bedeuten | Was heißt dieses Wort? | Ich verstehe die Aufgabe leider nicht.,,Was bedeutet dieses Wort?,Was bedeutet dieses Wort?,Watch: also valid; contrast carefully,,,,,duplicate_v02_lineage_resolved,unclear_v02_decision,
content/b1-m13-learning-exam-language.js,v080149_cat13_redemittel_cat13_r_007,cat13-r-007,cat13-r-007,matched_replacement_layer,Exception,manual review: unrecognised v0.2 decision vocabulary,revise_light,revise_light,,EXCEPTION_REVIEW,manual review: comparison/recovery row exists but decision is not apply-ready,Auswahl,selected_choice_value,CAT13-redemittel-cat13_r_007,false,,Welche Form passt? classroom,,Ask meaning,,Was heißt das auf Englisch? | heißen vs bedeuten | Was ist das in Englisch? | Ich verstehe die Aufgabe leider nicht.,,Was heißt das auf Englisch?,Was heißt das auf Englisch?,Watch: less natural preposition,,,,,duplicate_v02_lineage_resolved,unclear_v02_decision,
content/b1-m13-learning-exam-language.js,v080149_cat13_redemittel_cat13_r_008,cat13-r-008,cat13-r-008,matched_replacement_layer,Exception,manual review: unrecognised v0.2 decision vocabulary,revise_light,revise_light,,EXCEPTION_REVIEW,manual review: comparison/recovery row exists but decision is not apply-ready,Auswahl,selected_choice_value,CAT13-redemittel-cat13_r_008,false,,Welche Form passt? classroom,,Ask spelling,,Wie schreibt man das? | Schreibung erfragen | Wie man schreibt das? | Ich verstehe die Aufgabe leider nicht.,,Wie schreibt man das?,Wie schreibt man das?,Watch: wrong word order,,,,,duplicate_v02_lineage_resolved,unclear_v02_decision,
content/b1-m13-learning-exam-language.js,v080149_cat13_redemittel_cat13_r_009,cat13-r-009,cat13-r-009,matched_replacement_layer,Exception,manual review: unrecognised v0.2 decision vocabulary,revise_light,revise_light,,EXCEPTION_REVIEW,manual review: comparison/recovery row exists but decision is not apply-ready,Auswahl,selected_choice_value,CAT13-redemittel-cat13_r_009,false,,Welche Form passt? classroom,,Ask pronunciation,,Wie spricht man das aus? | Aussprache erfragen | Wie sagt man die Aussprache? | Ich verstehe die Aufgabe leider nicht.,,Wie spricht man das aus?,Wie spricht man das aus?,Watch: unnatural phrase,,,,,duplicate_v02_lineage_resolved,unclear_v02_decision,
content/b1-m13-learning-exam-language.js,v080149_cat13_redemittel_cat13_r_013,cat13-r-013,cat13-r-013,matched_replacement_layer,Exception,manual review: unrecognised v0.2 decision vocabulary,revise_light,revise_light,,EXCEPTION_REVIEW,manual review: comparison/recovery row exists but decision is not apply-ready,Auswahl,selected_choice_value,CAT13-redemittel-cat13_r_013,false,,Welche Form passt? classroom,,Ask checking,,Können Sie meine Antwort bitte kontrollieren? | Antwort kontrollieren | kontrollieren meine Antwort bitte | Ich verstehe die Aufgabe leider nicht.,,Können Sie meine Antwort bitte kontrollieren?,Können Sie meine Antwort bitte kontrollieren?,Watch: word order,,,,,duplicate_v02_lineage_resolved,unclear_v02_decision,
content/b1-m13-learning-exam-language.js,v080149_cat13_redemittel_cat13_r_014,cat13-r-014,cat13-r-014,matched_replacement_layer,Exception,manual review: unrecognised v0.2 decision vocabulary,revise_light,revise_light,,EXCEPTION_REVIEW,manual review: comparison/recovery row exists but decision is not apply-ready,Auswahl,selected_choice_value,CAT13-redemittel-cat13_r_014,false,,Welche Form passt? classroom,,Ask feedback,,Könnten Sie mir bitte Rückmeldung geben? | Rückmeldung geben | Feedback machen | Ich verstehe die Aufgabe leider nicht.,,Könnten Sie mir bitte Rückmeldung geben?,Könnten Sie mir bitte Rückmeldung geben?,Watch: wrong collocation,,,,,duplicate_v02_lineage_resolved,unclear_v02_decision,
content/b1-m13-learning-exam-language.js,v080149_cat13_redemittel_cat13_r_015,cat13-r-015,cat13-r-015,matched_replacement_layer,Exception,manual review: unrecognised v0.2 decision vocabulary,revise_light,revise_light,,EXCEPTION_REVIEW,manual review: comparison/recovery row exists but decision is not apply-ready,Auswahl,selected_choice_value,CAT13-redemittel-cat13_r_015,false,,Welche Form passt? classroom,,Ask correction,,Könnten Sie den Satz bitte korrigieren? | korrigieren | den Satz verbessern | Ich verstehe die Aufgabe leider nicht.,,Könnten Sie den Satz bitte korrigieren?,Könnten Sie den Satz bitte korrigieren?,Watch: valid sometimes; contrast needed,,,,,duplicate_v02_lineage_resolved,unclear_v02_decision,
content/b1-m13-learning-exam-language.js,v080149_cat13_redemittel_cat13_r_016,cat13-r-016,cat13-r-016,matched_replacement_layer,Production Practice,exclude from normal auto-graded practice; route later to separate self-marked Production Practice,revise_light,revise_light,,EXCEPTION_REVIEW,manual review: comparison/recovery row exists but decision is not apply-ready,Auswahl,selected_choice_value,CAT13-redemittel-cat13_r_016,false,,Welche Form passt? learning plan,,Ask improvement,,Ich möchte meine Aussprache verbessern. | verbessern | Ich möchte meine Aussprache korrigieren. | Ich verstehe die Aufgabe leider nicht.,,Ich möchte meine Aussprache verbessern.,Ich möchte meine Aussprache verbessern.,Watch: wrong collocation,,,,,duplicate_v02_lineage_resolved,unclear_v02_decision,
content/b1-m13-learning-exam-language.js,v080149_cat13_redemittel_cat13_r_019,cat13-r-019,cat13-r-019,matched_replacement_layer,Exception,manual review: unrecognised v0.2 decision vocabulary,revise_light,revise_light,,EXCEPTION_REVIEW,manual review: comparison/recovery row exists but decision is not apply-ready,Auswahl,selected_choice_value,CAT13-redemittel-cat13_r_019,false,,Welche Form passt? learning plan,,Learning strategy,,Ich teile mir die Zeit besser ein. | Zeit einteilen | Ich teile die Zeit besser. | Ich verstehe die Aufgabe leider nicht.,,Ich teile mir die Zeit besser ein.,Ich teile mir die Zeit besser ein.,Watch: missing reflexive/dative,,,,,duplicate_v02_lineage_resolved,unclear_v02_decision,
content/b1-m13-learning-exam-language.js,v080149_cat13_redemittel_cat13_r_021,cat13-r-021,cat13-r-021,matched_replacement_layer,Exception,manual review: unrecognised v0.2 decision vocabulary,revise_light,revise_light,,EXCEPTION_REVIEW,manual review: comparison/recovery row exists but decision is not apply-ready,Auswahl,selected_choice_value,CAT13-redemittel-cat13_r_021,false,,Welche Form passt? learning plan,,Learning strategy,,Ich lerne neue Wörter mit Karteikarten. | Karteikarten nutzen | Ich lerne mit Karten Wörter. | Ich verstehe die Aufgabe leider nicht.,,Ich lerne neue Wörter mit Karteikarten.,Ich lerne neue Wörter mit Karteikarten.,Watch: unnatural order,,,,,duplicate_v02_lineage_resolved,unclear_v02_decision,
content/b1-m13-learning-exam-language.js,v080149_cat13_redemittel_cat13_r_023,cat13-r-023,cat13-r-023,matched_replacement_layer,Exception,manual review: unrecognised v0.2 decision vocabulary,revise_light,revise_light,,EXCEPTION_REVIEW,manual review: comparison/recovery row exists but decision is not apply-ready,Auswahl,selected_choice_value,CAT13-redemittel-cat13_r_023,false,,Welche Form passt? learning plan,,Learning strategy,,Ich übe das Sprechen mit einem Partner. | Sprechen üben | Ich praktiziere das Sprechen. | Ich verstehe die Aufgabe leider nicht.,,Ich übe das Sprechen mit einem Partner.,Ich übe das Sprechen mit einem Partner.,Watch: false friend,,,,,duplicate_v02_lineage_resolved,unclear_v02_decision,
content/b1-m13-learning-exam-language.js,v080149_cat13_redemittel_cat13_r_024,cat13-r-024,cat13-r-024,matched_replacement_layer,Exception,manual review: unrecognised v0.2 decision vocabulary,revise_light,revise_light,,EXCEPTION_REVIEW,manual review: comparison/recovery row exists but decision is not apply-ready,Auswahl,selected_choice_value,CAT13-redemittel-cat13_r_024,false,,Welche Form passt? learning plan,,Learning strategy,,Ich wiederhole die Vokabeln vor der Prüfung. | wiederholen | Ich mache wieder die Vokabeln. | Ich verstehe die Aufgabe leider nicht.,,Ich wiederhole die Vokabeln vor der Prüfung.,Ich wiederhole die Vokabeln vor der Prüfung.,Watch: translationese,,,,,duplicate_v02_lineage_resolved,unclear_v02_decision,
content/b1-m13-learning-exam-language.js,v080149_cat13_redemittel_cat13_r_025,cat13-r-025,cat13-r-025,matched_replacement_layer,Exception,manual review: unrecognised v0.2 decision vocabulary,revise_light,revise_light,,EXCEPTION_REVIEW,manual review: comparison/recovery row exists but decision is not apply-ready,Auswahl,selected_choice_value,CAT13-redemittel-cat13_r_025,false,,Welche Form passt? exam prep,,Exam preparation,,Ich bereite mich auf die Prüfung vor. | sich vorbereiten auf | Ich vorbereite mich auf die Prüfung. | Ich verstehe die Aufgabe leider nicht.,,Ich bereite mich auf die Prüfung vor.,Ich bereite mich auf die Prüfung vor.,Watch: separable verb error,,,,,duplicate_v02_lineage_resolved,unclear_v02_decision,
content/b1-m13-learning-exam-language.js,v080149_cat13_redemittel_cat13_r_026,cat13-r-026,cat13-r-026,matched_replacement_layer,Exception,manual review: unrecognised v0.2 decision vocabulary,revise_light,revise_light,,EXCEPTION_REVIEW,manual review: comparison/recovery row exists but decision is not apply-ready,Auswahl,selected_choice_value,CAT13-redemittel-cat13_r_026,false,,Welche Form passt? exam prep,,Exam preparation,,Ich bin noch nicht gut vorbereitet. | preparedness statement | Ich habe vorbereitet. | Ich verstehe die Aufgabe leider nicht.,,Ich bin noch nicht gut vorbereitet.,Ich bin noch nicht gut vorbereitet.,Watch: wrong auxiliary/state,,,,,duplicate_v02_lineage_resolved,unclear_v02_decision,
content/b1-m13-learning-exam-language.js,v080149_cat13_redemittel_cat13_r_028,cat13-r-028,cat13-r-028,matched_replacement_layer,Exception,manual review: unrecognised v0.2 decision vocabulary,revise_light,revise_light,,EXCEPTION_REVIEW,manual review: comparison/recovery row exists but decision is not apply-ready,Auswahl,selected_choice_value,CAT13-redemittel-cat13_r_028,false,,Welche Form passt? exam prep,,Exam preparation,,Ich brauche mehr Übung im Schreiben. | Übung im + nominalised skill | Ich brauche mehr Praxis in Schreiben. | Ich verstehe die Aufgabe leider nicht.,,Ich brauche mehr Übung im Schreiben.,Ich brauche mehr Übung im Schreiben.,Watch: unnatural collocation,,,,,duplicate_v02_lineage_resolved,unclear_v02_decision,
content/b1-m13-learning-exam-language.js,v080149_cat13_redemittel_cat13_r_031,cat13-r-031,cat13-r-031,matched_lineage_or_unresolved,Exception,manual review: unrecognised v0.2 decision vocabulary,,,,EXCEPTION_REVIEW,manual review: imported row has sourceRowId but no comparison/recovery match,Auswahl,selected_choice_value,CAT13-redemittel-cat13_r_031,false,,Welche Form passt? exam day,,Exam day,,Wo ist der Prüfungsraum? | room question | Wo ist die Prüfungsraum? | Ich verstehe die Aufgabe leider nicht.,,Wo ist der Prüfungsraum?,,Watch: wrong article,,,,,duplicate_v02_same_decision,imported_source_without_replacement_layer_match,
content/b1-m13-learning-exam-language.js,v080149_cat13_redemittel_cat13_r_034,cat13-r-034,cat13-r-034,matched_lineage_or_unresolved,Exception,manual review: unrecognised v0.2 decision vocabulary,,,,EXCEPTION_REVIEW,manual review: imported row has sourceRowId but no comparison/recovery match,Auswahl,selected_choice_value,CAT13-redemittel-cat13_r_034,false,,Welche Form passt? exam day,,Exam day,,Ich habe den Antwortbogen abgegeben. | abgeben | Ich habe den Antwortbogen gegeben ab. | Ich verstehe die Aufgabe leider nicht.,,Ich habe den Antwortbogen abgegeben.,,Watch: word order,,,,,duplicate_v02_same_decision,imported_source_without_replacement_layer_match,
content/b1-m13-learning-exam-language.js,v080149_cat13_redemittel_cat13_r_039,cat13-r-039,cat13-r-039,matched_lineage_or_unresolved,Production Practice,exclude from normal auto-graded practice; route later to separate self-marked Production Practice,,,,EXCEPTION_REVIEW,manual review: imported row has sourceRowId but no comparison/recovery match,Auswahl,selected_choice_value,CAT13-redemittel-cat13_r_039,false,,Welche Form passt? exam result,,Exam result,,"Ich möchte wissen, wie ich mich verbessern kann. | improvement request | Ich möchte wissen, wie kann ich mich verbessern. | Ich verstehe die Aufgabe leider nicht.",,"Ich möchte wissen, wie ich mich verbessern kann.",,Watch: embedded question word order,,,,,duplicate_v02_same_decision,imported_source_without_replacement_layer_match,
content/b1-m13-learning-exam-language.js,v080149_cat13_redemittel_cat13_r_040,cat13-r-040,cat13-r-040,matched_replacement_layer,Exception,manual review: unrecognised v0.2 decision vocabulary,revise_light,revise_light,,EXCEPTION_REVIEW,manual review: comparison/recovery row exists but decision is not apply-ready,Auswahl,selected_choice_value,CAT13-redemittel-cat13_r_040,false,,Welche Form passt? task,,Task instruction,,Bitte lesen Sie zuerst die Aufgabenstellung. | task prompt reading | Lesen Sie zuerst Aufgabe. | Ich verstehe die Aufgabe leider nicht.,,Bitte lesen Sie zuerst die Aufgabenstellung.,Bitte lesen Sie zuerst die Aufgabenstellung.,Watch: missing article,,,,,duplicate_v02_lineage_resolved,unclear_v02_decision,
content/b1-m13-learning-exam-language.js,v080149_cat13_redemittel_cat13_r_051,cat13-r-051,cat13-r-051,matched_lineage_or_unresolved,Exception,manual review: unrecognised v0.2 decision vocabulary,,,,EXCEPTION_REVIEW,manual review: imported row has sourceRowId but no comparison/recovery match,Auswahl,selected_choice_value,CAT13-redemittel-cat13_r_051,false,,Welche Form passt? learning reflection,,Self-assessment,,Ich mache oft Fehler bei der Wortstellung. | Fehler bei + dative | Ich mache Fehler in Wortstellung. | Ich verstehe die Aufgabe leider nicht.,,Ich mache oft Fehler bei der Wortstellung.,,Watch: preposition/article error,,,,,duplicate_v02_same_decision,imported_source_without_replacement_layer_match,
content/b1-m13-learning-exam-language.js,v080149_cat13_redemittel_cat13_r_054,cat13-r-054,cat13-r-054,matched_lineage_or_unresolved,Exception,manual review: unrecognised v0.2 decision vocabulary,,,,EXCEPTION_REVIEW,manual review: imported row has sourceRowId but no comparison/recovery match,Auswahl,selected_choice_value,CAT13-redemittel-cat13_r_054,false,,Welche Form passt? learning reflection,,Self-assessment,,Ich war mir bei der Antwort nicht sicher. | not sure | Ich war nicht sicher bei die Antwort. | Ich verstehe die Aufgabe leider nicht.,,Ich war mir bei der Antwort nicht sicher.,,Watch: case/order issue,,,,,duplicate_v02_same_decision,imported_source_without_replacement_layer_match,
content/b1-m13-learning-exam-language.js,v080149_cat13_redemittel_cat13_r_055,cat13-r-055,cat13-r-055,matched_lineage_or_unresolved,Exception,manual review: unrecognised v0.2 decision vocabulary,,,,EXCEPTION_REVIEW,manual review: imported row has sourceRowId but no comparison/recovery match,Auswahl,selected_choice_value,CAT13-redemittel-cat13_r_055,false,,Welche Form passt? feedback,,Teacher feedback,,Achten Sie auf die Verbposition. | achten auf | Achten Sie die Verbposition. | Ich verstehe die Aufgabe leider nicht.,,Achten Sie auf die Verbposition.,,Watch: missing preposition,,,,,duplicate_v02_same_decision,imported_source_without_replacement_layer_match,
content/b1-m13-learning-exam-language.js,v080149_cat13_redemittel_cat13_r_058,cat13-r-058,cat13-r-058,matched_replacement_layer,Exception,manual review: unrecognised v0.2 decision vocabulary,revise_light,revise_light,,EXCEPTION_REVIEW,manual review: comparison/recovery row exists but decision is not apply-ready,Auswahl,selected_choice_value,CAT13-redemittel-cat13_r_058,false,,Welche Form passt? feedback,,Teacher feedback,,Bitte geben Sie ein Beispiel. | Beispiel geben | Geben Sie bitte Beispiel. | Ich verstehe die Aufgabe leider nicht.,,Bitte geben Sie ein Beispiel.,Bitte geben Sie ein Beispiel.,Watch: missing article,,,,,duplicate_v02_lineage_resolved,unclear_v02_decision,
content/b1-m13-learning-exam-language.js,v080149_cat13_wortschatz_cat13_w_067,cat13-w-067,cat13-w-067,matched_replacement_layer,Exception,manual review: unrecognised v0.2 decision vocabulary,revise_light,revise_light,,EXCEPTION_REVIEW,manual review: comparison/recovery row exists but decision is not apply-ready,Auswahl,selected_choice_value,CAT13-wortschatz-cat13_w_067,false,,Welches Wort passt? oral exam,,Exam skills,,mündliche Prüfung | Sprechen | Prüfung | die Prüfung,,mündliche Prüfung,mündliche Prüfung,Speaking/oral exam.,,,,,duplicate_v02_lineage_resolved,unclear_v02_decision,
content/b1-m13-learning-exam-language.js,v080149_cat13_wortschatz_cat13_w_068,cat13-w-068,cat13-w-068,matched_replacement_layer,Exception,manual review: unrecognised v0.2 decision vocabulary,revise_light,revise_light,,EXCEPTION_REVIEW,manual review: comparison/recovery row exists but decision is not apply-ready,Auswahl,selected_choice_value,CAT13-wortschatz-cat13_w_068,false,,Welches Wort passt? written exam,,Exam skills,,schriftliche Prüfung | Schreiben | Prüfung | die Prüfung,,schriftliche Prüfung,schriftliche Prüfung,Written part/exam.,,,,,duplicate_v02_lineage_resolved,unclear_v02_decision,
content/b1-m13-learning-exam-language.js,v080149_cat13_wortschatz_cat13_w_119,cat13-w-119,cat13-w-119,matched_replacement_layer,Production Practice,exclude from normal auto-graded practice; route later to separate self-marked Production Practice,revise_light,revise_light,,EXCEPTION_REVIEW,manual review: comparison/recovery row exists but decision is not apply-ready,Auswahl,selected_choice_value,CAT13-wortschatz-cat13_w_119,false,,Welches Wort passt? explain,,Classroom verbs,,erklären | erzählen | beschreiben | die Prüfung,,erklären,erklären,Explain a task/rule/word.,,,,,duplicate_v02_lineage_resolved,unclear_v02_decision,
content/b1-m13-learning-exam-language.js,v080149_cat13_wortschatz_cat13_w_120,cat13-w-120,cat13-w-120,matched_replacement_layer,Exception,manual review: unrecognised v0.2 decision vocabulary,revise_light,revise_light,,EXCEPTION_REVIEW,manual review: comparison/recovery row exists but decision is not apply-ready,Auswahl,selected_choice_value,CAT13-wortschatz-cat13_w_120,false,,Welches Wort passt? repeat/revise,,Classroom verbs,,wiederholen | üben | noch einmal sagen | die Prüfung,,wiederholen,wiederholen,Repeat an utterance or revise material.,,,,,duplicate_v02_lineage_resolved,unclear_v02_decision,
content/b1-m13-learning-exam-language.js,v080149_cat13_wortschatz_cat13_w_121,cat13-w-121,cat13-w-121,matched_lineage_or_unresolved,Exception,manual review: unrecognised v0.2 decision vocabulary,,,,EXCEPTION_REVIEW,manual review: imported row has sourceRowId but no comparison/recovery match,Auswahl,selected_choice_value,CAT13-wortschatz-cat13_w_121,false,,Welches Wort passt? improve/correct,,Classroom verbs,,verbessern | korrigieren | lernen | die Prüfung,,verbessern,,Improve language or correct errors.,,,,,duplicate_v02_same_decision,imported_source_without_replacement_layer_match,
content/b1-m13-learning-exam-language.js,v080149_cat13_wortschatz_cat13_w_122,cat13-w-122,cat13-w-122,matched_lineage_or_unresolved,Exception,manual review: unrecognised v0.2 decision vocabulary,,,,EXCEPTION_REVIEW,manual review: imported row has sourceRowId but no comparison/recovery match,Auswahl,selected_choice_value,CAT13-wortschatz-cat13_w_122,false,,Welches Wort passt? correct,,Classroom verbs,,korrigieren | verbessern | kontrollieren | die Prüfung,,korrigieren,,Correct a mistake/text.,,,,,duplicate_v02_same_decision,imported_source_without_replacement_layer_match,
content/b1-m13-learning-exam-language.js,v080149_cat13_wortschatz_cat13_w_123,cat13-w-123,cat13-w-123,matched_lineage_or_unresolved,Exception,manual review: unrecognised v0.2 decision vocabulary,,,,EXCEPTION_REVIEW,manual review: imported row has sourceRowId but no comparison/recovery match,Auswahl,selected_choice_value,CAT13-wortschatz-cat13_w_123,false,,Welches Wort passt? check,,Classroom verbs,,kontrollieren | korrigieren | prüfen | die Prüfung,,kontrollieren,,Check an answer/task.,,,,,duplicate_v02_same_decision,imported_source_without_replacement_layer_match,
content/b1-m13-learning-exam-language.js,v080149_cat13_wortschatz_cat13_w_124,cat13-w-124,cat13-w-124,matched_lineage_or_unresolved,Exception,manual review: unrecognised v0.2 decision vocabulary,,,,EXCEPTION_REVIEW,manual review: imported row has sourceRowId but no comparison/recovery match,Auswahl,selected_choice_value,CAT13-wortschatz-cat13_w_124,false,,Welches Wort passt? check/examine,,Classroom verbs,,prüfen | kontrollieren | testen | die Prüfung,,prüfen,,Check something or test someone.,,,,,duplicate_v02_same_decision,imported_source_without_replacement_layer_match,
content/b1-m13-learning-exam-language.js,v080149_cat13_wortschatz_cat13_w_125,cat13-w-125,cat13-w-125,matched_replacement_layer,Exception,manual review: unrecognised v0.2 decision vocabulary,revise_light,revise_light,,EXCEPTION_REVIEW,manual review: comparison/recovery row exists but decision is not apply-ready,Auswahl,selected_choice_value,CAT13-wortschatz-cat13_w_125,false,,Welches Wort passt? practise,,Classroom verbs,,üben | lernen | wiederholen | die Prüfung,,üben,üben,Practise a skill or task.,,,,,duplicate_v02_lineage_resolved,unclear_v02_decision,
content/b1-m13-learning-exam-language.js,v080149_cat13_wortschatz_cat13_w_126,cat13-w-126,cat13-w-126,matched_replacement_layer,Exception,manual review: unrecognised v0.2 decision vocabulary,revise_light,revise_light,,EXCEPTION_REVIEW,manual review: comparison/recovery row exists but decision is not apply-ready,Auswahl,selected_choice_value,CAT13-wortschatz-cat13_w_126,false,,Welches Wort passt? learn/study,,Classroom verbs,,lernen | üben | studieren | die Prüfung,,lernen,lernen,Learn/study something.,,,,,duplicate_v02_lineage_resolved,unclear_v02_decision,
content/b1-m13-learning-exam-language.js,v080149_cat13_wortschatz_cat13_w_127,cat13-w-127,cat13-w-127,matched_lineage_or_unresolved,Exception,manual review: unrecognised v0.2 decision vocabulary,,,,EXCEPTION_REVIEW,manual review: imported row has sourceRowId but no comparison/recovery match,Auswahl,selected_choice_value,CAT13-wortschatz-cat13_w_127,false,,Welches Wort passt? remember/memorise,,Classroom verbs,,sich merken | erinnern | merken | die Prüfung,,sich merken,,Commit something to memory.,,,,,duplicate_v02_same_decision,imported_source_without_replacement_layer_match,
content/b1-m13-learning-exam-language.js,v080149_cat13_wortschatz_cat13_w_128,cat13-w-128,cat13-w-128,matched_replacement_layer,Exception,manual review: unrecognised v0.2 decision vocabulary,revise_light,revise_light,,EXCEPTION_REVIEW,manual review: comparison/recovery row exists but decision is not apply-ready,Auswahl,selected_choice_value,CAT13-wortschatz-cat13_w_128,false,,Welches Wort passt? concentrate/focus,,Classroom verbs,,sich konzentrieren | achten | zuhören | die Prüfung,,sich konzentrieren,sich konzentrieren,Focus on a task.,,,,,duplicate_v02_lineage_resolved,unclear_v02_decision,
content/b1-m13-learning-exam-language.js,v080149_cat13_wortschatz_cat13_w_129,cat13-w-129,cat13-w-129,matched_lineage_or_unresolved,Exception,manual review: unrecognised v0.2 decision vocabulary,,,,EXCEPTION_REVIEW,manual review: imported row has sourceRowId but no comparison/recovery match,Auswahl,selected_choice_value,CAT13-wortschatz-cat13_w_129,false,,Welches Wort passt? pay attention to,,Classroom verbs,,achten auf | konzentrieren | bemerken | die Prüfung,,achten auf,,Pay attention to something.,,,,,duplicate_v02_same_decision,imported_source_without_replacement_layer_match,
content/b1-m13-learning-exam-language.js,v080149_cat13_wortschatz_cat13_w_130,cat13-w-130,cat13-w-130,matched_replacement_layer,Exception,manual review: unrecognised v0.2 decision vocabulary,revise_light,revise_light,,EXCEPTION_REVIEW,manual review: comparison/recovery row exists but decision is not apply-ready,Auswahl,selected_choice_value,CAT13-wortschatz-cat13_w_130,false,,Welches Wort passt? listen,,Classroom verbs,,zuhören | hören | anhören | die Prüfung,,zuhören,zuhören,Listen to a person/audio.,,,,,duplicate_v02_lineage_resolved,unclear_v02_decision,
content/b1-m13-learning-exam-language.js,v080149_cat13_wortschatz_cat13_w_131,cat13-w-131,cat13-w-131,matched_replacement_layer,Production Practice,exclude from normal auto-graded practice; route later to separate self-marked Production Practice,revise_light,revise_light,,EXCEPTION_REVIEW,manual review: comparison/recovery row exists but decision is not apply-ready,Auswahl,selected_choice_value,CAT13-wortschatz-cat13_w_131,false,,Welches Wort passt? ask/check again,,Classroom verbs,,nachfragen | fragen | antworten | die Prüfung,,nachfragen,nachfragen,Ask for clarification.,,,,,duplicate_v02_lineage_resolved,unclear_v02_decision,
content/b1-m13-learning-exam-language.js,v080149_cat13_wortschatz_cat13_w_132,cat13-w-132,cat13-w-132,matched_replacement_layer,Exception,manual review: unrecognised v0.2 decision vocabulary,revise_light,revise_light,,EXCEPTION_REVIEW,manual review: comparison/recovery row exists but decision is not apply-ready,Auswahl,selected_choice_value,CAT13-wortschatz-cat13_w_132,false,,Welches Wort passt? ask,,Classroom verbs,,fragen | nachfragen | bitten | die Prüfung,,fragen,fragen,Ask a question.,,,,,duplicate_v02_lineage_resolved,unclear_v02_decision,
content/b1-m13-learning-exam-language.js,v080149_cat13_wortschatz_cat13_w_133,cat13-w-133,cat13-w-133,matched_lineage_or_unresolved,Exception,manual review: unrecognised v0.2 decision vocabulary,,,,EXCEPTION_REVIEW,manual review: imported row has sourceRowId but no comparison/recovery match,Auswahl,selected_choice_value,CAT13-wortschatz-cat13_w_133,false,,Welches Wort passt? ask/request,,Classroom verbs,,bitten um | fragen nach | brauchen | die Prüfung,,bitten um,,Request something politely.,,,,,duplicate_v02_same_decision,imported_source_without_replacement_layer_match,
content/b1-m13-learning-exam-language.js,v080149_cat13_wortschatz_cat13_w_134,cat13-w-134,cat13-w-134,matched_lineage_or_unresolved,Exception,manual review: unrecognised v0.2 decision vocabulary,,,,EXCEPTION_REVIEW,manual review: imported row has sourceRowId but no comparison/recovery match,Auswahl,selected_choice_value,CAT13-wortschatz-cat13_w_134,false,,Welches Wort passt? fill in,,Classroom verbs,,ausfüllen | ergänzen | einfüllen | die Prüfung,,ausfüllen,,Fill in a form/table/blank.,,,,,duplicate_v02_same_decision,imported_source_without_replacement_layer_match,
content/b1-m13-learning-exam-language.js,v080149_cat13_wortschatz_cat13_w_135,cat13-w-135,cat13-w-135,matched_replacement_layer,Exception,manual review: unrecognised v0.2 decision vocabulary,revise_light,revise_light,,EXCEPTION_REVIEW,manual review: comparison/recovery row exists but decision is not apply-ready,Auswahl,selected_choice_value,CAT13-wortschatz-cat13_w_135,false,,Welches Wort passt? complete/add,,Classroom verbs,,ergänzen | ausfüllen | verbessern | die Prüfung,,ergänzen,ergänzen,Add missing words/parts.,,,,,duplicate_v02_lineage_resolved,unclear_v02_decision,
content/b1-m13-learning-exam-language.js,v080149_cat13_wortschatz_cat13_w_136,cat13-w-136,cat13-w-136,matched_replacement_layer,Exception,manual review: unrecognised v0.2 decision vocabulary,revise_light,revise_light,,EXCEPTION_REVIEW,manual review: comparison/recovery row exists but decision is not apply-ready,Auswahl,selected_choice_value,CAT13-wortschatz-cat13_w_136,false,,Welches Wort passt? tick/select with a cross,,Classroom verbs,,ankreuzen | auswählen | markieren | die Prüfung,,ankreuzen,ankreuzen,Mark an option.,,,,,duplicate_v02_lineage_resolved,unclear_v02_decision,
content/b1-m13-learning-exam-language.js,v080149_cat13_wortschatz_cat13_w_137,cat13-w-137,cat13-w-137,matched_lineage_or_unresolved,Exception,manual review: unrecognised v0.2 decision vocabulary,,,,EXCEPTION_REVIEW,manual review: imported row has sourceRowId but no comparison/recovery match,Auswahl,selected_choice_value,CAT13-wortschatz-cat13_w_137,false,,Welches Wort passt? choose/select,,Classroom verbs,,auswählen | ankreuzen | nennen | die Prüfung,,auswählen,,Choose an option.,,,,,duplicate_v02_same_decision,imported_source_without_replacement_layer_match,
content/b1-m13-learning-exam-language.js,v080149_cat13_wortschatz_cat13_w_138,cat13-w-138,cat13-w-138,matched_replacement_layer,Exception,manual review: unrecognised v0.2 decision vocabulary,revise_light,revise_light,,EXCEPTION_REVIEW,manual review: comparison/recovery row exists but decision is not apply-ready,Auswahl,selected_choice_value,CAT13-wortschatz-cat13_w_138,false,,Welches Wort passt? match/assign,,Classroom verbs,,zuordnen | verbinden | auswählen | die Prüfung,,zuordnen,zuordnen,Match words/sentences.,,,,,duplicate_v02_lineage_resolved,unclear_v02_decision,
content/b1-m13-learning-exam-language.js,v080149_cat13_wortschatz_cat13_w_139,cat13-w-139,cat13-w-139,matched_replacement_layer,Exception,manual review: unrecognised v0.2 decision vocabulary,revise_light,revise_light,,EXCEPTION_REVIEW,manual review: comparison/recovery row exists but decision is not apply-ready,Auswahl,selected_choice_value,CAT13-wortschatz-cat13_w_139,false,,Welches Wort passt? connect/match,,Classroom verbs,,verbinden | zuordnen | ankreuzen | die Prüfung,,verbinden,verbinden,Connect matching parts.,,,,,duplicate_v02_lineage_resolved,unclear_v02_decision,
content/b1-m13-learning-exam-language.js,v080149_cat13_wortschatz_cat13_w_140,cat13-w-140,cat13-w-140,matched_lineage_or_unresolved,Exception,manual review: unrecognised v0.2 decision vocabulary,,,,EXCEPTION_REVIEW,manual review: imported row has sourceRowId but no comparison/recovery match,Auswahl,selected_choice_value,CAT13-wortschatz-cat13_w_140,false,,Welches Wort passt? name/give,,Classroom verbs,,nennen | sagen | erklären | die Prüfung,,nennen,,Name/give examples/reasons.,,,,,duplicate_v02_same_decision,imported_source_without_replacement_layer_match,
content/b1-m13-learning-exam-language.js,v080149_cat13_wortschatz_cat13_w_141,cat13-w-141,cat13-w-141,matched_replacement_layer,Production Practice,exclude from normal auto-graded practice; route later to separate self-marked Production Practice,revise_light,revise_light,,EXCEPTION_REVIEW,manual review: comparison/recovery row exists but decision is not apply-ready,Auswahl,selected_choice_value,CAT13-wortschatz-cat13_w_141,false,,Welches Wort passt? describe,,Classroom verbs,,beschreiben | erklären | erzählen | die Prüfung,,beschreiben,beschreiben,Describe a person/picture/situation.,,,,,duplicate_v02_lineage_resolved,unclear_v02_decision,
content/b1-m13-learning-exam-language.js,v080149_cat13_wortschatz_cat13_w_142,cat13-w-142,cat13-w-142,matched_lineage_or_unresolved,Production Practice,exclude from normal auto-graded practice; route later to separate self-marked Production Practice,,,,EXCEPTION_REVIEW,manual review: imported row has sourceRowId but no comparison/recovery match,Auswahl,selected_choice_value,CAT13-wortschatz-cat13_w_142,false,,Welches Wort passt? give reasons/justify,,Classroom verbs,,begründen | erklären | behaupten | die Prüfung,,begründen,,Give reasons for an opinion.,,,,,duplicate_v02_same_decision,imported_source_without_replacement_layer_match,
content/b1-m13-learning-exam-language.js,v080149_cat13_wortschatz_cat13_w_143,cat13-w-143,cat13-w-143,matched_lineage_or_unresolved,Exception,manual review: unrecognised v0.2 decision vocabulary,,,,EXCEPTION_REVIEW,manual review: imported row has sourceRowId but no comparison/recovery match,Auswahl,selected_choice_value,CAT13-wortschatz-cat13_w_143,false,,Welches Wort passt? compare,,Classroom verbs,,vergleichen | beschreiben | unterscheiden | die Prüfung,,vergleichen,,Compare two things.,,,,,duplicate_v02_same_decision,imported_source_without_replacement_layer_match,
content/b1-m13-learning-exam-language.js,v080149_cat13_wortschatz_cat13_w_144,cat13-w-144,cat13-w-144,matched_lineage_or_unresolved,Production Practice,exclude from normal auto-graded practice; route later to separate self-marked Production Practice,,,,EXCEPTION_REVIEW,manual review: imported row has sourceRowId but no comparison/recovery match,Auswahl,selected_choice_value,CAT13-wortschatz-cat13_w_144,false,,Welches Wort passt? summarise,,Classroom verbs,,zusammenfassen | beschreiben | erzählen | die Prüfung,,zusammenfassen,,Give a short summary.,,,,,duplicate_v02_same_decision,imported_source_without_replacement_layer_match,
content/b1-m13-learning-exam-language.js,v080149_cat13_wortschatz_cat13_w_145,cat13-w-145,cat13-w-145,matched_replacement_layer,Exception,manual review: unrecognised v0.2 decision vocabulary,revise_light,revise_light,,EXCEPTION_REVIEW,manual review: comparison/recovery row exists but decision is not apply-ready,Auswahl,selected_choice_value,CAT13-wortschatz-cat13_w_145,false,,Welches Wort passt? read aloud,,Classroom verbs,,vorlesen | lesen | sprechen | die Prüfung,,vorlesen,vorlesen,Read a text aloud.,,,,,duplicate_v02_lineage_resolved,unclear_v02_decision,
content/b1-m13-learning-exam-language.js,v080149_cat13_wortschatz_cat13_w_146,cat13-w-146,cat13-w-146,matched_lineage_or_unresolved,Exception,manual review: unrecognised v0.2 decision vocabulary,,,,EXCEPTION_REVIEW,manual review: imported row has sourceRowId but no comparison/recovery match,Auswahl,selected_choice_value,CAT13-wortschatz-cat13_w_146,false,,Welches Wort passt? hand in/submit,,Classroom verbs,,abgeben | geben | schicken | die Prüfung,,abgeben,,Submit paper/answer sheet/homework.,,,,,duplicate_v02_same_decision,imported_source_without_replacement_layer_match,
content/b1-m14-connectors-sentence-functions.js,v080149_cat14_redemittel_cat14_r_001,cat14-r-001,cat14-r-001,matched_replacement_layer,Exception,manual review: unrecognised v0.2 decision vocabulary,revise_light,revise_light,,EXCEPTION_REVIEW,manual review: comparison/recovery row exists but decision is not apply-ready,Auswahl,selected_choice_value,CAT14-redemittel-cat14_r_001,false,,Welche Form passt? absence message,,reason,,"Ich kann heute nicht kommen, weil ich krank bin. | denn | deshalb | Ich kann nicht kommen, weil ich bin krank.",,"Ich kann heute nicht kommen, weil ich krank bin.","Ich kann heute nicht kommen, weil ich krank bin.",Watch: verb-final after weil,,,,,duplicate_v02_lineage_resolved,unclear_v02_decision,
content/b1-m14-connectors-sentence-functions.js,v080149_cat14_redemittel_cat14_r_002,cat14-r-002,cat14-r-002,matched_replacement_layer,Exception,manual review: unrecognised v0.2 decision vocabulary,revise_light,revise_light,,EXCEPTION_REVIEW,manual review: comparison/recovery row exists but decision is not apply-ready,Auswahl,selected_choice_value,CAT14-redemittel-cat14_r_002,false,,Welche Form passt? absence message,,reason,,"Ich kann heute nicht kommen, denn ich bin krank. | weil | denn ich krank bin | Ich kann heute nicht kommen, weil ich krank bin.",,"Ich kann heute nicht kommen, denn ich bin krank.","Ich kann heute nicht kommen, denn ich bin krank.",Watch: normal V2 after denn,,,,,duplicate_v02_lineage_resolved,unclear_v02_decision,
content/b1-m14-connectors-sentence-functions.js,v080149_cat14_redemittel_cat14_r_003,cat14-r-003,cat14-r-003,matched_replacement_layer,Exception,manual review: unrecognised v0.2 decision vocabulary,revise_light,revise_light,,EXCEPTION_REVIEW,manual review: comparison/recovery row exists but decision is not apply-ready,Auswahl,selected_choice_value,CAT14-redemittel-cat14_r_003,false,,Welche Form passt? absence message,,consequence,,"Ich bin krank, deshalb kann ich heute nicht kommen. | weil | denn | deshalb ich kann",,"Ich bin krank, deshalb kann ich heute nicht kommen.","Ich bin krank, deshalb kann ich heute nicht kommen.",Watch: V2 after deshalb,,,,,duplicate_v02_lineage_resolved,unclear_v02_decision,
content/b1-m14-connectors-sentence-functions.js,v080149_cat14_redemittel_cat14_r_004,cat14-r-004,cat14-r-004,matched_replacement_layer,Exception,manual review: unrecognised v0.2 decision vocabulary,revise_light,revise_light,,EXCEPTION_REVIEW,manual review: comparison/recovery row exists but decision is not apply-ready,Auswahl,selected_choice_value,CAT14-redemittel-cat14_r_004,false,,Welche Form passt? email follow-up,,consequence,,"Die Unterlagen fehlen, deswegen schreibe ich Ihnen. | weil | deshalb | deswegen ich schreibe",,"Die Unterlagen fehlen, deswegen schreibe ich Ihnen.","Die Unterlagen fehlen, deswegen schreibe ich Ihnen.",Watch: V2 after deswegen,,,,,duplicate_v02_lineage_resolved,unclear_v02_decision,
content/b1-m14-connectors-sentence-functions.js,v080149_cat14_redemittel_cat14_r_006,cat14-r-006,cat14-r-006,matched_replacement_layer,Exception,manual review: unrecognised v0.2 decision vocabulary,revise_light,revise_light,,EXCEPTION_REVIEW,manual review: comparison/recovery row exists but decision is not apply-ready,Auswahl,selected_choice_value,CAT14-redemittel-cat14_r_006,false,,Welche Form passt? short explanation,,reason,,"Ich frage nach, weil ich die Nachricht nicht verstanden habe. | denn | deshalb | weil ich habe...",,"Ich frage nach, weil ich die Nachricht nicht verstanden habe.","Ich frage nach, weil ich die Nachricht nicht verstanden habe.",Watch: verb-final after weil,,,,,duplicate_v02_lineage_resolved,unclear_v02_decision,
content/b1-m14-connectors-sentence-functions.js,v080149_cat14_redemittel_cat14_r_009,cat14-r-009,cat14-r-009,matched_replacement_layer,Exception,manual review: unrecognised v0.2 decision vocabulary,revise_light,revise_light,,EXCEPTION_REVIEW,manual review: comparison/recovery row exists but decision is not apply-ready,Auswahl,selected_choice_value,CAT14-redemittel-cat14_r_009,false,,Welche Form passt? polite disagreement,,contrast,,"Ich verstehe das, aber ich brauche noch eine Bestätigung. | obwohl | trotzdem | aber ich noch brauche",,"Ich verstehe das, aber ich brauche noch eine Bestätigung.","Ich verstehe das, aber ich brauche noch eine Bestätigung.",Watch: normal main-clause order,,,,,duplicate_v02_lineage_resolved,unclear_v02_decision,
content/b1-m14-connectors-sentence-functions.js,v080149_cat14_redemittel_cat14_r_010,cat14-r-010,cat14-r-010,matched_replacement_layer,Exception,manual review: unrecognised v0.2 decision vocabulary,revise_light,revise_light,,EXCEPTION_REVIEW,manual review: comparison/recovery row exists but decision is not apply-ready,Auswahl,selected_choice_value,CAT14-redemittel-cat14_r_010,false,,Welche Form passt? polite correction,,correction contrast,,"Ich brauche keine Kopie, sondern das Original. | aber | Ich brauche eine Kopie, sondern... | Ich kann heute nicht kommen, weil ich krank bin.",,"Ich brauche keine Kopie, sondern das Original.","Ich brauche keine Kopie, sondern das Original.",Watch: sondern corrects a negative first part,,,,,duplicate_v02_lineage_resolved,unclear_v02_decision,
content/b1-m14-connectors-sentence-functions.js,v080149_cat14_redemittel_cat14_r_011,cat14-r-011,cat14-r-011,matched_replacement_layer,Exception,manual review: unrecognised v0.2 decision vocabulary,revise_light,revise_light,,EXCEPTION_REVIEW,manual review: comparison/recovery row exists but decision is not apply-ready,Auswahl,selected_choice_value,CAT14-redemittel-cat14_r_011,false,,Welche Form passt? availability,,concession,,"Obwohl ich wenig Zeit habe, rufe ich kurz an. | trotzdem | Obwohl ich habe... | Ich kann heute nicht kommen, weil ich krank bin.",,"Obwohl ich wenig Zeit habe, rufe ich kurz an.","Obwohl ich wenig Zeit habe, rufe ich kurz an.",Watch: verb-final after obwohl,,,,,duplicate_v02_lineage_resolved,unclear_v02_decision,
content/b1-m14-connectors-sentence-functions.js,v080149_cat14_redemittel_cat14_r_012,cat14-r-012,cat14-r-012,matched_replacement_layer,Exception,manual review: unrecognised v0.2 decision vocabulary,revise_light,revise_light,,EXCEPTION_REVIEW,manual review: comparison/recovery row exists but decision is not apply-ready,Auswahl,selected_choice_value,CAT14-redemittel-cat14_r_012,false,,Welche Form passt? availability,,concession,,"Ich habe wenig Zeit, trotzdem rufe ich kurz an. | obwohl | trotzdem ich rufe | Ich kann heute nicht kommen, weil ich krank bin.",,"Ich habe wenig Zeit, trotzdem rufe ich kurz an.","Ich habe wenig Zeit, trotzdem rufe ich kurz an.",Watch: V2 after trotzdem,,,,,duplicate_v02_lineage_resolved,unclear_v02_decision,
content/b1-m14-connectors-sentence-functions.js,v080149_cat14_redemittel_cat14_r_013,cat14-r-013,cat14-r-013,matched_replacement_layer,Exception,manual review: unrecognised v0.2 decision vocabulary,revise_light,revise_light,,EXCEPTION_REVIEW,manual review: comparison/recovery row exists but decision is not apply-ready,Auswahl,selected_choice_value,CAT14-redemittel-cat14_r_013,false,,Welche Form passt? callback request,,condition,,"Wenn Sie Zeit haben, rufen Sie mich bitte zurück. | ob | falls | Wenn Sie haben Zeit",,"Wenn Sie Zeit haben, rufen Sie mich bitte zurück.","Wenn Sie Zeit haben, rufen Sie mich bitte zurück.",Watch: verb-final after wenn; main clause starts with verb,,,,,duplicate_v02_lineage_resolved,unclear_v02_decision,
content/b1-m14-connectors-sentence-functions.js,v080149_cat14_redemittel_cat14_r_014,cat14-r-014,cat14-r-014,matched_replacement_layer,Exception,manual review: unrecognised v0.2 decision vocabulary,revise_light,revise_light,,EXCEPTION_REVIEW,manual review: comparison/recovery row exists but decision is not apply-ready,Auswahl,selected_choice_value,CAT14-redemittel-cat14_r_014,false,,Welche Form passt? appointment,,condition,,"Wenn der Termin frei ist, komme ich morgen. | ob | falls | wenn der Termin ist frei",,"Wenn der Termin frei ist, komme ich morgen.","Wenn der Termin frei ist, komme ich morgen.",Watch: verb-final in wenn-clause,,,,,duplicate_v02_lineage_resolved,unclear_v02_decision,
content/b1-m14-connectors-sentence-functions.js,v080149_cat14_redemittel_cat14_r_015,cat14-r-015,cat14-r-015,matched_replacement_layer,Exception,manual review: unrecognised v0.2 decision vocabulary,revise_light,revise_light,,EXCEPTION_REVIEW,manual review: comparison/recovery row exists but decision is not apply-ready,Auswahl,selected_choice_value,CAT14-redemittel-cat14_r_015,false,,Welche Form passt? formal condition,,condition,,"Falls Sie noch Fragen haben, schreiben Sie mir bitte. | wenn | ob | Falls Sie haben Fragen",,"Falls Sie noch Fragen haben, schreiben Sie mir bitte.","Falls Sie noch Fragen haben, schreiben Sie mir bitte.",Watch: verb-final after falls,,,,,duplicate_v02_lineage_resolved,unclear_v02_decision,
content/b1-m14-connectors-sentence-functions.js,v080149_cat14_redemittel_cat14_r_016,cat14-r-016,cat14-r-016,matched_replacement_layer,Exception,manual review: unrecognised v0.2 decision vocabulary,revise_light,revise_light,,EXCEPTION_REVIEW,manual review: comparison/recovery row exists but decision is not apply-ready,Auswahl,selected_choice_value,CAT14-redemittel-cat14_r_016,false,,Welche Form passt? clarification,,indirect question,,"Ich weiß nicht, ob der Termin bestätigt ist. | wenn | dass | Ich weiß nicht, wenn...",,"Ich weiß nicht, ob der Termin bestätigt ist.","Ich weiß nicht, ob der Termin bestätigt ist.",Watch: ob for indirect yes/no question,,,,,duplicate_v02_lineage_resolved,unclear_v02_decision,
content/b1-m14-connectors-sentence-functions.js,v080149_cat14_redemittel_cat14_r_017,cat14-r-017,cat14-r-017,matched_replacement_layer,Exception,manual review: unrecognised v0.2 decision vocabulary,revise_light,revise_light,,EXCEPTION_REVIEW,manual review: comparison/recovery row exists but decision is not apply-ready,Auswahl,selected_choice_value,CAT14-redemittel-cat14_r_017,false,,Welche Form passt? clarification,,indirect question,,"Ich möchte wissen, wann ich kommen kann. | wenn | ob | wann kann ich kommen in indirect clause",,"Ich möchte wissen, wann ich kommen kann.","Ich möchte wissen, wann ich kommen kann.",Watch: verb-final in indirect question,,,,,duplicate_v02_lineage_resolved,unclear_v02_decision,
content/b1-m14-connectors-sentence-functions.js,v080149_cat14_redemittel_cat14_r_018,cat14-r-018,cat14-r-018,matched_replacement_layer,Exception,manual review: unrecognised v0.2 decision vocabulary,revise_light,revise_light,,EXCEPTION_REVIEW,manual review: comparison/recovery row exists but decision is not apply-ready,Auswahl,selected_choice_value,CAT14-redemittel-cat14_r_018,false,,Welche Form passt? confirmation,,reported statement,,"Ich hoffe, dass der Termin stattfindet. | ob | das | Ich hoffe, das...",,"Ich hoffe, dass der Termin stattfindet.","Ich hoffe, dass der Termin stattfindet.",Watch: dass introduces clause; verb at end,,,,,duplicate_v02_lineage_resolved,unclear_v02_decision,
content/b1-m14-connectors-sentence-functions.js,v080149_cat14_redemittel_cat14_r_032,cat14-r-032,cat14-r-032,matched_replacement_layer,Exception,manual review: unrecognised v0.2 decision vocabulary,revise_light,revise_light,,EXCEPTION_REVIEW,manual review: comparison/recovery row exists but decision is not apply-ready,Auswahl,selected_choice_value,CAT14-redemittel-cat14_r_032,false,,Welche Form passt? task process,,sequence,,"Zuerst lese ich die Aufgabe, dann schreibe ich die Antwort. | bevor | danach | Zuerst ich lese...",,"Zuerst lese ich die Aufgabe, dann schreibe ich die Antwort.","Zuerst lese ich die Aufgabe, dann schreibe ich die Antwort.",Watch: V2 after sequence adverbs,,,,,duplicate_v02_lineage_resolved,unclear_v02_decision,
content/b1-m14-connectors-sentence-functions.js,v080149_cat14_redemittel_cat14_r_034,cat14-r-034,cat14-r-034,matched_replacement_layer,Exception,manual review: unrecognised v0.2 decision vocabulary,revise_light,revise_light,,EXCEPTION_REVIEW,manual review: comparison/recovery row exists but decision is not apply-ready,Auswahl,selected_choice_value,CAT14-redemittel-cat14_r_034,false,,Welche Form passt? request,,addition,,Außerdem brauche ich eine schriftliche Bestätigung. | auch | zusätzlich | Außerdem ich brauche...,,Außerdem brauche ich eine schriftliche Bestätigung.,Außerdem brauche ich eine schriftliche Bestätigung.,Watch: V2 after außerdem,,,,,duplicate_v02_lineage_resolved,unclear_v02_decision,
content/b1-m14-connectors-sentence-functions.js,v080149_cat14_redemittel_cat14_r_037,cat14-r-037,cat14-r-037,matched_replacement_layer,Exception,manual review: unrecognised v0.2 decision vocabulary,revise_light,revise_light,,EXCEPTION_REVIEW,manual review: comparison/recovery row exists but decision is not apply-ready,Auswahl,selected_choice_value,CAT14-redemittel-cat14_r_037,false,,Welche Form passt? replacement,,alternative,,Stattdessen schreibe ich eine E-Mail. | sondern | statt ... zu | Stattdessen ich schreibe...,,Stattdessen schreibe ich eine E-Mail.,Stattdessen schreibe ich eine E-Mail.,Watch: V2 after stattdessen,,,,,duplicate_v02_lineage_resolved,unclear_v02_decision,
content/b1-m14-connectors-sentence-functions.js,v080149_cat14_redemittel_cat14_r_040,cat14-r-040,cat14-r-040,matched_replacement_layer,Production Practice,exclude from normal auto-graded practice; route later to separate self-marked Production Practice,revise_light,revise_light,,EXCEPTION_REVIEW,manual review: comparison/recovery row exists but decision is not apply-ready,Auswahl,selected_choice_value,CAT14-redemittel-cat14_r_040,false,,Welche Form passt? support chat,,clarify cause,,"Ich frage, weil die Information unklar ist. | nearby connector choice depends on function | translation-shaped connector order | Ich kann heute nicht kommen, weil ich krank bin.",,"Ich frage, weil die Information unklar ist.","Ich frage, weil die Information unklar ist.",Watch: wrong word order after connector,,,,,duplicate_v02_lineage_resolved,unclear_v02_decision,
content/b1-m14-connectors-sentence-functions.js,v080149_cat14_redemittel_cat14_r_041,cat14-r-041,cat14-r-041,matched_replacement_layer,Production Practice,exclude from normal auto-graded practice; route later to separate self-marked Production Practice,revise_light,revise_light,,EXCEPTION_REVIEW,manual review: comparison/recovery row exists but decision is not apply-ready,Auswahl,selected_choice_value,CAT14-redemittel-cat14_r_041,false,,Welche Form passt? appointment,,clarify condition,,"Wenn die Uhrzeit nicht passt, schreiben Sie mir bitte. | nearby connector choice depends on function | translation-shaped connector order | Ich kann heute nicht kommen, weil ich krank bin.",,"Wenn die Uhrzeit nicht passt, schreiben Sie mir bitte.","Wenn die Uhrzeit nicht passt, schreiben Sie mir bitte.",Watch: wrong word order after connector,,,,,duplicate_v02_lineage_resolved,unclear_v02_decision,
content/b1-m14-connectors-sentence-functions.js,v080149_cat14_redemittel_cat14_r_042,cat14-r-042,cat14-r-042,matched_replacement_layer,Production Practice,exclude from normal auto-graded practice; route later to separate self-marked Production Practice,revise_light,revise_light,,EXCEPTION_REVIEW,manual review: comparison/recovery row exists but decision is not apply-ready,Auswahl,selected_choice_value,CAT14-redemittel-cat14_r_042,false,,Welche Form passt? workplace,,contrast politely,,"Ich kann heute nicht länger bleiben, aber ich kann morgen helfen. | nearby connector choice depends on function | translation-shaped connector order | Ich kann heute nicht kommen, weil ich krank bin.",,"Ich kann heute nicht länger bleiben, aber ich kann morgen helfen.","Ich kann heute nicht länger bleiben, aber ich kann morgen helfen.",Watch: wrong word order after connector,,,,,duplicate_v02_lineage_resolved,unclear_v02_decision,
content/b1-m14-connectors-sentence-functions.js,v080149_cat14_redemittel_cat14_r_043,cat14-r-043,cat14-r-043,matched_replacement_layer,Production Practice,exclude from normal auto-graded practice; route later to separate self-marked Production Practice,revise_light,revise_light,,EXCEPTION_REVIEW,manual review: comparison/recovery row exists but decision is not apply-ready,Auswahl,selected_choice_value,CAT14-redemittel-cat14_r_043,false,,Welche Form passt? workplace,,concession politely,,"Obwohl es schwierig ist, versuche ich es noch einmal. | nearby connector choice depends on function | translation-shaped connector order | Ich kann heute nicht kommen, weil ich krank bin.",,"Obwohl es schwierig ist, versuche ich es noch einmal.","Obwohl es schwierig ist, versuche ich es noch einmal.",Watch: wrong word order after connector,,,,,duplicate_v02_lineage_resolved,unclear_v02_decision,
content/b1-m14-connectors-sentence-functions.js,v080149_cat14_redemittel_cat14_r_044,cat14-r-044,cat14-r-044,matched_replacement_layer,Production Practice,exclude from normal auto-graded practice; route later to separate self-marked Production Practice,revise_light,revise_light,,EXCEPTION_REVIEW,manual review: comparison/recovery row exists but decision is not apply-ready,Auswahl,selected_choice_value,CAT14-redemittel-cat14_r_044,false,,Welche Form passt? office,,result politely,,"Die Datei ist zu groß, deshalb schicke ich sie später. | nearby connector choice depends on function | translation-shaped connector order | Ich kann heute nicht kommen, weil ich krank bin.",,"Die Datei ist zu groß, deshalb schicke ich sie später.","Die Datei ist zu groß, deshalb schicke ich sie später.",Watch: wrong word order after connector,,,,,duplicate_v02_lineage_resolved,unclear_v02_decision,
content/b1-m14-connectors-sentence-functions.js,v080149_cat14_redemittel_cat14_r_046,cat14-r-046,cat14-r-046,matched_replacement_layer,Production Practice,exclude from normal auto-graded practice; route later to separate self-marked Production Practice,revise_light,revise_light,,EXCEPTION_REVIEW,manual review: comparison/recovery row exists but decision is not apply-ready,Auswahl,selected_choice_value,CAT14-redemittel-cat14_r_046,false,,Welche Form passt? office,,purpose politely,,"Ich öffne die App, um die Nachricht zu lesen. | nearby connector choice depends on function | translation-shaped connector order | Ich kann heute nicht kommen, weil ich krank bin.",,"Ich öffne die App, um die Nachricht zu lesen.","Ich öffne die App, um die Nachricht zu lesen.",Watch: wrong word order after connector,,,,,duplicate_v02_lineage_resolved,unclear_v02_decision,
content/b1-m14-connectors-sentence-functions.js,v080149_cat14_redemittel_cat14_r_047,cat14-r-047,cat14-r-047,matched_replacement_layer,Production Practice,exclude from normal auto-graded practice; route later to separate self-marked Production Practice,revise_light,revise_light,,EXCEPTION_REVIEW,manual review: comparison/recovery row exists but decision is not apply-ready,Auswahl,selected_choice_value,CAT14-redemittel-cat14_r_047,false,,Welche Form passt? office,,indirect question,,"Ich weiß nicht, wo ich unterschreiben soll. | nearby connector choice depends on function | translation-shaped connector order | Ich kann heute nicht kommen, weil ich krank bin.",,"Ich weiß nicht, wo ich unterschreiben soll.","Ich weiß nicht, wo ich unterschreiben soll.",Watch: wrong word order after connector,,,,,duplicate_v02_lineage_resolved,unclear_v02_decision,
content/b1-m14-connectors-sentence-functions.js,v080149_cat14_redemittel_cat14_r_048,cat14-r-048,cat14-r-048,matched_replacement_layer,Production Practice,exclude from normal auto-graded practice; route later to separate self-marked Production Practice,revise_light,revise_light,,EXCEPTION_REVIEW,manual review: comparison/recovery row exists but decision is not apply-ready,Auswahl,selected_choice_value,CAT14-redemittel-cat14_r_048,false,,Welche Form passt? office,,indirect question,,"Ich weiß nicht, wie ich das Formular speichern kann. | nearby connector choice depends on function | translation-shaped connector order | Ich kann heute nicht kommen, weil ich krank bin.",,"Ich weiß nicht, wie ich das Formular speichern kann.","Ich weiß nicht, wie ich das Formular speichern kann.",Watch: wrong word order after connector,,,,,duplicate_v02_lineage_resolved,unclear_v02_decision,
content/b1-m14-connectors-sentence-functions.js,v080149_cat14_redemittel_cat14_r_049,cat14-r-049,cat14-r-049,matched_replacement_layer,Production Practice,exclude from normal auto-graded practice; route later to separate self-marked Production Practice,revise_light,revise_light,,EXCEPTION_REVIEW,manual review: comparison/recovery row exists but decision is not apply-ready,Auswahl,selected_choice_value,CAT14-redemittel-cat14_r_049,false,,Welche Form passt? office,,reported statement,,"Die E-Mail sagt, dass ich die Unterlagen mitbringen soll. | nearby connector choice depends on function | translation-shaped connector order | Ich kann heute nicht kommen, weil ich krank bin.",,"Die E-Mail sagt, dass ich die Unterlagen mitbringen soll.","Die E-Mail sagt, dass ich die Unterlagen mitbringen soll.",Watch: wrong word order after connector,,,,,duplicate_v02_lineage_resolved,unclear_v02_decision,
content/b1-m14-connectors-sentence-functions.js,v080149_cat14_redemittel_cat14_r_050,cat14-r-050,cat14-r-050,matched_replacement_layer,Production Practice,exclude from normal auto-graded practice; route later to separate self-marked Production Practice,revise_light,revise_light,,EXCEPTION_REVIEW,manual review: comparison/recovery row exists but decision is not apply-ready,Auswahl,selected_choice_value,CAT14-redemittel-cat14_r_050,false,,Welche Form passt? workflow,,time before,,"Bevor ich unterschreibe, lese ich den Text noch einmal. | nearby connector choice depends on function | translation-shaped connector order | Ich kann heute nicht kommen, weil ich krank bin.",,"Bevor ich unterschreibe, lese ich den Text noch einmal.","Bevor ich unterschreibe, lese ich den Text noch einmal.",Watch: wrong word order after connector,,,,,duplicate_v02_lineage_resolved,unclear_v02_decision,
content/b1-m14-connectors-sentence-functions.js,v080149_cat14_redemittel_cat14_r_056,cat14-r-056,cat14-r-056,matched_replacement_layer,Production Practice,exclude from normal auto-graded practice; route later to separate self-marked Production Practice,revise_light,revise_light,,EXCEPTION_REVIEW,manual review: comparison/recovery row exists but decision is not apply-ready,Auswahl,selected_choice_value,CAT14-redemittel-cat14_r_056,false,,Welche Form passt? instructions,,sequence,,"Zuerst fülle ich das Formular aus, danach prüfe ich die Angaben. | nearby connector choice depends on function | translation-shaped connector order | Ich kann heute nicht kommen, weil ich krank bin.",,"Zuerst fülle ich das Formular aus, danach prüfe ich die Angaben.","Zuerst fülle ich das Formular aus, danach prüfe ich die Angaben.",Watch: wrong word order after connector,,,,,duplicate_v02_lineage_resolved,unclear_v02_decision,
content/b1-m14-connectors-sentence-functions.js,v080149_cat14_redemittel_cat14_r_057,cat14-r-057,cat14-r-057,matched_replacement_layer,Production Practice,exclude from normal auto-graded practice; route later to separate self-marked Production Practice,revise_light,revise_light,,EXCEPTION_REVIEW,manual review: comparison/recovery row exists but decision is not apply-ready,Auswahl,selected_choice_value,CAT14-redemittel-cat14_r_057,false,,Welche Form passt? planning,,alternative,,"Ich kann entweder am Montag kommen oder am Dienstag anrufen. | nearby connector choice depends on function | translation-shaped connector order | Ich kann heute nicht kommen, weil ich krank bin.",,Ich kann entweder am Montag kommen oder am Dienstag anrufen.,Ich kann entweder am Montag kommen oder am Dienstag anrufen.,Watch: wrong word order after connector,,,,,duplicate_v02_lineage_resolved,unclear_v02_decision,
content/b1-m14-connectors-sentence-functions.js,v080149_cat14_redemittel_cat14_r_059,cat14-r-059,cat14-r-059,matched_replacement_layer,Production Practice,exclude from normal auto-graded practice; route later to separate self-marked Production Practice,revise_light,revise_light,,EXCEPTION_REVIEW,manual review: comparison/recovery row exists but decision is not apply-ready,Auswahl,selected_choice_value,CAT14-redemittel-cat14_r_059,false,,Welche Form passt? support,,replacement,,"Stattdessen können Sie mir eine E-Mail schicken. | nearby connector choice depends on function | translation-shaped connector order | Ich kann heute nicht kommen, weil ich krank bin.",,Stattdessen können Sie mir eine E-Mail schicken.,Stattdessen können Sie mir eine E-Mail schicken.,Watch: wrong word order after connector,,,,,duplicate_v02_lineage_resolved,unclear_v02_decision,
content/b1-m14-connectors-sentence-functions.js,v080149_cat14_redemittel_cat14_r_060,cat14-r-060,cat14-r-060,matched_replacement_layer,Production Practice,exclude from normal auto-graded practice; route later to separate self-marked Production Practice,revise_light,revise_light,,EXCEPTION_REVIEW,manual review: comparison/recovery row exists but decision is not apply-ready,Auswahl,selected_choice_value,CAT14-redemittel-cat14_r_060,false,,Welche Form passt? email,,soft conclusion,,"Also brauche ich eine neue Kopie. | nearby connector choice depends on function | translation-shaped connector order | Ich kann heute nicht kommen, weil ich krank bin.",,Also brauche ich eine neue Kopie.,Also brauche ich eine neue Kopie.,Watch: wrong word order after connector,,,,,duplicate_v02_lineage_resolved,unclear_v02_decision,
content/b1-m14-connectors-sentence-functions.js,v080149_cat14_redemittel_cat14_r_061,cat14-r-061,cat14-r-061,matched_replacement_layer,Production Practice,exclude from normal auto-graded practice; route later to separate self-marked Production Practice,revise_light,revise_light,,EXCEPTION_REVIEW,manual review: comparison/recovery row exists but decision is not apply-ready,Auswahl,selected_choice_value,CAT14-redemittel-cat14_r_061,false,,Welche Form passt? email,,formal conclusion,,"Aus diesem Grund bitte ich um Rückmeldung. | nearby connector choice depends on function | translation-shaped connector order | Ich kann heute nicht kommen, weil ich krank bin.",,Aus diesem Grund bitte ich um Rückmeldung.,Aus diesem Grund bitte ich um Rückmeldung.,Watch: wrong word order after connector,,,,,duplicate_v02_lineage_resolved,unclear_v02_decision,
content/b1-m14-connectors-sentence-functions.js,v080149_cat14_redemittel_cat14_r_062,cat14-r-062,cat14-r-062,matched_replacement_layer,Production Practice,exclude from normal auto-graded practice; route later to separate self-marked Production Practice,revise_light,revise_light,,EXCEPTION_REVIEW,manual review: comparison/recovery row exists but decision is not apply-ready,Auswahl,selected_choice_value,CAT14-redemittel-cat14_r_062,false,,Welche Form passt? office,,precise condition,,"Falls etwas fehlt, melde ich mich. | nearby connector choice depends on function | translation-shaped connector order | Ich kann heute nicht kommen, weil ich krank bin.",,"Falls etwas fehlt, melde ich mich.","Falls etwas fehlt, melde ich mich.",Watch: wrong word order after connector,,,,,duplicate_v02_lineage_resolved,unclear_v02_decision,
content/b1-m14-connectors-sentence-functions.js,v080149_cat14_redemittel_cat14_r_065,cat14-r-065,cat14-r-065,matched_replacement_layer,Production Practice,exclude from normal auto-graded practice; route later to separate self-marked Production Practice,revise_light,revise_light,,EXCEPTION_REVIEW,manual review: comparison/recovery row exists but decision is not apply-ready,Auswahl,selected_choice_value,CAT14-redemittel-cat14_r_065,false,,Welche Form passt? phone,,past event,,"Als ich im Büro war, habe ich die Unterlagen abgegeben. | nearby connector choice depends on function | translation-shaped connector order | Ich kann heute nicht kommen, weil ich krank bin.",,"Als ich im Büro war, habe ich die Unterlagen abgegeben.","Als ich im Büro war, habe ich die Unterlagen abgegeben.",Watch: wrong word order after connector,,,,,duplicate_v02_lineage_resolved,unclear_v02_decision,
content/b1-m14-connectors-sentence-functions.js,v080149_cat14_redemittel_cat14_r_066,cat14-r-066,cat14-r-066,matched_replacement_layer,Production Practice,exclude from normal auto-graded practice; route later to separate self-marked Production Practice,revise_light,revise_light,,EXCEPTION_REVIEW,manual review: comparison/recovery row exists but decision is not apply-ready,Auswahl,selected_choice_value,CAT14-redemittel-cat14_r_066,false,,Welche Form passt? course,,repeated time,,"Wenn ich neue Wörter lerne, schreibe ich Beispiele. | nearby connector choice depends on function | translation-shaped connector order | Ich kann heute nicht kommen, weil ich krank bin.",,"Wenn ich neue Wörter lerne, schreibe ich Beispiele.","Wenn ich neue Wörter lerne, schreibe ich Beispiele.",Watch: wrong word order after connector,,,,,duplicate_v02_lineage_resolved,unclear_v02_decision,
content/b1-m14-connectors-sentence-functions.js,v080149_cat14_redemittel_cat14_r_067,cat14-r-067,cat14-r-067,matched_replacement_layer,Production Practice,exclude from normal auto-graded practice; route later to separate self-marked Production Practice,revise_light,revise_light,,EXCEPTION_REVIEW,manual review: comparison/recovery row exists but decision is not apply-ready,Auswahl,selected_choice_value,CAT14-redemittel-cat14_r_067,false,,Welche Form passt? learning,,purpose same subject,,"Ich lese den Satz noch einmal, um den Fehler zu finden. | nearby connector choice depends on function | translation-shaped connector order | Ich kann heute nicht kommen, weil ich krank bin.",,"Ich lese den Satz noch einmal, um den Fehler zu finden.","Ich lese den Satz noch einmal, um den Fehler zu finden.",Watch: wrong word order after connector,,,,,duplicate_v02_lineage_resolved,unclear_v02_decision,
content/b1-m14-connectors-sentence-functions.js,v080149_cat14_redemittel_cat14_r_069,cat14-r-069,cat14-r-069,matched_replacement_layer,Production Practice,exclude from normal auto-graded practice; route later to separate self-marked Production Practice,revise_light,revise_light,,EXCEPTION_REVIEW,manual review: comparison/recovery row exists but decision is not apply-ready,Auswahl,selected_choice_value,CAT14-redemittel-cat14_r_069,false,,Welche Form passt? clarification,,explain uncertainty,,"Ich bin unsicher, ob ich die Aufgabe richtig verstanden habe. | nearby connector choice depends on function | translation-shaped connector order | Ich kann heute nicht kommen, weil ich krank bin.",,"Ich bin unsicher, ob ich die Aufgabe richtig verstanden habe.","Ich bin unsicher, ob ich die Aufgabe richtig verstanden habe.",Watch: wrong word order after connector,,,,,duplicate_v02_lineage_resolved,unclear_v02_decision,
content/b1-m14-connectors-sentence-functions.js,v080149_cat14_redemittel_cat14_r_076,cat14-r-076,cat14-r-076,matched_replacement_layer,Production Practice,exclude from normal auto-graded practice; route later to separate self-marked Production Practice,revise_light,revise_light,,EXCEPTION_REVIEW,manual review: comparison/recovery row exists but decision is not apply-ready,Auswahl,selected_choice_value,CAT14-redemittel-cat14_r_076,false,,Welche Form passt? navigation,,indirect place,,"Könnten Sie mir sagen, wo der Raum ist? | nearby connector choice depends on function | translation-shaped connector order | Ich kann heute nicht kommen, weil ich krank bin.",,"Könnten Sie mir sagen, wo der Raum ist?","Könnten Sie mir sagen, wo der Raum ist?",Watch: wrong word order after connector,,,,,duplicate_v02_lineage_resolved,unclear_v02_decision,
content/b1-m14-connectors-sentence-functions.js,v080149_cat14_redemittel_cat14_r_077,cat14-r-077,cat14-r-077,matched_replacement_layer,Production Practice,exclude from normal auto-graded practice; route later to separate self-marked Production Practice,revise_light,revise_light,,EXCEPTION_REVIEW,manual review: comparison/recovery row exists but decision is not apply-ready,Auswahl,selected_choice_value,CAT14-redemittel-cat14_r_077,false,,Welche Form passt? appointment,,indirect time,,"Könnten Sie mir sagen, wann der Termin beginnt? | nearby connector choice depends on function | translation-shaped connector order | Ich kann heute nicht kommen, weil ich krank bin.",,"Könnten Sie mir sagen, wann der Termin beginnt?","Könnten Sie mir sagen, wann der Termin beginnt?",Watch: wrong word order after connector,,,,,duplicate_v02_lineage_resolved,unclear_v02_decision,
content/b1-m14-connectors-sentence-functions.js,v080149_cat14_redemittel_cat14_r_078,cat14-r-078,cat14-r-078,matched_replacement_layer,Production Practice,exclude from normal auto-graded practice; route later to separate self-marked Production Practice,revise_light,revise_light,,EXCEPTION_REVIEW,manual review: comparison/recovery row exists but decision is not apply-ready,Auswahl,selected_choice_value,CAT14-redemittel-cat14_r_078,false,,Welche Form passt? appointment,,indirect yes/no,,"Könnten Sie mir sagen, ob der Termin online stattfindet? | nearby connector choice depends on function | translation-shaped connector order | Ich kann heute nicht kommen, weil ich krank bin.",,"Könnten Sie mir sagen, ob der Termin online stattfindet?","Könnten Sie mir sagen, ob der Termin online stattfindet?",Watch: wrong word order after connector,,,,,duplicate_v02_lineage_resolved,unclear_v02_decision,
content/b1-m14-connectors-sentence-functions.js,v080149_cat14_wortschatz_cat14_w_001,cat14-w-001,cat14-w-001,matched_replacement_layer,Exception,manual review: unrecognised v0.2 decision vocabulary,revise_light,revise_light,,EXCEPTION_REVIEW,manual review: comparison/recovery row exists but decision is not apply-ready,Auswahl,selected_choice_value,CAT14-wortschatz-cat14_w_001,false,,Welches Wort passt? because,,Reason/cause,,weil | denn | deshalb | da,,weil,weil,`weil` gives a reason; the finite verb goes to the end.,,,,,duplicate_v02_lineage_resolved,unclear_v02_decision,
content/b1-m14-connectors-sentence-functions.js,v080149_cat14_wortschatz_cat14_w_002,cat14-w-002,cat14-w-002,matched_replacement_layer,Exception,manual review: unrecognised v0.2 decision vocabulary,revise_light,revise_light,,EXCEPTION_REVIEW,manual review: comparison/recovery row exists but decision is not apply-ready,Auswahl,selected_choice_value,CAT14-wortschatz-cat14_w_002,false,,Welches Wort passt? because/for,,Reason/cause,,denn | weil | deshalb | deswegen,,denn,denn,`weil` gives a reason; the finite verb goes to the end.,,,,,duplicate_v02_lineage_resolved,unclear_v02_decision,
content/b1-m14-connectors-sentence-functions.js,v080149_cat14_wortschatz_cat14_w_003,cat14-w-003,cat14-w-003,matched_replacement_layer,Exception,manual review: unrecognised v0.2 decision vocabulary,revise_light,revise_light,,EXCEPTION_REVIEW,manual review: comparison/recovery row exists but decision is not apply-ready,Auswahl,selected_choice_value,CAT14-wortschatz-cat14_w_003,false,,Welches Wort passt? therefore/that is why,,Reason/cause,,deshalb | weil | denn | deswegen,,deshalb,deshalb,`weil` gives a reason; the finite verb goes to the end.,,,,,duplicate_v02_lineage_resolved,unclear_v02_decision,
content/b1-m14-connectors-sentence-functions.js,v080149_cat14_wortschatz_cat14_w_004,cat14-w-004,cat14-w-004,matched_replacement_layer,Exception,manual review: unrecognised v0.2 decision vocabulary,revise_light,revise_light,,EXCEPTION_REVIEW,manual review: comparison/recovery row exists but decision is not apply-ready,Auswahl,selected_choice_value,CAT14-wortschatz-cat14_w_004,false,,Welches Wort passt? therefore/for that reason,,Reason/cause,,deswegen | deshalb | wegen | denn,,deswegen,deswegen,`denn` gives a reason but keeps normal main-clause word order.,,,,,duplicate_v02_lineage_resolved,unclear_v02_decision,
content/b1-m14-connectors-sentence-functions.js,v080149_cat14_wortschatz_cat14_w_005,cat14-w-005,cat14-w-005,matched_replacement_layer,Exception,manual review: unrecognised v0.2 decision vocabulary,revise_light,revise_light,,EXCEPTION_REVIEW,manual review: comparison/recovery row exists but decision is not apply-ready,Auswahl,selected_choice_value,CAT14-wortschatz-cat14_w_005,false,,Welches Wort passt? therefore/that is why,,Reason/cause,,darum | deshalb | darum dass | weil,,darum,darum,`deshalb/deswegen` show a result; the finite verb stays in position 2.,,,,,duplicate_v02_lineage_resolved,unclear_v02_decision,
content/b1-m14-connectors-sentence-functions.js,v080149_cat14_wortschatz_cat14_w_010,cat14-w-010,cat14-w-010,matched_replacement_layer,Exception,manual review: unrecognised v0.2 decision vocabulary,revise_light,revise_light,,EXCEPTION_REVIEW,manual review: comparison/recovery row exists but decision is not apply-ready,Auswahl,selected_choice_value,CAT14-wortschatz-cat14_w_010,false,,Welches Wort passt? so/therefore,,Result/consequence,,also | auch | deshalb | weil,,also,also,`deshalb/deswegen` show a result; the finite verb stays in position 2.,,,,,duplicate_v02_lineage_resolved,unclear_v02_decision,
content/b1-m14-connectors-sentence-functions.js,v080149_cat14_wortschatz_cat14_w_012,cat14-w-012,cat14-w-012,matched_replacement_layer,Exception,manual review: unrecognised v0.2 decision vocabulary,revise_light,revise_light,,EXCEPTION_REVIEW,manual review: comparison/recovery row exists but decision is not apply-ready,Auswahl,selected_choice_value,CAT14-wortschatz-cat14_w_012,false,,Welches Wort passt? but,,Contrast/concession,,aber | sondern | obwohl | trotzdem,,aber,aber,`obwohl` introduces a concession; the finite verb goes to the end.,,,,,duplicate_v02_lineage_resolved,unclear_v02_decision,
content/b1-m14-connectors-sentence-functions.js,v080149_cat14_wortschatz_cat14_w_013,cat14-w-013,cat14-w-013,matched_replacement_layer,Exception,manual review: unrecognised v0.2 decision vocabulary,revise_light,revise_light,,EXCEPTION_REVIEW,manual review: comparison/recovery row exists but decision is not apply-ready,Auswahl,selected_choice_value,CAT14-wortschatz-cat14_w_013,false,,Welches Wort passt? but rather,,Contrast/concession,,sondern | aber | doch | weil,,sondern,sondern,"`sondern` corrects a negative first idea: nicht A, sondern B.",,,,,duplicate_v02_lineage_resolved,unclear_v02_decision,
content/b1-m14-connectors-sentence-functions.js,v080149_cat14_wortschatz_cat14_w_014,cat14-w-014,cat14-w-014,matched_replacement_layer,Exception,manual review: unrecognised v0.2 decision vocabulary,revise_light,revise_light,,EXCEPTION_REVIEW,manual review: comparison/recovery row exists but decision is not apply-ready,Auswahl,selected_choice_value,CAT14-wortschatz-cat14_w_014,false,,Welches Wort passt? although/even though,,Contrast/concession,,obwohl | trotzdem | aber | weil,,obwohl,obwohl,`obwohl` introduces a concession; the finite verb goes to the end.,,,,,duplicate_v02_lineage_resolved,unclear_v02_decision,
content/b1-m14-connectors-sentence-functions.js,v080149_cat14_wortschatz_cat14_w_015,cat14-w-015,cat14-w-015,matched_replacement_layer,Exception,manual review: unrecognised v0.2 decision vocabulary,revise_light,revise_light,,EXCEPTION_REVIEW,manual review: comparison/recovery row exists but decision is not apply-ready,Auswahl,selected_choice_value,CAT14-wortschatz-cat14_w_015,false,,Welches Wort passt? nevertheless/still,,Contrast/concession,,trotzdem | obwohl | aber | weil,,trotzdem,trotzdem,`obwohl` introduces a concession; the finite verb goes to the end.,,,,,duplicate_v02_lineage_resolved,unclear_v02_decision,
content/b1-m14-connectors-sentence-functions.js,v080149_cat14_wortschatz_cat14_w_019,cat14-w-019,cat14-w-019,matched_replacement_layer,Exception,manual review: unrecognised v0.2 decision vocabulary,revise_light,revise_light,,EXCEPTION_REVIEW,manual review: comparison/recovery row exists but decision is not apply-ready,Auswahl,selected_choice_value,CAT14-wortschatz-cat14_w_019,false,,Welches Wort passt? if/when,,Condition,,wenn | als | falls | ob,,wenn,wenn,`wenn` is used for conditions/repeated times; `als` is for one past time.,,,,,duplicate_v02_lineage_resolved,unclear_v02_decision,
content/b1-m14-connectors-sentence-functions.js,v080149_cat14_wortschatz_cat14_w_020,cat14-w-020,cat14-w-020,matched_replacement_layer,Exception,manual review: unrecognised v0.2 decision vocabulary,revise_light,revise_light,,EXCEPTION_REVIEW,manual review: comparison/recovery row exists but decision is not apply-ready,Auswahl,selected_choice_value,CAT14-wortschatz-cat14_w_020,false,,Welches Wort passt? if/in case,,Condition,,falls | wenn | ob | weil,,falls,falls,`wenn` introduces a condition; the finite verb goes to the end.,,,,,duplicate_v02_lineage_resolved,unclear_v02_decision,
content/b1-m14-connectors-sentence-functions.js,v080149_cat14_wortschatz_cat14_w_022,cat14-w-022,cat14-w-022,matched_replacement_layer,Exception,manual review: unrecognised v0.2 decision vocabulary,revise_light,revise_light,,EXCEPTION_REVIEW,manual review: comparison/recovery row exists but decision is not apply-ready,Auswahl,selected_choice_value,CAT14-wortschatz-cat14_w_022,false,,Welches Wort passt? whether/if,,Indirect question/complement,,ob | wenn | dass | weil,,ob,ob,`wenn` introduces a condition; the finite verb goes to the end.,,,,,duplicate_v02_lineage_resolved,unclear_v02_decision,
content/b1-m14-connectors-sentence-functions.js,v080149_cat14_wortschatz_cat14_w_023,cat14-w-023,cat14-w-023,matched_replacement_layer,Exception,manual review: unrecognised v0.2 decision vocabulary,revise_light,revise_light,,EXCEPTION_REVIEW,manual review: comparison/recovery row exists but decision is not apply-ready,Auswahl,selected_choice_value,CAT14-wortschatz-cat14_w_023,false,,Welches Wort passt? that,,Indirect question/complement,,dass | das | ob | weil,,dass,dass,`ob` introduces an indirect yes/no question; the finite verb goes to the end.,,,,,duplicate_v02_lineage_resolved,unclear_v02_decision,
content/b1-m14-connectors-sentence-functions.js,v080149_cat14_wortschatz_cat14_w_024,cat14-w-024,cat14-w-024,matched_replacement_layer,Exception,manual review: unrecognised v0.2 decision vocabulary,revise_light,revise_light,,EXCEPTION_REVIEW,manual review: comparison/recovery row exists but decision is not apply-ready,Auswahl,selected_choice_value,CAT14-wortschatz-cat14_w_024,false,,Welches Wort passt? why,,Indirect question/complement,,warum | weil | wieso | denn,,warum,warum,`weil` gives a reason; the finite verb goes to the end.,,,,,duplicate_v02_lineage_resolved,unclear_v02_decision,
content/b1-m14-connectors-sentence-functions.js,v080149_cat14_wortschatz_cat14_w_025,cat14-w-025,cat14-w-025,matched_replacement_layer,Exception,manual review: unrecognised v0.2 decision vocabulary,revise_light,revise_light,,EXCEPTION_REVIEW,manual review: comparison/recovery row exists but decision is not apply-ready,Auswahl,selected_choice_value,CAT14-wortschatz-cat14_w_025,false,,Welches Wort passt? when,,Indirect question/complement,,wann | wenn | als | weil,,wann,wann,`wenn` is used for conditions/repeated times; `als` is for one past time.,,,,,duplicate_v02_lineage_resolved,unclear_v02_decision,
content/b1-m14-connectors-sentence-functions.js,v080149_cat14_wortschatz_cat14_w_026,cat14-w-026,cat14-w-026,matched_replacement_layer,Exception,manual review: unrecognised v0.2 decision vocabulary,revise_light,revise_light,,EXCEPTION_REVIEW,manual review: comparison/recovery row exists but decision is not apply-ready,Auswahl,selected_choice_value,CAT14-wortschatz-cat14_w_026,false,,Welches Wort passt? where,,Indirect question/complement,,wo | wenn | wohin | weil,,wo,wo,`wenn` introduces a condition; the finite verb goes to the end.,,,,,duplicate_v02_lineage_resolved,unclear_v02_decision,
content/b1-m14-connectors-sentence-functions.js,v080149_cat14_wortschatz_cat14_w_027,cat14-w-027,cat14-w-027,matched_replacement_layer,Exception,manual review: unrecognised v0.2 decision vocabulary,revise_light,revise_light,,EXCEPTION_REVIEW,manual review: comparison/recovery row exists but decision is not apply-ready,Auswahl,selected_choice_value,CAT14-wortschatz-cat14_w_027,false,,Welches Wort passt? how,,Indirect question/complement,,wie | ob | was | weil,,wie,wie,`ob` introduces an indirect yes/no question; the finite verb goes to the end.,,,,,duplicate_v02_lineage_resolved,unclear_v02_decision,
content/b1-m14-connectors-sentence-functions.js,v080149_cat14_wortschatz_cat14_w_030,cat14-w-030,cat14-w-030,matched_replacement_layer,Exception,manual review: unrecognised v0.2 decision vocabulary,revise_light,revise_light,,EXCEPTION_REVIEW,manual review: comparison/recovery row exists but decision is not apply-ready,Auswahl,selected_choice_value,CAT14-wortschatz-cat14_w_030,false,,Welches Wort passt? while/during,,Time,,während | bevor | nachdem | während + Genitiv,,während,während,`bevor` means before; the finite verb goes to the end.,,,,,duplicate_v02_lineage_resolved,unclear_v02_decision,
content/b1-m14-connectors-sentence-functions.js,v080149_cat14_wortschatz_cat14_w_037,cat14-w-037,cat14-w-037,matched_replacement_layer,Exception,manual review: unrecognised v0.2 decision vocabulary,revise_light,revise_light,,EXCEPTION_REVIEW,manual review: comparison/recovery row exists but decision is not apply-ready,Auswahl,selected_choice_value,CAT14-wortschatz-cat14_w_037,false,,Welches Wort passt? whenever,,Time,,immer wenn | als | wenn einmal | weil,,immer wenn,immer wenn,`wenn` is used for conditions/repeated times; `als` is for one past time.,,,,,duplicate_v02_lineage_resolved,unclear_v02_decision,
content/b1-m14-connectors-sentence-functions.js,v080149_cat14_wortschatz_cat14_w_045,cat14-w-045,cat14-w-045,matched_replacement_layer,Exception,manual review: unrecognised v0.2 decision vocabulary,revise_light,revise_light,,EXCEPTION_REVIEW,manual review: comparison/recovery row exists but decision is not apply-ready,Auswahl,selected_choice_value,CAT14-wortschatz-cat14_w_045,false,,Welches Wort passt? first,,Sequence/addition,,zuerst | erst | zuerst dass | weil,,zuerst,zuerst,`dass` introduces reported information; the finite verb goes to the end.,,,,,duplicate_v02_lineage_resolved,unclear_v02_decision,
content/b1-m14-connectors-sentence-functions.js,v080149_cat14_wortschatz_cat14_w_046,cat14-w-046,cat14-w-046,matched_replacement_layer,Exception,manual review: unrecognised v0.2 decision vocabulary,revise_light,revise_light,,EXCEPTION_REVIEW,manual review: comparison/recovery row exists but decision is not apply-ready,Auswahl,selected_choice_value,CAT14-wortschatz-cat14_w_046,false,,Welches Wort passt? then,,Sequence/addition,,dann | danach | wenn | weil,,dann,dann,`wenn` introduces a condition; the finite verb goes to the end.,,,,,duplicate_v02_lineage_resolved,unclear_v02_decision,
content/b1-m14-connectors-sentence-functions.js,v080149_cat14_wortschatz_cat14_w_047,cat14-w-047,cat14-w-047,matched_replacement_layer,Exception,manual review: unrecognised v0.2 decision vocabulary,revise_light,revise_light,,EXCEPTION_REVIEW,manual review: comparison/recovery row exists but decision is not apply-ready,Auswahl,selected_choice_value,CAT14-wortschatz-cat14_w_047,false,,Welches Wort passt? after that,,Sequence/addition,,danach | nachdem | bevor | weil,,danach,danach,`bevor` means before; the finite verb goes to the end.,,,,,duplicate_v02_lineage_resolved,unclear_v02_decision,
content/b1-m14-connectors-sentence-functions.js,v080149_cat14_wortschatz_cat14_w_048,cat14-w-048,cat14-w-048,matched_replacement_layer,Exception,manual review: unrecognised v0.2 decision vocabulary,revise_light,revise_light,,EXCEPTION_REVIEW,manual review: comparison/recovery row exists but decision is not apply-ready,Auswahl,selected_choice_value,CAT14-wortschatz-cat14_w_048,false,,Welches Wort passt? before that/beforehand,,Sequence/addition,,vorher | bevor | zuerst | weil,,vorher,vorher,`bevor` means before; the finite verb goes to the end.,,,,,duplicate_v02_lineage_resolved,unclear_v02_decision,
content/b1-m14-connectors-sentence-functions.js,v080149_cat14_wortschatz_cat14_w_051,cat14-w-051,cat14-w-051,matched_replacement_layer,Exception,manual review: unrecognised v0.2 decision vocabulary,revise_light,revise_light,,EXCEPTION_REVIEW,manual review: comparison/recovery row exists but decision is not apply-ready,Auswahl,selected_choice_value,CAT14-wortschatz-cat14_w_051,false,,Welches Wort passt? besides/in addition,,Sequence/addition,,außerdem | auch | zusätzlich | weil,,außerdem,außerdem,`außerdem/zusätzlich` add information; the finite verb stays in position 2.,,,,,duplicate_v02_lineage_resolved,unclear_v02_decision,
content/b1-m14-connectors-sentence-functions.js,v080149_cat14_wortschatz_cat14_w_052,cat14-w-052,cat14-w-052,matched_replacement_layer,Exception,manual review: unrecognised v0.2 decision vocabulary,revise_light,revise_light,,EXCEPTION_REVIEW,manual review: comparison/recovery row exists but decision is not apply-ready,Auswahl,selected_choice_value,CAT14-wortschatz-cat14_w_052,false,,Welches Wort passt? additionally,,Sequence/addition,,zusätzlich | außerdem | auch | weil,,zusätzlich,zusätzlich,`außerdem/zusätzlich` add information; the finite verb stays in position 2.,,,,,duplicate_v02_lineage_resolved,unclear_v02_decision,
content/b1-m14-connectors-sentence-functions.js,v080149_cat14_wortschatz_cat14_w_053,cat14-w-053,cat14-w-053,matched_replacement_layer,Exception,manual review: unrecognised v0.2 decision vocabulary,revise_light,revise_light,,EXCEPTION_REVIEW,manual review: comparison/recovery row exists but decision is not apply-ready,Auswahl,selected_choice_value,CAT14-wortschatz-cat14_w_053,false,,Welches Wort passt? also/too,,Sequence/addition,,auch | also | außerdem | weil,,auch,auch,`als` is used for one past time; word order is verb-final in the clause.,,,,,duplicate_v02_lineage_resolved,unclear_v02_decision,
content/b1-m14-connectors-sentence-functions.js,v080149_cat14_wortschatz_cat14_w_054,cat14-w-054,cat14-w-054,matched_replacement_layer,Exception,manual review: unrecognised v0.2 decision vocabulary,revise_light,revise_light,,EXCEPTION_REVIEW,manual review: comparison/recovery row exists but decision is not apply-ready,Auswahl,selected_choice_value,CAT14-wortschatz-cat14_w_054,false,,Welches Wort passt? or,,Alternatives,,oder | entweder ... oder | sondern | weil,,oder,oder,"`sondern` corrects a negative first idea: nicht A, sondern B.",,,,,duplicate_v02_lineage_resolved,unclear_v02_decision,
content/b1-m14-connectors-sentence-functions.js,v080149_cat14_wortschatz_cat14_w_058,cat14-w-058,cat14-w-058,matched_replacement_layer,Exception,manual review: unrecognised v0.2 decision vocabulary,revise_light,revise_light,,EXCEPTION_REVIEW,manual review: comparison/recovery row exists but decision is not apply-ready,Auswahl,selected_choice_value,CAT14-wortschatz-cat14_w_058,false,,Welches Wort passt? instead,,Alternatives,,stattdessen | statt ... zu | sondern | weil,,stattdessen,stattdessen,"`sondern` corrects a negative first idea: nicht A, sondern B.",,,,,duplicate_v02_lineage_resolved,unclear_v02_decision,
content/b1-m14-connectors-sentence-functions.js,v080149_cat14_wortschatz_cat14_w_086,cat14-w-086,cat14-w-086,matched_replacement_layer,Exception,manual review: unrecognised v0.2 decision vocabulary,revise_light,revise_light,,EXCEPTION_REVIEW,manual review: comparison/recovery row exists but decision is not apply-ready,Auswahl,selected_choice_value,CAT14-wortschatz-cat14_w_086,false,,Welches Wort passt? position 1,,Word order,,Position 1 | Satzanfang | weil | denn,,Position 1,Position 1,"Connector choice depends on meaning and word order: reason, result, contrast, time, condition or purpose.",,,,,duplicate_v02_lineage_resolved,unclear_v02_decision,
content/b1-m14-connectors-sentence-functions.js,v080149_cat14_wortschatz_cat14_w_087,cat14-w-087,cat14-w-087,matched_replacement_layer,Exception,manual review: unrecognised v0.2 decision vocabulary,revise_light,revise_light,,EXCEPTION_REVIEW,manual review: comparison/recovery row exists but decision is not apply-ready,Auswahl,selected_choice_value,CAT14-wortschatz-cat14_w_087,false,,Welches Wort passt? position 2,,Word order,,Position 2 | Satzende | Verb am Ende | weil,,Position 2,Position 2,"Connector choice depends on meaning and word order: reason, result, contrast, time, condition or purpose.",,,,,duplicate_v02_lineage_resolved,unclear_v02_decision,
content/b1-m16-money-payment-contracts.js,v080149_cat16_wortschatz_cat16_w_096,cat16-w-096,cat16-w-096,matched_replacement_layer,Exception,manual review: unrecognised v0.2 decision vocabulary,revise_light,revise_light,,EXCEPTION_REVIEW,manual review: comparison/recovery row exists but decision is not apply-ready,Auswahl,selected_choice_value,CAT16-wortschatz-cat16_w_096,false,,Welches Wort passt? open / unpaid,,Status words,,offen | bezahlt | fällig | der Betrag,,offen,offen,Not yet paid or unresolved.,,,,,duplicate_v02_lineage_resolved,unclear_v02_decision,
content/b1-m16-money-payment-contracts.js,v080149_cat16_wortschatz_cat16_w_097,cat16-w-097,cat16-w-097,matched_replacement_layer,Exception,manual review: unrecognised v0.2 decision vocabulary,revise_light,revise_light,,EXCEPTION_REVIEW,manual review: comparison/recovery row exists but decision is not apply-ready,Auswahl,selected_choice_value,CAT16-wortschatz-cat16_w_097,false,,Welches Wort passt? paid,,Status words,,bezahlt | fällig | offen | der Betrag,,bezahlt,bezahlt,Already paid.,,,,,duplicate_v02_lineage_resolved,unclear_v02_decision,
content/b1-m16-money-payment-contracts.js,v080149_cat16_wortschatz_cat16_w_101,cat16-w-101,cat16-w-101,matched_replacement_layer,Exception,manual review: unrecognised v0.2 decision vocabulary,revise_light,revise_light,,EXCEPTION_REVIEW,manual review: comparison/recovery row exists but decision is not apply-ready,Auswahl,selected_choice_value,CAT16-wortschatz-cat16_w_101,false,,Welches Wort passt? monthly,,Status words,,monatlich | jährlich | einmalig | der Betrag,,monatlich,monatlich,Every month.,,,,,duplicate_v02_lineage_resolved,unclear_v02_decision,
content/b1-m16-money-payment-contracts.js,v080149_cat16_wortschatz_cat16_w_102,cat16-w-102,cat16-w-102,matched_replacement_layer,Exception,manual review: unrecognised v0.2 decision vocabulary,revise_light,revise_light,,EXCEPTION_REVIEW,manual review: comparison/recovery row exists but decision is not apply-ready,Auswahl,selected_choice_value,CAT16-wortschatz-cat16_w_102,false,,Welches Wort passt? yearly / annually,,Status words,,jährlich | monatlich | einmalig | der Betrag,,jährlich,jährlich,Every year.,,,,,duplicate_v02_lineage_resolved,unclear_v02_decision,
content/b1-m16-money-payment-contracts.js,v080149_cat16_wortschatz_cat16_w_103,cat16-w-103,cat16-w-103,matched_replacement_layer,Exception,manual review: unrecognised v0.2 decision vocabulary,revise_light,revise_light,,EXCEPTION_REVIEW,manual review: comparison/recovery row exists but decision is not apply-ready,Auswahl,selected_choice_value,CAT16-wortschatz-cat16_w_103,false,,Welches Wort passt? one-off,,Status words,,einmalig | regelmäßig | monatlich | der Betrag,,einmalig,einmalig,Only once.,,,,,duplicate_v02_lineage_resolved,unclear_v02_decision,
content/b1-m16-money-payment-contracts.js,v080149_cat16_wortschatz_cat16_w_104,cat16-w-104,cat16-w-104,matched_replacement_layer,Exception,manual review: unrecognised v0.2 decision vocabulary,revise_light,revise_light,,EXCEPTION_REVIEW,manual review: comparison/recovery row exists but decision is not apply-ready,Auswahl,selected_choice_value,CAT16-wortschatz-cat16_w_104,false,,Welches Wort passt? regularly,,Status words,,regelmäßig | einmalig | automatisch | der Betrag,,regelmäßig,regelmäßig,At regular intervals.,,,,,duplicate_v02_lineage_resolved,unclear_v02_decision,
content/b1-m16-money-payment-contracts.js,v080149_cat16_wortschatz_cat16_w_105,cat16-w-105,cat16-w-105,matched_lineage_or_unresolved,Exception,manual review: unrecognised v0.2 decision vocabulary,,,,EXCEPTION_REVIEW,manual review: imported row has sourceRowId but no comparison/recovery match,Auswahl,selected_choice_value,CAT16-wortschatz-cat16_w_105,false,,Welches Wort passt? automatically,,Status words,,automatisch | regelmäßig | sofort | der Betrag,,automatisch,,Without manual action each time.,,,,,duplicate_v02_same_decision,imported_source_without_replacement_layer_match,
content/b1-m16-money-payment-contracts.js,v080149_cat16_wortschatz_cat16_w_106,cat16-w-106,cat16-w-106,matched_replacement_layer,Exception,manual review: unrecognised v0.2 decision vocabulary,revise_light,revise_light,,EXCEPTION_REVIEW,manual review: comparison/recovery row exists but decision is not apply-ready,Auswahl,selected_choice_value,CAT16-wortschatz-cat16_w_106,false,,Welches Wort passt? immediately,,Status words,,sofort | spätestens | später | der Betrag,,sofort,sofort,Right away.,,,,,duplicate_v02_lineage_resolved,unclear_v02_decision,
content/b1-m16-money-payment-contracts.js,v080149_cat16_wortschatz_cat16_w_107,cat16-w-107,cat16-w-107,matched_replacement_layer,Exception,manual review: unrecognised v0.2 decision vocabulary,revise_light,revise_light,,EXCEPTION_REVIEW,manual review: comparison/recovery row exists but decision is not apply-ready,Auswahl,selected_choice_value,CAT16-wortschatz-cat16_w_107,false,,Welches Wort passt? at the latest,,Status words,,spätestens | sofort | bis | der Betrag,,spätestens,spätestens,Latest allowed time.,,,,,duplicate_v02_lineage_resolved,unclear_v02_decision,
content/b1-m16-money-payment-contracts.js,v080149_cat16_wortschatz_cat16_w_108,cat16-w-108,cat16-w-108,matched_replacement_layer,Exception,manual review: unrecognised v0.2 decision vocabulary,revise_light,revise_light,,EXCEPTION_REVIEW,manual review: comparison/recovery row exists but decision is not apply-ready,Auswahl,selected_choice_value,CAT16-wortschatz-cat16_w_108,false,,Welches Wort passt? to pay,,Payment verbs,,zahlen | bezahlen | bezahlen für | der Betrag,,zahlen,zahlen,General verb to pay.,,,,,duplicate_v02_lineage_resolved,unclear_v02_decision,
content/b1-m16-money-payment-contracts.js,v080149_cat16_wortschatz_cat16_w_109,cat16-w-109,cat16-w-109,matched_replacement_layer,Exception,manual review: unrecognised v0.2 decision vocabulary,revise_light,revise_light,,EXCEPTION_REVIEW,manual review: comparison/recovery row exists but decision is not apply-ready,Auswahl,selected_choice_value,CAT16-wortschatz-cat16_w_109,false,,Welches Wort passt? to pay for,,Payment verbs,,bezahlen | zahlen | kosten | der Betrag,,bezahlen,bezahlen,Pay a bill/item/person contextually.,,,,,duplicate_v02_lineage_resolved,unclear_v02_decision,
content/b1-m16-money-payment-contracts.js,v080149_cat16_wortschatz_cat16_w_110,cat16-w-110,cat16-w-110,matched_replacement_layer,Exception,manual review: unrecognised v0.2 decision vocabulary,revise_light,revise_light,,EXCEPTION_REVIEW,manual review: comparison/recovery row exists but decision is not apply-ready,Auswahl,selected_choice_value,CAT16-wortschatz-cat16_w_110,false,,Welches Wort passt? to transfer money,,Payment verbs,,überweisen | zahlen | abbuchen | der Betrag,,überweisen,überweisen,Pay by bank transfer.,,,,,duplicate_v02_lineage_resolved,unclear_v02_decision,
content/b1-m16-money-payment-contracts.js,v080149_cat16_wortschatz_cat16_w_111,cat16-w-111,cat16-w-111,matched_replacement_layer,Exception,manual review: unrecognised v0.2 decision vocabulary,revise_light,revise_light,,EXCEPTION_REVIEW,manual review: comparison/recovery row exists but decision is not apply-ready,Auswahl,selected_choice_value,CAT16-wortschatz-cat16_w_111,false,,Welches Wort passt? to debit / take from account,,Payment verbs,,abbuchen | überweisen | einziehen | der Betrag,,abbuchen,abbuchen,Take money from account.,,,,,duplicate_v02_lineage_resolved,unclear_v02_decision,
content/b1-m16-money-payment-contracts.js,v080149_cat16_wortschatz_cat16_w_112,cat16-w-112,cat16-w-112,matched_replacement_layer,Exception,manual review: unrecognised v0.2 decision vocabulary,revise_light,revise_light,,EXCEPTION_REVIEW,manual review: comparison/recovery row exists but decision is not apply-ready,Auswahl,selected_choice_value,CAT16-wortschatz-cat16_w_112,false,,Welches Wort passt? to collect by debit,,Payment verbs,,einziehen | abbuchen | überweisen | der Betrag,,einziehen,einziehen,"Collect money, often by direct debit.",,,,,duplicate_v02_lineage_resolved,unclear_v02_decision,
content/b1-m16-money-payment-contracts.js,v080149_cat16_wortschatz_cat16_w_113,cat16-w-113,cat16-w-113,matched_replacement_layer,Exception,manual review: unrecognised v0.2 decision vocabulary,revise_light,revise_light,,EXCEPTION_REVIEW,manual review: comparison/recovery row exists but decision is not apply-ready,Auswahl,selected_choice_value,CAT16-wortschatz-cat16_w_113,false,,Welches Wort passt? to withdraw cash,,Payment verbs,,abheben | einzahlen | abbuchen | der Betrag,,abheben,abheben,Take money out of account/ATM.,,,,,duplicate_v02_lineage_resolved,unclear_v02_decision,
content/b1-m16-money-payment-contracts.js,v080149_cat16_wortschatz_cat16_w_114,cat16-w-114,cat16-w-114,matched_replacement_layer,Exception,manual review: unrecognised v0.2 decision vocabulary,revise_light,revise_light,,EXCEPTION_REVIEW,manual review: comparison/recovery row exists but decision is not apply-ready,Auswahl,selected_choice_value,CAT16-wortschatz-cat16_w_114,false,,Welches Wort passt? to deposit/pay in,,Payment verbs,,einzahlen | abheben | zahlen | der Betrag,,einzahlen,einzahlen,Put money into account or pay contribution.,,,,,duplicate_v02_lineage_resolved,unclear_v02_decision,
content/b1-m16-money-payment-contracts.js,v080149_cat16_wortschatz_cat16_w_115,cat16-w-115,cat16-w-115,matched_replacement_layer,Exception,manual review: unrecognised v0.2 decision vocabulary,revise_light,revise_light,,EXCEPTION_REVIEW,manual review: comparison/recovery row exists but decision is not apply-ready,Auswahl,selected_choice_value,CAT16-wortschatz-cat16_w_115,false,,Welches Wort passt? to refund/reimburse,,Payment verbs,,erstatten | zurückzahlen | ersetzen | der Betrag,,erstatten,erstatten,Pay money back.,,,,,duplicate_v02_lineage_resolved,unclear_v02_decision,
content/b1-m16-money-payment-contracts.js,v080149_cat16_wortschatz_cat16_w_116,cat16-w-116,cat16-w-116,matched_replacement_layer,Exception,manual review: unrecognised v0.2 decision vocabulary,revise_light,revise_light,,EXCEPTION_REVIEW,manual review: comparison/recovery row exists but decision is not apply-ready,Auswahl,selected_choice_value,CAT16-wortschatz-cat16_w_116,false,,Welches Wort passt? to pay back,,Payment verbs,,zurückzahlen | erstatten | bezahlen | der Betrag,,zurückzahlen,zurückzahlen,Return money paid/owed.,,,,,duplicate_v02_lineage_resolved,unclear_v02_decision,
content/b1-m16-money-payment-contracts.js,v080149_cat16_wortschatz_cat16_w_118,cat16-w-118,cat16-w-118,matched_replacement_layer,Exception,manual review: unrecognised v0.2 decision vocabulary,revise_light,revise_light,,EXCEPTION_REVIEW,manual review: comparison/recovery row exists but decision is not apply-ready,Auswahl,selected_choice_value,CAT16-wortschatz-cat16_w_118,false,,Welches Wort passt? to cost,,Payment verbs,,kosten | bezahlen | zahlen | der Betrag,,kosten,kosten,Have a price.,,,,,duplicate_v02_lineage_resolved,unclear_v02_decision,
content/b1-m16-money-payment-contracts.js,v080149_cat16_wortschatz_cat16_w_127,cat16-w-127,cat16-w-127,matched_replacement_layer,Exception,manual review: unrecognised v0.2 decision vocabulary,revise_light,revise_light,,EXCEPTION_REVIEW,manual review: comparison/recovery row exists but decision is not apply-ready,Auswahl,selected_choice_value,CAT16-wortschatz-cat16_w_127,false,,Welches Wort passt? to check,,Admin verbs,,prüfen | kontrollieren | bezahlen | der Betrag,,prüfen,prüfen,Check invoice/payment/details.,,,,,duplicate_v02_lineage_resolved,unclear_v02_decision,
content/b1-m16-money-payment-contracts.js,v080149_cat16_wortschatz_cat16_w_129,cat16-w-129,cat16-w-129,matched_lineage_or_unresolved,Exception,manual review: unrecognised v0.2 decision vocabulary,,,,EXCEPTION_REVIEW,manual review: imported row has sourceRowId but no comparison/recovery match,Auswahl,selected_choice_value,CAT16-wortschatz-cat16_w_129,false,,Welches Wort passt? to switch/change,,Admin verbs,,wechseln | ändern | verlängern | der Betrag,,wechseln,,Switch tariff/provider/account.,,,,,duplicate_v02_same_decision,imported_source_without_replacement_layer_match,
content/b1-m16-money-payment-contracts.js,v080149_cat16_wortschatz_cat16_w_133,cat16-w-133,cat16-w-133,matched_lineage_or_unresolved,Exception,manual review: unrecognised v0.2 decision vocabulary,,,,EXCEPTION_REVIEW,manual review: imported row has sourceRowId but no comparison/recovery match,Auswahl,selected_choice_value,CAT16-wortschatz-cat16_w_133,false,,Welches Wort passt? to keep/store,,Admin verbs,,aufbewahren | speichern | abgeben | der Betrag,,aufbewahren,,Keep documents/receipts.,,,,,duplicate_v02_same_decision,imported_source_without_replacement_layer_match,
content/b1-m16-money-payment-contracts.js,v080149_cat16_wortschatz_cat16_w_134,cat16-w-134,cat16-w-134,matched_replacement_layer,Exception,manual review: unrecognised v0.2 decision vocabulary,revise_light,revise_light,,EXCEPTION_REVIEW,manual review: comparison/recovery row exists but decision is not apply-ready,Auswahl,selected_choice_value,CAT16-wortschatz-cat16_w_134,false,,Welches Wort passt? to submit,,Admin verbs,,einreichen | schicken | abgeben | der Betrag,,einreichen,einreichen,Submit proof/document.,,,,,duplicate_v02_lineage_resolved,unclear_v02_decision,
content/b1-m16-money-payment-contracts.js,v080149_cat16_wortschatz_cat16_w_135,cat16-w-135,cat16-w-135,matched_replacement_layer,Exception,manual review: unrecognised v0.2 decision vocabulary,revise_light,revise_light,,EXCEPTION_REVIEW,manual review: comparison/recovery row exists but decision is not apply-ready,Auswahl,selected_choice_value,CAT16-wortschatz-cat16_w_135,false,,Welches Wort passt? to request formally,,Admin verbs,,anfordern | fragen | bestellen | der Betrag,,anfordern,anfordern,Request a copy/document.,,,,,duplicate_v02_lineage_resolved,unclear_v02_decision,
content/b1-m16-money-payment-contracts.js,v080149_cat16_wortschatz_cat16_w_136,cat16-w-136,cat16-w-136,matched_replacement_layer,Exception,manual review: unrecognised v0.2 decision vocabulary,revise_light,revise_light,,EXCEPTION_REVIEW,manual review: comparison/recovery row exists but decision is not apply-ready,Auswahl,selected_choice_value,CAT16-wortschatz-cat16_w_136,false,,Welches Wort passt? to clarify/resolve,,Admin verbs,,klären | erklären | prüfen | der Betrag,,klären,klären,Clarify an issue.,,,,,duplicate_v02_lineage_resolved,unclear_v02_decision,
content/b1-m16-money-payment-contracts.js,v080149_cat16_wortschatz_cat16_w_137,cat16-w-137,cat16-w-137,matched_replacement_layer,Exception,manual review: unrecognised v0.2 decision vocabulary,revise_light,revise_light,,EXCEPTION_REVIEW,manual review: comparison/recovery row exists but decision is not apply-ready,Auswahl,selected_choice_value,CAT16-wortschatz-cat16_w_137,false,,Welches Wort passt? to pay out,,Admin verbs,,auszahlen | zurückzahlen | erstatten | der Betrag,,auszahlen,auszahlen,Pay out balance/refund/benefit.,,,,,duplicate_v02_lineage_resolved,unclear_v02_decision,
content/b1-m16-money-payment-contracts.js,v080149_cat16_wortschatz_cat16_w_159,cat16-w-159,cat16-w-159,matched_replacement_layer,Exception,manual review: unrecognised v0.2 decision vocabulary,revise_light,revise_light,,EXCEPTION_REVIEW,manual review: comparison/recovery row exists but decision is not apply-ready,Auswahl,selected_choice_value,CAT16-wortschatz-cat16_w_159,false,,Welches Wort passt? received,,Payment status,,eingegangen | bezahlt | angekommen | der Betrag,,eingegangen,eingegangen,Support term for CAT16 money/payment/contract contexts.,,,,,duplicate_v02_lineage_resolved,unclear_v02_decision,
content/b1-m16-money-payment-contracts.js,v080149_cat16_wortschatz_cat16_w_160,cat16-w-160,cat16-w-160,matched_lineage_or_unresolved,Exception,manual review: unrecognised v0.2 decision vocabulary,,,,EXCEPTION_REVIEW,manual review: imported row has sourceRowId but no comparison/recovery match,Auswahl,selected_choice_value,CAT16-wortschatz-cat16_w_160,false,,Welches Wort passt? twice / duplicate,,Payment status,,doppelt | zweimal | falsch | der Betrag,,doppelt,,Support term for CAT16 money/payment/contract contexts.,,,,,duplicate_v02_same_decision,imported_source_without_replacement_layer_match,
content/b1-m16-money-payment-contracts.js,v080149_cat16_wortschatz_cat16_w_161,cat16-w-161,cat16-w-161,matched_lineage_or_unresolved,Exception,manual review: unrecognised v0.2 decision vocabulary,,,,EXCEPTION_REVIEW,manual review: imported row has sourceRowId but no comparison/recovery match,Auswahl,selected_choice_value,CAT16-wortschatz-cat16_w_161,false,,Welches Wort passt? accidentally,,Payment status,,versehentlich | absichtlich | falsch | der Betrag,,versehentlich,,Support term for CAT16 money/payment/contract contexts.,,,,,duplicate_v02_same_decision,imported_source_without_replacement_layer_match,
content/b1-m17-home-family-daily-life-support.js,v080149_cat17_redemittel_cat17_r_002,cat17-r-002,cat17-r-002,matched_replacement_layer,Exception,manual review: unrecognised v0.2 decision vocabulary,revise_light,revise_light,,EXCEPTION_REVIEW,manual review: comparison/recovery row exists but decision is not apply-ready,Auswahl,selected_choice_value,CAT17-redemittel-cat17_r_002,false,,Welche Form passt? home description,,describe_home,,"Unser Wohnzimmer ist hell und ruhig. | Wir wohnen in einer Wohnung mit drei Zimmern. | Die Küche ist klein, aber praktisch. | Im Flur ziehen wir die Schuhe aus.",,Unser Wohnzimmer ist hell und ruhig.,Unser Wohnzimmer ist hell und ruhig.,Watch: adjective endings if expanded,,,,,duplicate_v02_lineage_resolved,unclear_v02_decision,
content/b1-m17-home-family-daily-life-support.js,v080149_cat17_redemittel_cat17_r_003,cat17-r-003,cat17-r-003,matched_replacement_layer,Exception,manual review: unrecognised v0.2 decision vocabulary,revise_light,revise_light,,EXCEPTION_REVIEW,manual review: comparison/recovery row exists but decision is not apply-ready,Auswahl,selected_choice_value,CAT17-redemittel-cat17_r_003,false,,Welche Form passt? home description,,describe_home,,"Die Küche ist klein, aber praktisch. | Wir wohnen in einer Wohnung mit drei Zimmern. | Unser Wohnzimmer ist hell und ruhig. | Im Flur ziehen wir die Schuhe aus.",,"Die Küche ist klein, aber praktisch.","Die Küche ist klein, aber praktisch.",Watch: word order after aber,,,,,duplicate_v02_lineage_resolved,unclear_v02_decision,
content/b1-m17-home-family-daily-life-support.js,v080149_cat17_redemittel_cat17_r_005,cat17-r-005,cat17-r-005,matched_replacement_layer,Exception,manual review: unrecognised v0.2 decision vocabulary,revise_light,revise_light,,EXCEPTION_REVIEW,manual review: comparison/recovery row exists but decision is not apply-ready,Auswahl,selected_choice_value,CAT17-redemittel-cat17_r_005,false,,Welche Form passt? routine,,daily_routine,,"Normalerweise stehe ich um sieben Uhr auf. | Wir wohnen in einer Wohnung mit drei Zimmern. | Unser Wohnzimmer ist hell und ruhig. | Die Küche ist klein, aber praktisch.",,Normalerweise stehe ich um sieben Uhr auf.,Normalerweise stehe ich um sieben Uhr auf.,Watch: verb position after fronted adverb,,,,,duplicate_v02_lineage_resolved,unclear_v02_decision,
content/b1-m17-home-family-daily-life-support.js,v080149_cat17_redemittel_cat17_r_006,cat17-r-006,cat17-r-006,matched_replacement_layer,Exception,manual review: unrecognised v0.2 decision vocabulary,revise_light,revise_light,,EXCEPTION_REVIEW,manual review: comparison/recovery row exists but decision is not apply-ready,Auswahl,selected_choice_value,CAT17-redemittel-cat17_r_006,false,,Welche Form passt? routine,,daily_routine,,"Am Wochenende schlafen wir länger. | Wir wohnen in einer Wohnung mit drei Zimmern. | Unser Wohnzimmer ist hell und ruhig. | Die Küche ist klein, aber praktisch.",,Am Wochenende schlafen wir länger.,Am Wochenende schlafen wir länger.,Watch: V2 after time phrase,,,,,duplicate_v02_lineage_resolved,unclear_v02_decision,
content/b1-m17-home-family-daily-life-support.js,v080149_cat17_redemittel_cat17_r_007,cat17-r-007,cat17-r-007,matched_replacement_layer,Exception,manual review: unrecognised v0.2 decision vocabulary,revise_light,revise_light,,EXCEPTION_REVIEW,manual review: comparison/recovery row exists but decision is not apply-ready,Auswahl,selected_choice_value,CAT17-redemittel-cat17_r_007,false,,Welche Form passt? routine,,daily_routine,,Nach dem Essen räume ich die Küche auf. | aufräumen vs putzen | Wir wohnen in einer Wohnung mit drei Zimmern. | Unser Wohnzimmer ist hell und ruhig.,,Nach dem Essen räume ich die Küche auf.,Nach dem Essen räume ich die Küche auf.,Watch: separable verb,,,,,duplicate_v02_lineage_resolved,unclear_v02_decision,
content/b1-m17-home-family-daily-life-support.js,v080149_cat17_redemittel_cat17_r_008,cat17-r-008,cat17-r-008,matched_replacement_layer,Exception,manual review: unrecognised v0.2 decision vocabulary,revise_light,revise_light,,EXCEPTION_REVIEW,manual review: comparison/recovery row exists but decision is not apply-ready,Auswahl,selected_choice_value,CAT17-redemittel-cat17_r_008,false,,Welche Form passt? routine,,daily_routine,,"Abends essen wir oft zu Hause. | Wir wohnen in einer Wohnung mit drei Zimmern. | Unser Wohnzimmer ist hell und ruhig. | Die Küche ist klein, aber praktisch.",,Abends essen wir oft zu Hause.,Abends essen wir oft zu Hause.,Watch: V2 with frequency,,,,,duplicate_v02_lineage_resolved,unclear_v02_decision,
content/b1-m17-home-family-daily-life-support.js,v080149_cat17_redemittel_cat17_r_010,cat17-r-010,cat17-r-010,matched_replacement_layer,Exception,manual review: unrecognised v0.2 decision vocabulary,revise_light,revise_light,,EXCEPTION_REVIEW,manual review: comparison/recovery row exists but decision is not apply-ready,Auswahl,selected_choice_value,CAT17-redemittel-cat17_r_010,false,,Welche Form passt? household,,chores,,Kannst du bitte die Wäsche aufhängen? | aufhängen vs abhängen | Wir wohnen in einer Wohnung mit drei Zimmern. | Unser Wohnzimmer ist hell und ruhig.,,Kannst du bitte die Wäsche aufhängen?,Kannst du bitte die Wäsche aufhängen?,Watch: separable verb,,,,,duplicate_v02_lineage_resolved,unclear_v02_decision,
content/b1-m17-home-family-daily-life-support.js,v080149_cat17_redemittel_cat17_r_011,cat17-r-011,cat17-r-011,matched_replacement_layer,Exception,manual review: unrecognised v0.2 decision vocabulary,revise_light,revise_light,,EXCEPTION_REVIEW,manual review: comparison/recovery row exists but decision is not apply-ready,Auswahl,selected_choice_value,CAT17-redemittel-cat17_r_011,false,,Welche Form passt? household,,chores,,Ich muss noch das Bad putzen. | putzen vs aufräumen | Wir wohnen in einer Wohnung mit drei Zimmern. | Unser Wohnzimmer ist hell und ruhig.,,Ich muss noch das Bad putzen.,Ich muss noch das Bad putzen.,Watch: modal + infinitive,,,,,duplicate_v02_lineage_resolved,unclear_v02_decision,
content/b1-m17-home-family-daily-life-support.js,v080149_cat17_redemittel_cat17_r_016,cat17-r-016,cat17-r-016,matched_replacement_layer,Exception,manual review: unrecognised v0.2 decision vocabulary,revise_light,revise_light,,EXCEPTION_REVIEW,manual review: comparison/recovery row exists but decision is not apply-ready,Auswahl,selected_choice_value,CAT17-redemittel-cat17_r_016,false,,Welche Form passt? shopping/cooking,,food,,"Ich schreibe eine Einkaufsliste. | Wir wohnen in einer Wohnung mit drei Zimmern. | Unser Wohnzimmer ist hell und ruhig. | Die Küche ist klein, aber praktisch.",,Ich schreibe eine Einkaufsliste.,Ich schreibe eine Einkaufsliste.,Watch: article/collocation,,,,,duplicate_v02_lineage_resolved,unclear_v02_decision,
content/b1-m17-home-family-daily-life-support.js,v080149_cat17_redemittel_cat17_r_019,cat17-r-019,cat17-r-019,matched_replacement_layer,Exception,manual review: unrecognised v0.2 decision vocabulary,revise_light,revise_light,,EXCEPTION_REVIEW,manual review: comparison/recovery row exists but decision is not apply-ready,Auswahl,selected_choice_value,CAT17-redemittel-cat17_r_019,false,,Welche Form passt? shopping/cooking,,food,,Ich koche heute Abend Nudeln. | kochen vs backen | Wir wohnen in einer Wohnung mit drei Zimmern. | Unser Wohnzimmer ist hell und ruhig.,,Ich koche heute Abend Nudeln.,Ich koche heute Abend Nudeln.,Watch: time placement,,,,,duplicate_v02_lineage_resolved,unclear_v02_decision,
content/b1-m17-home-family-daily-life-support.js,v080149_cat17_redemittel_cat17_r_021,cat17-r-021,cat17-r-021,matched_replacement_layer,Exception,manual review: unrecognised v0.2 decision vocabulary,revise_light,revise_light,,EXCEPTION_REVIEW,manual review: comparison/recovery row exists but decision is not apply-ready,Auswahl,selected_choice_value,CAT17-redemittel-cat17_r_021,false,,Welche Form passt? shopping/cooking,,food,,Kannst du den Tisch decken? | decken vs legen | Wir wohnen in einer Wohnung mit drei Zimmern. | Unser Wohnzimmer ist hell und ruhig.,,Kannst du den Tisch decken?,Kannst du den Tisch decken?,Watch: collocation,,,,,duplicate_v02_lineage_resolved,unclear_v02_decision,
content/b1-m17-home-family-daily-life-support.js,v080149_cat17_redemittel_cat17_r_022,cat17-r-022,cat17-r-022,matched_replacement_layer,Exception,manual review: unrecognised v0.2 decision vocabulary,revise_light,revise_light,,EXCEPTION_REVIEW,manual review: comparison/recovery row exists but decision is not apply-ready,Auswahl,selected_choice_value,CAT17-redemittel-cat17_r_022,false,,Welche Form passt? shopping/cooking,,food,,Ich spüle nach dem Essen das Geschirr. | spülen vs waschen | Wir wohnen in einer Wohnung mit drei Zimmern. | Unser Wohnzimmer ist hell und ruhig.,,Ich spüle nach dem Essen das Geschirr.,Ich spüle nach dem Essen das Geschirr.,Watch: collocation,,,,,duplicate_v02_lineage_resolved,unclear_v02_decision,
content/b1-m17-home-family-daily-life-support.js,v080149_cat17_redemittel_cat17_r_035,cat17-r-035,cat17-r-035,matched_lineage_or_unresolved,Exception,manual review: unrecognised v0.2 decision vocabulary,,,,EXCEPTION_REVIEW,manual review: imported row has sourceRowId but no comparison/recovery match,Auswahl,selected_choice_value,CAT17-redemittel-cat17_r_035,false,,Welche Form passt? neighbour contact,,neighbours,,"Vielen Dank, dass Sie das Paket angenommen haben. | angenommen vs bekommen | Wir wohnen in einer Wohnung mit drei Zimmern. | Unser Wohnzimmer ist hell und ruhig.",,"Vielen Dank, dass Sie das Paket angenommen haben.",,Watch: dass word order,,,,,duplicate_v02_same_decision,imported_source_without_replacement_layer_match,
content/b1-m17-home-family-daily-life-support.js,v080149_cat17_redemittel_cat17_r_037,cat17-r-037,cat17-r-037,matched_replacement_layer,Exception,manual review: unrecognised v0.2 decision vocabulary,revise_light,revise_light,,EXCEPTION_REVIEW,manual review: comparison/recovery row exists but decision is not apply-ready,Auswahl,selected_choice_value,CAT17-redemittel-cat17_r_037,false,,Welche Form passt? home support,,home_problem,,Der Wasserhahn tropft. | tropfen vs laufen | Wir wohnen in einer Wohnung mit drei Zimmern. | Unser Wohnzimmer ist hell und ruhig.,,Der Wasserhahn tropft.,Der Wasserhahn tropft.,Watch: specific verb,,,,,duplicate_v02_lineage_resolved,unclear_v02_decision,
content/b1-m17-home-family-daily-life-support.js,v080149_cat17_redemittel_cat17_r_041,cat17-r-041,cat17-r-041,matched_lineage_or_unresolved,Exception,manual review: unrecognised v0.2 decision vocabulary,,,,EXCEPTION_REVIEW,manual review: imported row has sourceRowId but no comparison/recovery match,Auswahl,selected_choice_value,CAT17-redemittel-cat17_r_041,false,,Welche Form passt? home support,,home_problem,,Könnten Sie jemanden vorbeischicken? | vorbeischicken vs schicken | Wir wohnen in einer Wohnung mit drei Zimmern. | Unser Wohnzimmer ist hell und ruhig.,,Könnten Sie jemanden vorbeischicken?,,Watch: separable verb,,,,,duplicate_v02_same_decision,imported_source_without_replacement_layer_match,
content/b1-m17-home-family-daily-life-support.js,v080149_cat17_redemittel_cat17_r_042,cat17-r-042,cat17-r-042,matched_lineage_or_unresolved,Exception,manual review: unrecognised v0.2 decision vocabulary,,,,EXCEPTION_REVIEW,manual review: imported row has sourceRowId but no comparison/recovery match,Auswahl,selected_choice_value,CAT17-redemittel-cat17_r_042,false,,Welche Form passt? home support,,home_problem,,Wann kann jemand vorbeikommen? | kommen vs vorbeikommen | Wir wohnen in einer Wohnung mit drei Zimmern. | Unser Wohnzimmer ist hell und ruhig.,,Wann kann jemand vorbeikommen?,,Watch: separable verb,,,,,duplicate_v02_same_decision,imported_source_without_replacement_layer_match,
content/b1-m17-home-family-daily-life-support.js,v080149_cat17_redemittel_cat17_r_044,cat17-r-044,cat17-r-044,matched_lineage_or_unresolved,Exception,manual review: unrecognised v0.2 decision vocabulary,,,,EXCEPTION_REVIEW,manual review: imported row has sourceRowId but no comparison/recovery match,Auswahl,selected_choice_value,CAT17-redemittel-cat17_r_044,false,,Welche Form passt? invitation,,visits,,Kommst du am Samstag zu uns? | zu uns vs bei uns | Wir wohnen in einer Wohnung mit drei Zimmern. | Unser Wohnzimmer ist hell und ruhig.,,Kommst du am Samstag zu uns?,,Watch: yes/no question order,,,,,duplicate_v02_same_decision,imported_source_without_replacement_layer_match,
content/b1-m17-home-family-daily-life-support.js,v080149_cat17_redemittel_cat17_r_045,cat17-r-045,cat17-r-045,matched_replacement_layer,Exception,manual review: unrecognised v0.2 decision vocabulary,revise_light,revise_light,,EXCEPTION_REVIEW,manual review: comparison/recovery row exists but decision is not apply-ready,Auswahl,selected_choice_value,CAT17-redemittel-cat17_r_045,false,,Welche Form passt? invitation,,visits,,Wir freuen uns auf deinen Besuch. | Besuch vs Einladung | Wir wohnen in einer Wohnung mit drei Zimmern. | Unser Wohnzimmer ist hell und ruhig.,,Wir freuen uns auf deinen Besuch.,Wir freuen uns auf deinen Besuch.,Watch: reflexive + preposition,,,,,duplicate_v02_lineage_resolved,unclear_v02_decision,
content/b1-m17-home-family-daily-life-support.js,v080149_cat17_redemittel_cat17_r_047,cat17-r-047,cat17-r-047,matched_lineage_or_unresolved,Exception,manual review: unrecognised v0.2 decision vocabulary,,,,EXCEPTION_REVIEW,manual review: imported row has sourceRowId but no comparison/recovery match,Auswahl,selected_choice_value,CAT17-redemittel-cat17_r_047,false,,Welche Form passt? invitation,,visits,,Ich kann leider nicht kommen. | absagen vs nicht kommen | Wir wohnen in einer Wohnung mit drei Zimmern. | Unser Wohnzimmer ist hell und ruhig.,,Ich kann leider nicht kommen.,,Watch: modal,,,,,duplicate_v02_same_decision,imported_source_without_replacement_layer_match,
content/b1-m17-home-family-daily-life-support.js,v080149_cat17_redemittel_cat17_r_048,cat17-r-048,cat17-r-048,matched_lineage_or_unresolved,Exception,manual review: unrecognised v0.2 decision vocabulary,,,,EXCEPTION_REVIEW,manual review: imported row has sourceRowId but no comparison/recovery match,Auswahl,selected_choice_value,CAT17-redemittel-cat17_r_048,false,,Welche Form passt? invitation,,visits,,Sollen wir einen Spaziergang machen? | machen vs gehen | Wir wohnen in einer Wohnung mit drei Zimmern. | Unser Wohnzimmer ist hell und ruhig.,,Sollen wir einen Spaziergang machen?,,Watch: suggestion pattern,,,,,duplicate_v02_same_decision,imported_source_without_replacement_layer_match,
content/b1-m17-home-family-daily-life-support.js,v080149_cat17_redemittel_cat17_r_049,cat17-r-049,cat17-r-049,matched_replacement_layer,Exception,manual review: unrecognised v0.2 decision vocabulary,revise_light,revise_light,,EXCEPTION_REVIEW,manual review: comparison/recovery row exists but decision is not apply-ready,Auswahl,selected_choice_value,CAT17-redemittel-cat17_r_049,false,,Welche Form passt? daily life,,weather,,Bei Regen bleiben wir zu Hause. | bei vs wenn | Wir wohnen in einer Wohnung mit drei Zimmern. | Unser Wohnzimmer ist hell und ruhig.,,Bei Regen bleiben wir zu Hause.,Bei Regen bleiben wir zu Hause.,Watch: prepositional condition,,,,,duplicate_v02_lineage_resolved,unclear_v02_decision,
content/b1-m17-home-family-daily-life-support.js,v080149_cat17_redemittel_cat17_r_050,cat17-r-050,cat17-r-050,matched_replacement_layer,Exception,manual review: unrecognised v0.2 decision vocabulary,revise_light,revise_light,,EXCEPTION_REVIEW,manual review: comparison/recovery row exists but decision is not apply-ready,Auswahl,selected_choice_value,CAT17-redemittel-cat17_r_050,false,,Welche Form passt? daily life,,weather,,Zieh bitte eine Jacke an. | anziehen vs ausziehen | Wir wohnen in einer Wohnung mit drei Zimmern. | Unser Wohnzimmer ist hell und ruhig.,,Zieh bitte eine Jacke an.,Zieh bitte eine Jacke an.,Watch: separable imperative,,,,,duplicate_v02_lineage_resolved,unclear_v02_decision,
content/b1-m17-home-family-daily-life-support.js,v080149_cat17_redemittel_cat17_r_051,cat17-r-051,cat17-r-051,matched_replacement_layer,Exception,manual review: unrecognised v0.2 decision vocabulary,revise_light,revise_light,,EXCEPTION_REVIEW,manual review: comparison/recovery row exists but decision is not apply-ready,Auswahl,selected_choice_value,CAT17-redemittel-cat17_r_051,false,,Welche Form passt? daily life,,weather,,Die Schuhe sind noch nass. | nass vs trocken | Wir wohnen in einer Wohnung mit drei Zimmern. | Unser Wohnzimmer ist hell und ruhig.,,Die Schuhe sind noch nass.,Die Schuhe sind noch nass.,Watch: adjective,,,,,duplicate_v02_lineage_resolved,unclear_v02_decision,
content/b1-m17-home-family-daily-life-support.js,v080149_cat17_redemittel_cat17_r_052,cat17-r-052,cat17-r-052,matched_replacement_layer,Exception,manual review: unrecognised v0.2 decision vocabulary,revise_light,revise_light,,EXCEPTION_REVIEW,manual review: comparison/recovery row exists but decision is not apply-ready,Auswahl,selected_choice_value,CAT17-redemittel-cat17_r_052,false,,Welche Form passt? daily support,,support,,Ich brauche kurz Hilfe im Haushalt. | Hilfe vs Unterstützung | Wir wohnen in einer Wohnung mit drei Zimmern. | Unser Wohnzimmer ist hell und ruhig.,,Ich brauche kurz Hilfe im Haushalt.,Ich brauche kurz Hilfe im Haushalt.,Watch: phrase,,,,,duplicate_v02_lineage_resolved,unclear_v02_decision,
content/b1-m17-home-family-daily-life-support.js,v080149_cat17_redemittel_cat17_r_053,cat17-r-053,cat17-r-053,matched_lineage_or_unresolved,Exception,manual review: unrecognised v0.2 decision vocabulary,,,,EXCEPTION_REVIEW,manual review: imported row has sourceRowId but no comparison/recovery match,Auswahl,selected_choice_value,CAT17-redemittel-cat17_r_053,false,,Welche Form passt? daily support,,support,,Kannst du mir kurz helfen? | helfen + dative | Wir wohnen in einer Wohnung mit drei Zimmern. | Unser Wohnzimmer ist hell und ruhig.,,Kannst du mir kurz helfen?,,Watch: dative pronoun,,,,,duplicate_v02_same_decision,imported_source_without_replacement_layer_match,
content/b1-m17-home-family-daily-life-support.js,v080149_cat17_redemittel_cat17_r_054,cat17-r-054,cat17-r-054,matched_lineage_or_unresolved,Exception,manual review: unrecognised v0.2 decision vocabulary,,,,EXCEPTION_REVIEW,manual review: imported row has sourceRowId but no comparison/recovery match,Auswahl,selected_choice_value,CAT17-redemittel-cat17_r_054,false,,Welche Form passt? daily support,,support,,Ich kümmere mich heute um den Einkauf. | kümmern um vs sorgen für | Wir wohnen in einer Wohnung mit drei Zimmern. | Unser Wohnzimmer ist hell und ruhig.,,Ich kümmere mich heute um den Einkauf.,,Watch: reflexive + preposition,,,,,duplicate_v02_same_decision,imported_source_without_replacement_layer_match,
content/b1-m17-home-family-daily-life-support.js,v080149_cat17_redemittel_cat17_r_055,cat17-r-055,cat17-r-055,matched_replacement_layer,Exception,manual review: unrecognised v0.2 decision vocabulary,revise_light,revise_light,,EXCEPTION_REVIEW,manual review: comparison/recovery row exists but decision is not apply-ready,Auswahl,selected_choice_value,CAT17-redemittel-cat17_r_055,false,,Welche Form passt? daily support,,support,,Wir teilen die Hausarbeit auf. | aufteilen vs teilen | Wir wohnen in einer Wohnung mit drei Zimmern. | Unser Wohnzimmer ist hell und ruhig.,,Wir teilen die Hausarbeit auf.,Wir teilen die Hausarbeit auf.,Watch: separable verb,,,,,duplicate_v02_lineage_resolved,unclear_v02_decision,
content/b1-m17-home-family-daily-life-support.js,v080149_cat17_redemittel_cat17_r_057,cat17-r-057,cat17-r-057,matched_lineage_or_unresolved,Exception,manual review: unrecognised v0.2 decision vocabulary,,,,EXCEPTION_REVIEW,manual review: imported row has sourceRowId but no comparison/recovery match,Auswahl,selected_choice_value,CAT17-redemittel-cat17_r_057,false,,Welche Form passt? daily support,,support,,Ich melde mich später noch einmal. | melden vs berichten | Wir wohnen in einer Wohnung mit drei Zimmern. | Unser Wohnzimmer ist hell und ruhig.,,Ich melde mich später noch einmal.,,Watch: reflexive verb,,,,,duplicate_v02_same_decision,imported_source_without_replacement_layer_match,
content/b1-m17-home-family-daily-life-support.js,v080149_cat17_wortschatz_cat17_w_081,cat17-w-081,cat17-w-081,matched_replacement_layer,Exception,manual review: unrecognised v0.2 decision vocabulary,revise_light,revise_light,,EXCEPTION_REVIEW,manual review: comparison/recovery row exists but decision is not apply-ready,Auswahl,selected_choice_value,CAT17-wortschatz-cat17_w_081,false,,Welches Wort passt? to get up,,daily_routines,,aufstehen | aufwachen | die Wohnung | das Haus,,aufstehen,aufstehen,`aufstehen` is separable: `Ich stehe um sieben Uhr auf.`,,,,,duplicate_v02_lineage_resolved,unclear_v02_decision,
content/b1-m17-home-family-daily-life-support.js,v080149_cat17_wortschatz_cat17_w_082,cat17-w-082,cat17-w-082,matched_replacement_layer,Exception,manual review: unrecognised v0.2 decision vocabulary,revise_light,revise_light,,EXCEPTION_REVIEW,manual review: comparison/recovery row exists but decision is not apply-ready,Auswahl,selected_choice_value,CAT17-wortschatz-cat17_w_082,false,,Welches Wort passt? to wake up,,daily_routines,,aufwachen | aufstehen | die Wohnung | das Haus,,aufwachen,aufwachen,`aufstehen` is separable: `Ich stehe um sieben Uhr auf.`,,,,,duplicate_v02_lineage_resolved,unclear_v02_decision,
content/b1-m17-home-family-daily-life-support.js,v080149_cat17_wortschatz_cat17_w_083,cat17-w-083,cat17-w-083,matched_replacement_layer,Exception,manual review: unrecognised v0.2 decision vocabulary,revise_light,revise_light,,EXCEPTION_REVIEW,manual review: comparison/recovery row exists but decision is not apply-ready,Auswahl,selected_choice_value,CAT17-wortschatz-cat17_w_083,false,,Welches Wort passt? to have breakfast,,daily_routines,,frühstücken | Frühstück | die Wohnung | das Haus,,frühstücken,frühstücken,`zu Hause` describes being at home.,,,,,duplicate_v02_lineage_resolved,unclear_v02_decision,
content/b1-m17-home-family-daily-life-support.js,v080149_cat17_wortschatz_cat17_w_084,cat17-w-084,cat17-w-084,matched_replacement_layer,Exception,manual review: unrecognised v0.2 decision vocabulary,revise_light,revise_light,,EXCEPTION_REVIEW,manual review: comparison/recovery row exists but decision is not apply-ready,Auswahl,selected_choice_value,CAT17-wortschatz-cat17_w_084,false,,Welches Wort passt? to shower,,daily_routines,,duschen | baden | die Wohnung | das Haus,,duschen,duschen,"Home/daily-life wording should train one clear household, family, routine or support phrase.",,,,,duplicate_v02_lineage_resolved,unclear_v02_decision,
content/b1-m17-home-family-daily-life-support.js,v080149_cat17_wortschatz_cat17_w_085,cat17-w-085,cat17-w-085,matched_replacement_layer,Exception,manual review: unrecognised v0.2 decision vocabulary,revise_light,revise_light,,EXCEPTION_REVIEW,manual review: comparison/recovery row exists but decision is not apply-ready,Auswahl,selected_choice_value,CAT17-wortschatz-cat17_w_085,false,,Welches Wort passt? to sleep,,daily_routines,,schlafen | einschlafen | die Wohnung | das Haus,,schlafen,schlafen,"Home/daily-life wording should train one clear household, family, routine or support phrase.",,,,,duplicate_v02_lineage_resolved,unclear_v02_decision,
content/b1-m17-home-family-daily-life-support.js,v080149_cat17_wortschatz_cat17_w_086,cat17-w-086,cat17-w-086,matched_replacement_layer,Exception,manual review: unrecognised v0.2 decision vocabulary,revise_light,revise_light,,EXCEPTION_REVIEW,manual review: comparison/recovery row exists but decision is not apply-ready,Auswahl,selected_choice_value,CAT17-wortschatz-cat17_w_086,false,,Welches Wort passt? to fall asleep,,daily_routines,,einschlafen | schlafen | die Wohnung | das Haus,,einschlafen,einschlafen,"Home/daily-life wording should train one clear household, family, routine or support phrase.",,,,,duplicate_v02_lineage_resolved,unclear_v02_decision,
content/b1-m17-home-family-daily-life-support.js,v080149_cat17_wortschatz_cat17_w_087,cat17-w-087,cat17-w-087,matched_replacement_layer,Exception,manual review: unrecognised v0.2 decision vocabulary,revise_light,revise_light,,EXCEPTION_REVIEW,manual review: comparison/recovery row exists but decision is not apply-ready,Auswahl,selected_choice_value,CAT17-wortschatz-cat17_w_087,false,,Welches Wort passt? to rest,,daily_routines,,sich ausruhen | sich entspannen | die Wohnung | das Haus,,sich ausruhen,sich ausruhen,reflexive pattern,,,,,duplicate_v02_lineage_resolved,unclear_v02_decision,
content/b1-m17-home-family-daily-life-support.js,v080149_cat17_wortschatz_cat17_w_088,cat17-w-088,cat17-w-088,matched_replacement_layer,Exception,manual review: unrecognised v0.2 decision vocabulary,revise_light,revise_light,,EXCEPTION_REVIEW,manual review: comparison/recovery row exists but decision is not apply-ready,Auswahl,selected_choice_value,CAT17-wortschatz-cat17_w_088,false,,Welches Wort passt? to relax,,daily_routines,,sich entspannen | sich ausruhen | die Wohnung | das Haus,,sich entspannen,sich entspannen,reflexive pattern,,,,,duplicate_v02_lineage_resolved,unclear_v02_decision,
content/b1-m17-home-family-daily-life-support.js,v080149_cat17_wortschatz_cat17_w_106,cat17-w-106,cat17-w-106,matched_replacement_layer,Exception,manual review: unrecognised v0.2 decision vocabulary,revise_light,revise_light,,EXCEPTION_REVIEW,manual review: comparison/recovery row exists but decision is not apply-ready,Auswahl,selected_choice_value,CAT17-wortschatz-cat17_w_106,false,,Welches Wort passt? to cook,,food_cooking,,kochen | backen | braten | die Wohnung,,kochen,kochen,`kochen` is used for cooking meals.,,,,,duplicate_v02_lineage_resolved,unclear_v02_decision,
content/b1-m17-home-family-daily-life-support.js,v080149_cat17_wortschatz_cat17_w_107,cat17-w-107,cat17-w-107,matched_replacement_layer,Exception,manual review: unrecognised v0.2 decision vocabulary,revise_light,revise_light,,EXCEPTION_REVIEW,manual review: comparison/recovery row exists but decision is not apply-ready,Auswahl,selected_choice_value,CAT17-wortschatz-cat17_w_107,false,,Welches Wort passt? to bake,,food_cooking,,backen | kochen | die Wohnung | das Haus,,backen,backen,`kochen` is used for cooking meals.,,,,,duplicate_v02_lineage_resolved,unclear_v02_decision,
content/b1-m17-home-family-daily-life-support.js,v080149_cat17_wortschatz_cat17_w_108,cat17-w-108,cat17-w-108,matched_replacement_layer,Exception,manual review: unrecognised v0.2 decision vocabulary,revise_light,revise_light,,EXCEPTION_REVIEW,manual review: comparison/recovery row exists but decision is not apply-ready,Auswahl,selected_choice_value,CAT17-wortschatz-cat17_w_108,false,,Welches Wort passt? to fry/roast,,food_cooking,,braten | kochen | die Wohnung | das Haus,,braten,braten,`kochen` is used for cooking meals.,,,,,duplicate_v02_lineage_resolved,unclear_v02_decision,
content/b1-m17-home-family-daily-life-support.js,v080149_cat17_wortschatz_cat17_w_109,cat17-w-109,cat17-w-109,matched_replacement_layer,Exception,manual review: unrecognised v0.2 decision vocabulary,revise_light,revise_light,,EXCEPTION_REVIEW,manual review: comparison/recovery row exists but decision is not apply-ready,Auswahl,selected_choice_value,CAT17-wortschatz-cat17_w_109,false,,Welches Wort passt? to cut,,food_cooking,,schneiden | schreiben | die Wohnung | das Haus,,schneiden,schneiden,"Home/daily-life wording should train one clear household, family, routine or support phrase.",,,,,duplicate_v02_lineage_resolved,unclear_v02_decision,
content/b1-m17-home-family-daily-life-support.js,v080149_cat17_wortschatz_cat17_w_110,cat17-w-110,cat17-w-110,matched_replacement_layer,Exception,manual review: unrecognised v0.2 decision vocabulary,revise_light,revise_light,,EXCEPTION_REVIEW,manual review: comparison/recovery row exists but decision is not apply-ready,Auswahl,selected_choice_value,CAT17-wortschatz-cat17_w_110,false,,Welches Wort passt? to prepare,,food_cooking,,vorbereiten | kochen | die Wohnung | das Haus,,vorbereiten,vorbereiten,`kochen` is used for cooking meals.,,,,,duplicate_v02_lineage_resolved,unclear_v02_decision,
content/b1-m17-home-family-daily-life-support.js,v080149_cat17_wortschatz_cat17_w_123,cat17-w-123,cat17-w-123,matched_replacement_layer,Exception,manual review: unrecognised v0.2 decision vocabulary,revise_light,revise_light,,EXCEPTION_REVIEW,manual review: comparison/recovery row exists but decision is not apply-ready,Auswahl,selected_choice_value,CAT17-wortschatz-cat17_w_123,false,,Welches Wort passt? to clean,,chores_cleaning,,putzen | aufräumen | die Wohnung | das Haus,,putzen,putzen,Collocation: use `das Bad putzen` for cleaning the bathroom.,,,,,duplicate_v02_lineage_resolved,unclear_v02_decision,
content/b1-m17-home-family-daily-life-support.js,v080149_cat17_wortschatz_cat17_w_124,cat17-w-124,cat17-w-124,matched_replacement_layer,Exception,manual review: unrecognised v0.2 decision vocabulary,revise_light,revise_light,,EXCEPTION_REVIEW,manual review: comparison/recovery row exists but decision is not apply-ready,Auswahl,selected_choice_value,CAT17-wortschatz-cat17_w_124,false,,Welches Wort passt? to tidy,,chores_cleaning,,aufräumen | putzen | die Wohnung | das Haus,,aufräumen,aufräumen,"Home/daily-life wording should train one clear household, family, routine or support phrase.",,,,,duplicate_v02_lineage_resolved,unclear_v02_decision,
content/b1-m17-home-family-daily-life-support.js,v080149_cat17_wortschatz_cat17_w_125,cat17-w-125,cat17-w-125,matched_replacement_layer,Exception,manual review: unrecognised v0.2 decision vocabulary,revise_light,revise_light,,EXCEPTION_REVIEW,manual review: comparison/recovery row exists but decision is not apply-ready,Auswahl,selected_choice_value,CAT17-wortschatz-cat17_w_125,false,,Welches Wort passt? to wash dishes/rinse,,chores_cleaning,,spülen | waschen | die Wohnung | das Haus,,spülen,spülen,Collocation: use `das Geschirr spülen` for washing the dishes.,,,,,duplicate_v02_lineage_resolved,unclear_v02_decision,
content/b1-m17-home-family-daily-life-support.js,v080149_cat17_wortschatz_cat17_w_126,cat17-w-126,cat17-w-126,matched_replacement_layer,Exception,manual review: unrecognised v0.2 decision vocabulary,revise_light,revise_light,,EXCEPTION_REVIEW,manual review: comparison/recovery row exists but decision is not apply-ready,Auswahl,selected_choice_value,CAT17-wortschatz-cat17_w_126,false,,Welches Wort passt? to wash,,chores_cleaning,,waschen | spülen | die Wohnung | das Haus,,waschen,waschen,Collocation: use `die Wäsche waschen` for doing the laundry.,,,,,duplicate_v02_lineage_resolved,unclear_v02_decision,
content/b1-m17-home-family-daily-life-support.js,v080149_cat17_wortschatz_cat17_w_127,cat17-w-127,cat17-w-127,matched_replacement_layer,Exception,manual review: unrecognised v0.2 decision vocabulary,revise_light,revise_light,,EXCEPTION_REVIEW,manual review: comparison/recovery row exists but decision is not apply-ready,Auswahl,selected_choice_value,CAT17-wortschatz-cat17_w_127,false,,Welches Wort passt? to hang up,,chores_cleaning,,aufhängen | abhängen | die Wohnung | das Haus,,aufhängen,aufhängen,Collocation: use `die Wäsche aufhängen` for hanging up laundry.,,,,,duplicate_v02_lineage_resolved,unclear_v02_decision,
content/b1-m17-home-family-daily-life-support.js,v080149_cat17_wortschatz_cat17_w_128,cat17-w-128,cat17-w-128,matched_replacement_layer,Exception,manual review: unrecognised v0.2 decision vocabulary,revise_light,revise_light,,EXCEPTION_REVIEW,manual review: comparison/recovery row exists but decision is not apply-ready,Auswahl,selected_choice_value,CAT17-wortschatz-cat17_w_128,false,,Welches Wort passt? to vacuum,,chores_cleaning,,saugen | sich saugen | die Wohnung | das Haus,,saugen,saugen,"Home/daily-life wording should train one clear household, family, routine or support phrase.",,,,,duplicate_v02_lineage_resolved,unclear_v02_decision,
content/b1-m17-home-family-daily-life-support.js,v080149_cat17_wortschatz_cat17_w_129,cat17-w-129,cat17-w-129,matched_replacement_layer,Exception,manual review: unrecognised v0.2 decision vocabulary,revise_light,revise_light,,EXCEPTION_REVIEW,manual review: comparison/recovery row exists but decision is not apply-ready,Auswahl,selected_choice_value,CAT17-wortschatz-cat17_w_129,false,,Welches Wort passt? to mop/wipe,,chores_cleaning,,wischen | waschen | die Wohnung | das Haus,,wischen,wischen,"Home/daily-life wording should train one clear household, family, routine or support phrase.",,,,,duplicate_v02_lineage_resolved,unclear_v02_decision,
content/b1-m17-home-family-daily-life-support.js,v080149_cat17_wortschatz_cat17_w_130,cat17-w-130,cat17-w-130,matched_replacement_layer,Exception,manual review: unrecognised v0.2 decision vocabulary,revise_light,revise_light,,EXCEPTION_REVIEW,manual review: comparison/recovery row exists but decision is not apply-ready,Auswahl,selected_choice_value,CAT17-wortschatz-cat17_w_130,false,,Welches Wort passt? to air/ventilate,,chores_cleaning,,lüften | heizen | die Wohnung | das Haus,,lüften,lüften,Collocation: use `das Zimmer lüften` for airing the room.,,,,,duplicate_v02_lineage_resolved,unclear_v02_decision,
content/b1-m17-home-family-daily-life-support.js,v080149_cat17_wortschatz_cat17_w_132,cat17-w-132,cat17-w-132,matched_lineage_or_unresolved,Exception,manual review: unrecognised v0.2 decision vocabulary,,,,EXCEPTION_REVIEW,manual review: imported row has sourceRowId but no comparison/recovery match,Auswahl,selected_choice_value,CAT17-wortschatz-cat17_w_132,false,,Welches Wort passt? to water,,chores_cleaning,,gießen | gießen lassen | die Wohnung | das Haus,,gießen,,direct translation or wrong verb choice; check collocation,,,,,duplicate_v02_same_decision,imported_source_without_replacement_layer_match,
content/b1-m17-home-family-daily-life-support.js,v080149_cat17_wortschatz_cat17_w_134,cat17-w-134,cat17-w-134,matched_lineage_or_unresolved,Exception,manual review: unrecognised v0.2 decision vocabulary,,,,EXCEPTION_REVIEW,manual review: imported row has sourceRowId but no comparison/recovery match,Auswahl,selected_choice_value,CAT17-wortschatz-cat17_w_134,false,,Welches Wort passt? to turn on,,chores_cleaning,,anmachen | ausmachen | die Wohnung | das Haus,,anmachen,,separable verb,,,,,duplicate_v02_same_decision,imported_source_without_replacement_layer_match,
content/b1-m17-home-family-daily-life-support.js,v080149_cat17_wortschatz_cat17_w_150,cat17-w-150,cat17-w-150,matched_replacement_layer,Exception,manual review: unrecognised v0.2 decision vocabulary,revise_light,revise_light,,EXCEPTION_REVIEW,manual review: comparison/recovery row exists but decision is not apply-ready,Auswahl,selected_choice_value,CAT17-wortschatz-cat17_w_150,false,,Welches Wort passt? to look after/watch,,childcare_school,,aufpassen | betreuen | die Wohnung | das Haus,,aufpassen,aufpassen,safeguarding nuance,,,,,duplicate_v02_lineage_resolved,unclear_v02_decision,
content/b1-m17-home-family-daily-life-support.js,v080149_cat17_wortschatz_cat17_w_151,cat17-w-151,cat17-w-151,matched_replacement_layer,Exception,manual review: unrecognised v0.2 decision vocabulary,revise_light,revise_light,,EXCEPTION_REVIEW,manual review: comparison/recovery row exists but decision is not apply-ready,Auswahl,selected_choice_value,CAT17-wortschatz-cat17_w_151,false,,Welches Wort passt? to care for/supervise,,childcare_school,,betreuen | aufpassen | die Wohnung | das Haus,,betreuen,betreuen,policy/safeguarding nuance,,,,,duplicate_v02_lineage_resolved,unclear_v02_decision,
content/b1-m17-home-family-daily-life-support.js,v080149_cat17_wortschatz_cat17_w_186,cat17-w-186,cat17-w-186,matched_replacement_layer,Exception,manual review: unrecognised v0.2 decision vocabulary,revise_light,revise_light,,EXCEPTION_REVIEW,manual review: comparison/recovery row exists but decision is not apply-ready,Auswahl,selected_choice_value,CAT17-wortschatz-cat17_w_186,false,,Welches Wort passt? to invite,,leisure_guests,,einladen | besuchen | die Wohnung | das Haus,,einladen,einladen,"Home/daily-life wording should train one clear household, family, routine or support phrase.",,,,,duplicate_v02_lineage_resolved,unclear_v02_decision,
content/b1-m17-home-family-daily-life-support.js,v080149_cat17_wortschatz_cat17_w_187,cat17-w-187,cat17-w-187,matched_replacement_layer,Exception,manual review: unrecognised v0.2 decision vocabulary,revise_light,revise_light,,EXCEPTION_REVIEW,manual review: comparison/recovery row exists but decision is not apply-ready,Auswahl,selected_choice_value,CAT17-wortschatz-cat17_w_187,false,,Welches Wort passt? to visit,,leisure_guests,,besuchen | einladen | die Wohnung | das Haus,,besuchen,besuchen,"Home/daily-life wording should train one clear household, family, routine or support phrase.",,,,,duplicate_v02_lineage_resolved,unclear_v02_decision,
content/b1-m17-home-family-daily-life-support.js,v080149_cat17_wortschatz_cat17_w_188,cat17-w-188,cat17-w-188,matched_replacement_layer,Exception,manual review: unrecognised v0.2 decision vocabulary,revise_light,revise_light,,EXCEPTION_REVIEW,manual review: comparison/recovery row exists but decision is not apply-ready,Auswahl,selected_choice_value,CAT17-wortschatz-cat17_w_188,false,,Welches Wort passt? to come by,,leisure_guests,,vorbeikommen | besuchen | die Wohnung | das Haus,,vorbeikommen,vorbeikommen,"Home/daily-life wording should train one clear household, family, routine or support phrase.",,,,,duplicate_v02_lineage_resolved,unclear_v02_decision,
content/b1-m17-home-family-daily-life-support.js,v080149_cat17_wortschatz_cat17_w_197,cat17-w-197,cat17-w-197,matched_replacement_layer,Exception,manual review: unrecognised v0.2 decision vocabulary,revise_light,revise_light,,EXCEPTION_REVIEW,manual review: comparison/recovery row exists but decision is not apply-ready,Auswahl,selected_choice_value,CAT17-wortschatz-cat17_w_197,false,,Welches Wort passt? to put on,,weather_clothing,,anziehen | ausziehen | die Wohnung | das Haus,,anziehen,anziehen,`ausziehen` is separable: `Ich ziehe die Schuhe aus.`,,,,,duplicate_v02_lineage_resolved,unclear_v02_decision,
content/b1-m17-home-family-daily-life-support.js,v080149_cat17_wortschatz_cat17_w_199,cat17-w-199,cat17-w-199,matched_replacement_layer,Exception,manual review: unrecognised v0.2 decision vocabulary,revise_light,revise_light,,EXCEPTION_REVIEW,manual review: comparison/recovery row exists but decision is not apply-ready,Auswahl,selected_choice_value,CAT17-wortschatz-cat17_w_199,false,,Welches Wort passt? to fit/suit,,weather_clothing,,passen | passen zu | die Wohnung | das Haus,,passen,passen,`Jacke` is useful for clothing/weather situations.,,,,,duplicate_v02_lineage_resolved,unclear_v02_decision,
