currentSourceFile,currentItemId,currentSourceRowId,v02RowId,proposedBucket,proposedAction,applyStatus,appliedFields,applyReason,replacementFieldList,currentPrompt,v02Prompt,currentStimulus,v02Stimulus,currentAnswer,v02Answer,currentExplain,v02Explain,quarantineReason,productionReason,legacySeedReason,riskFlag,notes
content/b1-m01-variant-families.js,v080149_cat02_wortschatz_cat02_w_063,cat02-w-063,cat02-w-063,EXCEPTION_REVIEW,manual review: imported row has sourceRowId but no comparison/recovery match,untouched_exception_review,,manifest exception review,,Welches Wort passt? start/begin,,Action verbs,,anfangen,,separable verb placement,,,,,imported_source_without_replacement_layer_match,
content/b1-m01-variant-families.js,v080149_cat02_wortschatz_cat02_w_064,cat02-w-064,cat02-w-064,EXCEPTION_REVIEW,manual review: imported row has sourceRowId but no comparison/recovery match,untouched_exception_review,,manifest exception review,,Welches Wort passt? begin/start,,Action verbs,,beginnen,,register/context differences,,,,,imported_source_without_replacement_layer_match,
content/b1-m01-variant-families.js,v080149_cat02_wortschatz_cat02_w_065,cat02-w-065,cat02-w-065,EXCEPTION_REVIEW,manual review: imported row has sourceRowId but no comparison/recovery match,untouched_exception_review,,manifest exception review,,Welches Wort passt? participate,,Action verbs,,teilnehmen,,wrong preposition: an + dative,,,,,imported_source_without_replacement_layer_match,
content/b1-m01-variant-families.js,v080149_cat02_wortschatz_cat02_w_066,cat02-w-066,cat02-w-066,EXCEPTION_REVIEW,manual review: imported row has sourceRowId but no comparison/recovery match,untouched_exception_review,,manifest exception review,,Welches Wort passt? join in/take part,,Action verbs,,mitmachen,,separable verb errors,,,,,imported_source_without_replacement_layer_match,
content/b1-m01-variant-families.js,v080149_cat02_wortschatz_cat02_w_067,cat02-w-067,cat02-w-067,EXCEPTION_REVIEW,manual review: imported row has sourceRowId but no comparison/recovery match,untouched_exception_review,,manifest exception review,,Welches Wort passt? register/sign in,,Action verbs,,sich anmelden,,reflexive omission; CAT12/CAT10 overlap,,,,,imported_source_without_replacement_layer_match,
content/b1-m01-variant-families.js,v080149_cat02_wortschatz_cat02_w_068,cat02-w-068,cat02-w-068,EXCEPTION_REVIEW,manual review: imported row has sourceRowId but no comparison/recovery match,untouched_exception_review,,manifest exception review,,Welches Wort passt? introduce oneself,,Action verbs,,sich vorstellen,,reflexive omission,,,,,imported_source_without_replacement_layer_match,
content/b1-m01-variant-families.js,v080149_cat02_wortschatz_cat02_w_069,cat02-w-069,cat02-w-069,EXCEPTION_REVIEW,manual review: imported row has sourceRowId but no comparison/recovery match,untouched_exception_review,,manifest exception review,,Welches Wort passt? introduce someone,,Action verbs,,vorstellen,,reflexive/non-reflexive confusion,,,,,imported_source_without_replacement_layer_match,
content/b1-m01-variant-families.js,v080149_cat02_wortschatz_cat02_w_070,cat02-w-070,cat02-w-070,EXCEPTION_REVIEW,manual review: imported row has sourceRowId but no comparison/recovery match,untouched_exception_review,,manifest exception review,,Welches Wort passt? explain,,Action verbs,,erklären,,explain vs show/repeat,,,,,imported_source_without_replacement_layer_match,
content/b1-m01-variant-families.js,v080149_cat02_wortschatz_cat02_w_071,cat02-w-071,cat02-w-071,EXCEPTION_REVIEW,manual review: imported row has sourceRowId but no comparison/recovery match,untouched_exception_review,,manifest exception review,,Welches Wort passt? repeat,,Action verbs,,wiederholen,,wrong target in clarification requests,,,,,imported_source_without_replacement_layer_match,
content/b1-m01-variant-families.js,v080149_cat02_wortschatz_cat02_w_072,cat02-w-072,cat02-w-072,EXCEPTION_REVIEW,manual review: imported row has sourceRowId but no comparison/recovery match,untouched_exception_review,,manifest exception review,,Welches Wort passt? spell out,,Action verbs,,buchstabieren,,spelling vs writing confusion,,,,,imported_source_without_replacement_layer_match,
content/b1-m01-variant-families.js,v080149_cat02_wortschatz_cat02_w_073,cat02-w-073,cat02-w-073,EXCEPTION_REVIEW,manual review: imported row has sourceRowId but no comparison/recovery match,untouched_exception_review,,manifest exception review,,Welches Wort passt? note down,,Action verbs,,notieren,,object/reflexive variants,,,,,imported_source_without_replacement_layer_match,
content/b1-m01-variant-families.js,v080149_cat02_wortschatz_cat02_w_074,cat02-w-074,cat02-w-074,EXCEPTION_REVIEW,manual review: imported row has sourceRowId but no comparison/recovery match,untouched_exception_review,,manifest exception review,,Welches Wort passt? tick/check a box,,Action verbs,,ankreuzen,,separable verb; CAT12 overlap,,,,,imported_source_without_replacement_layer_match,
content/b1-m01-variant-families.js,v080149_cat02_wortschatz_cat02_w_075,cat02-w-075,cat02-w-075,EXCEPTION_REVIEW,manual review: imported row has sourceRowId but no comparison/recovery match,untouched_exception_review,,manifest exception review,,Welches Wort passt? fill in/out,,Action verbs,,ausfüllen,,CAT12 overlap; separable verb,,,,,imported_source_without_replacement_layer_match,
content/b1-m01-variant-families.js,v080149_cat02_wortschatz_cat02_w_076,cat02-w-076,cat02-w-076,EXCEPTION_REVIEW,manual review: imported row has sourceRowId but no comparison/recovery match,untouched_exception_review,,manifest exception review,,Welches Wort passt? hand in,,Action verbs,,abgeben,,bring vs hand in confusion,,,,,imported_source_without_replacement_layer_match,
content/b1-m01-variant-families.js,v080149_cat02_wortschatz_cat02_w_077,cat02-w-077,cat02-w-077,EXCEPTION_REVIEW,manual review: imported row has sourceRowId but no comparison/recovery match,untouched_exception_review,,manifest exception review,,Welches Wort passt? bring along,,Action verbs,,mitbringen,,bring vs hand in confusion,,,,,imported_source_without_replacement_layer_match,
content/b1-m01-variant-families.js,v080149_cat02_wortschatz_cat02_w_078,cat02-w-078,cat02-w-078,EXCEPTION_REVIEW,manual review: imported row has sourceRowId but no comparison/recovery match,untouched_exception_review,,manifest exception review,,Welches Wort passt? show,,Action verbs,,zeigen,,show vs explain,,,,,imported_source_without_replacement_layer_match,
content/b1-m01-variant-families.js,v080149_cat02_wortschatz_cat02_w_079,cat02-w-079,cat02-w-079,EXCEPTION_REVIEW,manual review: imported row has sourceRowId but no comparison/recovery match,untouched_exception_review,,manifest exception review,,Welches Wort passt? ask,,Action verbs,,fragen,,object/preposition patterns,,,,,imported_source_without_replacement_layer_match,
content/b1-m01-variant-families.js,v080149_cat02_wortschatz_cat02_w_080,cat02-w-080,cat02-w-080,EXCEPTION_REVIEW,manual review: imported row has sourceRowId but no comparison/recovery match,untouched_exception_review,,manifest exception review,,Welches Wort passt? ask/check again,,Action verbs,,nachfragen,,overusing as generic ask,,,,,imported_source_without_replacement_layer_match,
content/b1-m02-appointments-callbacks.js,v080149_cat01_practice_family_cat01_pf_018,cat01-pf-018,cat01-pf-018,EXCEPTION_REVIEW,manual review: imported row has sourceRowId but no comparison/recovery match,untouched_exception_review,,manifest exception review,,Ich habe leider verhindert.,,Korrigiere den Satz.,,Ich bin leider verhindert.,,State phrase: use `sein` with `verhindert`.,,,,,imported_source_without_replacement_layer_match,
content/b1-m02-appointments-callbacks.js,v080149_cat01_practice_family_cat01_pf_028,cat01-pf-028,cat01-pf-028,EXCEPTION_REVIEW,manual review: imported row has sourceRowId but no comparison/recovery match,untouched_exception_review,,manifest exception review,,Ich bin heute bis 16 Uhr erreichen.,,Korrigiere den Satz.,,Ich bin heute bis 16 Uhr erreichbar.,,"Use the adjective `erreichbar`, not the verb `erreichen`.",,,,,imported_source_without_replacement_layer_match,
content/b1-m02-appointments-callbacks.js,v080149_cat01_practice_family_cat01_pf_031,cat01-pf-031,cat01-pf-031,EXCEPTION_REVIEW,manual review: imported row has sourceRowId but no comparison/recovery match,untouched_exception_review,,manifest exception review,,Kann ich eine Nachricht lassen?,,Korrigiere den Satz.,,Kann ich eine Nachricht hinterlassen?,,"Use `eine Nachricht hinterlassen`, not `lassen`.",,,,,imported_source_without_replacement_layer_match,
content/b1-m02-appointments-callbacks.js,v080149_cat01_practice_family_cat01_pf_033,cat01-pf-033,cat01-pf-033,EXCEPTION_REVIEW,manual review: imported row has sourceRowId but no comparison/recovery match,untouched_exception_review,,manifest exception review,,Leider habe ich Ihren Anruf verpassen.,,Korrigiere den Satz.,,Leider habe ich Ihren Anruf verpasst.,,Perfekt: `habe ... verpasst`.,,,,,imported_source_without_replacement_layer_match,
content/b1-m02-appointments-callbacks.js,v080149_cat01_practice_family_cat01_pf_045,cat01-pf-045,cat01-pf-045,EXCEPTION_REVIEW,manual review: imported row has sourceRowId but no comparison/recovery match,untouched_exception_review,,manifest exception review,,Der Termin ist morgen statt.,,Korrigiere den Satz.,,Der Termin findet morgen statt.,,"Use `stattfinden`, not `sein`, for “take place”.",,,,,imported_source_without_replacement_layer_match,
content/b1-m02-appointments-callbacks.js,v080149_cat01_practice_family_cat01_pf_068,cat01-pf-068,cat01-pf-068,EXCEPTION_REVIEW,manual review: imported row has sourceRowId but no comparison/recovery match,untouched_exception_review,,manifest exception review,,Ich habe morgen ein Arzttermin.,,Korrigiere den Satz.,,Ich habe morgen einen Arzttermin.,,`haben` takes an accusative object: `einen Arzttermin`.,,,,,imported_source_without_replacement_layer_match,
content/b1-m02-appointments-callbacks.js,v080149_cat01_practice_family_cat01_pf_069,cat01-pf-069,cat01-pf-069,EXCEPTION_REVIEW,manual review: imported row has sourceRowId but no comparison/recovery match,untouched_exception_review,,manifest exception review,,Ich möchten einen Termin vereinbaren.,,Korrigiere den Satz.,,Ich möchte einen Termin vereinbaren.,,"`ich` takes `möchte`, not `möchten`.",,,,,imported_source_without_replacement_layer_match,
content/b1-m02-appointments-callbacks.js,v080149_cat01_practice_family_cat01_pf_070,cat01-pf-070,cat01-pf-070,EXCEPTION_REVIEW,manual review: imported row has sourceRowId but no comparison/recovery match,untouched_exception_review,,manifest exception review,,Ich bin heute bis 16 Uhr erreichbar ab.,,Korrigiere den Satz.,,Ich bin heute bis 16 Uhr erreichbar.,,`bis 16 Uhr` already gives the endpoint.,,,,,imported_source_without_replacement_layer_match,
content/b1-m02-appointments-callbacks.js,v080149_cat01_practice_family_cat01_pf_071,cat01-pf-071,cat01-pf-071,EXCEPTION_REVIEW,manual review: imported row has sourceRowId but no comparison/recovery match,untouched_exception_review,,manifest exception review,,Können wir den Termin auf am Freitag verschieben?,,Korrigiere den Satz.,,Können wir den Termin auf Freitag verschieben?,,"Use `auf Freitag`, not `auf am Freitag`, after `verschieben`.",,,,,imported_source_without_replacement_layer_match,
content/b1-m02-appointments-callbacks.js,v080149_cat01_practice_family_cat01_pf_072,cat01-pf-072,cat01-pf-072,EXCEPTION_REVIEW,manual review: imported row has sourceRowId but no comparison/recovery match,untouched_exception_review,,manifest exception review,,Ich weiterleite Ihre Nachricht.,,Korrigiere den Satz.,,Ich leite Ihre Nachricht weiter.,,Separable verb: `weiterleiten` -> `ich leite ... weiter`.,,,,,imported_source_without_replacement_layer_match,
content/b1-m02-appointments-callbacks.js,v080149_cat01_redemittel_cat01_r_001,cat01-r-001,cat01-r-001,EXCEPTION_REVIEW,manual review: imported row has sourceRowId but no comparison/recovery match,untouched_exception_review,,manifest exception review,,Welche Form passt? office/doctor/course,,Make appointment,,Ich möchte gern einen Termin vereinbaren.,,Watch: missing article; verb omitted,,,,,imported_source_without_replacement_layer_match,
content/b1-m02-appointments-callbacks.js,v080149_cat01_redemittel_cat01_r_002,cat01-r-002,cat01-r-002,EXCEPTION_REVIEW,manual review: imported row has sourceRowId but no comparison/recovery match,untouched_exception_review,,manifest exception review,,Welche Form passt? spoken,,Make appointment,,Ich würde gern einen Termin ausmachen.,,Watch: missing article; register mismatch,,,,,imported_source_without_replacement_layer_match,
content/b1-m02-appointments-callbacks.js,v080149_cat01_redemittel_cat01_r_003,cat01-r-003,cat01-r-003,EXCEPTION_REVIEW,manual review: imported row has sourceRowId but no comparison/recovery match,untouched_exception_review,,manifest exception review,,Welche Form passt? phone,,Ask availability,,Haben Sie diese Woche noch einen Termin frei?,,Watch: missing article; wrong word order,,,,,imported_source_without_replacement_layer_match,
content/b1-m02-appointments-callbacks.js,v080149_cat01_redemittel_cat01_r_004,cat01-r-004,cat01-r-004,EXCEPTION_REVIEW,manual review: imported row has sourceRowId but no comparison/recovery match,untouched_exception_review,,manifest exception review,,Welche Form passt? phone,,Ask availability,,Wäre am Dienstagvormittag etwas frei?,,Watch: word order errors,,,,,imported_source_without_replacement_layer_match,
content/b1-m02-appointments-callbacks.js,v080149_cat01_redemittel_cat01_r_005,cat01-r-005,cat01-r-005,EXCEPTION_REVIEW,manual review: imported row has sourceRowId but no comparison/recovery match,untouched_exception_review,,manifest exception review,,Welche Form passt? phone/email,,Offer availability,,Ich hätte am Montag ab 14 Uhr Zeit.,,Watch: wrong haben/sein,,,,,imported_source_without_replacement_layer_match,
content/b1-m02-appointments-callbacks.js,v080149_cat01_redemittel_cat01_r_006,cat01-r-006,cat01-r-006,EXCEPTION_REVIEW,manual review: imported row has sourceRowId but no comparison/recovery match,untouched_exception_review,,manifest exception review,,Welche Form passt? phone/email,,Offer availability,,Mir würde Mittwoch gut passen.,,Watch: wrong subject/person,,,,,imported_source_without_replacement_layer_match,
content/b1-m02-appointments-callbacks.js,v080149_cat01_redemittel_cat01_r_007,cat01-r-007,cat01-r-007,EXCEPTION_REVIEW,manual review: imported row has sourceRowId but no comparison/recovery match,untouched_exception_review,,manifest exception review,,Welche Form passt? phone/email,,Check suitability,,Passt Ihnen der Termin am Freitag?,,Watch: wrong verb/preposition,,,,,imported_source_without_replacement_layer_match,
content/b1-m02-appointments-callbacks.js,v080149_cat01_redemittel_cat01_r_008,cat01-r-008,cat01-r-008,EXCEPTION_REVIEW,manual review: imported row has sourceRowId but no comparison/recovery match,untouched_exception_review,,manifest exception review,,Welche Form passt? email/phone,,Confirm appointment,,Der Termin passt mir.,,Watch: missing verb choice,,,,,imported_source_without_replacement_layer_match,
content/b1-m02-appointments-callbacks.js,v080149_cat01_redemittel_cat01_r_009,cat01-r-009,cat01-r-009,EXCEPTION_REVIEW,manual review: imported row has sourceRowId but no comparison/recovery match,untouched_exception_review,,manifest exception review,,Welche Form passt? email/phone,,Decline time,,Der Termin passt mir leider nicht.,,Watch: wrong verb,,,,,imported_source_without_replacement_layer_match,
content/b1-m02-appointments-callbacks.js,v080149_cat01_redemittel_cat01_r_010,cat01-r-010,cat01-r-010,EXCEPTION_REVIEW,manual review: imported row has sourceRowId but no comparison/recovery match,untouched_exception_review,,manifest exception review,,Welche Form passt? phone/email,,Reschedule,,Können wir den Termin bitte verschieben?,,Watch: literal move error,,,,,imported_source_without_replacement_layer_match,
content/b1-m02-appointments-callbacks.js,v080149_cat01_redemittel_cat01_r_011,cat01-r-011,cat01-r-011,EXCEPTION_REVIEW,manual review: imported row has sourceRowId but no comparison/recovery match,untouched_exception_review,,manifest exception review,,Welche Form passt? formal email,,Reschedule,,"Wäre es möglich, den Termin auf Donnerstag zu verschieben?",,Watch: wrong auf phrase,,,,,imported_source_without_replacement_layer_match,
content/b1-m02-appointments-callbacks.js,v080149_cat01_redemittel_cat01_r_012,cat01-r-012,cat01-r-012,EXCEPTION_REVIEW,manual review: imported row has sourceRowId but no comparison/recovery match,untouched_exception_review,,manifest exception review,,Welche Form passt? phone/email,,Cancel,,Ich muss den Termin leider absagen.,,Watch: wrong verb/article,,,,,imported_source_without_replacement_layer_match,
content/b1-m02-appointments-callbacks.js,v080149_cat01_redemittel_cat01_r_013,cat01-r-013,cat01-r-013,EXCEPTION_REVIEW,manual review: imported row has sourceRowId but no comparison/recovery match,untouched_exception_review,,manifest exception review,,Welche Form passt? phone/email,,Cannot attend,,Ich kann heute leider nicht kommen.,,Watch: gehen/kommen mismatch,,,,,imported_source_without_replacement_layer_match,
content/b1-m02-appointments-callbacks.js,v080149_cat01_redemittel_cat01_r_014,cat01-r-014,cat01-r-014,EXCEPTION_REVIEW,manual review: imported row has sourceRowId but no comparison/recovery match,untouched_exception_review,,manifest exception review,,Welche Form passt? phone/email,,Unavailable,,Ich bin leider verhindert.,,Watch: wrong auxiliary,,,,,imported_source_without_replacement_layer_match,
content/b1-m02-appointments-callbacks.js,v080149_cat01_redemittel_cat01_r_015,cat01-r-015,cat01-r-015,EXCEPTION_REVIEW,manual review: imported row has sourceRowId but no comparison/recovery match,untouched_exception_review,,manifest exception review,,Welche Form passt? phone,,Running late,,Ich komme etwa zehn Minuten später.,,Watch: wrong tense/order,,,,,imported_source_without_replacement_layer_match,
content/b1-m02-appointments-callbacks.js,v080149_cat01_redemittel_cat01_r_016,cat01-r-016,cat01-r-016,EXCEPTION_REVIEW,manual review: imported row has sourceRowId but no comparison/recovery match,untouched_exception_review,,manifest exception review,,Welche Form passt? phone/email,,Written confirmation,,Ich bitte um eine kurze Bestätigung.,,Watch: wrong noun verb,,,,,imported_source_without_replacement_layer_match,
content/b1-m02-appointments-callbacks.js,v080149_cat01_redemittel_cat01_r_017,cat01-r-017,cat01-r-017,EXCEPTION_REVIEW,manual review: imported row has sourceRowId but no comparison/recovery match,untouched_exception_review,,manifest exception review,,Welche Form passt? phone/email,,Written confirmation,,Könnten Sie mir den Termin bitte schriftlich bestätigen?,,Watch: translationese,,,,,imported_source_without_replacement_layer_match,
content/b1-m02-appointments-callbacks.js,v080149_cat01_redemittel_cat01_r_018,cat01-r-018,cat01-r-018,EXCEPTION_REVIEW,manual review: imported row has sourceRowId but no comparison/recovery match,untouched_exception_review,,manifest exception review,,Welche Form passt? phone/email,,Ask documents,,Welche Unterlagen soll ich mitbringen?,,Watch: less natural verb,,,,,imported_source_without_replacement_layer_match,
content/b1-m02-appointments-callbacks.js,v080149_cat01_redemittel_cat01_r_019,cat01-r-019,cat01-r-019,EXCEPTION_REVIEW,manual review: imported row has sourceRowId but no comparison/recovery match,untouched_exception_review,,manifest exception review,,Welche Form passt? phone/email,,Ask documents,,Soll ich meinen Ausweis mitbringen?,,Watch: less natural verb,,,,,imported_source_without_replacement_layer_match,
content/b1-m02-appointments-callbacks.js,v080149_cat01_redemittel_cat01_r_020,cat01-r-020,cat01-r-020,EXCEPTION_REVIEW,manual review: imported row has sourceRowId but no comparison/recovery match,untouched_exception_review,,manifest exception review,,Welche Form passt? phone/email,,Question about appointment,,Ich habe eine Frage zu meinem Termin.,,Watch: wrong preposition,,,,,imported_source_without_replacement_layer_match,
content/b1-m02-appointments-callbacks.js,v080149_cat01_redemittel_cat01_r_022,cat01-r-022,cat01-r-022,EXCEPTION_REVIEW,manual review: imported row has sourceRowId but no comparison/recovery match,untouched_exception_review,,manifest exception review,,Welche Form passt? phone,,Refer to appointment,,Ich rufe zu meinem Termin am Montag an.,,Watch: preposition transfer,,,,,imported_source_without_replacement_layer_match,
content/b1-m02-appointments-callbacks.js,v080149_cat01_redemittel_cat01_r_023,cat01-r-023,cat01-r-023,EXCEPTION_REVIEW,manual review: imported row has sourceRowId but no comparison/recovery match,untouched_exception_review,,manifest exception review,,Welche Form passt? phone/email,,Ask callback,,Könnten Sie mich bitte zurückrufen?,,Watch: wrong object/preposition,,,,,imported_source_without_replacement_layer_match,
content/b1-m02-appointments-callbacks.js,v080149_cat01_redemittel_cat01_r_024,cat01-r-024,cat01-r-024,EXCEPTION_REVIEW,manual review: imported row has sourceRowId but no comparison/recovery match,untouched_exception_review,,manifest exception review,,Welche Form passt? formal,,Ask callback,,Ich bitte um Rückruf.,,Watch: wrong verb,,,,,imported_source_without_replacement_layer_match,
content/b1-m02-appointments-callbacks.js,v080149_cat01_redemittel_cat01_r_025,cat01-r-025,cat01-r-025,EXCEPTION_REVIEW,manual review: imported row has sourceRowId but no comparison/recovery match,untouched_exception_review,,manifest exception review,,Welche Form passt? phone/email,,Give reachability,,Sie erreichen mich unter dieser Nummer.,,Watch: wrong preposition,,,,,imported_source_without_replacement_layer_match,
content/b1-m02-appointments-callbacks.js,v080149_cat01_redemittel_cat01_r_026,cat01-r-026,cat01-r-026,EXCEPTION_REVIEW,manual review: imported row has sourceRowId but no comparison/recovery match,untouched_exception_review,,manifest exception review,,Welche Form passt? phone/email,,Give reachability,,Ich bin heute bis 16 Uhr erreichbar.,,Watch: adjective/verb confusion,,,,,imported_source_without_replacement_layer_match,
content/b1-m02-appointments-callbacks.js,v080149_cat01_redemittel_cat01_r_027,cat01-r-027,cat01-r-027,EXCEPTION_REVIEW,manual review: imported row has sourceRowId but no comparison/recovery match,untouched_exception_review,,manifest exception review,,Welche Form passt? phone,,Ask reachability,,Wann kann ich Sie am besten erreichen?,,Watch: verb confusion,,,,,imported_source_without_replacement_layer_match,
content/b1-m02-appointments-callbacks.js,v080149_cat01_redemittel_cat01_r_028,cat01-r-028,cat01-r-028,EXCEPTION_REVIEW,manual review: imported row has sourceRowId but no comparison/recovery match,untouched_exception_review,,manifest exception review,,Welche Form passt? phone,,Leave message,,Kann ich eine Nachricht hinterlassen?,,Watch: missing prefix,,,,,imported_source_without_replacement_layer_match,
content/b1-m02-appointments-callbacks.js,v080149_cat01_redemittel_cat01_r_029,cat01-r-029,cat01-r-029,EXCEPTION_REVIEW,manual review: imported row has sourceRowId but no comparison/recovery match,untouched_exception_review,,manifest exception review,,Welche Form passt? reception,,Pass message,,Ich richte es aus.,,Watch: idiom confusion,,,,,imported_source_without_replacement_layer_match,
content/b1-m02-appointments-callbacks.js,v080149_cat01_redemittel_cat01_r_030,cat01-r-030,cat01-r-030,EXCEPTION_REVIEW,manual review: imported row has sourceRowId but no comparison/recovery match,untouched_exception_review,,manifest exception review,,Welche Form passt? office,,Pass message,,Ich leite Ihre Nachricht weiter.,,Watch: separable verb error,,,,,imported_source_without_replacement_layer_match,
content/b1-m02-appointments-callbacks.js,v080149_cat01_redemittel_cat01_r_031,cat01-r-031,cat01-r-031,EXCEPTION_REVIEW,manual review: imported row has sourceRowId but no comparison/recovery match,untouched_exception_review,,manifest exception review,,Welche Form passt? reception,,Connect call,,"Einen Moment bitte, ich stelle Sie durch.",,Watch: valid alternative risk,,,,,imported_source_without_replacement_layer_match,
content/b1-m02-appointments-callbacks.js,v080149_cat01_redemittel_cat01_r_032,cat01-r-032,cat01-r-032,EXCEPTION_REVIEW,manual review: imported row has sourceRowId but no comparison/recovery match,untouched_exception_review,,manifest exception review,,Welche Form passt? phone,,Line busy,,Die Leitung ist gerade besetzt.,,Watch: line/person confusion,,,,,imported_source_without_replacement_layer_match,
content/b1-m02-appointments-callbacks.js,v080149_cat01_redemittel_cat01_r_033,cat01-r-033,cat01-r-033,EXCEPTION_REVIEW,manual review: imported row has sourceRowId but no comparison/recovery match,untouched_exception_review,,manifest exception review,,Welche Form passt? phone,,Unreachable person,,Frau Schneider ist gerade nicht erreichbar.,,Watch: wrong adjective,,,,,imported_source_without_replacement_layer_match,
content/b1-m02-appointments-callbacks.js,v080149_cat01_redemittel_cat01_r_034,cat01-r-034,cat01-r-034,EXCEPTION_REVIEW,manual review: imported row has sourceRowId but no comparison/recovery match,untouched_exception_review,,manifest exception review,,Welche Form passt? phone/email,,Missed call,,Leider habe ich Ihren Anruf verpasst.,,Watch: Perfekt error,,,,,imported_source_without_replacement_layer_match,
content/b1-m02-appointments-callbacks.js,v080149_cat01_redemittel_cat01_r_035,cat01-r-035,cat01-r-035,EXCEPTION_REVIEW,manual review: imported row has sourceRowId but no comparison/recovery match,untouched_exception_review,,manifest exception review,,Welche Form passt? phone/email,,Voicemail,,Ich habe Ihnen eine Nachricht hinterlassen.,,Watch: wrong participle/verb,,,,,imported_source_without_replacement_layer_match,
content/b1-m02-appointments-callbacks.js,v080149_cat01_redemittel_cat01_r_036,cat01-r-036,cat01-r-036,EXCEPTION_REVIEW,manual review: imported row has sourceRowId but no comparison/recovery match,untouched_exception_review,,manifest exception review,,Welche Form passt? email,,Request reply,,Bitte rufen Sie mich unter 0176 ... zurück.,,Watch: separable verb order,,,,,imported_source_without_replacement_layer_match,
content/b1-m02-appointments-callbacks.js,v080149_cat01_redemittel_cat01_r_038,cat01-r-038,cat01-r-038,EXCEPTION_REVIEW,manual review: imported row has sourceRowId but no comparison/recovery match,untouched_exception_review,,manifest exception review,,Welche Form passt? email,,Thanks,,Vielen Dank für Ihre Rückmeldung.,,Watch: wrong noun formation,,,,,imported_source_without_replacement_layer_match,
content/b1-m02-appointments-callbacks.js,v080149_cat01_redemittel_cat01_r_039,cat01-r-039,cat01-r-039,EXCEPTION_REVIEW,manual review: imported row has sourceRowId but no comparison/recovery match,untouched_exception_review,,manifest exception review,,Welche Form passt? email,,Thanks/closure,,Vielen Dank für Ihr Verständnis.,,Watch: wrong possessive gender,,,,,imported_source_without_replacement_layer_match,
content/b1-m02-appointments-callbacks.js,v080149_cat01_redemittel_cat01_r_041,cat01-r-041,cat01-r-041,EXCEPTION_REVIEW,manual review: imported row has sourceRowId but no comparison/recovery match,untouched_exception_review,,manifest exception review,,Welche Form passt? email,,Positive close,,Ich freue mich auf den Termin.,,Watch: wrong preposition,,,,,imported_source_without_replacement_layer_match,
content/b1-m02-appointments-callbacks.js,v080149_cat01_redemittel_cat01_r_042,cat01-r-042,cat01-r-042,EXCEPTION_REVIEW,manual review: imported row has sourceRowId but no comparison/recovery match,untouched_exception_review,,manifest exception review,,Welche Form passt? email,,Confirm written,,Ich bestätige den Termin am 12. Juni.,,Watch: verb form error,,,,,imported_source_without_replacement_layer_match,
content/b1-m02-appointments-callbacks.js,v080149_cat01_redemittel_cat01_r_043,cat01-r-043,cat01-r-043,EXCEPTION_REVIEW,manual review: imported row has sourceRowId but no comparison/recovery match,untouched_exception_review,,manifest exception review,,Welche Form passt? email,,Ask for info,,"Bitte teilen Sie mir mit, ob der Termin stattfindet.",,Watch: missing ob/wording,,,,,imported_source_without_replacement_layer_match,
content/b1-m02-appointments-callbacks.js,v080149_cat01_redemittel_cat01_r_045,cat01-r-045,cat01-r-045,EXCEPTION_REVIEW,manual review: imported row has sourceRowId but no comparison/recovery match,untouched_exception_review,,manifest exception review,,Welche Form passt? phone/email,,Ask online option,,Kann der Termin auch online stattfinden?,,Watch: less precise verb,,,,,imported_source_without_replacement_layer_match,
content/b1-m02-appointments-callbacks.js,v080149_cat01_redemittel_cat01_r_047,cat01-r-047,cat01-r-047,EXCEPTION_REVIEW,manual review: imported row has sourceRowId but no comparison/recovery match,untouched_exception_review,,manifest exception review,,Welche Form passt? phone/email,,Need quick answer,,"Es wäre gut, wenn ich heute noch eine Antwort bekomme.",,Watch: register nuance,,,,,imported_source_without_replacement_layer_match,
content/b1-m02-appointments-callbacks.js,v080149_cat01_redemittel_cat01_r_048,cat01-r-048,cat01-r-048,EXCEPTION_REVIEW,manual review: imported row has sourceRowId but no comparison/recovery match,untouched_exception_review,,manifest exception review,,Welche Form passt? phone/email,,Follow-up,,"Ich wollte kurz nachfragen, ob der Termin bestätigt ist.",,Watch: ob/wenn confusion,,,,,imported_source_without_replacement_layer_match,
content/b1-m03-job-search-offices.js,v080149_cat03_contrast_cat03_cs_005,cat03-cs-005,cat03-cs-005,EXCEPTION_REVIEW,manual review: imported row has sourceRowId but no comparison/recovery match,untouched_exception_review,,manifest exception review,,Welche Handlung passt?,,beantragen vs bewerben vs anmelden,,beantragen,,Official permissions/documents are usually `beantragen`.,,,,,imported_source_without_replacement_layer_match,
content/b1-m03-job-search-offices.js,v080149_cat03_contrast_cat03_cs_016,cat03-cs-016,cat03-cs-016,EXCEPTION_REVIEW,manual review: imported row has sourceRowId but no comparison/recovery match,untouched_exception_review,,manifest exception review,,Welche Situation passt?,,Beratungsgespräch vs Vorstellungsgespräch,,Beratungsgespräch,,Job interviews belong mainly to CAT04; advice appointment belongs here.,,,,,imported_source_without_replacement_layer_match,
content/b1-m03-job-search-offices.js,v080149_cat03_contrast_cat03_cs_017,cat03-cs-017,cat03-cs-017,EXCEPTION_REVIEW,manual review: imported row has sourceRowId but no comparison/recovery match,untouched_exception_review,,manifest exception review,,Welche Nummer ist gemeint?,,Kundennummer vs Aktenzeichen,,Kundennummer,,Official offices use different number types.,,,,,imported_source_without_replacement_layer_match,
content/b1-m03-job-search-offices.js,v080149_cat03_contrast_cat03_cs_019,cat03-cs-019,cat03-cs-019,EXCEPTION_REVIEW,manual review: imported row has sourceRowId but no comparison/recovery match,untouched_exception_review,,manifest exception review,,Welche Handlung passt?,,abgeben vs ausfüllen vs unterschreiben,,ausfüllen,,Choose the verb by the document action.,,,,,imported_source_without_replacement_layer_match,
content/b1-m03-job-search-offices.js,v080149_cat03_contrast_cat03_cs_020,cat03-cs-020,cat03-cs-020,EXCEPTION_REVIEW,manual review: imported row has sourceRowId but no comparison/recovery match,untouched_exception_review,,manifest exception review,,Welche Form passt zur Situation?,,persönlich vs schriftlich vs online,,persönlich,,Channel words change how the office interaction happens.,,,,,imported_source_without_replacement_layer_match,
content/b1-m03-job-search-offices.js,v080149_cat03_contrast_cat03_cs_021,cat03-cs-021,cat03-cs-021,EXCEPTION_REVIEW,manual review: imported row has sourceRowId but no comparison/recovery match,untouched_exception_review,,manifest exception review,,Welches Verb passt?,,suchen vs finden vs bekommen,,suchen,,Use `eine Stelle suchen` before you have found it.,,,,,imported_source_without_replacement_layer_match,
content/b1-m03-job-search-offices.js,v080149_cat03_practice_family_cat03_pf_062,cat03-pf-062,cat03-pf-062,EXCEPTION_REVIEW,manual review: imported row has sourceRowId but no comparison/recovery match,untouched_exception_review,,manifest exception review,,Ich suche Stelle als Verkäuferin.,,Korrigiere den Satz.,,Ich suche eine Stelle als Verkäuferin.,,Use `eine Stelle suchen`.,,,,,imported_source_without_replacement_layer_match,
content/b1-m03-job-search-offices.js,v080149_cat03_practice_family_cat03_pf_063,cat03-pf-063,cat03-pf-063,EXCEPTION_REVIEW,manual review: imported row has sourceRowId but no comparison/recovery match,untouched_exception_review,,manifest exception review,,Ich habe Berufserfahrung als Reinigung.,,Korrigiere den Satz.,,Ich habe Berufserfahrung als Reinigungskraft.,,Use a role/person noun after `als`: `als Reinigungskraft`.,,,,,imported_source_without_replacement_layer_match,
content/b1-m03-job-search-offices.js,v080149_cat03_redemittel_cat03_r_002,cat03-r-002,cat03-r-002,EXCEPTION_REVIEW,manual review: imported row has sourceRowId but no comparison/recovery match,untouched_exception_review,,manifest exception review,,Welche Form passt? Berufsberatung,,job-search self-positioning,,Ich suche Arbeit im Bereich Pflege.,,Watch: wrong preposition for Bereich,,,,,imported_source_without_replacement_layer_match,
content/b1-m03-job-search-offices.js,v080149_cat03_redemittel_cat03_r_003,cat03-r-003,cat03-r-003,EXCEPTION_REVIEW,manual review: imported row has sourceRowId but no comparison/recovery match,untouched_exception_review,,manifest exception review,,Welche Form passt? Berufsberatung,,job-search self-positioning,,Ich suche eine Stelle in Vollzeit.,,Watch: wrong preposition,,,,,imported_source_without_replacement_layer_match,
content/b1-m03-job-search-offices.js,v080149_cat03_redemittel_cat03_r_004,cat03-r-004,cat03-r-004,EXCEPTION_REVIEW,manual review: imported row has sourceRowId but no comparison/recovery match,untouched_exception_review,,manifest exception review,,Welche Form passt? Berufsberatung,,job-search self-positioning,,Ich suche eine Teilzeitstelle.,,Watch: compound spelling,,,,,imported_source_without_replacement_layer_match,
content/b1-m03-job-search-offices.js,v080149_cat03_redemittel_cat03_r_005,cat03-r-005,cat03-r-005,EXCEPTION_REVIEW,manual review: imported row has sourceRowId but no comparison/recovery match,untouched_exception_review,,manifest exception review,,Welche Form passt? job office,,job-search interest,,Ich interessiere mich für Stellen im Bereich Logistik.,,Watch: wrong preposition after interessieren,,,,,imported_source_without_replacement_layer_match,
content/b1-m03-job-search-offices.js,v080149_cat03_redemittel_cat03_r_006,cat03-r-006,cat03-r-006,EXCEPTION_REVIEW,manual review: imported row has sourceRowId but no comparison/recovery match,untouched_exception_review,,manifest exception review,,Welche Form passt? Berufsberatung,,experience statement,,Ich habe Erfahrung als Reinigungskraft.,,Watch: wrong noun after als,,,,,imported_source_without_replacement_layer_match,
content/b1-m03-job-search-offices.js,v080149_cat03_redemittel_cat03_r_007,cat03-r-007,cat03-r-007,EXCEPTION_REVIEW,manual review: imported row has sourceRowId but no comparison/recovery match,untouched_exception_review,,manifest exception review,,Welche Form passt? Berufsberatung,,experience statement,,Ich habe Berufserfahrung in der Gastronomie.,,Watch: Berufserfahrung vs Arbeitserfahrung,,,,,imported_source_without_replacement_layer_match,
content/b1-m03-job-search-offices.js,v080149_cat03_redemittel_cat03_r_008,cat03-r-008,cat03-r-008,EXCEPTION_REVIEW,manual review: imported row has sourceRowId but no comparison/recovery match,untouched_exception_review,,manifest exception review,,Welche Form passt? Berufsberatung,,experience limit,,Ich habe noch keine Berufserfahrung in diesem Bereich.,,Watch: word order; missing noch,,,,,imported_source_without_replacement_layer_match,
content/b1-m03-job-search-offices.js,v080149_cat03_redemittel_cat03_r_009,cat03-r-009,cat03-r-009,EXCEPTION_REVIEW,manual review: imported row has sourceRowId but no comparison/recovery match,untouched_exception_review,,manifest exception review,,Welche Form passt? Berufsberatung,,skills goal,,Ich möchte meine Deutschkenntnisse verbessern.,,Watch: wrong verb or article,,,,,imported_source_without_replacement_layer_match,
content/b1-m03-job-search-offices.js,v080149_cat03_redemittel_cat03_r_010,cat03-r-010,cat03-r-010,EXCEPTION_REVIEW,manual review: imported row has sourceRowId but no comparison/recovery match,untouched_exception_review,,manifest exception review,,Welche Form passt? job office,,availability/job readiness,,Ich bin flexibel.,,Watch: overclaiming if used as proof,,,,,imported_source_without_replacement_layer_match,
content/b1-m03-job-search-offices.js,v080149_cat03_redemittel_cat03_r_011,cat03-r-011,cat03-r-011,EXCEPTION_REVIEW,manual review: imported row has sourceRowId but no comparison/recovery match,untouched_exception_review,,manifest exception review,,Welche Form passt? job office,,availability/start date,,Ich kann ab sofort anfangen.,,Watch: word order; wrong preposition,,,,,imported_source_without_replacement_layer_match,
content/b1-m03-job-search-offices.js,v080149_cat03_redemittel_cat03_r_012,cat03-r-012,cat03-r-012,EXCEPTION_REVIEW,manual review: imported row has sourceRowId but no comparison/recovery match,untouched_exception_review,,manifest exception review,,Welche Form passt? job office,,availability/start date,,Ich kann ab dem 1. Juli anfangen.,,Watch: ab/am distinction,,,,,imported_source_without_replacement_layer_match,
content/b1-m03-job-search-offices.js,v080149_cat03_redemittel_cat03_r_013,cat03-r-013,cat03-r-013,EXCEPTION_REVIEW,manual review: imported row has sourceRowId but no comparison/recovery match,untouched_exception_review,,manifest exception review,,Welche Form passt? Berufsberatung,,ask for help,,Ich brauche Hilfe bei der Jobsuche.,,Watch: bei/für confusion,,,,,imported_source_without_replacement_layer_match,
content/b1-m03-job-search-offices.js,v080149_cat03_redemittel_cat03_r_015,cat03-r-015,cat03-r-015,EXCEPTION_REVIEW,manual review: imported row has sourceRowId but no comparison/recovery match,untouched_exception_review,,manifest exception review,,Welche Form passt? Arbeitsagentur,,appointment reference,,Ich habe morgen einen Termin bei der Arbeitsagentur.,,Watch: wrong article/case,,,,,imported_source_without_replacement_layer_match,
content/b1-m03-job-search-offices.js,v080149_cat03_redemittel_cat03_r_016,cat03-r-016,cat03-r-016,EXCEPTION_REVIEW,manual review: imported row has sourceRowId but no comparison/recovery match,untouched_exception_review,,manifest exception review,,Welche Form passt? Jobcenter,,message reference,,Ich habe eine Einladung vom Jobcenter bekommen.,,Watch: document-type confusion,,,,,imported_source_without_replacement_layer_match,
content/b1-m03-job-search-offices.js,v080149_cat03_redemittel_cat03_r_019,cat03-r-019,cat03-r-019,EXCEPTION_REVIEW,manual review: imported row has sourceRowId but no comparison/recovery match,untouched_exception_review,,manifest exception review,,Welche Form passt? office,,admin question,,Ich habe eine Frage zu meinem Antrag.,,Watch: zu/über confusion,,,,,imported_source_without_replacement_layer_match,
content/b1-m03-job-search-offices.js,v080149_cat03_redemittel_cat03_r_020,cat03-r-020,cat03-r-020,EXCEPTION_REVIEW,manual review: imported row has sourceRowId but no comparison/recovery match,untouched_exception_review,,manifest exception review,,Welche Form passt? office,,admin request,,Ich möchte einen Antrag stellen.,,Watch: wrong verb machen,,,,,imported_source_without_replacement_layer_match,
content/b1-m03-job-search-offices.js,v080149_cat03_redemittel_cat03_r_021,cat03-r-021,cat03-r-021,EXCEPTION_REVIEW,manual review: imported row has sourceRowId but no comparison/recovery match,untouched_exception_review,,manifest exception review,,Welche Form passt? office,,form handling,,Ich möchte das Formular abgeben.,,Watch: wrong separable/verb frame,,,,,imported_source_without_replacement_layer_match,
content/b1-m03-job-search-offices.js,v080149_cat03_redemittel_cat03_r_022,cat03-r-022,cat03-r-022,EXCEPTION_REVIEW,manual review: imported row has sourceRowId but no comparison/recovery match,untouched_exception_review,,manifest exception review,,Welche Form passt? office,,form handling,,Ich habe das Formular ausgefüllt.,,Watch: wrong verb,,,,,imported_source_without_replacement_layer_match,
content/b1-m03-job-search-offices.js,v080149_cat03_redemittel_cat03_r_024,cat03-r-024,cat03-r-024,EXCEPTION_REVIEW,manual review: imported row has sourceRowId but no comparison/recovery match,untouched_exception_review,,manifest exception review,,Welche Form passt? office appointment,,document preparation,,Ich habe die Unterlagen dabei.,,Watch: wrong adverb,,,,,imported_source_without_replacement_layer_match,
content/b1-m03-job-search-offices.js,v080149_cat03_redemittel_cat03_r_025,cat03-r-025,cat03-r-025,EXCEPTION_REVIEW,manual review: imported row has sourceRowId but no comparison/recovery match,untouched_exception_review,,manifest exception review,,Welche Form passt? office,,missing document,,Mir fehlt noch ein Nachweis.,,Watch: mir/ich construction,,,,,imported_source_without_replacement_layer_match,
content/b1-m03-job-search-offices.js,v080149_cat03_redemittel_cat03_r_028,cat03-r-028,cat03-r-028,EXCEPTION_REVIEW,manual review: imported row has sourceRowId but no comparison/recovery match,untouched_exception_review,,manifest exception review,,Welche Form passt? office,,document completeness,,"Könnten Sie bitte prüfen, ob meine Unterlagen vollständig sind?",,Watch: verb-final in ob-clause,,,,,imported_source_without_replacement_layer_match,
content/b1-m03-job-search-offices.js,v080149_cat03_redemittel_cat03_r_029,cat03-r-029,cat03-r-029,EXCEPTION_REVIEW,manual review: imported row has sourceRowId but no comparison/recovery match,untouched_exception_review,,manifest exception review,,Welche Form passt? office,,office responsibility,,Welche Stelle ist dafür zuständig?,,Watch: zuständig meaning confusion,,,,,imported_source_without_replacement_layer_match,
content/b1-m03-job-search-offices.js,v080149_cat03_redemittel_cat03_r_030,cat03-r-030,cat03-r-030,EXCEPTION_REVIEW,manual review: imported row has sourceRowId but no comparison/recovery match,untouched_exception_review,,manifest exception review,,Welche Form passt? office,,office orientation,,Wo muss ich mich melden?,,Watch: melden vs gehen,,,,,imported_source_without_replacement_layer_match,
content/b1-m03-job-search-offices.js,v080149_cat03_redemittel_cat03_r_031,cat03-r-031,cat03-r-031,EXCEPTION_REVIEW,manual review: imported row has sourceRowId but no comparison/recovery match,untouched_exception_review,,manifest exception review,,Welche Form passt? office,,channel question,,Muss ich persönlich vorbeikommen?,,Watch: personlich spelling; word order,,,,,imported_source_without_replacement_layer_match,
content/b1-m03-job-search-offices.js,v080149_cat03_redemittel_cat03_r_032,cat03-r-032,cat03-r-032,EXCEPTION_REVIEW,manual review: imported row has sourceRowId but no comparison/recovery match,untouched_exception_review,,manifest exception review,,Welche Form passt? office,,online request,,Kann ich den Antrag online stellen?,,Watch: wrong verb machen,,,,,imported_source_without_replacement_layer_match,
content/b1-m03-job-search-offices.js,v080149_cat03_redemittel_cat03_r_033,cat03-r-033,cat03-r-033,EXCEPTION_REVIEW,manual review: imported row has sourceRowId but no comparison/recovery match,untouched_exception_review,,manifest exception review,,Welche Form passt? office,,understanding notice,,Ich habe den Bescheid nicht verstanden.,,Watch: Perfekt form,,,,,imported_source_without_replacement_layer_match,
content/b1-m03-job-search-offices.js,v080149_cat03_redemittel_cat03_r_034,cat03-r-034,cat03-r-034,EXCEPTION_REVIEW,manual review: imported row has sourceRowId but no comparison/recovery match,untouched_exception_review,,manifest exception review,,Welche Form passt? office,,ask for explanation,,"Könnten Sie mir bitte erklären, was ich jetzt tun muss?",,Watch: verb-final in indirect question,,,,,imported_source_without_replacement_layer_match,
content/b1-m03-job-search-offices.js,v080149_cat03_redemittel_cat03_r_035,cat03-r-035,cat03-r-035,EXCEPTION_REVIEW,manual review: imported row has sourceRowId but no comparison/recovery match,untouched_exception_review,,manifest exception review,,Welche Form passt? office,,follow-up,,Ich habe eine Rückfrage zu Ihrem Schreiben.,,Watch: zu/über; register,,,,,imported_source_without_replacement_layer_match,
content/b1-m03-job-search-offices.js,v080149_cat03_redemittel_cat03_r_036,cat03-r-036,cat03-r-036,EXCEPTION_REVIEW,manual review: imported row has sourceRowId but no comparison/recovery match,untouched_exception_review,,manifest exception review,,Welche Form passt? office,,identifier,,Meine Kundennummer ist 123456.,,Watch: identifier confusion,,,,,imported_source_without_replacement_layer_match,
content/b1-m03-job-search-offices.js,v080149_cat03_redemittel_cat03_r_037,cat03-r-037,cat03-r-037,EXCEPTION_REVIEW,manual review: imported row has sourceRowId but no comparison/recovery match,untouched_exception_review,,manifest exception review,,Welche Form passt? office,,identifier,,Mein Aktenzeichen ist AB-123.,,Watch: identifier confusion,,,,,imported_source_without_replacement_layer_match,
content/b1-m03-job-search-offices.js,v080149_cat03_redemittel_cat03_r_041,cat03-r-041,cat03-r-041,EXCEPTION_REVIEW,manual review: imported row has sourceRowId but no comparison/recovery match,untouched_exception_review,,manifest exception review,,Welche Form passt? office,,certificate need,,Ich brauche eine Bescheinigung für meinen Termin.,,Watch: document-function confusion,,,,,imported_source_without_replacement_layer_match,
content/b1-m03-job-search-offices.js,v080149_cat03_redemittel_cat03_r_042,cat03-r-042,cat03-r-042,EXCEPTION_REVIEW,manual review: imported row has sourceRowId but no comparison/recovery match,untouched_exception_review,,manifest exception review,,Welche Form passt? office,,copy submission,,Ich möchte eine Kopie abgeben.,,Watch: copy/original confusion,,,,,imported_source_without_replacement_layer_match,
content/b1-m03-job-search-offices.js,v080149_cat03_redemittel_cat03_r_043,cat03-r-043,cat03-r-043,EXCEPTION_REVIEW,manual review: imported row has sourceRowId but no comparison/recovery match,untouched_exception_review,,manifest exception review,,Welche Form passt? office,,original available,,Das Original habe ich dabei.,,Watch: V2 after object-first phrase,,,,,imported_source_without_replacement_layer_match,
content/b1-m03-job-search-offices.js,v080149_cat03_redemittel_cat03_r_045,cat03-r-045,cat03-r-045,EXCEPTION_REVIEW,manual review: imported row has sourceRowId but no comparison/recovery match,untouched_exception_review,,manifest exception review,,Welche Form passt? office appointment,,appointment request overlap,,Ich bitte um einen neuen Termin.,,Watch: register; preposition,,,,,imported_source_without_replacement_layer_match,
content/b1-m03-job-search-offices.js,v080149_cat03_redemittel_cat03_r_047,cat03-r-047,cat03-r-047,EXCEPTION_REVIEW,manual review: imported row has sourceRowId but no comparison/recovery match,untouched_exception_review,,manifest exception review,,Welche Form passt? Berufsberatung,,training interest,,Ich möchte eine Weiterbildung machen.,,Watch: verb frame,,,,,imported_source_without_replacement_layer_match,
content/b1-m03-job-search-offices.js,v080149_cat03_redemittel_cat03_r_048,cat03-r-048,cat03-r-048,EXCEPTION_REVIEW,manual review: imported row has sourceRowId but no comparison/recovery match,untouched_exception_review,,manifest exception review,,Welche Form passt? Berufsberatung,,retraining interest,,Ich interessiere mich für eine Umschulung.,,Watch: wrong preposition,,,,,imported_source_without_replacement_layer_match,
content/b1-m03-job-search-offices.js,v080149_cat03_redemittel_cat03_r_049,cat03-r-049,cat03-r-049,EXCEPTION_REVIEW,manual review: imported row has sourceRowId but no comparison/recovery match,untouched_exception_review,,manifest exception review,,Welche Form passt? Berufsberatung,,ask for jobs,,Gibt es passende Stellenangebote?,,Watch: plural/adjective if expanded,,,,,imported_source_without_replacement_layer_match,
content/b1-m03-job-search-offices.js,v080149_cat03_redemittel_cat03_r_050,cat03-r-050,cat03-r-050,EXCEPTION_REVIEW,manual review: imported row has sourceRowId but no comparison/recovery match,untouched_exception_review,,manifest exception review,,Welche Form passt? Berufsberatung,,ask for jobs,,Können Sie mir passende Stellen zuschicken?,,Watch: word order; dative pronoun,,,,,imported_source_without_replacement_layer_match,
content/b1-m03-job-search-offices.js,v080149_cat03_redemittel_cat03_r_052,cat03-r-052,cat03-r-052,EXCEPTION_REVIEW,manual review: imported row has sourceRowId but no comparison/recovery match,untouched_exception_review,,manifest exception review,,Welche Form passt? job search follow-up,,waiting for response,,Ich warte noch auf eine Rückmeldung.,,Watch: wrong preposition für,,,,,imported_source_without_replacement_layer_match,
content/b1-m03-job-search-offices.js,v080149_cat03_redemittel_cat03_r_053,cat03-r-053,cat03-r-053,EXCEPTION_REVIEW,manual review: imported row has sourceRowId but no comparison/recovery match,untouched_exception_review,,manifest exception review,,Welche Form passt? office/job search,,contact details,,Ich bin telefonisch unter 0176 ... erreichbar.,,Watch: word order; wrong adjective,,,,,imported_source_without_replacement_layer_match,
content/b1-m03-job-search-offices.js,v080149_cat03_redemittel_cat03_r_054,cat03-r-054,cat03-r-054,EXCEPTION_REVIEW,manual review: imported row has sourceRowId but no comparison/recovery match,untouched_exception_review,,manifest exception review,,Welche Form passt? office/job search,,thanks,,Vielen Dank für Ihre Hilfe.,,Watch: article/possessive,,,,,imported_source_without_replacement_layer_match,
content/b1-m03-job-search-offices.js,v080149_cat03_redemittel_cat03_r_055,cat03-r-055,cat03-r-055,EXCEPTION_REVIEW,manual review: imported row has sourceRowId but no comparison/recovery match,untouched_exception_review,,manifest exception review,,Welche Form passt? office,,late submission,,Ich reiche die Unterlagen heute nach.,,Watch: separable verb position,,,,,imported_source_without_replacement_layer_match,
content/b1-m03-job-search-offices.js,v080149_cat03_wortschatz_cat03_w_078,cat03-w-078,cat03-w-078,EXCEPTION_REVIEW,manual review: imported row has sourceRowId but no comparison/recovery match,untouched_exception_review,,manifest exception review,,Welches Wort passt? submit/make an application/request,,Admin time and status,,Antrag stellen,,using machen,,,,,imported_source_without_replacement_layer_match,
content/b1-m03-job-search-offices.js,v080149_cat03_wortschatz_cat03_w_079,cat03-w-079,cat03-w-079,EXCEPTION_REVIEW,manual review: imported row has sourceRowId but no comparison/recovery match,untouched_exception_review,,manifest exception review,,Welches Wort passt? fill in a form,,Admin time and status,,Formular ausfüllen,,wrong verb,,,,,imported_source_without_replacement_layer_match,
content/b1-m03-job-search-offices.js,v080149_cat03_wortschatz_cat03_w_080,cat03-w-080,cat03-w-080,EXCEPTION_REVIEW,manual review: imported row has sourceRowId but no comparison/recovery match,untouched_exception_review,,manifest exception review,,Welches Wort passt? submit documents,,Admin time and status,,Unterlagen einreichen,,wrong verb or separable position,,,,,imported_source_without_replacement_layer_match,
content/b1-m03-job-search-offices.js,v080149_cat03_wortschatz_cat03_w_081,cat03-w-081,cat03-w-081,EXCEPTION_REVIEW,manual review: imported row has sourceRowId but no comparison/recovery match,untouched_exception_review,,manifest exception review,,Welches Wort passt? submit documents later,,Admin time and status,,Unterlagen nachreichen,,einreichen/nachreichen contrast,,,,,imported_source_without_replacement_layer_match,
content/b1-m03-job-search-offices.js,v080149_cat03_wortschatz_cat03_w_082,cat03-w-082,cat03-w-082,EXCEPTION_REVIEW,manual review: imported row has sourceRowId but no comparison/recovery match,untouched_exception_review,,manifest exception review,,Welches Wort passt? present proof/supporting document,,Admin time and status,,Nachweis vorlegen,,formalness and verb choice,,,,,imported_source_without_replacement_layer_match,
content/b1-m03-job-search-offices.js,v080149_cat03_wortschatz_cat03_w_085,cat03-w-085,cat03-w-085,EXCEPTION_REVIEW,manual review: imported row has sourceRowId but no comparison/recovery match,untouched_exception_review,,manifest exception review,,Welches Wort passt? apply for / request officially,,Admin time and status,,beantragen,,verb-governance confusion,,,,,imported_source_without_replacement_layer_match,
content/b1-m03-job-search-offices.js,v080149_cat03_wortschatz_cat03_w_086,cat03-w-086,cat03-w-086,EXCEPTION_REVIEW,manual review: imported row has sourceRowId but no comparison/recovery match,untouched_exception_review,,manifest exception review,,Welches Wort passt? responsible / competent authority,,Admin time and status,,zuständig,,meaning confusion,,,,,imported_source_without_replacement_layer_match,
content/b1-m03-job-search-offices.js,v080149_cat03_wortschatz_cat03_w_087,cat03-w-087,cat03-w-087,EXCEPTION_REVIEW,manual review: imported row has sourceRowId but no comparison/recovery match,untouched_exception_review,,manifest exception review,,Welches Wort passt? complete,,Admin time and status,,vollständig,,wrong adjective,,,,,imported_source_without_replacement_layer_match,
content/b1-m03-job-search-offices.js,v080149_cat03_wortschatz_cat03_w_088,cat03-w-088,cat03-w-088,EXCEPTION_REVIEW,manual review: imported row has sourceRowId but no comparison/recovery match,untouched_exception_review,,manifest exception review,,Welches Wort passt? missing,,Admin time and status,,fehlend,,adjective endings if expanded,,,,,imported_source_without_replacement_layer_match,
content/b1-m03-job-search-offices.js,v080149_cat03_wortschatz_cat03_w_090,cat03-w-090,cat03-w-090,EXCEPTION_REVIEW,manual review: imported row has sourceRowId but no comparison/recovery match,untouched_exception_review,,manifest exception review,,Welches Wort passt? on time / in time,,Admin time and status,,rechtzeitig,,time adverb distinction,,,,,imported_source_without_replacement_layer_match,
content/b1-m03-job-search-offices.js,v080149_cat03_wortschatz_cat03_w_091,cat03-w-091,cat03-w-091,EXCEPTION_REVIEW,manual review: imported row has sourceRowId but no comparison/recovery match,untouched_exception_review,,manifest exception review,,Welches Wort passt? in writing,,Admin channel,,schriftlich,,channel confusion,,,,,imported_source_without_replacement_layer_match,
content/b1-m03-job-search-offices.js,v080149_cat03_wortschatz_cat03_w_092,cat03-w-092,cat03-w-092,EXCEPTION_REVIEW,manual review: imported row has sourceRowId but no comparison/recovery match,untouched_exception_review,,manifest exception review,,Welches Wort passt? in person / personally,,Admin channel,,persönlich,,channel confusion,,,,,imported_source_without_replacement_layer_match,
content/b1-m03-job-search-offices.js,v080149_cat03_wortschatz_cat03_w_093,cat03-w-093,cat03-w-093,EXCEPTION_REVIEW,manual review: imported row has sourceRowId but no comparison/recovery match,untouched_exception_review,,manifest exception review,,Welches Wort passt? online,,Admin channel,,online,,channel confusion,,,,,imported_source_without_replacement_layer_match,
content/b1-m04-applications.js,v080149_cat04_contrast_cat04_cs_003,cat04-cs-003,cat04-cs-003,EXCEPTION_REVIEW,manual review: imported row has sourceRowId but no comparison/recovery match,untouched_exception_review,,manifest exception review,,Welche Form passt in einer E-Mail?,,Im Anhang vs Anbei vs Anlage,,Im Anhang finden Sie meinen Lebenslauf.,,Use `im Anhang finden Sie ...` for attachments.,,,,,imported_source_without_replacement_layer_match,
content/b1-m04-applications.js,v080149_cat04_contrast_cat04_cs_004,cat04-cs-004,cat04-cs-004,EXCEPTION_REVIEW,manual review: imported row has sourceRowId but no comparison/recovery match,untouched_exception_review,,manifest exception review,,Welche Bewerbungsart ist gemeint?,,E-Mail-Bewerbung vs Online-Bewerbung,,Online-Bewerbung,,`Online-Bewerbung` usually means portal/form upload.,,,,,imported_source_without_replacement_layer_match,
content/b1-m04-applications.js,v080149_cat04_contrast_cat04_cs_005,cat04-cs-005,cat04-cs-005,EXCEPTION_REVIEW,manual review: imported row has sourceRowId but no comparison/recovery match,untouched_exception_review,,manifest exception review,,Welche Rückmeldung ist das?,,Zusage vs Absage vs Einladung,,Einladung zum Vorstellungsgespräch,,An interview invitation is not the same as a Zusage.,,,,,imported_source_without_replacement_layer_match,
content/b1-m04-applications.js,v080149_cat04_contrast_cat04_cs_006,cat04-cs-006,cat04-cs-006,EXCEPTION_REVIEW,manual review: imported row has sourceRowId but no comparison/recovery match,untouched_exception_review,,manifest exception review,,Welche Situation ist gemeint?,,Vorstellungsgespräch vs Beratungsgespräch,,Vorstellungsgespräch,,`Vorstellungsgespräch` is the job interview.,,,,,imported_source_without_replacement_layer_match,
content/b1-m04-applications.js,v080149_cat04_contrast_cat04_cs_011,cat04-cs-011,cat04-cs-011,EXCEPTION_REVIEW,manual review: imported row has sourceRowId but no comparison/recovery match,untouched_exception_review,,manifest exception review,,Welche Präposition passt?,,auf B1-Niveau vs in B1-Niveau,,auf B1-Niveau,,Use `auf B1-Niveau`.,,,,,imported_source_without_replacement_layer_match,
content/b1-m04-applications.js,v080149_cat04_contrast_cat04_cs_012,cat04-cs-012,cat04-cs-012,EXCEPTION_REVIEW,manual review: imported row has sourceRowId but no comparison/recovery match,untouched_exception_review,,manifest exception review,,Welche Form ist richtig?,,als vs wie,,Ich habe als Lagerhelfer gearbeitet.,,Use `als` for a role.,,,,,imported_source_without_replacement_layer_match,
content/b1-m04-applications.js,v080149_cat04_contrast_cat04_cs_015,cat04-cs-015,cat04-cs-015,EXCEPTION_REVIEW,manual review: imported row has sourceRowId but no comparison/recovery match,untouched_exception_review,,manifest exception review,,Welche Form passt im Bewerbungsgespräch?,,verfügbar vs erreichbar,,Ich bin ab sofort verfügbar.,,`verfügbar` means available to start/work.,,,,,imported_source_without_replacement_layer_match,
content/b1-m04-applications.js,v080149_cat04_contrast_cat04_cs_017,cat04-cs-017,cat04-cs-017,EXCEPTION_REVIEW,manual review: imported row has sourceRowId but no comparison/recovery match,untouched_exception_review,,manifest exception review,,Welche Antwort ist gemeint?,,Rückmeldung vs Eingangsbestätigung,,Rückmeldung,,`Rückmeldung` is broader than `Eingangsbestätigung`.,,,,,imported_source_without_replacement_layer_match,
content/b1-m04-applications.js,v080149_cat04_contrast_cat04_cs_019,cat04-cs-019,cat04-cs-019,EXCEPTION_REVIEW,manual review: imported row has sourceRowId but no comparison/recovery match,untouched_exception_review,,manifest exception review,,Welche Eigenschaft passt?,,zuverlässig vs pünktlich vs belastbar,,zuverlässig,,Soft skills are close but not identical.,,,,,imported_source_without_replacement_layer_match,
content/b1-m04-applications.js,v080149_cat04_contrast_cat04_cs_022,cat04-cs-022,cat04-cs-022,EXCEPTION_REVIEW,manual review: imported row has sourceRowId but no comparison/recovery match,untouched_exception_review,,manifest exception review,,Welche Verbindung passt?,,weil vs um ... zu,,"Ich bewerbe mich, weil ich Erfahrung habe.",,Use `weil` for a reason; verb goes to the end.,,,,,imported_source_without_replacement_layer_match,
content/b1-m04-applications.js,v080149_cat04_practice_family_cat04_pf_047,cat04-pf-047,cat04-pf-047,EXCEPTION_REVIEW,manual review: imported row has sourceRowId but no comparison/recovery match,untouched_exception_review,,manifest exception review,,Ich interessiere mich um die Stelle.,,Korrigiere den Satz.,,Ich interessiere mich für die Stelle.,,Frame: `sich interessieren für + Akkusativ`.,,,,,imported_source_without_replacement_layer_match,
content/b1-m04-applications.js,v080149_cat04_practice_family_cat04_pf_048,cat04-pf-048,cat04-pf-048,EXCEPTION_REVIEW,manual review: imported row has sourceRowId but no comparison/recovery match,untouched_exception_review,,manifest exception review,,In Anhang finden Sie meine Unterlagen.,,Korrigiere den Satz.,,Im Anhang finden Sie meine Unterlagen.,,Email phrase: `im Anhang`.,,,,,imported_source_without_replacement_layer_match,
content/b1-m04-applications.js,v080149_cat04_practice_family_cat04_pf_049,cat04-pf-049,cat04-pf-049,EXCEPTION_REVIEW,manual review: imported row has sourceRowId but no comparison/recovery match,untouched_exception_review,,manifest exception review,,Ich reiche meine Unterlagen morgen nach ein.,,Korrigiere den Satz.,,Ich reiche meine Unterlagen morgen ein.,,For first submission use `einreichen`; `nachreichen` is for later missing items.,,,,,imported_source_without_replacement_layer_match,
content/b1-m04-applications.js,v080149_cat04_practice_family_cat04_pf_050,cat04-pf-050,cat04-pf-050,EXCEPTION_REVIEW,manual review: imported row has sourceRowId but no comparison/recovery match,untouched_exception_review,,manifest exception review,,Ich reiche das fehlende Zeugnis morgen ein nach.,,Korrigiere den Satz.,,Ich reiche das fehlende Zeugnis morgen nach.,,Separable verb: `nachreichen` → `reiche ... nach`.,,,,,imported_source_without_replacement_layer_match,
content/b1-m04-applications.js,v080149_cat04_practice_family_cat04_pf_051,cat04-pf-051,cat04-pf-051,EXCEPTION_REVIEW,manual review: imported row has sourceRowId but no comparison/recovery match,untouched_exception_review,,manifest exception review,,Vielen Dank für die Einladung für Vorstellungsgespräch.,,Korrigiere den Satz.,,Vielen Dank für die Einladung zum Vorstellungsgespräch.,,Use `Einladung zum Vorstellungsgespräch`.,,,,,imported_source_without_replacement_layer_match,
content/b1-m04-applications.js,v080149_cat04_practice_family_cat04_pf_052,cat04-pf-052,cat04-pf-052,EXCEPTION_REVIEW,manual review: imported row has sourceRowId but no comparison/recovery match,untouched_exception_review,,manifest exception review,,Ich bin ab sofort erreichbar für die Arbeit.,,Korrigiere den Satz.,,Ich bin ab sofort verfügbar.,,"For start availability use `verfügbar`, not `erreichbar`.",,,,,imported_source_without_replacement_layer_match,
content/b1-m04-applications.js,v080149_cat04_practice_family_cat04_pf_053,cat04-pf-053,cat04-pf-053,EXCEPTION_REVIEW,manual review: imported row has sourceRowId but no comparison/recovery match,untouched_exception_review,,manifest exception review,,Ich habe zwei Jahre Beruf Erfahrung.,,Korrigiere den Satz.,,Ich habe zwei Jahre Berufserfahrung.,,`Berufserfahrung` is one compound noun.,,,,,imported_source_without_replacement_layer_match,
content/b1-m04-applications.js,v080149_cat04_practice_family_cat04_pf_054,cat04-pf-054,cat04-pf-054,EXCEPTION_REVIEW,manual review: imported row has sourceRowId but no comparison/recovery match,untouched_exception_review,,manifest exception review,,Ich habe wie Küchenhilfe gearbeitet.,,Korrigiere den Satz.,,Ich habe als Küchenhilfe gearbeitet.,,Use `als` for a role/job title.,,,,,imported_source_without_replacement_layer_match,
content/b1-m04-applications.js,v080149_cat04_practice_family_cat04_pf_055,cat04-pf-055,cat04-pf-055,EXCEPTION_REVIEW,manual review: imported row has sourceRowId but no comparison/recovery match,untouched_exception_review,,manifest exception review,,Ich war mit Kundenkontakt zuständig.,,Korrigiere den Satz.,,Ich war für Kundenkontakt zuständig.,,Frame: `zuständig sein für`.,,,,,imported_source_without_replacement_layer_match,
content/b1-m04-applications.js,v080149_cat04_practice_family_cat04_pf_056,cat04-pf-056,cat04-pf-056,EXCEPTION_REVIEW,manual review: imported row has sourceRowId but no comparison/recovery match,untouched_exception_review,,manifest exception review,,Meine Deutschkenntnisse sind in B1-Niveau.,,Korrigiere den Satz.,,Meine Deutschkenntnisse sind auf B1-Niveau.,,Use `auf B1-Niveau`.,,,,,imported_source_without_replacement_layer_match,
content/b1-m04-applications.js,v080149_cat04_practice_family_cat04_pf_057,cat04-pf-057,cat04-pf-057,EXCEPTION_REVIEW,manual review: imported row has sourceRowId but no comparison/recovery match,untouched_exception_review,,manifest exception review,,Ich bin vertraut mit das Programm.,,Korrigiere den Satz.,,Ich bin mit dem Programm vertraut.,,Frame: `mit + Dativ vertraut sein`.,,,,,imported_source_without_replacement_layer_match,
content/b1-m04-applications.js,v080149_cat04_practice_family_cat04_pf_058,cat04-pf-058,cat04-pf-058,EXCEPTION_REVIEW,manual review: imported row has sourceRowId but no comparison/recovery match,untouched_exception_review,,manifest exception review,,Ich bin Teamfähigkeit.,,Korrigiere den Satz.,,Ich arbeite gern im Team.,,Use an action phrase instead of the abstract noun.,,,,,imported_source_without_replacement_layer_match,
content/b1-m04-applications.js,v080149_cat04_practice_family_cat04_pf_059,cat04-pf-059,cat04-pf-059,EXCEPTION_REVIEW,manual review: imported row has sourceRowId but no comparison/recovery match,untouched_exception_review,,manifest exception review,,Wiederholen Sie die Frage.,,Korrigiere die höfliche Frage.,,Könnten Sie die Frage bitte wiederholen?,,`Könnten Sie bitte ...?` is a softer interview request.,,,,,imported_source_without_replacement_layer_match,
content/b1-m04-applications.js,v080149_cat04_practice_family_cat04_pf_060,cat04-pf-060,cat04-pf-060,EXCEPTION_REVIEW,manual review: imported row has sourceRowId but no comparison/recovery match,untouched_exception_review,,manifest exception review,,"Ich bewerbe mich, weil ich habe Erfahrung.",,Korrigiere den Satz.,,"Ich bewerbe mich, weil ich Erfahrung habe.",,"With `weil`, the finite verb goes to the end.",,,,,imported_source_without_replacement_layer_match,
content/b1-m04-applications.js,v080149_cat04_practice_family_cat04_pf_061,cat04-pf-061,cat04-pf-061,EXCEPTION_REVIEW,manual review: imported row has sourceRowId but no comparison/recovery match,untouched_exception_review,,manifest exception review,,Von 2021 bis 2023 ich habe im Lager gearbeitet.,,Korrigiere den Satz.,,Von 2021 bis 2023 habe ich im Lager gearbeitet.,,"After a fronted time phrase, the finite verb stays in position 2.",,,,,imported_source_without_replacement_layer_match,
content/b1-m04-applications.js,v080149_cat04_redemittel_cat04_r_001,cat04-r-001,cat04-r-001,EXCEPTION_REVIEW,manual review: imported row has sourceRowId but no comparison/recovery match,untouched_exception_review,,manifest exception review,,Welche Form passt? application email,,email opening,,"Sehr geehrte Frau Müller,",,Watch: missing comma/register mismatch,,,,,imported_source_without_replacement_layer_match,
content/b1-m04-applications.js,v080149_cat04_redemittel_cat04_r_002,cat04-r-002,cat04-r-002,EXCEPTION_REVIEW,manual review: imported row has sourceRowId but no comparison/recovery match,untouched_exception_review,,manifest exception review,,Welche Form passt? application email,,email opening,,"Sehr geehrter Herr Schneider,",,Watch: wrong adjective ending,,,,,imported_source_without_replacement_layer_match,
content/b1-m04-applications.js,v080149_cat04_redemittel_cat04_r_003,cat04-r-003,cat04-r-003,EXCEPTION_REVIEW,manual review: imported row has sourceRowId but no comparison/recovery match,untouched_exception_review,,manifest exception review,,Welche Form passt? unknown contact,,email opening,,"Sehr geehrte Damen und Herren,",,Watch: wrong comma/capitalisation,,,,,imported_source_without_replacement_layer_match,
content/b1-m04-applications.js,v080149_cat04_redemittel_cat04_r_004,cat04-r-004,cat04-r-004,EXCEPTION_REVIEW,manual review: imported row has sourceRowId but no comparison/recovery match,untouched_exception_review,,manifest exception review,,Welche Form passt? application email,,state application,,Ich bewerbe mich um die Stelle als Lagerhelfer.,,Watch: wrong preposition/reflexive,,,,,imported_source_without_replacement_layer_match,
content/b1-m04-applications.js,v080149_cat04_redemittel_cat04_r_006,cat04-r-006,cat04-r-006,EXCEPTION_REVIEW,manual review: imported row has sourceRowId but no comparison/recovery match,untouched_exception_review,,manifest exception review,,Welche Form passt? application email,,refer to advert,,Ich habe Ihre Stellenanzeige online gesehen.,,Watch: wrong article,,,,,imported_source_without_replacement_layer_match,
content/b1-m04-applications.js,v080149_cat04_redemittel_cat04_r_007,cat04-r-007,cat04-r-007,EXCEPTION_REVIEW,manual review: imported row has sourceRowId but no comparison/recovery match,untouched_exception_review,,manifest exception review,,Welche Form passt? application email,,state interest,,Die Stelle interessiert mich sehr.,,Watch: wrong verb frame,,,,,imported_source_without_replacement_layer_match,
content/b1-m04-applications.js,v080149_cat04_redemittel_cat04_r_008,cat04-r-008,cat04-r-008,EXCEPTION_REVIEW,manual review: imported row has sourceRowId but no comparison/recovery match,untouched_exception_review,,manifest exception review,,Welche Form passt? application email,,state interest,,Ich interessiere mich für die Stelle.,,Watch: wrong preposition/reflexive,,,,,imported_source_without_replacement_layer_match,
content/b1-m04-applications.js,v080149_cat04_redemittel_cat04_r_009,cat04-r-009,cat04-r-009,EXCEPTION_REVIEW,manual review: imported row has sourceRowId but no comparison/recovery match,untouched_exception_review,,manifest exception review,,Welche Form passt? application email,,send attachment,,Im Anhang finden Sie meinen Lebenslauf.,,Watch: wrong article/case,,,,,imported_source_without_replacement_layer_match,
content/b1-m04-applications.js,v080149_cat04_redemittel_cat04_r_010,cat04-r-010,cat04-r-010,EXCEPTION_REVIEW,manual review: imported row has sourceRowId but no comparison/recovery match,untouched_exception_review,,manifest exception review,,Welche Form passt? application email,,send attachment,,Im Anhang finden Sie meine Bewerbungsunterlagen.,,Watch: wrong plural handling,,,,,imported_source_without_replacement_layer_match,
content/b1-m04-applications.js,v080149_cat04_redemittel_cat04_r_013,cat04-r-013,cat04-r-013,EXCEPTION_REVIEW,manual review: imported row has sourceRowId but no comparison/recovery match,untouched_exception_review,,manifest exception review,,Welche Form passt? follow-up email,,ask receipt,,"Könnten Sie mir bitte kurz bestätigen, dass meine Bewerbung angekommen ist?",,Watch: dass word order risk,,,,,imported_source_without_replacement_layer_match,
content/b1-m04-applications.js,v080149_cat04_redemittel_cat04_r_014,cat04-r-014,cat04-r-014,EXCEPTION_REVIEW,manual review: imported row has sourceRowId but no comparison/recovery match,untouched_exception_review,,manifest exception review,,Welche Form passt? follow-up email,,follow-up,,"Ich wollte kurz nachfragen, ob es schon eine Rückmeldung gibt.",,Watch: wrong ob placement,,,,,imported_source_without_replacement_layer_match,
content/b1-m04-applications.js,v080149_cat04_redemittel_cat04_r_015,cat04-r-015,cat04-r-015,EXCEPTION_REVIEW,manual review: imported row has sourceRowId but no comparison/recovery match,untouched_exception_review,,manifest exception review,,Welche Form passt? interview invitation,,reply thanks,,Vielen Dank für die Einladung zum Vorstellungsgespräch.,,Watch: wrong preposition/case,,,,,imported_source_without_replacement_layer_match,
content/b1-m04-applications.js,v080149_cat04_redemittel_cat04_r_016,cat04-r-016,cat04-r-016,EXCEPTION_REVIEW,manual review: imported row has sourceRowId but no comparison/recovery match,untouched_exception_review,,manifest exception review,,Welche Form passt? interview invitation,,confirm interview,,Den Termin am Dienstag bestätige ich gern.,,Watch: missing accusative article,,,,,imported_source_without_replacement_layer_match,
content/b1-m04-applications.js,v080149_cat04_redemittel_cat04_r_017,cat04-r-017,cat04-r-017,EXCEPTION_REVIEW,manual review: imported row has sourceRowId but no comparison/recovery match,untouched_exception_review,,manifest exception review,,Welche Form passt? interview invitation,,confirm interview,,Der Termin für das Vorstellungsgespräch passt mir gut.,,Watch: wrong verb,,,,,imported_source_without_replacement_layer_match,
content/b1-m04-applications.js,v080149_cat04_redemittel_cat04_r_018,cat04-r-018,cat04-r-018,EXCEPTION_REVIEW,manual review: imported row has sourceRowId but no comparison/recovery match,untouched_exception_review,,manifest exception review,,Welche Form passt? interview invitation,,reschedule interview,,Leider bin ich an diesem Tag verhindert.,,Watch: wrong auxiliary,,,,,imported_source_without_replacement_layer_match,
content/b1-m04-applications.js,v080149_cat04_redemittel_cat04_r_019,cat04-r-019,cat04-r-019,EXCEPTION_REVIEW,manual review: imported row has sourceRowId but no comparison/recovery match,untouched_exception_review,,manifest exception review,,Welche Form passt? interview invitation,,reschedule interview,,Wäre ein anderer Termin möglich?,,Watch: article/capitalisation,,,,,imported_source_without_replacement_layer_match,
content/b1-m04-applications.js,v080149_cat04_redemittel_cat04_r_020,cat04-r-020,cat04-r-020,EXCEPTION_REVIEW,manual review: imported row has sourceRowId but no comparison/recovery match,untouched_exception_review,,manifest exception review,,Welche Form passt? interview invitation,,close interview reply,,Ich freue mich auf das Gespräch.,,Watch: wrong preposition,,,,,imported_source_without_replacement_layer_match,
content/b1-m04-applications.js,v080149_cat04_redemittel_cat04_r_023,cat04-r-023,cat04-r-023,EXCEPTION_REVIEW,manual review: imported row has sourceRowId but no comparison/recovery match,untouched_exception_review,,manifest exception review,,Welche Form passt? application email,,close application,,Bei Fragen melden Sie sich gern.,,Watch: imperative/register nuance,,,,,imported_source_without_replacement_layer_match,
content/b1-m04-applications.js,v080149_cat04_redemittel_cat04_r_024,cat04-r-024,cat04-r-024,EXCEPTION_REVIEW,manual review: imported row has sourceRowId but no comparison/recovery match,untouched_exception_review,,manifest exception review,,Welche Form passt? application email,,email closing,,Mit freundlichen Grüßen,,Watch: wrong capitalisation/comma,,,,,imported_source_without_replacement_layer_match,
content/b1-m04-applications.js,v080149_cat04_redemittel_cat04_r_025,cat04-r-025,cat04-r-025,EXCEPTION_REVIEW,manual review: imported row has sourceRowId but no comparison/recovery match,untouched_exception_review,,manifest exception review,,Welche Form passt? interview answer,,state experience,,Ich habe drei Jahre Berufserfahrung im Verkauf.,,Watch: wrong preposition,,,,,imported_source_without_replacement_layer_match,
content/b1-m04-applications.js,v080149_cat04_redemittel_cat04_r_026,cat04-r-026,cat04-r-026,EXCEPTION_REVIEW,manual review: imported row has sourceRowId but no comparison/recovery match,untouched_exception_review,,manifest exception review,,Welche Form passt? interview answer,,state experience,,In meiner letzten Stelle war ich für den Kundenkontakt zuständig.,,Watch: word order/preposition,,,,,imported_source_without_replacement_layer_match,
content/b1-m04-applications.js,v080149_cat04_redemittel_cat04_r_027,cat04-r-027,cat04-r-027,EXCEPTION_REVIEW,manual review: imported row has sourceRowId but no comparison/recovery match,untouched_exception_review,,manifest exception review,,Welche Form passt? interview answer,,state experience,,Ich habe im Bereich Logistik gearbeitet.,,Watch: wrong preposition,,,,,imported_source_without_replacement_layer_match,
content/b1-m04-applications.js,v080149_cat04_redemittel_cat04_r_028,cat04-r-028,cat04-r-028,EXCEPTION_REVIEW,manual review: imported row has sourceRowId but no comparison/recovery match,untouched_exception_review,,manifest exception review,,Welche Form passt? interview answer,,state role,,Ich habe als Reinigungskraft gearbeitet.,,Watch: wrong `wie`,,,,,imported_source_without_replacement_layer_match,
content/b1-m04-applications.js,v080149_cat04_redemittel_cat04_r_029,cat04-r-029,cat04-r-029,EXCEPTION_REVIEW,manual review: imported row has sourceRowId but no comparison/recovery match,untouched_exception_review,,manifest exception review,,Welche Form passt? interview answer,,state skills,,Ich habe gute Deutschkenntnisse.,,Watch: wrong verb,,,,,imported_source_without_replacement_layer_match,
content/b1-m04-applications.js,v080149_cat04_redemittel_cat04_r_030,cat04-r-030,cat04-r-030,EXCEPTION_REVIEW,manual review: imported row has sourceRowId but no comparison/recovery match,untouched_exception_review,,manifest exception review,,Welche Form passt? interview answer,,state skills,,Meine Deutschkenntnisse sind auf B1-Niveau.,,Watch: wrong preposition,,,,,imported_source_without_replacement_layer_match,
content/b1-m04-applications.js,v080149_cat04_redemittel_cat04_r_031,cat04-r-031,cat04-r-031,EXCEPTION_REVIEW,manual review: imported row has sourceRowId but no comparison/recovery match,untouched_exception_review,,manifest exception review,,Welche Form passt? interview answer,,state skills,,Ich bin mit dem Programm vertraut.,,Watch: different frame,,,,,imported_source_without_replacement_layer_match,
content/b1-m04-applications.js,v080149_cat04_redemittel_cat04_r_032,cat04-r-032,cat04-r-032,EXCEPTION_REVIEW,manual review: imported row has sourceRowId but no comparison/recovery match,untouched_exception_review,,manifest exception review,,Welche Form passt? interview answer,,state skill,,Ich arbeite gern im Team.,,Watch: noun/adjective mismatch,,,,,imported_source_without_replacement_layer_match,
content/b1-m04-applications.js,v080149_cat04_redemittel_cat04_r_033,cat04-r-033,cat04-r-033,EXCEPTION_REVIEW,manual review: imported row has sourceRowId but no comparison/recovery match,untouched_exception_review,,manifest exception review,,Welche Form passt? interview answer,,state skill,,Ich kann auch selbstständig arbeiten.,,Watch: meaning ambiguity,,,,,imported_source_without_replacement_layer_match,
content/b1-m04-applications.js,v080149_cat04_redemittel_cat04_r_034,cat04-r-034,cat04-r-034,EXCEPTION_REVIEW,manual review: imported row has sourceRowId but no comparison/recovery match,untouched_exception_review,,manifest exception review,,Welche Form passt? interview answer,,state motivation,,Ich möchte mich beruflich weiterentwickeln.,,Watch: register/generic risk,,,,,imported_source_without_replacement_layer_match,
content/b1-m04-applications.js,v080149_cat04_redemittel_cat04_r_035,cat04-r-035,cat04-r-035,EXCEPTION_REVIEW,manual review: imported row has sourceRowId but no comparison/recovery match,untouched_exception_review,,manifest exception review,,Welche Form passt? interview answer,,availability,,Ich kann ab dem 1. August anfangen.,,Watch: wrong time word,,,,,imported_source_without_replacement_layer_match,
content/b1-m04-applications.js,v080149_cat04_redemittel_cat04_r_036,cat04-r-036,cat04-r-036,EXCEPTION_REVIEW,manual review: imported row has sourceRowId but no comparison/recovery match,untouched_exception_review,,manifest exception review,,Welche Form passt? interview answer,,availability,,Ich bin ab sofort verfügbar.,,Watch: availability vs reachability,,,,,imported_source_without_replacement_layer_match,
content/b1-m04-applications.js,v080149_cat04_redemittel_cat04_r_037,cat04-r-037,cat04-r-037,EXCEPTION_REVIEW,manual review: imported row has sourceRowId but no comparison/recovery match,untouched_exception_review,,manifest exception review,,Welche Form passt? interview question,,ask question,,Ich habe noch eine Frage zur Stelle.,,Watch: wrong preposition,,,,,imported_source_without_replacement_layer_match,
content/b1-m04-applications.js,v080149_cat04_redemittel_cat04_r_042,cat04-r-042,cat04-r-042,EXCEPTION_REVIEW,manual review: imported row has sourceRowId but no comparison/recovery match,untouched_exception_review,,manifest exception review,,Welche Form passt? after rejection,,rejection response,,Vielen Dank für Ihre Rückmeldung.,,Watch: tone nuance,,,,,imported_source_without_replacement_layer_match,
content/b1-m04-applications.js,v080149_cat04_redemittel_cat04_r_044,cat04-r-044,cat04-r-044,EXCEPTION_REVIEW,manual review: imported row has sourceRowId but no comparison/recovery match,untouched_exception_review,,manifest exception review,,Welche Form passt? application follow-up,,ask missing document,,Ich reiche das fehlende Zeugnis nach.,,Watch: formal admin register,,,,,imported_source_without_replacement_layer_match,
content/b1-m04-applications.js,v080149_cat04_redemittel_cat04_r_045,cat04-r-045,cat04-r-045,EXCEPTION_REVIEW,manual review: imported row has sourceRowId but no comparison/recovery match,untouched_exception_review,,manifest exception review,,Welche Form passt? application portal,,explain upload issue,,Leider kann ich die Datei nicht hochladen.,,Watch: separable verb,,,,,imported_source_without_replacement_layer_match,
content/b1-m04-applications.js,v080149_cat04_redemittel_cat04_r_046,cat04-r-046,cat04-r-046,EXCEPTION_REVIEW,manual review: imported row has sourceRowId but no comparison/recovery match,untouched_exception_review,,manifest exception review,,Welche Form passt? application portal,,ask technical help,,Könnten Sie mir bitte beim Hochladen helfen?,,Watch: preposition/nominalisation,,,,,imported_source_without_replacement_layer_match,
content/b1-m04-applications.js,v080149_cat04_redemittel_cat04_r_047,cat04-r-047,cat04-r-047,EXCEPTION_REVIEW,manual review: imported row has sourceRowId but no comparison/recovery match,untouched_exception_review,,manifest exception review,,Welche Form passt? application follow-up,,state incomplete docs,,Meine Unterlagen sind noch nicht vollständig.,,Watch: wrong adjective,,,,,imported_source_without_replacement_layer_match,
content/b1-m04-applications.js,v080149_cat04_redemittel_cat04_r_048,cat04-r-048,cat04-r-048,EXCEPTION_REVIEW,manual review: imported row has sourceRowId but no comparison/recovery match,untouched_exception_review,,manifest exception review,,Welche Form passt? application email,,offer further info,,Gern sende ich Ihnen weitere Unterlagen.,,Watch: register/word choice,,,,,imported_source_without_replacement_layer_match,
content/b1-m04-applications.js,v080149_cat04_redemittel_cat04_r_049,cat04-r-049,cat04-r-049,EXCEPTION_REVIEW,manual review: imported row has sourceRowId but no comparison/recovery match,untouched_exception_review,,manifest exception review,,Welche Form passt? application email,,explain CV update,,Ich habe meinen Lebenslauf aktualisiert.,,Watch: wrong verb choice,,,,,imported_source_without_replacement_layer_match,
content/b1-m04-applications.js,v080149_cat04_redemittel_cat04_r_050,cat04-r-050,cat04-r-050,EXCEPTION_REVIEW,manual review: imported row has sourceRowId but no comparison/recovery match,untouched_exception_review,,manifest exception review,,Welche Form passt? interview answer,,state qualification,,Ich bringe die nötigen Qualifikationen mit.,,Watch: plural/register,,,,,imported_source_without_replacement_layer_match,
content/b1-m04-applications.js,v080149_cat04_redemittel_cat04_r_051,cat04-r-051,cat04-r-051,EXCEPTION_REVIEW,manual review: imported row has sourceRowId but no comparison/recovery match,untouched_exception_review,,manifest exception review,,Welche Form passt? interview answer,,state fit,,"Ich denke, dass ich gut zu der Stelle passe.",,Watch: preposition; dass word order,,,,,imported_source_without_replacement_layer_match,
content/b1-m04-applications.js,v080149_cat04_redemittel_cat04_r_052,cat04-r-052,cat04-r-052,EXCEPTION_REVIEW,manual review: imported row has sourceRowId but no comparison/recovery match,untouched_exception_review,,manifest exception review,,Welche Form passt? application email,,purpose,,"Ich möchte in diesem Bereich arbeiten, weil ich gern mit Menschen arbeite.",,Watch: connector word order,,,,,imported_source_without_replacement_layer_match,
content/b1-m04-applications.js,v080149_cat04_redemittel_cat04_r_053,cat04-r-053,cat04-r-053,EXCEPTION_REVIEW,manual review: imported row has sourceRowId but no comparison/recovery match,untouched_exception_review,,manifest exception review,,Welche Form passt? interview answer,,purpose,,"Ich bewerbe mich, weil ich mich beruflich weiterentwickeln möchte.",,Watch: connector word order,,,,,imported_source_without_replacement_layer_match,
content/b1-m04-applications.js,v080149_cat04_redemittel_cat04_r_055,cat04-r-055,cat04-r-055,EXCEPTION_REVIEW,manual review: imported row has sourceRowId but no comparison/recovery match,untouched_exception_review,,manifest exception review,,Welche Form passt? experience timeline,,interview answer,,Von 2021 bis 2023 habe ich in einer Bäckerei gearbeitet.,,Watch: time phrase confusion,,,,,imported_source_without_replacement_layer_match,
content/b1-m04-applications.js,v080149_cat04_redemittel_cat04_r_056,cat04-r-056,cat04-r-056,EXCEPTION_REVIEW,manual review: imported row has sourceRowId but no comparison/recovery match,untouched_exception_review,,manifest exception review,,Welche Form passt? past role,,interview answer,,Früher habe ich im Lager gearbeitet.,,Watch: tense/style nuance,,,,,imported_source_without_replacement_layer_match,
content/b1-m04-applications.js,v080149_cat04_redemittel_cat04_r_057,cat04-r-057,cat04-r-057,EXCEPTION_REVIEW,manual review: imported row has sourceRowId but no comparison/recovery match,untouched_exception_review,,manifest exception review,,Welche Form passt? past duty,,interview answer,,Dort war ich für die Warenkontrolle zuständig.,,Watch: verb/adjective frame,,,,,imported_source_without_replacement_layer_match,
content/b1-m04-applications.js,v080149_cat04_redemittel_cat04_r_058,cat04-r-058,cat04-r-058,EXCEPTION_REVIEW,manual review: imported row has sourceRowId but no comparison/recovery match,untouched_exception_review,,manifest exception review,,Welche Form passt? ask repetition,,interview answer,,Könnten Sie die Frage bitte wiederholen?,,Watch: politeness/register,,,,,imported_source_without_replacement_layer_match,
content/b1-m04-applications.js,v080149_cat04_redemittel_cat04_r_059,cat04-r-059,cat04-r-059,EXCEPTION_REVIEW,manual review: imported row has sourceRowId but no comparison/recovery match,untouched_exception_review,,manifest exception review,,Welche Form passt? ask clarification,,interview answer,,Meinen Sie meine letzte Stelle oder meine Ausbildung?,,Watch: clarification strategy,,,,,imported_source_without_replacement_layer_match,
content/b1-m04-applications.js,v080149_cat04_wortschatz_cat04_w_088,cat04-w-088,cat04-w-088,EXCEPTION_REVIEW,manual review: imported row has sourceRowId but no comparison/recovery match,untouched_exception_review,,manifest exception review,,Welches Wort passt? to apply for,,Verbs and frames,,sich bewerben um,,missing reflexive; wrong preposition,,,,,imported_source_without_replacement_layer_match,
content/b1-m04-applications.js,v080149_cat04_wortschatz_cat04_w_089,cat04-w-089,cat04-w-089,EXCEPTION_REVIEW,manual review: imported row has sourceRowId but no comparison/recovery match,untouched_exception_review,,manifest exception review,,Welches Wort passt? to send off/submit,,Verbs and frames,,abschicken,,using schicken without object/context,,,,,imported_source_without_replacement_layer_match,
content/b1-m04-applications.js,v080149_cat04_wortschatz_cat04_w_090,cat04-w-090,cat04-w-090,EXCEPTION_REVIEW,manual review: imported row has sourceRowId but no comparison/recovery match,untouched_exception_review,,manifest exception review,,Welches Wort passt? to submit,,Verbs and frames,,einreichen,,using Antrag stellen in CAT04 context,,,,,imported_source_without_replacement_layer_match,
content/b1-m04-applications.js,v080149_cat04_wortschatz_cat04_w_091,cat04-w-091,cat04-w-091,EXCEPTION_REVIEW,manual review: imported row has sourceRowId but no comparison/recovery match,untouched_exception_review,,manifest exception review,,Welches Wort passt? to attach/enclose,,Verbs and frames,,beifügen,,formal register nuance,,,,,imported_source_without_replacement_layer_match,
content/b1-m04-applications.js,v080149_cat04_wortschatz_cat04_w_092,cat04-w-092,cat04-w-092,EXCEPTION_REVIEW,manual review: imported row has sourceRowId but no comparison/recovery match,untouched_exception_review,,manifest exception review,,Welches Wort passt? to attach,,Verbs and frames,,anhängen,,technical/email context,,,,,imported_source_without_replacement_layer_match,
content/b1-m04-applications.js,v080149_cat04_wortschatz_cat04_w_093,cat04-w-093,cat04-w-093,EXCEPTION_REVIEW,manual review: imported row has sourceRowId but no comparison/recovery match,untouched_exception_review,,manifest exception review,,Welches Wort passt? to upload,,Verbs and frames,,hochladen,,technical/CAT10 overlap,,,,,imported_source_without_replacement_layer_match,
content/b1-m04-applications.js,v080149_cat04_wortschatz_cat04_w_094,cat04-w-094,cat04-w-094,EXCEPTION_REVIEW,manual review: imported row has sourceRowId but no comparison/recovery match,untouched_exception_review,,manifest exception review,,Welches Wort passt? to update,,Verbs and frames,,aktualisieren,,too broad if isolated,,,,,imported_source_without_replacement_layer_match,
content/b1-m04-applications.js,v080149_cat04_wortschatz_cat04_w_095,cat04-w-095,cat04-w-095,EXCEPTION_REVIEW,manual review: imported row has sourceRowId but no comparison/recovery match,untouched_exception_review,,manifest exception review,,Welches Wort passt? to confirm,,Verbs and frames,,bestätigen,,CAT01 overlap,,,,,imported_source_without_replacement_layer_match,
content/b1-m04-applications.js,v080149_cat04_wortschatz_cat04_w_096,cat04-w-096,cat04-w-096,EXCEPTION_REVIEW,manual review: imported row has sourceRowId but no comparison/recovery match,untouched_exception_review,,manifest exception review,,Welches Wort passt? to prepare,,Verbs and frames,,vorbereiten,,missing reflexive/preposition,,,,,imported_source_without_replacement_layer_match,
content/b1-m04-applications.js,v080149_cat04_wortschatz_cat04_w_097,cat04-w-097,cat04-w-097,EXCEPTION_REVIEW,manual review: imported row has sourceRowId but no comparison/recovery match,untouched_exception_review,,manifest exception review,,Welches Wort passt? to be responsible for,,Verbs and frames,,zuständig sein für,,wrong preposition,,,,,imported_source_without_replacement_layer_match,
content/b1-m04-applications.js,v080149_cat04_wortschatz_cat04_w_098,cat04-w-098,cat04-w-098,EXCEPTION_REVIEW,manual review: imported row has sourceRowId but no comparison/recovery match,untouched_exception_review,,manifest exception review,,Welches Wort passt? to be familiar with,,Verbs and frames,,vertraut sein mit,,wrong preposition; too formal,,,,,imported_source_without_replacement_layer_match,
content/b1-m04-applications.js,v080149_cat04_wortschatz_cat04_w_099,cat04-w-099,cat04-w-099,EXCEPTION_REVIEW,manual review: imported row has sourceRowId but no comparison/recovery match,untouched_exception_review,,manifest exception review,,Welches Wort passt? to develop professionally/personally,,Verbs and frames,,sich weiterentwickeln,,generic motivation phrase,,,,,imported_source_without_replacement_layer_match,
content/b1-m04-applications.js,v080149_cat04_wortschatz_cat04_w_100,cat04-w-100,cat04-w-100,EXCEPTION_REVIEW,manual review: imported row has sourceRowId but no comparison/recovery match,untouched_exception_review,,manifest exception review,,Welches Wort passt? complete,,Adjectives,,vollständig,,adjective ending hidden target,,,,,imported_source_without_replacement_layer_match,
content/b1-m04-applications.js,v080149_cat04_wortschatz_cat04_w_101,cat04-w-101,cat04-w-101,EXCEPTION_REVIEW,manual review: imported row has sourceRowId but no comparison/recovery match,untouched_exception_review,,manifest exception review,,Welches Wort passt? current/up to date,,Adjectives,,aktuell,,adjective ending hidden target,,,,,imported_source_without_replacement_layer_match,
content/b1-m04-applications.js,v080149_cat04_wortschatz_cat04_w_102,cat04-w-102,cat04-w-102,EXCEPTION_REVIEW,manual review: imported row has sourceRowId but no comparison/recovery match,untouched_exception_review,,manifest exception review,,Welches Wort passt? suitable,,Adjectives,,geeignet,,preposition/case risk,,,,,imported_source_without_replacement_layer_match,
content/b1-m04-applications.js,v080149_cat04_wortschatz_cat04_w_103,cat04-w-103,cat04-w-103,EXCEPTION_REVIEW,manual review: imported row has sourceRowId but no comparison/recovery match,untouched_exception_review,,manifest exception review,,Welches Wort passt? available,,Adjectives,,verfügbar,,availability vs reachability,,,,,imported_source_without_replacement_layer_match,
content/b1-m04-applications.js,v080149_cat04_wortschatz_cat04_w_104,cat04-w-104,cat04-w-104,EXCEPTION_REVIEW,manual review: imported row has sourceRowId but no comparison/recovery match,untouched_exception_review,,manifest exception review,,Welches Wort passt? motivated,,Adjectives,,motiviert,,generic interview cliché,,,,,imported_source_without_replacement_layer_match,
content/b1-m04-applications.js,v080149_cat04_wortschatz_cat04_w_105,cat04-w-105,cat04-w-105,EXCEPTION_REVIEW,manual review: imported row has sourceRowId but no comparison/recovery match,untouched_exception_review,,manifest exception review,,Welches Wort passt? reliable,,Adjectives,,zuverlässig,,soft-skill list cliché,,,,,imported_source_without_replacement_layer_match,
content/b1-m04-applications.js,v080149_cat04_wortschatz_cat04_w_106,cat04-w-106,cat04-w-106,EXCEPTION_REVIEW,manual review: imported row has sourceRowId but no comparison/recovery match,untouched_exception_review,,manifest exception review,,Welches Wort passt? careful/accurate,,Adjectives,,sorgfältig,,soft-skill nuance,,,,,imported_source_without_replacement_layer_match,
content/b1-m04-applications.js,v080149_cat04_wortschatz_cat04_w_107,cat04-w-107,cat04-w-107,EXCEPTION_REVIEW,manual review: imported row has sourceRowId but no comparison/recovery match,untouched_exception_review,,manifest exception review,,Welches Wort passt? able to handle pressure,,Adjectives,,belastbar,,abstract soft-skill cliché,,,,,imported_source_without_replacement_layer_match,
content/b1-m04-applications.js,v080149_cat04_wortschatz_cat04_w_108,cat04-w-108,cat04-w-108,EXCEPTION_REVIEW,manual review: imported row has sourceRowId but no comparison/recovery match,untouched_exception_review,,manifest exception review,,Welches Wort passt? able to work in a team,,Adjectives,,teamfähig,,cliché; better in context,,,,,imported_source_without_replacement_layer_match,
content/b1-m04-applications.js,v080149_cat04_wortschatz_cat04_w_109,cat04-w-109,cat04-w-109,EXCEPTION_REVIEW,manual review: imported row has sourceRowId but no comparison/recovery match,untouched_exception_review,,manifest exception review,,Welches Wort passt? flexible,,Adjectives,,flexibel,,availability/working time nuance,,,,,imported_source_without_replacement_layer_match,
content/b1-m04-applications.js,v080149_cat04_wortschatz_cat04_w_111,cat04-w-111,cat04-w-111,EXCEPTION_REVIEW,manual review: imported row has sourceRowId but no comparison/recovery match,untouched_exception_review,,manifest exception review,,Welches Wort passt? in writing/written,,Adjectives,,schriftlich,,channel nuance,,,,,imported_source_without_replacement_layer_match,
content/b1-m04-applications.js,v080149_cat04_wortschatz_cat04_w_112,cat04-w-112,cat04-w-112,EXCEPTION_REVIEW,manual review: imported row has sourceRowId but no comparison/recovery match,untouched_exception_review,,manifest exception review,,Welches Wort passt? in person/personal,,Adjectives,,persönlich,,personal vs in-person,,,,,imported_source_without_replacement_layer_match,
content/b1-m04-applications.js,v080149_cat04_wortschatz_cat04_w_113,cat04-w-113,cat04-w-113,EXCEPTION_REVIEW,manual review: imported row has sourceRowId but no comparison/recovery match,untouched_exception_review,,manifest exception review,,Welches Wort passt? by phone,,Adjectives,,telefonisch,,CAT01 overlap,,,,,imported_source_without_replacement_layer_match,
content/b1-m05-first-day-contract-basics.js,v080149_cat05_practice_family_cat05_pf_002,cat05-pf-002,cat05-pf-002,EXCEPTION_REVIEW,manual review: imported row has sourceRowId but no comparison/recovery match,untouched_exception_review,,manifest exception review,,Ich melde zuerst am Empfang.,,Korrigiere den Satz.,,Ich melde mich zuerst am Empfang.,,Corrected: Ich melde mich zuerst am Empfang. Reflexive phrase: `sich melden`.,,,,,imported_source_without_replacement_layer_match,
content/b1-m05-first-day-contract-basics.js,v080149_cat05_practice_family_cat05_pf_004,cat05-pf-004,cat05-pf-004,EXCEPTION_REVIEW,manual review: imported row has sourceRowId but no comparison/recovery match,untouched_exception_review,,manifest exception review,,Ich anfange am Montag um acht Uhr.,,Korrigiere den Satz.,,Ich fange am Montag um acht Uhr an.,,Corrected: Ich fange am Montag um acht Uhr an.,,,,,imported_source_without_replacement_layer_match,
content/b1-m05-first-day-contract-basics.js,v080149_cat05_practice_family_cat05_pf_008,cat05-pf-008,cat05-pf-008,EXCEPTION_REVIEW,manual review: imported row has sourceRowId but no comparison/recovery match,untouched_exception_review,,manifest exception review,,Ich nachreiche die Unterlagen morgen.,,Korrigiere den Satz.,,Ich reiche die Unterlagen morgen nach.,,Corrected: Ich reiche die Unterlagen morgen nach.,,,,,imported_source_without_replacement_layer_match,
content/b1-m05-first-day-contract-basics.js,v080149_cat05_practice_family_cat05_pf_010,cat05-pf-010,cat05-pf-010,EXCEPTION_REVIEW,manual review: imported row has sourceRowId but no comparison/recovery match,untouched_exception_review,,manifest exception review,,Ich ausfülle das Formular heute.,,Korrigiere den Satz.,,Ich fülle das Formular heute aus.,,Separable verb: `ausfüllen` → `ich fülle ... aus`.,,,,,imported_source_without_replacement_layer_match,
content/b1-m05-first-day-contract-basics.js,v080149_cat05_practice_family_cat05_pf_012,cat05-pf-012,cat05-pf-012,EXCEPTION_REVIEW,manual review: imported row has sourceRowId but no comparison/recovery match,untouched_exception_review,,manifest exception review,,Ich angebe meine Bankverbindung.,,Korrigiere den Satz.,,Ich gebe meine Bankverbindung an.,,Corrected: Ich gebe meine Bankverbindung an.,,,,,imported_source_without_replacement_layer_match,
content/b1-m05-first-day-contract-basics.js,v080149_cat05_practice_family_cat05_pf_038,cat05-pf-038,cat05-pf-038,EXCEPTION_REVIEW,manual review: imported row has sourceRowId but no comparison/recovery match,untouched_exception_review,,manifest exception review,,Ich zurückgebe den Schlüssel.,,Korrigiere den Satz.,,Ich gebe den Schlüssel zurück.,,Separable verb: `zurückgeben` → `ich gebe ... zurück`.,,,,,imported_source_without_replacement_layer_match,
content/b1-m05-first-day-contract-basics.js,v080149_cat05_practice_family_cat05_pf_047,cat05-pf-047,cat05-pf-047,EXCEPTION_REVIEW,manual review: imported row has sourceRowId but no comparison/recovery match,untouched_exception_review,,manifest exception review,,Ich bin um den Empfang zuständig.,,Korrigiere den Satz.,,Ich bin für den Empfang zuständig.,,Correct frame: `für etwas zuständig sein`.,,,,,imported_source_without_replacement_layer_match,
content/b1-m05-first-day-contract-basics.js,v080149_cat05_practice_family_cat05_pf_050,cat05-pf-050,cat05-pf-050,EXCEPTION_REVIEW,manual review: imported row has sourceRowId but no comparison/recovery match,untouched_exception_review,,manifest exception review,,Ich kümmere mich für die Unterlagen.,,Korrigiere den Satz.,,Ich kümmere mich um die Unterlagen.,,Correct frame: `sich kümmern um`.,,,,,imported_source_without_replacement_layer_match,
content/b1-m05-first-day-contract-basics.js,v080149_cat05_wortschatz_cat05_w_047,cat05-w-047,cat05-w-047,EXCEPTION_REVIEW,manual review: imported row has sourceRowId but no comparison/recovery match,untouched_exception_review,,manifest exception review,,Welches Wort passt? fixed-term,,Contract basics,,befristet,,"Keep meaning tied to first-day, contract, onboarding, duties, or workplace context.",,,,,imported_source_without_replacement_layer_match,
content/b1-m05-first-day-contract-basics.js,v080149_cat05_wortschatz_cat05_w_048,cat05-w-048,cat05-w-048,EXCEPTION_REVIEW,manual review: imported row has sourceRowId but no comparison/recovery match,untouched_exception_review,,manifest exception review,,Welches Wort passt? permanent/open-ended,,Contract basics,,unbefristet,,"Keep meaning tied to first-day, contract, onboarding, duties, or workplace context.",,,,,imported_source_without_replacement_layer_match,
content/b1-m05-first-day-contract-basics.js,v080149_cat05_wortschatz_cat05_w_109,cat05-w-109,cat05-w-109,EXCEPTION_REVIEW,manual review: imported row has sourceRowId but no comparison/recovery match,untouched_exception_review,,manifest exception review,,Welches Wort passt? start/begin,,First-day actions,,anfangen,,"Keep meaning tied to first-day, contract, onboarding, duties, or workplace context.",,,,,imported_source_without_replacement_layer_match,
content/b1-m05-first-day-contract-basics.js,v080149_cat05_wortschatz_cat05_w_110,cat05-w-110,cat05-w-110,EXCEPTION_REVIEW,manual review: imported row has sourceRowId but no comparison/recovery match,untouched_exception_review,,manifest exception review,,Welches Wort passt? begin/start,,First-day actions,,beginnen,,"Keep meaning tied to first-day, contract, onboarding, duties, or workplace context.",,,,,imported_source_without_replacement_layer_match,
content/b1-m05-first-day-contract-basics.js,v080149_cat05_wortschatz_cat05_w_112,cat05-w-112,cat05-w-112,EXCEPTION_REVIEW,manual review: imported row has sourceRowId but no comparison/recovery match,untouched_exception_review,,manifest exception review,,Welches Wort passt? report/check in/get in touch,,First-day actions,,sich melden,,"Keep meaning tied to first-day, contract, onboarding, duties, or workplace context.",,,,,imported_source_without_replacement_layer_match,
content/b1-m05-first-day-contract-basics.js,v080149_cat05_wortschatz_cat05_w_114,cat05-w-114,cat05-w-114,EXCEPTION_REVIEW,manual review: imported row has sourceRowId but no comparison/recovery match,untouched_exception_review,,manifest exception review,,Welches Wort passt? submit,,Document actions,,einreichen,,"Keep meaning tied to first-day, contract, onboarding, duties, or workplace context.",,,,,imported_source_without_replacement_layer_match,
content/b1-m05-first-day-contract-basics.js,v080149_cat05_wortschatz_cat05_w_115,cat05-w-115,cat05-w-115,EXCEPTION_REVIEW,manual review: imported row has sourceRowId but no comparison/recovery match,untouched_exception_review,,manifest exception review,,Welches Wort passt? submit later/provide later,,Document actions,,nachreichen,,"Keep meaning tied to first-day, contract, onboarding, duties, or workplace context.",,,,,imported_source_without_replacement_layer_match,
content/b1-m05-first-day-contract-basics.js,v080149_cat05_wortschatz_cat05_w_116,cat05-w-116,cat05-w-116,EXCEPTION_REVIEW,manual review: imported row has sourceRowId but no comparison/recovery match,untouched_exception_review,,manifest exception review,,Welches Wort passt? bring along,,Document actions,,mitbringen,,"Keep meaning tied to first-day, contract, onboarding, duties, or workplace context.",,,,,imported_source_without_replacement_layer_match,
content/b1-m05-first-day-contract-basics.js,v080149_cat05_wortschatz_cat05_w_117,cat05-w-117,cat05-w-117,EXCEPTION_REVIEW,manual review: imported row has sourceRowId but no comparison/recovery match,untouched_exception_review,,manifest exception review,,Welches Wort passt? provide/state in a form,,Document actions,,angeben,,"Keep meaning tied to first-day, contract, onboarding, duties, or workplace context.",,,,,imported_source_without_replacement_layer_match,
content/b1-m05-first-day-contract-basics.js,v080149_cat05_wortschatz_cat05_w_118,cat05-w-118,cat05-w-118,EXCEPTION_REVIEW,manual review: imported row has sourceRowId but no comparison/recovery match,untouched_exception_review,,manifest exception review,,Welches Wort passt? fill in/out,,Document actions,,ausfüllen,,"Keep meaning tied to first-day, contract, onboarding, duties, or workplace context.",,,,,imported_source_without_replacement_layer_match,
content/b1-m05-first-day-contract-basics.js,v080149_cat05_wortschatz_cat05_w_120,cat05-w-120,cat05-w-120,EXCEPTION_REVIEW,manual review: imported row has sourceRowId but no comparison/recovery match,untouched_exception_review,,manifest exception review,,Welches Wort passt? train in/get someone settled,,Training actions,,einarbeiten,,"Keep meaning tied to first-day, contract, onboarding, duties, or workplace context.",,,,,imported_source_without_replacement_layer_match,
content/b1-m05-first-day-contract-basics.js,v080149_cat05_wortschatz_cat05_w_121,cat05-w-121,cat05-w-121,EXCEPTION_REVIEW,manual review: imported row has sourceRowId but no comparison/recovery match,untouched_exception_review,,manifest exception review,,Welches Wort passt? take over/take on,,Duties and tasks,,übernehmen,,"Keep meaning tied to first-day, contract, onboarding, duties, or workplace context.",,,,,imported_source_without_replacement_layer_match,
content/b1-m05-first-day-contract-basics.js,v080149_cat05_wortschatz_cat05_w_122,cat05-w-122,cat05-w-122,EXCEPTION_REVIEW,manual review: imported row has sourceRowId but no comparison/recovery match,untouched_exception_review,,manifest exception review,,Welches Wort passt? complete/take care of,,Duties and tasks,,erledigen,,"Keep meaning tied to first-day, contract, onboarding, duties, or workplace context.",,,,,imported_source_without_replacement_layer_match,
content/b1-m05-first-day-contract-basics.js,v080149_cat05_wortschatz_cat05_w_123,cat05-w-123,cat05-w-123,EXCEPTION_REVIEW,manual review: imported row has sourceRowId but no comparison/recovery match,untouched_exception_review,,manifest exception review,,Welches Wort passt? clarify,,Duties and tasks,,klären,,"Keep meaning tied to first-day, contract, onboarding, duties, or workplace context.",,,,,imported_source_without_replacement_layer_match,
content/b1-m05-first-day-contract-basics.js,v080149_cat05_wortschatz_cat05_w_124,cat05-w-124,cat05-w-124,EXCEPTION_REVIEW,manual review: imported row has sourceRowId but no comparison/recovery match,untouched_exception_review,,manifest exception review,,Welches Wort passt? ask/check again,,Duties and tasks,,nachfragen,,"Keep meaning tied to first-day, contract, onboarding, duties, or workplace context.",,,,,imported_source_without_replacement_layer_match,
content/b1-m05-first-day-contract-basics.js,v080149_cat05_wortschatz_cat05_w_125,cat05-w-125,cat05-w-125,EXCEPTION_REVIEW,manual review: imported row has sourceRowId but no comparison/recovery match,untouched_exception_review,,manifest exception review,,Welches Wort passt? keep/comply with,,Rules and conduct,,einhalten,,"Keep meaning tied to first-day, contract, onboarding, duties, or workplace context.",,,,,imported_source_without_replacement_layer_match,
content/b1-m05-first-day-contract-basics.js,v080149_cat05_wortschatz_cat05_w_126,cat05-w-126,cat05-w-126,EXCEPTION_REVIEW,manual review: imported row has sourceRowId but no comparison/recovery match,untouched_exception_review,,manifest exception review,,Welches Wort passt? observe/pay attention to,,Rules and conduct,,beachten,,"Keep meaning tied to first-day, contract, onboarding, duties, or workplace context.",,,,,imported_source_without_replacement_layer_match,
content/b1-m05-first-day-contract-basics.js,v080149_cat05_wortschatz_cat05_w_127,cat05-w-127,cat05-w-127,EXCEPTION_REVIEW,manual review: imported row has sourceRowId but no comparison/recovery match,untouched_exception_review,,manifest exception review,,Welches Wort passt? be responsible for,,Duties and tasks,,zuständig sein für,,"Keep meaning tied to first-day, contract, onboarding, duties, or workplace context.",,,,,imported_source_without_replacement_layer_match,
content/b1-m05-first-day-contract-basics.js,v080149_cat05_wortschatz_cat05_w_128,cat05-w-128,cat05-w-128,EXCEPTION_REVIEW,manual review: imported row has sourceRowId but no comparison/recovery match,untouched_exception_review,,manifest exception review,,Welches Wort passt? be responsible for,,Duties and tasks,,verantwortlich sein für,,"Keep meaning tied to first-day, contract, onboarding, duties, or workplace context.",,,,,imported_source_without_replacement_layer_match,
content/b1-m05-first-day-contract-basics.js,v080149_cat05_wortschatz_cat05_w_129,cat05-w-129,cat05-w-129,EXCEPTION_REVIEW,manual review: imported row has sourceRowId but no comparison/recovery match,untouched_exception_review,,manifest exception review,,Welches Wort passt? take care of,,Duties and tasks,,sich kümmern um,,"Keep meaning tied to first-day, contract, onboarding, duties, or workplace context.",,,,,imported_source_without_replacement_layer_match,
content/b1-m05-first-day-contract-basics.js,v080149_cat05_wortschatz_cat05_w_130,cat05-w-130,cat05-w-130,EXCEPTION_REVIEW,manual review: imported row has sourceRowId but no comparison/recovery match,untouched_exception_review,,manifest exception review,,Welches Wort passt? in writing/written,,Contract channels,,schriftlich,,"Keep meaning tied to first-day, contract, onboarding, duties, or workplace context.",,,,,imported_source_without_replacement_layer_match,
content/b1-m05-first-day-contract-basics.js,v080149_cat05_wortschatz_cat05_w_131,cat05-w-131,cat05-w-131,EXCEPTION_REVIEW,manual review: imported row has sourceRowId but no comparison/recovery match,untouched_exception_review,,manifest exception review,,Welches Wort passt? orally/verbal,,Contract channels,,mündlich,,"Keep meaning tied to first-day, contract, onboarding, duties, or workplace context.",,,,,imported_source_without_replacement_layer_match,
content/b1-m05-first-day-contract-basics.js,v080149_cat05_wortschatz_cat05_w_132,cat05-w-132,cat05-w-132,EXCEPTION_REVIEW,manual review: imported row has sourceRowId but no comparison/recovery match,untouched_exception_review,,manifest exception review,,Welches Wort passt? on time/punctual,,First-day behaviour,,pünktlich,,"Keep meaning tied to first-day, contract, onboarding, duties, or workplace context.",,,,,imported_source_without_replacement_layer_match,
content/b1-m05-first-day-contract-basics.js,v080149_cat05_wortschatz_cat05_w_133,cat05-w-133,cat05-w-133,EXCEPTION_REVIEW,manual review: imported row has sourceRowId but no comparison/recovery match,untouched_exception_review,,manifest exception review,,Welches Wort passt? in good time,,First-day behaviour,,rechtzeitig,,"Keep meaning tied to first-day, contract, onboarding, duties, or workplace context.",,,,,imported_source_without_replacement_layer_match,
content/b1-m05-first-day-contract-basics.js,v080149_cat05_wortschatz_cat05_w_134,cat05-w-134,cat05-w-134,EXCEPTION_REVIEW,manual review: imported row has sourceRowId but no comparison/recovery match,untouched_exception_review,,manifest exception review,,Welches Wort passt? responsible/in charge,,Duties and tasks,,zuständig,,"Keep meaning tied to first-day, contract, onboarding, duties, or workplace context.",,,,,imported_source_without_replacement_layer_match,
content/b1-m06-sick-leave.js,v080149_cat06_collocation_cat06_coll_014,cat06-coll-014,cat06-coll-014,EXCEPTION_REVIEW,manual review: imported row has sourceRowId but no comparison/recovery match,untouched_exception_review,,manifest exception review,,Welche Kollokation passt? come to consultation hours,,Choose the best German option.,,in die Sprechstunde kommen,,Medical `Sprechstunde` means consultation hours.,,,,,imported_source_without_replacement_layer_match,
content/b1-m06-sick-leave.js,v080149_cat06_collocation_cat06_coll_022,cat06-coll-022,cat06-coll-022,EXCEPTION_REVIEW,manual review: imported row has sourceRowId but no comparison/recovery match,untouched_exception_review,,manifest exception review,,Welche Kollokation passt? feel nauseous,,Choose the best German option.,,Mir ist übel.,,Feeling phrase: `Mir ist übel`.,,,,,imported_source_without_replacement_layer_match,
content/b1-m06-sick-leave.js,v080149_cat06_collocation_cat06_coll_023,cat06-coll-023,cat06-coll-023,EXCEPTION_REVIEW,manual review: imported row has sourceRowId but no comparison/recovery match,untouched_exception_review,,manifest exception review,,Welche Kollokation passt? feel dizzy,,Choose the best German option.,,Mir ist schwindelig.,,Feeling phrase: `Mir ist schwindelig`.,,,,,imported_source_without_replacement_layer_match,
content/b1-m06-sick-leave.js,v080149_cat06_collocation_cat06_coll_024,cat06-coll-024,cat06-coll-024,EXCEPTION_REVIEW,manual review: imported row has sourceRowId but no comparison/recovery match,untouched_exception_review,,manifest exception review,,Welche Kollokation passt? have diarrhoea,,Choose the best German option.,,Durchfall haben,,Use simple symptom report; do not add advice.,,,,,imported_source_without_replacement_layer_match,
content/b1-m06-sick-leave.js,v080149_cat06_collocation_cat06_coll_025,cat06-coll-025,cat06-coll-025,EXCEPTION_REVIEW,manual review: imported row has sourceRowId but no comparison/recovery match,untouched_exception_review,,manifest exception review,,Welche Kollokation passt? have a cold,,Choose the best German option.,,eine Erkältung haben,,`Erkältung` is the safe common cold word.,,,,,imported_source_without_replacement_layer_match,
content/b1-m06-sick-leave.js,v080149_cat06_collocation_cat06_coll_029,cat06-coll-029,cat06-coll-029,EXCEPTION_REVIEW,manual review: imported row has sourceRowId but no comparison/recovery match,untouched_exception_review,,manifest exception review,,Welche Kollokation passt? pick up at the pharmacy,,Choose the best German option.,,in der Apotheke abholen,,Pharmacy is `Apotheke`; doctor practice is `Praxis`.,,,,,imported_source_without_replacement_layer_match,
content/b1-m06-sick-leave.js,v080149_cat06_collocation_cat06_coll_034,cat06-coll-034,cat06-coll-034,EXCEPTION_REVIEW,manual review: imported row has sourceRowId but no comparison/recovery match,untouched_exception_review,,manifest exception review,,Welche Kollokation passt? inform the employer,,Choose the best German option.,,den Arbeitgeber informieren,,`informieren` takes a direct object.,,,,,imported_source_without_replacement_layer_match,
content/b1-m06-sick-leave.js,v080149_cat06_collocation_cat06_coll_035,cat06-coll-035,cat06-coll-035,EXCEPTION_REVIEW,manual review: imported row has sourceRowId but no comparison/recovery match,untouched_exception_review,,manifest exception review,,Welche Kollokation passt? let someone know,,Choose the best German option.,,Bescheid sagen,,Person receiving the information often takes dative: `der Kursleitung`.,,,,,imported_source_without_replacement_layer_match,
content/b1-m06-sick-leave.js,v080149_cat06_collocation_cat06_coll_036,cat06-coll-036,cat06-coll-036,EXCEPTION_REVIEW,manual review: imported row has sourceRowId but no comparison/recovery match,untouched_exception_review,,manifest exception review,,Welche Kollokation passt? submit the certificate later,,Choose the best German option.,,die Bescheinigung nachreichen,,Separable verb: `ich reiche ... nach`.,,,,,imported_source_without_replacement_layer_match,
content/b1-m06-sick-leave.js,v080149_cat06_collocation_cat06_coll_037,cat06-coll-037,cat06-coll-037,EXCEPTION_REVIEW,manual review: imported row has sourceRowId but no comparison/recovery match,untouched_exception_review,,manifest exception review,,Welche Kollokation passt? stay at home,,Choose the best German option.,,zu Hause bleiben,,Place: `zu Hause bleiben`; direction: `nach Hause gehen`.,,,,,imported_source_without_replacement_layer_match,
content/b1-m06-sick-leave.js,v080149_cat06_collocation_cat06_coll_038,cat06-coll-038,cat06-coll-038,EXCEPTION_REVIEW,manual review: imported row has sourceRowId but no comparison/recovery match,untouched_exception_review,,manifest exception review,,Welche Kollokation passt? since/from/until,,Choose the best German option.,,seit gestern / ab Montag / bis Freitag,,`seit` is from the past until now; `ab` starts; `bis` ends.,,,,,imported_source_without_replacement_layer_match,
content/b1-m06-sick-leave.js,v080149_cat06_practice_family_cat06_pf_003,cat06-pf-003,cat06-pf-003,EXCEPTION_REVIEW,manual review: imported row has sourceRowId but no comparison/recovery match,untouched_exception_review,,manifest exception review,,Welche Form passt zur Krankmeldung?,,A Ich möchte mich krankmelden. / B Ich mache krank. / C Ich bin Krankheit.,,A,,Use a complete polite phrase: `Ich möchte mich krankmelden.`,,,,,imported_source_without_replacement_layer_match,
content/b1-m06-sick-leave.js,v080149_cat06_practice_family_cat06_pf_022,cat06-pf-022,cat06-pf-022,EXCEPTION_REVIEW,manual review: imported row has sourceRowId but no comparison/recovery match,untouched_exception_review,,manifest exception review,,Welcher Ort passt?,,A Praxis / B Apotheke / C Büro,,A,,A doctor’s practice is `die Praxis`.,,,,,imported_source_without_replacement_layer_match,
content/b1-m06-sick-leave.js,v080149_cat06_practice_family_cat06_pf_026,cat06-pf-026,cat06-pf-026,EXCEPTION_REVIEW,manual review: imported row has sourceRowId but no comparison/recovery match,untouched_exception_review,,manifest exception review,,Welche Person passt?,,A Hausarzt / B Apotheker / C Arbeitgeber,,A,,`Hausarzt` is a family doctor/GP.,,,,,imported_source_without_replacement_layer_match,
content/b1-m06-sick-leave.js,v080149_cat06_practice_family_cat06_pf_048,cat06-pf-048,cat06-pf-048,EXCEPTION_REVIEW,manual review: imported row has sourceRowId but no comparison/recovery match,untouched_exception_review,,manifest exception review,,Welche Form passt für “a cold”?,,A eine Erkältung / B eine Rechnung / C eine Überweisung,,A,,`Erkältung` is a cold.,,,,,imported_source_without_replacement_layer_match,
content/b1-m06-sick-leave.js,v080149_cat06_practice_family_cat06_pf_052,cat06-pf-052,cat06-pf-052,EXCEPTION_REVIEW,manual review: imported row has sourceRowId but no comparison/recovery match,untouched_exception_review,,manifest exception review,,Welche Zeitangabe passt?,,A seit gestern / B vor gestern / C um gestern,,A,,`seit gestern` means since yesterday until now.,,,,,imported_source_without_replacement_layer_match,
content/b1-m06-sick-leave.js,v080149_cat06_practice_family_cat06_pf_057,cat06-pf-057,cat06-pf-057,EXCEPTION_REVIEW,manual review: imported row has sourceRowId but no comparison/recovery match,untouched_exception_review,,manifest exception review,,Ich bleibe heute nach Hause.,,Korrigiere den Satz.,,Ich bleibe heute zu Hause.,,Place: `zu Hause bleiben`; direction: `nach Hause gehen`.,,,,,imported_source_without_replacement_layer_match,
content/b1-m06-sick-leave.js,v080149_cat06_practice_family_cat06_pf_060,cat06-pf-060,cat06-pf-060,EXCEPTION_REVIEW,manual review: imported row has sourceRowId but no comparison/recovery match,untouched_exception_review,,manifest exception review,,Ich muss erholen.,,Korrigiere den Satz.,,Ich muss mich erholen.,,Reflexive verb: `sich erholen`.,,,,,imported_source_without_replacement_layer_match,
content/b1-m06-sick-leave.js,v080149_cat06_practice_family_cat06_pf_064,cat06-pf-064,cat06-pf-064,EXCEPTION_REVIEW,manual review: imported row has sourceRowId but no comparison/recovery match,untouched_exception_review,,manifest exception review,,Welche Krankmeldung ist kurz und passend?,,A Ich bin heute krank und kann nicht kommen. / B Ich erzähle alle privaten Details. / C Krankheit fertig.,,A,,"A good sick report is clear, short, and relevant.",,,,,imported_source_without_replacement_layer_match,
content/b1-m06-sick-leave.js,v080149_cat06_practice_family_cat06_pf_090,cat06-pf-090,cat06-pf-090,EXCEPTION_REVIEW,manual review: imported row has sourceRowId but no comparison/recovery match,untouched_exception_review,,manifest exception review,,Welche Formulierung ist natürlich?,,"A Ich rufe in der Praxis an. / B Ich rufe in der Apotheke an, um den Arzttermin zu bekommen. / C Ich rufe im Rezept an.",,A,,"For a doctor appointment, call the practice: `in der Praxis anrufen`.",,,,,imported_source_without_replacement_layer_match,
content/b1-m06-sick-leave.js,v080149_cat06_practice_family_cat06_pf_094,cat06-pf-094,cat06-pf-094,EXCEPTION_REVIEW,manual review: imported row has sourceRowId but no comparison/recovery match,untouched_exception_review,,manifest exception review,,Welche Formulierung ist natürlich?,,A Ich habe Halsschmerzen. / B Ich bin Halsschmerzen. / C Ich mache Halsschmerzen.,,A,,Symptom phrase: `Halsschmerzen haben`.,,,,,imported_source_without_replacement_layer_match,
content/b1-m06-sick-leave.js,v080149_cat06_practice_family_cat06_pf_095,cat06-pf-095,cat06-pf-095,EXCEPTION_REVIEW,manual review: imported row has sourceRowId but no comparison/recovery match,untouched_exception_review,,manifest exception review,,Welche Formulierung ist natürlich?,,A Mir ist übel. / B Ich habe übel. / C Ich mache übel.,,A,,Feeling phrase: `Mir ist übel`.,,,,,imported_source_without_replacement_layer_match,
content/b1-m06-sick-leave.js,v080149_cat06_practice_family_cat06_pf_096,cat06-pf-096,cat06-pf-096,EXCEPTION_REVIEW,manual review: imported row has sourceRowId but no comparison/recovery match,untouched_exception_review,,manifest exception review,,Welche Formulierung ist natürlich?,,A Mir ist schwindelig. / B Ich bin Schwindel. / C Ich habe schwindelig.,,A,,Feeling phrase: `Mir ist schwindelig`.,,,,,imported_source_without_replacement_layer_match,
content/b1-m06-sick-leave.js,v080149_cat06_practice_family_cat06_pf_097,cat06-pf-097,cat06-pf-097,EXCEPTION_REVIEW,manual review: imported row has sourceRowId but no comparison/recovery match,untouched_exception_review,,manifest exception review,,Welche Formulierung ist natürlich?,,A seit gestern krank / B bis gestern krank for still sick / C um gestern krank,,A,,`seit gestern` means since yesterday and still true.,,,,,imported_source_without_replacement_layer_match,
content/b1-m06-sick-leave.js,v080149_cat06_practice_family_cat06_pf_098,cat06-pf-098,cat06-pf-098,EXCEPTION_REVIEW,manual review: imported row has sourceRowId but no comparison/recovery match,untouched_exception_review,,manifest exception review,,Welche Formulierung ist natürlich?,,A Ich bleibe zu Hause. / B Ich bleibe nach Hause. / C Ich gehe zu Hause.,,A,,Place phrase: `zu Hause bleiben`.,,,,,imported_source_without_replacement_layer_match,
content/b1-m06-sick-leave.js,v080149_cat06_practice_family_cat06_pf_099,cat06-pf-099,cat06-pf-099,EXCEPTION_REVIEW,manual review: imported row has sourceRowId but no comparison/recovery match,untouched_exception_review,,manifest exception review,,Welche Formulierung ist natürlich?,,A Ich informiere den Arbeitgeber. / B Ich informiere bei dem Arbeitgeber. / C Ich informiere zu dem Arbeitgeber.,,A,,`informieren` takes a direct object.,,,,,imported_source_without_replacement_layer_match,
content/b1-m06-sick-leave.js,v080149_cat06_redemittel_cat06_r_001,cat06-r-001,cat06-r-001,EXCEPTION_REVIEW,manual review: comparison/recovery row exists but decision is not apply-ready,untouched_exception_review,,manifest exception review,,Welche Form passt? work phone/message,,Report sick,,Ich möchte mich krankmelden.,Ich möchte mich krankmelden.,Watch: Ich melde krank; Ich bin krank melden,,,,,unclear_v02_decision,
content/b1-m06-sick-leave.js,v080149_cat06_redemittel_cat06_r_002,cat06-r-002,cat06-r-002,EXCEPTION_REVIEW,manual review: comparison/recovery row exists but decision is not apply-ready,untouched_exception_review,,manifest exception review,,Welche Form passt? work absence,,Report sick,,Ich bin heute krank und kann nicht zur Arbeit kommen.,Ich bin heute krank und kann nicht zur Arbeit kommen.,Watch: Ich bin heute Krankheit,,,,,unclear_v02_decision,
content/b1-m06-sick-leave.js,v080149_cat06_redemittel_cat06_r_003,cat06-r-003,cat06-r-003,EXCEPTION_REVIEW,manual review: comparison/recovery row exists but decision is not apply-ready,untouched_exception_review,,manifest exception review,,Welche Form passt? course absence,,Report sick,,Ich kann heute leider nicht am Kurs teilnehmen.,Ich kann heute leider nicht am Kurs teilnehmen.,Watch: am Kurs teilnehmen vs zum Kurs kommen,,,,,unclear_v02_decision,
content/b1-m06-sick-leave.js,v080149_cat06_redemittel_cat06_r_004,cat06-r-004,cat06-r-004,EXCEPTION_REVIEW,manual review: comparison/recovery row exists but decision is not apply-ready,untouched_exception_review,,manifest exception review,,Welche Form passt? course/work absence,,Report sick,,Ich fehle heute wegen Krankheit.,Ich fehle heute wegen Krankheit.,Watch: Ich fehle heute wegen krank,,,,,unclear_v02_decision,
content/b1-m06-sick-leave.js,v080149_cat06_redemittel_cat06_r_005,cat06-r-005,cat06-r-005,EXCEPTION_REVIEW,manual review: comparison/recovery row exists but decision is not apply-ready,untouched_exception_review,,manifest exception review,,Welche Form passt? work message,,Report sick,,Ich sage meinem Arbeitgeber Bescheid.,Ich sage meinem Arbeitgeber Bescheid.,Watch: Ich sage mein Arbeitgeber Bescheid,,,,,unclear_v02_decision,
content/b1-m06-sick-leave.js,v080149_cat06_redemittel_cat06_r_006,cat06-r-006,cat06-r-006,EXCEPTION_REVIEW,manual review: comparison/recovery row exists but decision is not apply-ready,untouched_exception_review,,manifest exception review,,Welche Form passt? course message,,Report sick,,Ich informiere die Kursleitung.,Ich informiere die Kursleitung.,Watch: Ich informiere an die Kursleitung,,,,,unclear_v02_decision,
content/b1-m06-sick-leave.js,v080149_cat06_redemittel_cat06_r_008,cat06-r-008,cat06-r-008,EXCEPTION_REVIEW,manual review: comparison/recovery row exists but decision is not apply-ready,untouched_exception_review,,manifest exception review,,Welche Form passt? work/course absence,,Duration,,Ich bleibe heute zu Hause.,Ich bleibe heute zu Hause.,Watch: Ich bleibe heute nach Hause,,,,,unclear_v02_decision,
content/b1-m06-sick-leave.js,v080149_cat06_redemittel_cat06_r_009,cat06-r-009,cat06-r-009,EXCEPTION_REVIEW,manual review: comparison/recovery row exists but decision is not apply-ready,untouched_exception_review,,manifest exception review,,Welche Form passt? return plan,,Duration,,"Ich melde mich, wenn ich wieder gesund bin.","Ich melde mich, wenn ich wieder gesund bin.",Watch: verb placement after wenn,,,,,unclear_v02_decision,
content/b1-m06-sick-leave.js,v080149_cat06_redemittel_cat06_r_010,cat06-r-010,cat06-r-010,EXCEPTION_REVIEW,manual review: comparison/recovery row exists but decision is not apply-ready,untouched_exception_review,,manifest exception review,,Welche Form passt? expected absence,,Duration,,Voraussichtlich komme ich am Montag wieder.,Voraussichtlich komme ich am Montag wieder.,Watch: word order after fronted adverb,,,,,unclear_v02_decision,
content/b1-m06-sick-leave.js,v080149_cat06_redemittel_cat06_r_016,cat06-r-016,cat06-r-016,EXCEPTION_REVIEW,manual review: comparison/recovery row exists but decision is not apply-ready,untouched_exception_review,,manifest exception review,,Welche Form passt? general condition,,Symptoms,,Mir geht es nicht gut.,Mir geht es nicht gut.,Watch: Ich geht es nicht gut,,,,,unclear_v02_decision,
content/b1-m06-sick-leave.js,v080149_cat06_redemittel_cat06_r_017,cat06-r-017,cat06-r-017,EXCEPTION_REVIEW,manual review: comparison/recovery row exists but decision is not apply-ready,untouched_exception_review,,manifest exception review,,Welche Form passt? general condition,,Symptoms,,Seit gestern geht es mir schlecht.,Seit gestern geht es mir schlecht.,Watch: word order with seit,,,,,unclear_v02_decision,
content/b1-m06-sick-leave.js,v080149_cat06_redemittel_cat06_r_018,cat06-r-018,cat06-r-018,EXCEPTION_REVIEW,manual review: comparison/recovery row exists but decision is not apply-ready,untouched_exception_review,,manifest exception review,,Welche Form passt? fever,,Symptoms,,Ich habe Fieber.,Ich habe Fieber.,Watch: Ich bin Fieber,,,,,unclear_v02_decision,
content/b1-m06-sick-leave.js,v080149_cat06_redemittel_cat06_r_019,cat06-r-019,cat06-r-019,EXCEPTION_REVIEW,manual review: comparison/recovery row exists but decision is not apply-ready,untouched_exception_review,,manifest exception review,,Welche Form passt? cough,,Symptoms,,Ich habe starken Husten.,Ich habe starken Husten.,Watch: adjective ending after accusative masculine,,,,,unclear_v02_decision,
content/b1-m06-sick-leave.js,v080149_cat06_redemittel_cat06_r_020,cat06-r-020,cat06-r-020,EXCEPTION_REVIEW,manual review: comparison/recovery row exists but decision is not apply-ready,untouched_exception_review,,manifest exception review,,Welche Form passt? sore throat,,Symptoms,,Ich habe Halsschmerzen.,Ich habe Halsschmerzen.,Watch: wrong singular pattern,,,,,unclear_v02_decision,
content/b1-m06-sick-leave.js,v080149_cat06_redemittel_cat06_r_021,cat06-r-021,cat06-r-021,EXCEPTION_REVIEW,manual review: comparison/recovery row exists but decision is not apply-ready,untouched_exception_review,,manifest exception review,,Welche Form passt? headache,,Symptoms,,Ich habe starke Kopfschmerzen.,Ich habe starke Kopfschmerzen.,Watch: wrong singular pattern,,,,,unclear_v02_decision,
content/b1-m06-sick-leave.js,v080149_cat06_redemittel_cat06_r_022,cat06-r-022,cat06-r-022,EXCEPTION_REVIEW,manual review: comparison/recovery row exists but decision is not apply-ready,untouched_exception_review,,manifest exception review,,Welche Form passt? stomach pain,,Symptoms,,Ich habe Bauchschmerzen.,Ich habe Bauchschmerzen.,Watch: word order with seit,,,,,unclear_v02_decision,
content/b1-m06-sick-leave.js,v080149_cat06_redemittel_cat06_r_023,cat06-r-023,cat06-r-023,EXCEPTION_REVIEW,manual review: comparison/recovery row exists but decision is not apply-ready,untouched_exception_review,,manifest exception review,,Welche Form passt? nausea,,Symptoms,,Mir ist übel.,Mir ist übel.,Watch: Ich bin übel,,,,,unclear_v02_decision,
content/b1-m06-sick-leave.js,v080149_cat06_redemittel_cat06_r_024,cat06-r-024,cat06-r-024,EXCEPTION_REVIEW,manual review: comparison/recovery row exists but decision is not apply-ready,untouched_exception_review,,manifest exception review,,Welche Form passt? dizziness,,Symptoms,,Mir ist schwindelig.,Mir ist schwindelig.,Watch: Ich bin schwindelig can be less target-safe,,,,,unclear_v02_decision,
content/b1-m06-sick-leave.js,v080149_cat06_redemittel_cat06_r_025,cat06-r-025,cat06-r-025,EXCEPTION_REVIEW,manual review: comparison/recovery row exists but decision is not apply-ready,untouched_exception_review,,manifest exception review,,Welche Form passt? diarrhoea,,Symptoms,,Ich habe Durchfall.,Ich habe Durchfall.,Watch: register discomfort,,,,,unclear_v02_decision,
content/b1-m06-sick-leave.js,v080149_cat06_redemittel_cat06_r_027,cat06-r-027,cat06-r-027,EXCEPTION_REVIEW,manual review: comparison/recovery row exists but decision is not apply-ready,untouched_exception_review,,manifest exception review,,Welche Form passt? pain,,Symptoms,,Ich habe starke Schmerzen.,Ich habe starke Schmerzen.,Watch: wrong adjective ending if expanded,,,,,unclear_v02_decision,
content/b1-m06-sick-leave.js,v080149_cat06_redemittel_cat06_r_028,cat06-r-028,cat06-r-028,EXCEPTION_REVIEW,manual review: comparison/recovery row exists but decision is not apply-ready,untouched_exception_review,,manifest exception review,,Welche Form passt? cold,,Symptoms,,Ich habe eine Erkältung.,Ich habe eine Erkältung.,Watch: using Grippe casually for cold,,,,,unclear_v02_decision,
content/b1-m06-sick-leave.js,v080149_cat06_redemittel_cat06_r_030,cat06-r-030,cat06-r-030,EXCEPTION_REVIEW,manual review: comparison/recovery row exists but decision is not apply-ready,untouched_exception_review,,manifest exception review,,Welche Form passt? ask appointment,,Doctor appointment,,Ich brauche einen Termin beim Arzt.,Ich brauche einen Termin beim Arzt.,Watch: using *in Arzt*,,,,,unclear_v02_decision,
content/b1-m06-sick-leave.js,v080149_cat06_redemittel_cat06_r_031,cat06-r-031,cat06-r-031,EXCEPTION_REVIEW,manual review: comparison/recovery row exists but decision is not apply-ready,untouched_exception_review,,manifest exception review,,Welche Form passt? ask availability,,Doctor appointment,,Haben Sie heute noch einen Termin frei?,Haben Sie heute noch einen Termin frei?,Watch: word order in question,,,,,unclear_v02_decision,
content/b1-m06-sick-leave.js,v080149_cat06_redemittel_cat06_r_032,cat06-r-032,cat06-r-032,EXCEPTION_REVIEW,manual review: comparison/recovery row exists but decision is not apply-ready,untouched_exception_review,,manifest exception review,,Welche Form passt? practice call,,Doctor appointment,,Kann ich heute in die Praxis kommen?,Kann ich heute in die Praxis kommen?,Watch: wrong preposition/direction,,,,,unclear_v02_decision,
content/b1-m06-sick-leave.js,v080149_cat06_redemittel_cat06_r_033,cat06-r-033,cat06-r-033,EXCEPTION_REVIEW,manual review: comparison/recovery row exists but decision is not apply-ready,untouched_exception_review,,manifest exception review,,Welche Form passt? documents,,Doctor appointment,,Welche Unterlagen soll ich mitbringen?,Welche Unterlagen soll ich mitbringen?,Watch: using bringen instead of mitbringen,,,,,unclear_v02_decision,
content/b1-m06-sick-leave.js,v080149_cat06_redemittel_cat06_r_036,cat06-r-036,cat06-r-036,EXCEPTION_REVIEW,manual review: comparison/recovery row exists but decision is not apply-ready,untouched_exception_review,,manifest exception review,,Welche Form passt? miss appointment,,Doctor appointment,,Ich muss den Arzttermin leider absagen.,Ich muss den Arzttermin leider absagen.,Watch: wrong article/case,,,,,unclear_v02_decision,
content/b1-m06-sick-leave.js,v080149_cat06_redemittel_cat06_r_041,cat06-r-041,cat06-r-041,EXCEPTION_REVIEW,manual review: comparison/recovery row exists but decision is not apply-ready,untouched_exception_review,,manifest exception review,,Welche Form passt? written confirmation,,Insurance,,Können Sie mir das bitte schriftlich bestätigen?,Können Sie mir das bitte schriftlich bestätigen?,Watch: adjective/adverb confusion,,,,,unclear_v02_decision,
content/b1-m06-sick-leave.js,v080149_cat06_redemittel_cat06_r_045,cat06-r-045,cat06-r-045,EXCEPTION_REVIEW,manual review: comparison/recovery row exists but decision is not apply-ready,untouched_exception_review,,manifest exception review,,Welche Form passt? get well,,Recovery,,Ich muss mich ausruhen.,Ich muss mich ausruhen.,Watch: forgetting reflexive pronoun,,,,,unclear_v02_decision,
content/b1-m06-sick-leave.js,v080149_cat06_redemittel_cat06_r_046,cat06-r-046,cat06-r-046,EXCEPTION_REVIEW,manual review: comparison/recovery row exists but decision is not apply-ready,untouched_exception_review,,manifest exception review,,Welche Form passt? return,,Recovery,,"Ich komme wieder, wenn es mir besser geht.","Ich komme wieder, wenn es mir besser geht.",Watch: verb at end after wenn,,,,,unclear_v02_decision,
content/b1-m06-sick-leave.js,v080149_cat06_redemittel_cat06_r_047,cat06-r-047,cat06-r-047,EXCEPTION_REVIEW,manual review: comparison/recovery row exists but decision is not apply-ready,untouched_exception_review,,manifest exception review,,Welche Form passt? update,,Recovery,,"Ich gebe Bescheid, wenn ich länger krank bin.","Ich gebe Bescheid, wenn ich länger krank bin.",Watch: verb at end after wenn,,,,,unclear_v02_decision,
content/b1-m06-sick-leave.js,v080149_cat06_redemittel_cat06_r_048,cat06-r-048,cat06-r-048,EXCEPTION_REVIEW,manual review: comparison/recovery row exists but decision is not apply-ready,untouched_exception_review,,manifest exception review,,Welche Form passt? missed lesson,,Course catch-up,,Ich war krank und konnte nicht kommen.,Ich war krank und konnte nicht kommen.,Watch: war/bin tense confusion,,,,,unclear_v02_decision,
content/b1-m06-sick-leave.js,v080149_cat06_redemittel_cat06_r_049,cat06-r-049,cat06-r-049,EXCEPTION_REVIEW,manual review: comparison/recovery row exists but decision is not apply-ready,untouched_exception_review,,manifest exception review,,Welche Form passt? catch up work,,Course catch-up,,Kann ich die Aufgabe später abgeben?,Kann ich die Aufgabe später abgeben?,Watch: separable verb placement,,,,,unclear_v02_decision,
content/b1-m06-sick-leave.js,v080149_cat06_redemittel_cat06_r_050,cat06-r-050,cat06-r-050,EXCEPTION_REVIEW,manual review: comparison/recovery row exists but decision is not apply-ready,untouched_exception_review,,manifest exception review,,Welche Form passt? ask material,,Course catch-up,,Was habe ich im Kurs verpasst?,Was habe ich im Kurs verpasst?,Watch: Perfekt placement,,,,,unclear_v02_decision,
content/b1-m06-sick-leave.js,v080149_cat06_redemittel_cat06_r_051,cat06-r-051,cat06-r-051,EXCEPTION_REVIEW,manual review: comparison/recovery row exists but decision is not apply-ready,untouched_exception_review,,manifest exception review,,Welche Form passt? callback,,Phone/message,,Bitte rufen Sie mich zurück.,Bitte rufen Sie mich zurück.,Watch: word order,,,,,unclear_v02_decision,
content/b1-m06-sick-leave.js,v080149_cat06_redemittel_cat06_r_052,cat06-r-052,cat06-r-052,EXCEPTION_REVIEW,manual review: comparison/recovery row exists but decision is not apply-ready,untouched_exception_review,,manifest exception review,,Welche Form passt? not reachable,,Phone/message,,Ich bin heute nur per E-Mail erreichbar.,Ich bin heute nur per E-Mail erreichbar.,Watch: word order,,,,,unclear_v02_decision,
content/b1-m06-sick-leave.js,v080149_cat06_wortschatz_cat06_w_002,cat06-w-002,cat06-w-002,EXCEPTION_REVIEW,manual review: comparison/recovery row exists but decision is not apply-ready,untouched_exception_review,,manifest exception review,,Welches Wort passt? to report in sick,,Sick leave core,,sich krankmelden,sich krankmelden,"Keep meaning tied to sick leave, doctor, symptom reporting, pharmacy, or insurance/admin context; do not use for medical advice.",,,,,unclear_v02_decision,
content/b1-m06-sick-leave.js,v080149_cat06_wortschatz_cat06_w_003,cat06-w-003,cat06-w-003,EXCEPTION_REVIEW,manual review: comparison/recovery row exists but decision is not apply-ready,untouched_exception_review,,manifest exception review,,Welches Wort passt? to report sick,,Sick leave core,,krankmelden,krankmelden,"Keep meaning tied to sick leave, doctor, symptom reporting, pharmacy, or insurance/admin context; do not use for medical advice.",,,,,unclear_v02_decision,
content/b1-m06-sick-leave.js,v080149_cat06_wortschatz_cat06_w_004,cat06-w-004,cat06-w-004,EXCEPTION_REVIEW,manual review: comparison/recovery row exists but decision is not apply-ready,untouched_exception_review,,manifest exception review,,Welches Wort passt? sick / ill,,Sick leave core,,krank,krank,"Keep meaning tied to sick leave, doctor, symptom reporting, pharmacy, or insurance/admin context; do not use for medical advice.",,,,,unclear_v02_decision,
content/b1-m06-sick-leave.js,v080149_cat06_wortschatz_cat06_w_005,cat06-w-005,cat06-w-005,EXCEPTION_REVIEW,manual review: comparison/recovery row exists but decision is not apply-ready,untouched_exception_review,,manifest exception review,,Welches Wort passt? signed off sick,,Sick leave core,,krankgeschrieben,krankgeschrieben,"Keep meaning tied to sick leave, doctor, symptom reporting, pharmacy, or insurance/admin context; do not use for medical advice.",,,,,unclear_v02_decision,
content/b1-m06-sick-leave.js,v080149_cat06_wortschatz_cat06_w_006,cat06-w-006,cat06-w-006,EXCEPTION_REVIEW,manual review: comparison/recovery row exists but decision is not apply-ready,untouched_exception_review,,manifest exception review,,Welches Wort passt? unable to work,,Sick leave core,,arbeitsunfähig,arbeitsunfähig,"Keep meaning tied to sick leave, doctor, symptom reporting, pharmacy, or insurance/admin context; do not use for medical advice.",,,,,unclear_v02_decision,
content/b1-m06-sick-leave.js,v080149_cat06_wortschatz_cat06_w_059,cat06-w-059,cat06-w-059,EXCEPTION_REVIEW,manual review: imported row has sourceRowId but no comparison/recovery match,untouched_exception_review,,manifest exception review,,Welches Wort passt? strong/severe,,Symptoms,,stark,,"Keep meaning tied to sick leave, doctor, symptom reporting, pharmacy, or insurance/admin context; do not use for medical advice.",,,,,imported_source_without_replacement_layer_match,
content/b1-m06-sick-leave.js,v080149_cat06_wortschatz_cat06_w_060,cat06-w-060,cat06-w-060,EXCEPTION_REVIEW,manual review: imported row has sourceRowId but no comparison/recovery match,untouched_exception_review,,manifest exception review,,Welches Wort passt? mild/light,,Symptoms,,leicht,,"Keep meaning tied to sick leave, doctor, symptom reporting, pharmacy, or insurance/admin context; do not use for medical advice.",,,,,imported_source_without_replacement_layer_match,
content/b1-m06-sick-leave.js,v080149_cat06_wortschatz_cat06_w_098,cat06-w-098,cat06-w-098,EXCEPTION_REVIEW,manual review: imported row has sourceRowId but no comparison/recovery match,untouched_exception_review,,manifest exception review,,Welches Wort passt? to be absent/missing,,Actions,,fehlen,,"Keep meaning tied to sick leave, doctor, symptom reporting, pharmacy, or insurance/admin context; do not use for medical advice.",,,,,imported_source_without_replacement_layer_match,
content/b1-m06-sick-leave.js,v080149_cat06_wortschatz_cat06_w_099,cat06-w-099,cat06-w-099,EXCEPTION_REVIEW,manual review: imported row has sourceRowId but no comparison/recovery match,untouched_exception_review,,manifest exception review,,Welches Wort passt? to inform,,Actions,,informieren,,"Keep meaning tied to sick leave, doctor, symptom reporting, pharmacy, or insurance/admin context; do not use for medical advice.",,,,,imported_source_without_replacement_layer_match,
content/b1-m06-sick-leave.js,v080149_cat06_wortschatz_cat06_w_100,cat06-w-100,cat06-w-100,EXCEPTION_REVIEW,manual review: imported row has sourceRowId but no comparison/recovery match,untouched_exception_review,,manifest exception review,,Welches Wort passt? to let someone know,,Actions,,Bescheid sagen,,"Keep meaning tied to sick leave, doctor, symptom reporting, pharmacy, or insurance/admin context; do not use for medical advice.",,,,,imported_source_without_replacement_layer_match,
content/b1-m06-sick-leave.js,v080149_cat06_wortschatz_cat06_w_101,cat06-w-101,cat06-w-101,EXCEPTION_REVIEW,manual review: imported row has sourceRowId but no comparison/recovery match,untouched_exception_review,,manifest exception review,,Welches Wort passt? to submit,,Actions,,einreichen,,"Keep meaning tied to sick leave, doctor, symptom reporting, pharmacy, or insurance/admin context; do not use for medical advice.",,,,,imported_source_without_replacement_layer_match,
content/b1-m06-sick-leave.js,v080149_cat06_wortschatz_cat06_w_102,cat06-w-102,cat06-w-102,EXCEPTION_REVIEW,manual review: imported row has sourceRowId but no comparison/recovery match,untouched_exception_review,,manifest exception review,,Welches Wort passt? to submit later,,Actions,,nachreichen,,"Keep meaning tied to sick leave, doctor, symptom reporting, pharmacy, or insurance/admin context; do not use for medical advice.",,,,,imported_source_without_replacement_layer_match,
content/b1-m06-sick-leave.js,v080149_cat06_wortschatz_cat06_w_103,cat06-w-103,cat06-w-103,EXCEPTION_REVIEW,manual review: imported row has sourceRowId but no comparison/recovery match,untouched_exception_review,,manifest exception review,,Welches Wort passt? to present/provide formally,,Actions,,vorlegen,,"Keep meaning tied to sick leave, doctor, symptom reporting, pharmacy, or insurance/admin context; do not use for medical advice.",,,,,imported_source_without_replacement_layer_match,
content/b1-m06-sick-leave.js,v080149_cat06_wortschatz_cat06_w_104,cat06-w-104,cat06-w-104,EXCEPTION_REVIEW,manual review: imported row has sourceRowId but no comparison/recovery match,untouched_exception_review,,manifest exception review,,Welches Wort passt? to upload,,Actions,,hochladen,,"Keep meaning tied to sick leave, doctor, symptom reporting, pharmacy, or insurance/admin context; do not use for medical advice.",,,,,imported_source_without_replacement_layer_match,
content/b1-m06-sick-leave.js,v080149_cat06_wortschatz_cat06_w_105,cat06-w-105,cat06-w-105,EXCEPTION_REVIEW,manual review: imported row has sourceRowId but no comparison/recovery match,untouched_exception_review,,manifest exception review,,Welches Wort passt? to send,,Actions,,schicken,,"Keep meaning tied to sick leave, doctor, symptom reporting, pharmacy, or insurance/admin context; do not use for medical advice.",,,,,imported_source_without_replacement_layer_match,
content/b1-m06-sick-leave.js,v080149_cat06_wortschatz_cat06_w_106,cat06-w-106,cat06-w-106,EXCEPTION_REVIEW,manual review: imported row has sourceRowId but no comparison/recovery match,untouched_exception_review,,manifest exception review,,Welches Wort passt? to stay at home,,Actions,,zu Hause bleiben,,"Keep meaning tied to sick leave, doctor, symptom reporting, pharmacy, or insurance/admin context; do not use for medical advice.",,,,,imported_source_without_replacement_layer_match,
content/b1-m06-sick-leave.js,v080149_cat06_wortschatz_cat06_w_107,cat06-w-107,cat06-w-107,EXCEPTION_REVIEW,manual review: imported row has sourceRowId but no comparison/recovery match,untouched_exception_review,,manifest exception review,,Welches Wort passt? to recover/rest,,Actions,,sich erholen,,"Keep meaning tied to sick leave, doctor, symptom reporting, pharmacy, or insurance/admin context; do not use for medical advice.",,,,,imported_source_without_replacement_layer_match,
content/b1-m06-sick-leave.js,v080149_cat06_wortschatz_cat06_w_108,cat06-w-108,cat06-w-108,EXCEPTION_REVIEW,manual review: imported row has sourceRowId but no comparison/recovery match,untouched_exception_review,,manifest exception review,,Welches Wort passt? to get well,,Actions,,gesund werden,,"Keep meaning tied to sick leave, doctor, symptom reporting, pharmacy, or insurance/admin context; do not use for medical advice.",,,,,imported_source_without_replacement_layer_match,
content/b1-m06-sick-leave.js,v080149_cat06_wortschatz_cat06_w_109,cat06-w-109,cat06-w-109,EXCEPTION_REVIEW,manual review: imported row has sourceRowId but no comparison/recovery match,untouched_exception_review,,manifest exception review,,Welches Wort passt? to come back,,Actions,,wiederkommen,,"Keep meaning tied to sick leave, doctor, symptom reporting, pharmacy, or insurance/admin context; do not use for medical advice.",,,,,imported_source_without_replacement_layer_match,
content/b1-m06-sick-leave.js,v080149_cat06_wortschatz_cat06_w_110,cat06-w-110,cat06-w-110,EXCEPTION_REVIEW,manual review: imported row has sourceRowId but no comparison/recovery match,untouched_exception_review,,manifest exception review,,Welches Wort passt? since / for up to now,,Time / duration,,seit,,"Keep meaning tied to sick leave, doctor, symptom reporting, pharmacy, or insurance/admin context; do not use for medical advice.",,,,,imported_source_without_replacement_layer_match,
content/b1-m06-sick-leave.js,v080149_cat06_wortschatz_cat06_w_111,cat06-w-111,cat06-w-111,EXCEPTION_REVIEW,manual review: imported row has sourceRowId but no comparison/recovery match,untouched_exception_review,,manifest exception review,,Welches Wort passt? from / starting,,Time / duration,,ab,,"Keep meaning tied to sick leave, doctor, symptom reporting, pharmacy, or insurance/admin context; do not use for medical advice.",,,,,imported_source_without_replacement_layer_match,
content/b1-m06-sick-leave.js,v080149_cat06_wortschatz_cat06_w_112,cat06-w-112,cat06-w-112,EXCEPTION_REVIEW,manual review: imported row has sourceRowId but no comparison/recovery match,untouched_exception_review,,manifest exception review,,Welches Wort passt? until,,Time / duration,,bis,,"Keep meaning tied to sick leave, doctor, symptom reporting, pharmacy, or insurance/admin context; do not use for medical advice.",,,,,imported_source_without_replacement_layer_match,
content/b1-m06-sick-leave.js,v080149_cat06_wortschatz_cat06_w_113,cat06-w-113,cat06-w-113,EXCEPTION_REVIEW,manual review: imported row has sourceRowId but no comparison/recovery match,untouched_exception_review,,manifest exception review,,Welches Wort passt? probably/expectedly,,Time / duration,,voraussichtlich,,"Keep meaning tied to sick leave, doctor, symptom reporting, pharmacy, or insurance/admin context; do not use for medical advice.",,,,,imported_source_without_replacement_layer_match,
content/b1-m06-sick-leave.js,v080149_cat06_wortschatz_cat06_w_114,cat06-w-114,cat06-w-114,EXCEPTION_REVIEW,manual review: imported row has sourceRowId but no comparison/recovery match,untouched_exception_review,,manifest exception review,,Welches Wort passt? for now / initially,,Time / duration,,vorerst,,"Keep meaning tied to sick leave, doctor, symptom reporting, pharmacy, or insurance/admin context; do not use for medical advice.",,,,,imported_source_without_replacement_layer_match,
content/b1-m07-meetings-leave-requests.js,v080149_cat07_practice_family_cat07_pf_085,cat07-pf-085,cat07-pf-085,EXCEPTION_REVIEW,manual review: imported row has sourceRowId but no comparison/recovery match,untouched_exception_review,,manifest exception review,,Ich habe dazu eine Rückmeldung.,,Korrigiere den Satz.,,Ich habe dazu eine Rückfrage.,,Rückfrage = follow-up question; Rückmeldung = response.,,,,,imported_source_without_replacement_layer_match,
content/b1-m07-meetings-leave-requests.js,v080149_cat07_practice_family_cat07_pf_088,cat07-pf-088,cat07-pf-088,EXCEPTION_REVIEW,manual review: imported row has sourceRowId but no comparison/recovery match,untouched_exception_review,,manifest exception review,,Ich zusammenfasse das Ergebnis.,,Korrigiere den Satz.,,Ich fasse das Ergebnis zusammen.,,zusammenfassen is separable in a main clause Use this as the trained pattern in this context.,,,,,imported_source_without_replacement_layer_match,
content/b1-m07-meetings-leave-requests.js,v080149_cat07_wortschatz_cat07_w_023,cat07-w-023,cat07-w-023,EXCEPTION_REVIEW,manual review: imported row has sourceRowId but no comparison/recovery match,untouched_exception_review,,manifest exception review,,Welches Wort passt? Common abbreviation for Tagesordnungspunkt; recognise before active use.,,Agenda/content,,TOP,,formal workplace,,,,,imported_source_without_replacement_layer_match,
content/b1-m07-meetings-leave-requests.js,v080149_cat07_wortschatz_cat07_w_052,cat07-w-052,cat07-w-052,EXCEPTION_REVIEW,manual review: imported row has sourceRowId but no comparison/recovery match,untouched_exception_review,,manifest exception review,,Welches Wort passt? Useful planning adjective.,,Planning and availability,,verfügbar,,neutral,,,,,imported_source_without_replacement_layer_match,
content/b1-m07-meetings-leave-requests.js,v080149_cat07_wortschatz_cat07_w_053,cat07-w-053,cat07-w-053,EXCEPTION_REVIEW,manual review: imported row has sourceRowId but no comparison/recovery match,untouched_exception_review,,manifest exception review,,Welches Wort passt? Common but broad; context needed.,,Planning and availability,,frei,,neutral,,,,,imported_source_without_replacement_layer_match,
content/b1-m07-meetings-leave-requests.js,v080149_cat07_wortschatz_cat07_w_054,cat07-w-054,cat07-w-054,EXCEPTION_REVIEW,manual review: imported row has sourceRowId but no comparison/recovery match,untouched_exception_review,,manifest exception review,,"Welches Wort passt? Phone/contact availability, not schedule availability.",,Planning and availability,,erreichbar,,neutral,,,,,imported_source_without_replacement_layer_match,
content/b1-m07-meetings-leave-requests.js,v080149_cat07_wortschatz_cat07_w_056,cat07-w-056,cat07-w-056,EXCEPTION_REVIEW,manual review: imported row has sourceRowId but no comparison/recovery match,untouched_exception_review,,manifest exception review,,Welches Wort passt? Useful meeting attendance.,,Planning and availability,,anwesend,,formal neutral,,,,,imported_source_without_replacement_layer_match,
content/b1-m07-meetings-leave-requests.js,v080149_cat07_wortschatz_cat07_w_057,cat07-w-057,cat07-w-057,EXCEPTION_REVIEW,manual review: imported row has sourceRowId but no comparison/recovery match,untouched_exception_review,,manifest exception review,,Welches Wort passt? Useful for leave/meeting absence.,,Planning and availability,,abwesend,,formal neutral,,,,,imported_source_without_replacement_layer_match,
content/b1-m07-meetings-leave-requests.js,v080149_cat07_wortschatz_cat07_w_058,cat07-w-058,cat07-w-058,EXCEPTION_REVIEW,manual review: imported row has sourceRowId but no comparison/recovery match,untouched_exception_review,,manifest exception review,,Welches Wort passt? Meeting participation.,,Planning and availability,,pünktlich,,neutral,,,,,imported_source_without_replacement_layer_match,
content/b1-m07-meetings-leave-requests.js,v080149_cat07_wortschatz_cat07_w_062,cat07-w-062,cat07-w-062,EXCEPTION_REVIEW,manual review: imported row has sourceRowId but no comparison/recovery match,untouched_exception_review,,manifest exception review,,Welches Wort passt? Core scheduling action.,,Planning and availability,,verschieben,,neutral,,,,,imported_source_without_replacement_layer_match,
content/b1-m07-meetings-leave-requests.js,v080149_cat07_wortschatz_cat07_w_063,cat07-w-063,cat07-w-063,EXCEPTION_REVIEW,manual review: imported row has sourceRowId but no comparison/recovery match,untouched_exception_review,,manifest exception review,,Welches Wort passt? Core scheduling action.,,Planning and availability,,absagen,,neutral,,,,,imported_source_without_replacement_layer_match,
content/b1-m07-meetings-leave-requests.js,v080149_cat07_wortschatz_cat07_w_065,cat07-w-065,cat07-w-065,EXCEPTION_REVIEW,manual review: imported row has sourceRowId but no comparison/recovery match,untouched_exception_review,,manifest exception review,,Welches Wort passt? Needs an + dative.,,Planning and availability,,teilnehmen,,neutral,,,,,imported_source_without_replacement_layer_match,
content/b1-m07-meetings-leave-requests.js,v080149_cat07_wortschatz_cat07_w_066,cat07-w-066,cat07-w-066,EXCEPTION_REVIEW,manual review: imported row has sourceRowId but no comparison/recovery match,untouched_exception_review,,manifest exception review,,Welches Wort passt? Direct object: ein Thema besprechen.,,Planning and availability,,besprechen,,neutral,,,,,imported_source_without_replacement_layer_match,
content/b1-m07-meetings-leave-requests.js,v080149_cat07_wortschatz_cat07_w_067,cat07-w-067,cat07-w-067,EXCEPTION_REVIEW,manual review: imported row has sourceRowId but no comparison/recovery match,untouched_exception_review,,manifest exception review,,Welches Wort passt? Clarify a question/responsibility.,,Planning and availability,,klären,,neutral,,,,,imported_source_without_replacement_layer_match,
content/b1-m07-meetings-leave-requests.js,v080149_cat07_wortschatz_cat07_w_069,cat07-w-069,cat07-w-069,EXCEPTION_REVIEW,manual review: imported row has sourceRowId but no comparison/recovery match,untouched_exception_review,,manifest exception review,,Welches Wort passt? Core proposal verb.,,Planning and availability,,vorschlagen,,neutral,,,,,imported_source_without_replacement_layer_match,
content/b1-m07-meetings-leave-requests.js,v080149_cat07_wortschatz_cat07_w_070,cat07-w-070,cat07-w-070,EXCEPTION_REVIEW,manual review: imported row has sourceRowId but no comparison/recovery match,untouched_exception_review,,manifest exception review,,Welches Wort passt? Meeting outcome; active but not overformal.,,Planning and availability,,entscheiden,,neutral,,,,,imported_source_without_replacement_layer_match,
content/b1-m07-meetings-leave-requests.js,v080149_cat07_wortschatz_cat07_w_071,cat07-w-071,cat07-w-071,EXCEPTION_REVIEW,manual review: imported row has sourceRowId but no comparison/recovery match,untouched_exception_review,,manifest exception review,,Welches Wort passt? Planning verb.,,Planning and availability,,einplanen,,neutral workplace,,,,,imported_source_without_replacement_layer_match,
content/b1-m07-meetings-leave-requests.js,v080149_cat07_wortschatz_cat07_w_072,cat07-w-072,cat07-w-072,EXCEPTION_REVIEW,manual review: imported row has sourceRowId but no comparison/recovery match,untouched_exception_review,,manifest exception review,,Welches Wort passt? Tasks/cover shifts.,,Planning and availability,,übernehmen,,neutral,,,,,imported_source_without_replacement_layer_match,
content/b1-m07-meetings-leave-requests.js,v080149_cat07_wortschatz_cat07_w_097,cat07-w-097,cat07-w-097,EXCEPTION_REVIEW,manual review: imported row has sourceRowId but no comparison/recovery match,untouched_exception_review,,manifest exception review,,Welches Wort passt? Leave coverage verb.,,Leave requests,,vertreten,,neutral workplace,,,,,imported_source_without_replacement_layer_match,
content/b1-m07-meetings-leave-requests.js,v080149_cat07_wortschatz_cat07_w_098,cat07-w-098,cat07-w-098,EXCEPTION_REVIEW,manual review: imported row has sourceRowId but no comparison/recovery match,untouched_exception_review,,manifest exception review,,Welches Wort passt? Handover before absence.,,Leave requests,,übergeben,,neutral workplace,,,,,imported_source_without_replacement_layer_match,
content/b1-m07-meetings-leave-requests.js,v080149_cat07_wortschatz_cat07_w_105,cat07-w-105,cat07-w-105,EXCEPTION_REVIEW,manual review: imported row has sourceRowId but no comparison/recovery match,untouched_exception_review,,manifest exception review,,Welches Wort passt? Covering tasks during leave; also broader.,,Leave requests,,sich kümmern um,,neutral,,,,,imported_source_without_replacement_layer_match,
content/b1-m07-meetings-leave-requests.js,v080149_cat07_wortschatz_cat07_w_108,cat07-w-108,cat07-w-108,EXCEPTION_REVIEW,manual review: imported row has sourceRowId but no comparison/recovery match,untouched_exception_review,,manifest exception review,,"Welches Wort passt? Planning conflicts, meeting times.",,Leave requests,,gleichzeitig,,neutral,,,,,imported_source_without_replacement_layer_match,
content/b1-m08-orders-delivery.js,v080149_cat08_practice_family_cat08_pf_005,cat08-pf-005,cat08-pf-005,EXCEPTION_REVIEW,manual review: imported row has sourceRowId but no comparison/recovery match,untouched_exception_review,,manifest exception review,,Welche Nummer passt zur Bestellung?,,A Bestellnummer / B Artikelnummer / C Sendungsnummer,,Bestellnummer,,Bestellnummer identifies the order.,,,,,imported_source_without_replacement_layer_match,
content/b1-m08-orders-delivery.js,v080149_cat08_practice_family_cat08_pf_006,cat08-pf-006,cat08-pf-006,EXCEPTION_REVIEW,manual review: imported row has sourceRowId but no comparison/recovery match,untouched_exception_review,,manifest exception review,,Welche Nummer passt zur Paketverfolgung?,,A Sendungsnummer / B Kundennummer / C Rechnungsnummer,,Sendungsnummer,,Sendungsnummer tracks the shipment.,,,,,imported_source_without_replacement_layer_match,
content/b1-m08-orders-delivery.js,v080149_cat08_practice_family_cat08_pf_008,cat08-pf-008,cat08-pf-008,EXCEPTION_REVIEW,manual review: imported row has sourceRowId but no comparison/recovery match,untouched_exception_review,,manifest exception review,,Welche Adresse passt?,,Die Ware soll an diese Adresse kommen: A Lieferadresse / B Rechnungsadresse / C Absender,,Lieferadresse,,Lieferadresse is where the delivery goes.,,,,,imported_source_without_replacement_layer_match,
content/b1-m08-orders-delivery.js,v080149_cat08_practice_family_cat08_pf_027,cat08-pf-027,cat08-pf-027,EXCEPTION_REVIEW,manual review: imported row has sourceRowId but no comparison/recovery match,untouched_exception_review,,manifest exception review,,Welches Dokument ist eine Zahlungsbestätigung?,,A Quittung / B Rechnung / C Lieferschein,,Quittung,,Quittung proves payment; Rechnung is the invoice.,,,,,imported_source_without_replacement_layer_match,
content/b1-m08-orders-delivery.js,v080149_cat08_practice_family_cat08_pf_042,cat08-pf-042,cat08-pf-042,EXCEPTION_REVIEW,manual review: imported row has sourceRowId but no comparison/recovery match,untouched_exception_review,,manifest exception review,,Welche Bitte ist höflich und vollständig?,,A Könnten Sie mir bitte die Rechnung schicken? / B Schicken Sie Rechnung. / C Gib mir Rechnung.,,Könnten Sie mir bitte die Rechnung schicken?,,Könnten Sie bitte ... is polite and complete.,,,,,imported_source_without_replacement_layer_match,
content/b1-m08-orders-delivery.js,v080149_cat08_practice_family_cat08_pf_045,cat08-pf-045,cat08-pf-045,EXCEPTION_REVIEW,manual review: imported row has sourceRowId but no comparison/recovery match,untouched_exception_review,,manifest exception review,,Ich rufe wegen meiner Bestellung an: A Bestellnummer / B Artikelnummer / C Farbe,,Welche Nummer passt für diese Frage?,,Bestellnummer,,"For an existing order, ask for the Bestellnummer.",,,,,imported_source_without_replacement_layer_match,
content/b1-m08-orders-delivery.js,v080149_cat08_practice_family_cat08_pf_047,cat08-pf-047,cat08-pf-047,EXCEPTION_REVIEW,manual review: imported row has sourceRowId but no comparison/recovery match,untouched_exception_review,,manifest exception review,,A Ich habe die Ware erhalten. / B Ich bin die Ware geliefert. / C Ich habe die Ware angekommen.,,Welche Form ist natürlich?,,Ich habe die Ware erhalten.,,A person receives goods; goods arrive.,,,,,imported_source_without_replacement_layer_match,
content/b1-m08-orders-delivery.js,v080149_cat08_practice_family_cat08_pf_052,cat08-pf-052,cat08-pf-052,EXCEPTION_REVIEW,manual review: imported row has sourceRowId but no comparison/recovery match,untouched_exception_review,,manifest exception review,,Welches Wort passt?,,Der Preis wird niedriger: A Rabatt / B Bestellnummer / C Lieferzeit,,Rabatt,,Rabatt reduces the price.,,,,,imported_source_without_replacement_layer_match,
content/b1-m08-orders-delivery.js,v080149_cat08_practice_family_cat08_pf_055,cat08-pf-055,cat08-pf-055,EXCEPTION_REVIEW,manual review: imported row has sourceRowId but no comparison/recovery match,untouched_exception_review,,manifest exception review,,Was beschreibt „drei Stück“?,,A Stückzahl / B Artikelnummer / C Lieferadresse,,Stückzahl,,Stückzahl is the number of pieces.,,,,,imported_source_without_replacement_layer_match,
content/b1-m08-orders-delivery.js,v080149_cat08_practice_family_cat08_pf_059,cat08-pf-059,cat08-pf-059,EXCEPTION_REVIEW,manual review: imported row has sourceRowId but no comparison/recovery match,untouched_exception_review,,manifest exception review,,Welche Form bedeutet „in stock“?,,A vorrätig / B geliefert / C verspätet,,vorrätig,,Vorrätig means in stock.,,,,,imported_source_without_replacement_layer_match,
content/b1-m08-orders-delivery.js,v080149_cat08_practice_family_cat08_pf_061,cat08-pf-061,cat08-pf-061,EXCEPTION_REVIEW,manual review: imported row has sourceRowId but no comparison/recovery match,untouched_exception_review,,manifest exception review,,Wer bekommt das Paket?,,A Empfänger / B Absender / C Liefertermin,,Empfänger,,The Empfänger receives the parcel.,,,,,imported_source_without_replacement_layer_match,
content/b1-m08-orders-delivery.js,v080149_cat08_practice_family_cat08_pf_062,cat08-pf-062,cat08-pf-062,EXCEPTION_REVIEW,manual review: imported row has sourceRowId but no comparison/recovery match,untouched_exception_review,,manifest exception review,,Wer schickt das Paket?,,A Absender / B Empfänger / C Kassenbon,,Absender,,The Absender sends the parcel.,,,,,imported_source_without_replacement_layer_match,
content/b1-m08-orders-delivery.js,v080149_cat08_practice_family_cat08_pf_069,cat08-pf-069,cat08-pf-069,EXCEPTION_REVIEW,manual review: imported row has sourceRowId but no comparison/recovery match,untouched_exception_review,,manifest exception review,,Welches Wort passt zur Paketkarte?,,A Zustellversuch / B Zahlungsart / C Rabatt,,Zustellversuch,,Zustellversuch means delivery attempt.,,,,,imported_source_without_replacement_layer_match,
content/b1-m08-orders-delivery.js,v080149_cat08_practice_family_cat08_pf_090,cat08-pf-090,cat08-pf-090,EXCEPTION_REVIEW,manual review: imported row has sourceRowId but no comparison/recovery match,untouched_exception_review,,manifest exception review,,Welches Dokument fordert Zahlung?,,A Rechnung / B Bestellbestätigung / C Sendungsnummer,,Rechnung,,A Rechnung is the invoice/bill.,,,,,imported_source_without_replacement_layer_match,
content/b1-m08-orders-delivery.js,v080149_cat08_redemittel_cat08_r_002,cat08-r-002,cat08-r-002,EXCEPTION_REVIEW,manual review: comparison/recovery row exists but decision is not apply-ready,untouched_exception_review,,manifest exception review,,Welche Form passt? email/shop,,Order request,,Ich möchte gern eine Bestellung aufgeben.,Ich möchte gern eine Bestellung aufgeben.,Watch: eine Bestellung machen,,,,,unclear_v02_decision,
content/b1-m08-orders-delivery.js,v080149_cat08_redemittel_cat08_r_003,cat08-r-003,cat08-r-003,EXCEPTION_REVIEW,manual review: comparison/recovery row exists but decision is not apply-ready,untouched_exception_review,,manifest exception review,,Welche Form passt? email/shop,,Order request,,Ich interessiere mich für diesen Artikel.,Ich interessiere mich für diesen Artikel.,Watch: wrong preposition,,,,,unclear_v02_decision,
content/b1-m08-orders-delivery.js,v080149_cat08_redemittel_cat08_r_004,cat08-r-004,cat08-r-004,EXCEPTION_REVIEW,manual review: comparison/recovery row exists but decision is not apply-ready,untouched_exception_review,,manifest exception review,,Welche Form passt? shop/email,,Product question,,Ist der Artikel noch lieferbar?,Ist der Artikel noch lieferbar?,Watch: lieferbar vs geliefert,,,,,unclear_v02_decision,
content/b1-m08-orders-delivery.js,v080149_cat08_redemittel_cat08_r_005,cat08-r-005,cat08-r-005,EXCEPTION_REVIEW,manual review: comparison/recovery row exists but decision is not apply-ready,untouched_exception_review,,manifest exception review,,Welche Form passt? shop/email,,Product question,,Haben Sie diesen Artikel auf Lager?,Haben Sie diesen Artikel auf Lager?,Watch: auf Lager phrase missing,,,,,unclear_v02_decision,
content/b1-m08-orders-delivery.js,v080149_cat08_redemittel_cat08_r_007,cat08-r-007,cat08-r-007,EXCEPTION_REVIEW,manual review: comparison/recovery row exists but decision is not apply-ready,untouched_exception_review,,manifest exception review,,Welche Form passt? shop/email,,Product question,,Welche Farben sind verfügbar?,Welche Farben sind verfügbar?,Watch: question-word/verb order,,,,,unclear_v02_decision,
content/b1-m08-orders-delivery.js,v080149_cat08_redemittel_cat08_r_008,cat08-r-008,cat08-r-008,EXCEPTION_REVIEW,manual review: comparison/recovery row exists but decision is not apply-ready,untouched_exception_review,,manifest exception review,,Welche Form passt? shop/email,,Product question,,Können Sie mir bitte die Artikelnummer nennen?,Können Sie mir bitte die Artikelnummer nennen?,Watch: word order with mir,,,,,unclear_v02_decision,
content/b1-m08-orders-delivery.js,v080149_cat08_redemittel_cat08_r_009,cat08-r-009,cat08-r-009,EXCEPTION_REVIEW,manual review: comparison/recovery row exists but decision is not apply-ready,untouched_exception_review,,manifest exception review,,Welche Form passt? email/shop,,Order detail,,Ich möchte die Menge ändern.,Ich möchte die Menge ändern.,Watch: ändern vs wechseln,,,,,unclear_v02_decision,
content/b1-m08-orders-delivery.js,v080149_cat08_redemittel_cat08_r_010,cat08-r-010,cat08-r-010,EXCEPTION_REVIEW,manual review: comparison/recovery row exists but decision is not apply-ready,untouched_exception_review,,manifest exception review,,Welche Form passt? email/shop,,Order detail,,Kann ich die Bestellung noch ändern?,Kann ich die Bestellung noch ändern?,Watch: article omission,,,,,unclear_v02_decision,
content/b1-m08-orders-delivery.js,v080149_cat08_redemittel_cat08_r_011,cat08-r-011,cat08-r-011,EXCEPTION_REVIEW,manual review: comparison/recovery row exists but decision is not apply-ready,untouched_exception_review,,manifest exception review,,Welche Form passt? email/shop,,Order detail,,Kann ich die Bestellung noch stornieren?,Kann ich die Bestellung noch stornieren?,Watch: wrong cancellation verb,,,,,unclear_v02_decision,
content/b1-m08-orders-delivery.js,v080149_cat08_redemittel_cat08_r_012,cat08-r-012,cat08-r-012,EXCEPTION_REVIEW,manual review: comparison/recovery row exists but decision is not apply-ready,untouched_exception_review,,manifest exception review,,Welche Form passt? email/shop,,Order detail,,Bitte ändern Sie die Lieferadresse.,Bitte ändern Sie die Lieferadresse.,Watch: ändern vs wechseln,,,,,unclear_v02_decision,
content/b1-m08-orders-delivery.js,v080149_cat08_redemittel_cat08_r_015,cat08-r-015,cat08-r-015,EXCEPTION_REVIEW,manual review: comparison/recovery row exists but decision is not apply-ready,untouched_exception_review,,manifest exception review,,Welche Form passt? email,,Order confirmation,,Ich habe die Bestellbestätigung erhalten.,Ich habe die Bestellbestätigung erhalten.,Watch: haben with erhalten,,,,,unclear_v02_decision,
content/b1-m08-orders-delivery.js,v080149_cat08_redemittel_cat08_r_016,cat08-r-016,cat08-r-016,EXCEPTION_REVIEW,manual review: comparison/recovery row exists but decision is not apply-ready,untouched_exception_review,,manifest exception review,,Welche Form passt? email,,Order confirmation,,Die Bestellung ist noch in Bearbeitung.,Die Bestellung ist noch in Bearbeitung.,Watch: fixed phrase in Bearbeitung,,,,,unclear_v02_decision,
content/b1-m08-orders-delivery.js,v080149_cat08_redemittel_cat08_r_017,cat08-r-017,cat08-r-017,EXCEPTION_REVIEW,manual review: comparison/recovery row exists but decision is not apply-ready,untouched_exception_review,,manifest exception review,,Welche Form passt? email/portal,,Order confirmation,,Der Status der Bestellung ist noch offen.,Der Status der Bestellung ist noch offen.,Watch: status vs Zustand,,,,,unclear_v02_decision,
content/b1-m08-orders-delivery.js,v080149_cat08_redemittel_cat08_r_018,cat08-r-018,cat08-r-018,EXCEPTION_REVIEW,manual review: comparison/recovery row exists but decision is not apply-ready,untouched_exception_review,,manifest exception review,,Welche Form passt? email/phone,,Delivery status,,Ich möchte den Lieferstatus prüfen.,Ich möchte den Lieferstatus prüfen.,Watch: prüfen vs testen; compound,,,,,unclear_v02_decision,
content/b1-m08-orders-delivery.js,v080149_cat08_redemittel_cat08_r_019,cat08-r-019,cat08-r-019,EXCEPTION_REVIEW,manual review: comparison/recovery row exists but decision is not apply-ready,untouched_exception_review,,manifest exception review,,Welche Form passt? email/phone,,Delivery status,,Können Sie mir den Liefertermin nennen?,Können Sie mir den Liefertermin nennen?,Watch: Liefertermin vs Lieferzeit,,,,,unclear_v02_decision,
content/b1-m08-orders-delivery.js,v080149_cat08_redemittel_cat08_r_020,cat08-r-020,cat08-r-020,EXCEPTION_REVIEW,manual review: comparison/recovery row exists but decision is not apply-ready,untouched_exception_review,,manifest exception review,,Welche Form passt? email/phone,,Delivery status,,Wann kommt die Lieferung voraussichtlich an?,Wann kommt die Lieferung voraussichtlich an?,Watch: ankommen for delivery arrival,,,,,unclear_v02_decision,
content/b1-m08-orders-delivery.js,v080149_cat08_redemittel_cat08_r_021,cat08-r-021,cat08-r-021,EXCEPTION_REVIEW,manual review: imported row has sourceRowId but no comparison/recovery match,untouched_exception_review,,manifest exception review,,Welche Form passt? email/phone,,Delivery status,,Die Lieferung kommt voraussichtlich am Freitag.,,Watch: voraussichtlich + date,,,,,imported_source_without_replacement_layer_match,
content/b1-m08-orders-delivery.js,v080149_cat08_redemittel_cat08_r_022,cat08-r-022,cat08-r-022,EXCEPTION_REVIEW,manual review: imported row has sourceRowId but no comparison/recovery match,untouched_exception_review,,manifest exception review,,Welche Form passt? email/phone,,Delivery status,,Die Lieferung ist leider verspätet.,,Watch: verspätet adjective,,,,,imported_source_without_replacement_layer_match,
content/b1-m08-orders-delivery.js,v080149_cat08_redemittel_cat08_r_023,cat08-r-023,cat08-r-023,EXCEPTION_REVIEW,manual review: imported row has sourceRowId but no comparison/recovery match,untouched_exception_review,,manifest exception review,,Welche Form passt? email/phone,,Delivery status,,Es gibt eine Verzögerung bei der Lieferung.,,Watch: bei der Lieferung,,,,,imported_source_without_replacement_layer_match,
content/b1-m08-orders-delivery.js,v080149_cat08_redemittel_cat08_r_024,cat08-r-024,cat08-r-024,EXCEPTION_REVIEW,manual review: imported row has sourceRowId but no comparison/recovery match,untouched_exception_review,,manifest exception review,,Welche Form passt? email/portal,,Delivery tracking,,Ich möchte die Sendung verfolgen.,,Watch: verfolgen takes direct object,,,,,imported_source_without_replacement_layer_match,
content/b1-m08-orders-delivery.js,v080149_cat08_redemittel_cat08_r_025,cat08-r-025,cat08-r-025,EXCEPTION_REVIEW,manual review: imported row has sourceRowId but no comparison/recovery match,untouched_exception_review,,manifest exception review,,Welche Form passt? email/phone,,Delivery tracking,,Können Sie mir die Sendungsnummer schicken?,,Watch: tracking number vs order number,,,,,imported_source_without_replacement_layer_match,
content/b1-m08-orders-delivery.js,v080149_cat08_redemittel_cat08_r_026,cat08-r-026,cat08-r-026,EXCEPTION_REVIEW,manual review: imported row has sourceRowId but no comparison/recovery match,untouched_exception_review,,manifest exception review,,Welche Form passt? email/portal,,Delivery tracking,,Die Sendungsnummer funktioniert nicht.,,Watch: funktionieren for number/link,,,,,imported_source_without_replacement_layer_match,
content/b1-m08-orders-delivery.js,v080149_cat08_redemittel_cat08_r_027,cat08-r-027,cat08-r-027,EXCEPTION_REVIEW,manual review: imported row has sourceRowId but no comparison/recovery match,untouched_exception_review,,manifest exception review,,Welche Form passt? shop/phone,,Delivery option,,Ich möchte das Paket in der Filiale abholen.,,Watch: abholen word order/object,,,,,imported_source_without_replacement_layer_match,
content/b1-m08-orders-delivery.js,v080149_cat08_redemittel_cat08_r_031,cat08-r-031,cat08-r-031,EXCEPTION_REVIEW,manual review: imported row has sourceRowId but no comparison/recovery match,untouched_exception_review,,manifest exception review,,Welche Form passt? phone/workplace,,Delivery receipt,,Ich habe das Paket angenommen.,,Watch: annehmen vs akzeptieren,,,,,imported_source_without_replacement_layer_match,
content/b1-m08-orders-delivery.js,v080149_cat08_redemittel_cat08_r_032,cat08-r-032,cat08-r-032,EXCEPTION_REVIEW,manual review: imported row has sourceRowId but no comparison/recovery match,untouched_exception_review,,manifest exception review,,Welche Form passt? phone/workplace,,Delivery receipt,,Die Ware ist heute angekommen.,,Watch: ankommen uses sein in Perfekt,,,,,imported_source_without_replacement_layer_match,
content/b1-m08-orders-delivery.js,v080149_cat08_redemittel_cat08_r_033,cat08-r-033,cat08-r-033,EXCEPTION_REVIEW,manual review: imported row has sourceRowId but no comparison/recovery match,untouched_exception_review,,manifest exception review,,Welche Form passt? email/workplace,,Delivery receipt,,Ich habe die Ware erhalten.,,Watch: formal erhalten with haben,,,,,imported_source_without_replacement_layer_match,
content/b1-m08-orders-delivery.js,v080149_cat08_redemittel_cat08_r_034,cat08-r-034,cat08-r-034,EXCEPTION_REVIEW,manual review: imported row has sourceRowId but no comparison/recovery match,untouched_exception_review,,manifest exception review,,Welche Form passt? email,,Invoice,,Könnten Sie mir bitte die Rechnung schicken?,,Watch: word order/politeness,,,,,imported_source_without_replacement_layer_match,
content/b1-m08-orders-delivery.js,v080149_cat08_redemittel_cat08_r_035,cat08-r-035,cat08-r-035,EXCEPTION_REVIEW,manual review: imported row has sourceRowId but no comparison/recovery match,untouched_exception_review,,manifest exception review,,Welche Form passt? email,,Invoice,,Ich habe die Rechnung noch nicht erhalten.,,Watch: noch nicht + Perfekt,,,,,imported_source_without_replacement_layer_match,
content/b1-m08-orders-delivery.js,v080149_cat08_redemittel_cat08_r_036,cat08-r-036,cat08-r-036,EXCEPTION_REVIEW,manual review: imported row has sourceRowId but no comparison/recovery match,untouched_exception_review,,manifest exception review,,Welche Form passt? email,,Invoice,,Auf der Rechnung steht eine andere Adresse.,,Watch: auf der Rechnung stehen,,,,,imported_source_without_replacement_layer_match,
content/b1-m08-orders-delivery.js,v080149_cat08_redemittel_cat08_r_039,cat08-r-039,cat08-r-039,EXCEPTION_REVIEW,manual review: imported row has sourceRowId but no comparison/recovery match,untouched_exception_review,,manifest exception review,,Welche Form passt? email,,Invoice,,Welche Zahlungsart soll ich auswählen?,,Watch: payment-method noun,,,,,imported_source_without_replacement_layer_match,
content/b1-m08-orders-delivery.js,v080149_cat08_redemittel_cat08_r_041,cat08-r-041,cat08-r-041,EXCEPTION_REVIEW,manual review: imported row has sourceRowId but no comparison/recovery match,untouched_exception_review,,manifest exception review,,Welche Form passt? email,,Invoice,,Ich habe den Betrag überwiesen.,,Watch: überweisen with amount,,,,,imported_source_without_replacement_layer_match,
content/b1-m08-orders-delivery.js,v080149_cat08_redemittel_cat08_r_043,cat08-r-043,cat08-r-043,EXCEPTION_REVIEW,manual review: imported row has sourceRowId but no comparison/recovery match,untouched_exception_review,,manifest exception review,,Welche Form passt? delivery,,Documents,,Im Paket liegt ein Lieferschein.,,Watch: Lieferschein vs Rechnung,,,,,imported_source_without_replacement_layer_match,
content/b1-m08-orders-delivery.js,v080149_cat08_redemittel_cat08_r_044,cat08-r-044,cat08-r-044,EXCEPTION_REVIEW,manual review: imported row has sourceRowId but no comparison/recovery match,untouched_exception_review,,manifest exception review,,Welche Form passt? delivery,,Documents,,Bitte bewahren Sie den Beleg auf.,,Watch: aufbewahren separable verb,,,,,imported_source_without_replacement_layer_match,
content/b1-m08-orders-delivery.js,v080149_cat08_redemittel_cat08_r_054,cat08-r-054,cat08-r-054,EXCEPTION_REVIEW,manual review: comparison/recovery row exists but decision is not apply-ready,untouched_exception_review,,manifest exception review,,Welche Form passt? email/phone,,Follow-up,,"Ich wollte kurz nachfragen, ob die Lieferung unterwegs ist.","Ich wollte kurz nachfragen, ob die Lieferung unterwegs ist.",Watch: ob-clause word order,,,,,unclear_v02_decision,
content/b1-m08-orders-delivery.js,v080149_cat08_wortschatz_cat08_w_021,cat08-w-021,cat08-w-021,EXCEPTION_REVIEW,manual review: comparison/recovery row exists but decision is not apply-ready,untouched_exception_review,,manifest exception review,,Welches Wort passt? to order,,Order actions,,bestellen,bestellen,Core CAT08 action.,,,,,unclear_v02_decision,
content/b1-m08-orders-delivery.js,v080149_cat08_wortschatz_cat08_w_022,cat08-w-022,cat08-w-022,EXCEPTION_REVIEW,manual review: comparison/recovery row exists but decision is not apply-ready,untouched_exception_review,,manifest exception review,,Welches Wort passt? to place/submit,,Order actions,,aufgeben,aufgeben,With Bestellung: eine Bestellung aufgeben.,,,,,unclear_v02_decision,
content/b1-m08-orders-delivery.js,v080149_cat08_wortschatz_cat08_w_023,cat08-w-023,cat08-w-023,EXCEPTION_REVIEW,manual review: comparison/recovery row exists but decision is not apply-ready,untouched_exception_review,,manifest exception review,,Welches Wort passt? to choose/select,,Order actions,,auswählen,auswählen,"Choose product, colour, size, delivery option.",,,,,unclear_v02_decision,
content/b1-m08-orders-delivery.js,v080149_cat08_wortschatz_cat08_w_024,cat08-w-024,cat08-w-024,EXCEPTION_REVIEW,manual review: comparison/recovery row exists but decision is not apply-ready,untouched_exception_review,,manifest exception review,,Welches Wort passt? to add,,Order actions,,hinzufügen,hinzufügen,Online basket/action.,,,,,unclear_v02_decision,
content/b1-m08-orders-delivery.js,v080149_cat08_wortschatz_cat08_w_025,cat08-w-025,cat08-w-025,EXCEPTION_REVIEW,manual review: comparison/recovery row exists but decision is not apply-ready,untouched_exception_review,,manifest exception review,,Welches Wort passt? to change,,Order actions,,ändern,ändern,"Change order, address, quantity.",,,,,unclear_v02_decision,
content/b1-m08-orders-delivery.js,v080149_cat08_wortschatz_cat08_w_026,cat08-w-026,cat08-w-026,EXCEPTION_REVIEW,manual review: comparison/recovery row exists but decision is not apply-ready,untouched_exception_review,,manifest exception review,,Welches Wort passt? to cancel an order,,Order actions,,stornieren,stornieren,"Common for cancelling an order, not every appointment.",,,,,unclear_v02_decision,
content/b1-m08-orders-delivery.js,v080149_cat08_wortschatz_cat08_w_027,cat08-w-027,cat08-w-027,EXCEPTION_REVIEW,manual review: comparison/recovery row exists but decision is not apply-ready,untouched_exception_review,,manifest exception review,,Welches Wort passt? to confirm,,Order actions,,bestätigen,bestätigen,"Confirm order, delivery date, receipt.",,,,,unclear_v02_decision,
content/b1-m08-orders-delivery.js,v080149_cat08_wortschatz_cat08_w_028,cat08-w-028,cat08-w-028,EXCEPTION_REVIEW,manual review: comparison/recovery row exists but decision is not apply-ready,untouched_exception_review,,manifest exception review,,Welches Wort passt? to process/work on,,Order actions,,bearbeiten,bearbeiten,Order processing.,,,,,unclear_v02_decision,
content/b1-m08-orders-delivery.js,v080149_cat08_wortschatz_cat08_w_029,cat08-w-029,cat08-w-029,EXCEPTION_REVIEW,manual review: comparison/recovery row exists but decision is not apply-ready,untouched_exception_review,,manifest exception review,,Welches Wort passt? to check/review,,Order actions,,prüfen,prüfen,"Check invoice, order, delivery.",,,,,unclear_v02_decision,
content/b1-m08-orders-delivery.js,v080149_cat08_wortschatz_cat08_w_030,cat08-w-030,cat08-w-030,EXCEPTION_REVIEW,manual review: comparison/recovery row exists but decision is not apply-ready,untouched_exception_review,,manifest exception review,,Welches Wort passt? to receive,,Order actions,,erhalten,erhalten,Receive goods/invoice/confirmation.,,,,,unclear_v02_decision,
content/b1-m08-orders-delivery.js,v080149_cat08_wortschatz_cat08_w_031,cat08-w-031,cat08-w-031,EXCEPTION_REVIEW,manual review: comparison/recovery row exists but decision is not apply-ready,untouched_exception_review,,manifest exception review,,Welches Wort passt? to arrive,,Order actions,,ankommen,ankommen,Package/delivery arrives.,,,,,unclear_v02_decision,
content/b1-m08-orders-delivery.js,v080149_cat08_wortschatz_cat08_w_032,cat08-w-032,cat08-w-032,EXCEPTION_REVIEW,manual review: comparison/recovery row exists but decision is not apply-ready,untouched_exception_review,,manifest exception review,,Welches Wort passt? to deliver,,Order actions,,liefern,liefern,Seller/carrier delivers.,,,,,unclear_v02_decision,
content/b1-m08-orders-delivery.js,v080149_cat08_wortschatz_cat08_w_033,cat08-w-033,cat08-w-033,EXCEPTION_REVIEW,manual review: comparison/recovery row exists but decision is not apply-ready,untouched_exception_review,,manifest exception review,,Welches Wort passt? to dispatch/deliver out,,Order actions,,ausliefern,ausliefern,Often logistics/company-side.,,,,,unclear_v02_decision,
content/b1-m08-orders-delivery.js,v080149_cat08_wortschatz_cat08_w_034,cat08-w-034,cat08-w-034,EXCEPTION_REVIEW,manual review: comparison/recovery row exists but decision is not apply-ready,untouched_exception_review,,manifest exception review,,Welches Wort passt? to send/dispatch,,Order actions,,verschicken,verschicken,Company sends goods/documents.,,,,,unclear_v02_decision,
content/b1-m08-orders-delivery.js,v080149_cat08_wortschatz_cat08_w_035,cat08-w-035,cat08-w-035,EXCEPTION_REVIEW,manual review: comparison/recovery row exists but decision is not apply-ready,untouched_exception_review,,manifest exception review,,Welches Wort passt? to send/dispatch,,Order actions,,versenden,versenden,More formal/process word for shipping.,,,,,unclear_v02_decision,
content/b1-m08-orders-delivery.js,v080149_cat08_wortschatz_cat08_w_036,cat08-w-036,cat08-w-036,EXCEPTION_REVIEW,manual review: imported row has sourceRowId but no comparison/recovery match,untouched_exception_review,,manifest exception review,,Welches Wort passt? to deliver to recipient,,Order actions,,zustellen,,Carrier delivers to an address/person.,,,,,imported_source_without_replacement_layer_match,
content/b1-m08-orders-delivery.js,v080149_cat08_wortschatz_cat08_w_037,cat08-w-037,cat08-w-037,EXCEPTION_REVIEW,manual review: imported row has sourceRowId but no comparison/recovery match,untouched_exception_review,,manifest exception review,,Welches Wort passt? to accept/receive,,Order actions,,annehmen,,Accept a package or delivery.,,,,,imported_source_without_replacement_layer_match,
content/b1-m08-orders-delivery.js,v080149_cat08_wortschatz_cat08_w_038,cat08-w-038,cat08-w-038,EXCEPTION_REVIEW,manual review: imported row has sourceRowId but no comparison/recovery match,untouched_exception_review,,manifest exception review,,Welches Wort passt? to pick up/collect,,Order actions,,abholen,,Pick up parcel/order.,,,,,imported_source_without_replacement_layer_match,
content/b1-m08-orders-delivery.js,v080149_cat08_wortschatz_cat08_w_040,cat08-w-040,cat08-w-040,EXCEPTION_REVIEW,manual review: imported row has sourceRowId but no comparison/recovery match,untouched_exception_review,,manifest exception review,,Welches Wort passt? to ask/check again,,Order actions,,nachfragen,,Ask about delivery/order status.,,,,,imported_source_without_replacement_layer_match,
content/b1-m08-orders-delivery.js,v080149_cat08_wortschatz_cat08_w_064,cat08-w-064,cat08-w-064,EXCEPTION_REVIEW,manual review: imported row has sourceRowId but no comparison/recovery match,untouched_exception_review,,manifest exception review,,Welches Wort passt? expected/estimated,,Delivery,,voraussichtlich,,Common in delivery estimates.,,,,,imported_source_without_replacement_layer_match,
content/b1-m08-orders-delivery.js,v080149_cat08_wortschatz_cat08_w_065,cat08-w-065,cat08-w-065,EXCEPTION_REVIEW,manual review: imported row has sourceRowId but no comparison/recovery match,untouched_exception_review,,manifest exception review,,Welches Wort passt? on time/punctual,,Delivery,,pünktlich,,For delivery/person.,,,,,imported_source_without_replacement_layer_match,
content/b1-m08-orders-delivery.js,v080149_cat08_wortschatz_cat08_w_066,cat08-w-066,cat08-w-066,EXCEPTION_REVIEW,manual review: imported row has sourceRowId but no comparison/recovery match,untouched_exception_review,,manifest exception review,,Welches Wort passt? delayed/late,,Delivery,,verspätet,,Delivery is delayed.,,,,,imported_source_without_replacement_layer_match,
content/b1-m08-orders-delivery.js,v080149_cat08_wortschatz_cat08_w_075,cat08-w-075,cat08-w-075,EXCEPTION_REVIEW,manual review: imported row has sourceRowId but no comparison/recovery match,untouched_exception_review,,manifest exception review,,Welches Wort passt? available for delivery,,Delivery,,lieferbar,,Product availability.,,,,,imported_source_without_replacement_layer_match,
content/b1-m08-orders-delivery.js,v080149_cat08_wortschatz_cat08_w_076,cat08-w-076,cat08-w-076,EXCEPTION_REVIEW,manual review: imported row has sourceRowId but no comparison/recovery match,untouched_exception_review,,manifest exception review,,Welches Wort passt? available,,Delivery,,verfügbar,,General availability.,,,,,imported_source_without_replacement_layer_match,
content/b1-m08-orders-delivery.js,v080149_cat08_wortschatz_cat08_w_077,cat08-w-077,cat08-w-077,EXCEPTION_REVIEW,manual review: imported row has sourceRowId but no comparison/recovery match,untouched_exception_review,,manifest exception review,,Welches Wort passt? in stock,,Delivery,,vorrätig,,Stock at shop/warehouse.,,,,,imported_source_without_replacement_layer_match,
content/b1-m09-complaints-customer-service.js,v080149_cat09_practice_family_cat09_pf_009,cat09-pf-009,cat09-pf-009,EXCEPTION_REVIEW,manual review: imported row has sourceRowId but no comparison/recovery match,untouched_exception_review,,manifest exception review,,Welche Formulierung ist natürlich?,,A Die Lieferung ist unvollständig. / B Die Lieferung ist unkomplett gemacht. / C Die Lieferung fehlt alles.,,A,,Use “unvollständig” for an incomplete delivery.,,,,,imported_source_without_replacement_layer_match,
content/b1-m09-complaints-customer-service.js,v080149_cat09_practice_family_cat09_pf_040,cat09-pf-040,cat09-pf-040,EXCEPTION_REVIEW,manual review: imported row has sourceRowId but no comparison/recovery match,untouched_exception_review,,manifest exception review,,Welche Bitte ist höflich und klar?,,A Ich bitte um eine Lösung. / B Machen Sie sofort etwas! / C Das ist nicht mein Problem.,,A,,“Ich bitte um ...” is polite and clear.,,,,,imported_source_without_replacement_layer_match,
content/b1-m09-complaints-customer-service.js,v080149_cat09_practice_family_cat09_pf_044,cat09-pf-044,cat09-pf-044,EXCEPTION_REVIEW,manual review: imported row has sourceRowId but no comparison/recovery match,untouched_exception_review,,manifest exception review,,Welche Form ist natürlich?,,A Ein Teil fehlt. / B Ein Teil ist fehlen. / C Ein Teil macht fehlen.,,A,,Use “fehlt” as the finite verb.,,,,,imported_source_without_replacement_layer_match,
content/b1-m09-complaints-customer-service.js,v080149_cat09_practice_family_cat09_pf_045,cat09-pf-045,cat09-pf-045,EXCEPTION_REVIEW,manual review: imported row has sourceRowId but no comparison/recovery match,untouched_exception_review,,manifest exception review,,Welche Antwort enthält eine konkrete Aktion?,,A Wir prüfen den Fall. / B Mit freundlichen Grüßen. / C Vielen Dank.,,A,,“Wir prüfen den Fall” says what the service will do.,,,,,imported_source_without_replacement_layer_match,
content/b1-m09-complaints-customer-service.js,v080149_cat09_practice_family_cat09_pf_046,cat09-pf-046,cat09-pf-046,EXCEPTION_REVIEW,manual review: imported row has sourceRowId but no comparison/recovery match,untouched_exception_review,,manifest exception review,,"Welche Form ist höflich, aber klar?",,A Das ist für mich keine passende Lösung. / B Das ist Quatsch. / C Sie sind schuld.,,A,,This rejects the solution without becoming rude.,,,,,imported_source_without_replacement_layer_match,
content/b1-m09-complaints-customer-service.js,v080149_cat09_practice_family_cat09_pf_047,cat09-pf-047,cat09-pf-047,EXCEPTION_REVIEW,manual review: imported row has sourceRowId but no comparison/recovery match,untouched_exception_review,,manifest exception review,,Welche Nummer passt zur ganzen Bestellung?,,A Bestellnummer / B Artikelnummer / C Seriennummer,,A,,Bestellnummer identifies the order.,,,,,imported_source_without_replacement_layer_match,
content/b1-m09-complaints-customer-service.js,v080149_cat09_practice_family_cat09_pf_048,cat09-pf-048,cat09-pf-048,EXCEPTION_REVIEW,manual review: imported row has sourceRowId but no comparison/recovery match,untouched_exception_review,,manifest exception review,,Welche Nummer passt zu einem bestimmten Produkt?,,A Artikelnummer / B Kundennummer / C Fallnummer,,A,,Artikelnummer identifies the item/product.,,,,,imported_source_without_replacement_layer_match,
content/b1-m09-complaints-customer-service.js,v080149_cat09_redemittel_cat09_r_001,cat09-r-001,cat09-r-001,EXCEPTION_REVIEW,manual review: comparison/recovery row exists but decision is not apply-ready,untouched_exception_review,,manifest exception review,,Welche Form passt? email/phone,,open complaint,,Ich möchte eine Reklamation melden.,Ich möchte eine Reklamation melden.,Watch: missing eine,,,,,unclear_v02_decision,
content/b1-m09-complaints-customer-service.js,v080149_cat09_redemittel_cat09_r_002,cat09-r-002,cat09-r-002,EXCEPTION_REVIEW,manual review: comparison/recovery row exists but decision is not apply-ready,untouched_exception_review,,manifest exception review,,Welche Form passt? email,,open complaint,,Ich schreibe Ihnen wegen meiner Bestellung.,Ich schreibe Ihnen wegen meiner Bestellung.,Watch: missing article/possessive,,,,,unclear_v02_decision,
content/b1-m09-complaints-customer-service.js,v080149_cat09_redemittel_cat09_r_004,cat09-r-004,cat09-r-004,EXCEPTION_REVIEW,manual review: comparison/recovery row exists but decision is not apply-ready,untouched_exception_review,,manifest exception review,,Welche Form passt? email/phone,,open complaint,,Es geht um die Bestellung mit der Nummer 12345.,Es geht um die Bestellung mit der Nummer 12345.,Watch: wrong preposition,,,,,unclear_v02_decision,
content/b1-m09-complaints-customer-service.js,v080149_cat09_redemittel_cat09_r_005,cat09-r-005,cat09-r-005,EXCEPTION_REVIEW,manual review: comparison/recovery row exists but decision is not apply-ready,untouched_exception_review,,manifest exception review,,Welche Form passt? email,,open complaint,,Leider bin ich mit dem Service nicht zufrieden.,Leider bin ich mit dem Service nicht zufrieden.,Watch: wrong preposition,,,,,unclear_v02_decision,
content/b1-m09-complaints-customer-service.js,v080149_cat09_redemittel_cat09_r_007,cat09-r-007,cat09-r-007,EXCEPTION_REVIEW,manual review: comparison/recovery row exists but decision is not apply-ready,untouched_exception_review,,manifest exception review,,Welche Form passt? email/phone,,state problem,,Das Gerät funktioniert leider nicht.,Das Gerät funktioniert leider nicht.,Watch: wrong verb,,,,,unclear_v02_decision,
content/b1-m09-complaints-customer-service.js,v080149_cat09_redemittel_cat09_r_008,cat09-r-008,cat09-r-008,EXCEPTION_REVIEW,manual review: comparison/recovery row exists but decision is not apply-ready,untouched_exception_review,,manifest exception review,,Welche Form passt? email/phone,,state problem,,Ein Teil fehlt in der Lieferung.,Ein Teil fehlt in der Lieferung.,Watch: verb error,,,,,unclear_v02_decision,
content/b1-m09-complaints-customer-service.js,v080149_cat09_redemittel_cat09_r_009,cat09-r-009,cat09-r-009,EXCEPTION_REVIEW,manual review: comparison/recovery row exists but decision is not apply-ready,untouched_exception_review,,manifest exception review,,Welche Form passt? email/phone,,state problem,,Die Lieferung ist leider unvollständig.,Die Lieferung ist leider unvollständig.,Watch: less formal but valid,,,,,unclear_v02_decision,
content/b1-m09-complaints-customer-service.js,v080149_cat09_redemittel_cat09_r_010,cat09-r-010,cat09-r-010,EXCEPTION_REVIEW,manual review: comparison/recovery row exists but decision is not apply-ready,untouched_exception_review,,manifest exception review,,Welche Form passt? email/phone,,state problem,,Ich habe den falschen Artikel erhalten.,Ich habe den falschen Artikel erhalten.,Watch: case/adjective error,,,,,unclear_v02_decision,
content/b1-m09-complaints-customer-service.js,v080149_cat09_redemittel_cat09_r_012,cat09-r-012,cat09-r-012,EXCEPTION_REVIEW,manual review: comparison/recovery row exists but decision is not apply-ready,untouched_exception_review,,manifest exception review,,Welche Form passt? phone/email,,state problem,,Das Paket ist bisher nicht angekommen.,Das Paket ist bisher nicht angekommen.,Watch: tense/word choice,,,,,unclear_v02_decision,
content/b1-m09-complaints-customer-service.js,v080149_cat09_redemittel_cat09_r_013,cat09-r-013,cat09-r-013,EXCEPTION_REVIEW,manual review: comparison/recovery row exists but decision is not apply-ready,untouched_exception_review,,manifest exception review,,Welche Form passt? email,,evidence,,Die Bestellnummer lautet 12345.,Die Bestellnummer lautet 12345.,Watch: double verb,,,,,unclear_v02_decision,
content/b1-m09-complaints-customer-service.js,v080149_cat09_redemittel_cat09_r_014,cat09-r-014,cat09-r-014,EXCEPTION_REVIEW,manual review: comparison/recovery row exists but decision is not apply-ready,untouched_exception_review,,manifest exception review,,Welche Form passt? email,,evidence,,Ich sende Ihnen ein Foto als Nachweis.,Ich sende Ihnen ein Foto als Nachweis.,Watch: pronoun/case error,,,,,unclear_v02_decision,
content/b1-m09-complaints-customer-service.js,v080149_cat09_redemittel_cat09_r_015,cat09-r-015,cat09-r-015,EXCEPTION_REVIEW,manual review: comparison/recovery row exists but decision is not apply-ready,untouched_exception_review,,manifest exception review,,Welche Form passt? email,,evidence,,Im Anhang finden Sie den Kassenbon.,Im Anhang finden Sie den Kassenbon.,Watch: preposition/article error,,,,,unclear_v02_decision,
content/b1-m09-complaints-customer-service.js,v080149_cat09_redemittel_cat09_r_017,cat09-r-017,cat09-r-017,EXCEPTION_REVIEW,manual review: comparison/recovery row exists but decision is not apply-ready,untouched_exception_review,,manifest exception review,,Welche Form passt? email/phone,,request check,,Könnten Sie das bitte prüfen?,Könnten Sie das bitte prüfen?,Watch: too direct,,,,,unclear_v02_decision,
content/b1-m09-complaints-customer-service.js,v080149_cat09_redemittel_cat09_r_019,cat09-r-019,cat09-r-019,EXCEPTION_REVIEW,manual review: comparison/recovery row exists but decision is not apply-ready,untouched_exception_review,,manifest exception review,,Welche Form passt? email/phone,,request solution,,Ich bitte um eine Lösung.,Ich bitte um eine Lösung.,Watch: wrong preposition,,,,,unclear_v02_decision,
content/b1-m09-complaints-customer-service.js,v080149_cat09_redemittel_cat09_r_020,cat09-r-020,cat09-r-020,EXCEPTION_REVIEW,manual review: comparison/recovery row exists but decision is not apply-ready,untouched_exception_review,,manifest exception review,,Welche Form passt? email/phone,,request solution,,Können Sie mir bitte eine Lösung anbieten?,Können Sie mir bitte eine Lösung anbieten?,Watch: less natural,,,,,unclear_v02_decision,
content/b1-m09-complaints-customer-service.js,v080149_cat09_redemittel_cat09_r_023,cat09-r-023,cat09-r-023,EXCEPTION_REVIEW,manual review: imported row has sourceRowId but no comparison/recovery match,untouched_exception_review,,manifest exception review,,Welche Form passt? shop/email,,request exchange,,Ich möchte den Artikel umtauschen.,,Watch: may be valid but different nuance,,,,,imported_source_without_replacement_layer_match,
content/b1-m09-complaints-customer-service.js,v080149_cat09_redemittel_cat09_r_029,cat09-r-029,cat09-r-029,EXCEPTION_REVIEW,manual review: imported row has sourceRowId but no comparison/recovery match,untouched_exception_review,,manifest exception review,,Welche Form passt? email/phone,,ask next steps,,Wie sollen wir weiter vorgehen?,,Watch: too casual in formal email,,,,,imported_source_without_replacement_layer_match,
content/b1-m09-complaints-customer-service.js,v080149_cat09_redemittel_cat09_r_030,cat09-r-030,cat09-r-030,EXCEPTION_REVIEW,manual review: imported row has sourceRowId but no comparison/recovery match,untouched_exception_review,,manifest exception review,,Welche Form passt? email/phone,,ask next steps,,Was soll ich als Nächstes tun?,,Watch: word order/register,,,,,imported_source_without_replacement_layer_match,
content/b1-m09-complaints-customer-service.js,v080149_cat09_redemittel_cat09_r_031,cat09-r-031,cat09-r-031,EXCEPTION_REVIEW,manual review: imported row has sourceRowId but no comparison/recovery match,untouched_exception_review,,manifest exception review,,Welche Form passt? email/phone,,ask required documents,,Welche Unterlagen brauchen Sie dafür?,,Watch: less natural,,,,,imported_source_without_replacement_layer_match,
content/b1-m09-complaints-customer-service.js,v080149_cat09_redemittel_cat09_r_032,cat09-r-032,cat09-r-032,EXCEPTION_REVIEW,manual review: imported row has sourceRowId but no comparison/recovery match,untouched_exception_review,,manifest exception review,,Welche Form passt? email,,ask response,,Ich bitte um eine kurze Rückmeldung.,,Watch: missing um,,,,,imported_source_without_replacement_layer_match,
content/b1-m09-complaints-customer-service.js,v080149_cat09_redemittel_cat09_r_033,cat09-r-033,cat09-r-033,EXCEPTION_REVIEW,manual review: imported row has sourceRowId but no comparison/recovery match,untouched_exception_review,,manifest exception review,,Welche Form passt? email/phone,,follow up,,Ich habe bisher keine Rückmeldung erhalten.,,Watch: tense overbuild,,,,,imported_source_without_replacement_layer_match,
content/b1-m09-complaints-customer-service.js,v080149_cat09_redemittel_cat09_r_034,cat09-r-034,cat09-r-034,EXCEPTION_REVIEW,manual review: imported row has sourceRowId but no comparison/recovery match,untouched_exception_review,,manifest exception review,,Welche Form passt? email,,follow up,,"Ich wollte nachfragen, ob meine Reklamation bearbeitet wird.",,Watch: ob/wenn confusion,,,,,imported_source_without_replacement_layer_match,
content/b1-m09-complaints-customer-service.js,v080149_cat09_redemittel_cat09_r_035,cat09-r-035,cat09-r-035,EXCEPTION_REVIEW,manual review: imported row has sourceRowId but no comparison/recovery match,untouched_exception_review,,manifest exception review,,Welche Form passt? email/phone,,follow up,,Gibt es schon eine Lösung?,,Watch: wrong es gibt pattern,,,,,imported_source_without_replacement_layer_match,
content/b1-m09-complaints-customer-service.js,v080149_cat09_redemittel_cat09_r_036,cat09-r-036,cat09-r-036,EXCEPTION_REVIEW,manual review: imported row has sourceRowId but no comparison/recovery match,untouched_exception_review,,manifest exception review,,Welche Form passt? email,,tone softening,,"Ich verstehe, dass Fehler passieren können.",,Watch: word order,,,,,imported_source_without_replacement_layer_match,
content/b1-m09-complaints-customer-service.js,v080149_cat09_redemittel_cat09_r_037,cat09-r-037,cat09-r-037,EXCEPTION_REVIEW,manual review: imported row has sourceRowId but no comparison/recovery match,untouched_exception_review,,manifest exception review,,Welche Form passt? email,,tone softening,,Trotzdem bitte ich um eine Lösung.,,Watch: V2 after trotzdem,,,,,imported_source_without_replacement_layer_match,
content/b1-m09-complaints-customer-service.js,v080149_cat09_redemittel_cat09_r_039,cat09-r-039,cat09-r-039,EXCEPTION_REVIEW,manual review: comparison/recovery row exists but decision is not apply-ready,untouched_exception_review,,manifest exception review,,Welche Form passt? email,,tone softening,,Ich möchte das Problem sachlich klären.,Ich möchte das Problem sachlich klären.,Watch: klären/erklären confusion,,,,,unclear_v02_decision,
content/b1-m09-complaints-customer-service.js,v080149_cat09_redemittel_cat09_r_040,cat09-r-040,cat09-r-040,EXCEPTION_REVIEW,manual review: imported row has sourceRowId but no comparison/recovery match,untouched_exception_review,,manifest exception review,,Welche Form passt? email/phone,,tone softening,,Bitte verstehen Sie meine Situation.,,Watch: missing für,,,,,imported_source_without_replacement_layer_match,
content/b1-m09-complaints-customer-service.js,v080149_cat09_redemittel_cat09_r_041,cat09-r-041,cat09-r-041,EXCEPTION_REVIEW,manual review: comparison/recovery row exists but decision is not apply-ready,untouched_exception_review,,manifest exception review,,Welche Form passt? service email,,service response,,"Es tut uns leid, dass es ein Problem gab.","Es tut uns leid, dass es ein Problem gab.",Watch: wrong clause link,,,,,unclear_v02_decision,
content/b1-m09-complaints-customer-service.js,v080149_cat09_redemittel_cat09_r_042,cat09-r-042,cat09-r-042,EXCEPTION_REVIEW,manual review: imported row has sourceRowId but no comparison/recovery match,untouched_exception_review,,manifest exception review,,Welche Form passt? service email/phone,,service response,,Wir prüfen den Fall und melden uns bei Ihnen.,,Watch: reflexive/pronoun error,,,,,imported_source_without_replacement_layer_match,
content/b1-m09-complaints-customer-service.js,v080149_cat09_redemittel_cat09_r_043,cat09-r-043,cat09-r-043,EXCEPTION_REVIEW,manual review: imported row has sourceRowId but no comparison/recovery match,untouched_exception_review,,manifest exception review,,Welche Form passt? service email,,service response,,Wir leiten Ihre Nachricht an die zuständige Abteilung weiter.,,Watch: separable verb,,,,,imported_source_without_replacement_layer_match,
content/b1-m09-complaints-customer-service.js,v080149_cat09_redemittel_cat09_r_044,cat09-r-044,cat09-r-044,EXCEPTION_REVIEW,manual review: imported row has sourceRowId but no comparison/recovery match,untouched_exception_review,,manifest exception review,,Welche Form passt? service email,,service response,,Bitte senden Sie uns den Artikel zurück.,,Watch: word order,,,,,imported_source_without_replacement_layer_match,
content/b1-m09-complaints-customer-service.js,v080149_cat09_redemittel_cat09_r_046,cat09-r-046,cat09-r-046,EXCEPTION_REVIEW,manual review: imported row has sourceRowId but no comparison/recovery match,untouched_exception_review,,manifest exception review,,Welche Form passt? service email,,service response,,Wir schicken Ihnen einen Ersatzartikel.,,Watch: pronoun/case error,,,,,imported_source_without_replacement_layer_match,
content/b1-m09-complaints-customer-service.js,v080149_cat09_redemittel_cat09_r_047,cat09-r-047,cat09-r-047,EXCEPTION_REVIEW,manual review: imported row has sourceRowId but no comparison/recovery match,untouched_exception_review,,manifest exception review,,Welche Form passt? service email,,service response,,Vielen Dank für Ihren Hinweis.,,Watch: can sound odd,,,,,imported_source_without_replacement_layer_match,
content/b1-m09-complaints-customer-service.js,v080149_cat09_redemittel_cat09_r_048,cat09-r-048,cat09-r-048,EXCEPTION_REVIEW,manual review: imported row has sourceRowId but no comparison/recovery match,untouched_exception_review,,manifest exception review,,Welche Form passt? service email,,service response,,Vielen Dank für Ihre Geduld.,,Watch: wrong noun,,,,,imported_source_without_replacement_layer_match,
content/b1-m09-complaints-customer-service.js,v080149_cat09_redemittel_cat09_r_049,cat09-r-049,cat09-r-049,EXCEPTION_REVIEW,manual review: imported row has sourceRowId but no comparison/recovery match,untouched_exception_review,,manifest exception review,,Welche Form passt? email,,close complaint,,Vielen Dank im Voraus für Ihre Hilfe.,,Watch: literal translation,,,,,imported_source_without_replacement_layer_match,
content/b1-m09-complaints-customer-service.js,v080149_cat09_redemittel_cat09_r_050,cat09-r-050,cat09-r-050,EXCEPTION_REVIEW,manual review: imported row has sourceRowId but no comparison/recovery match,untouched_exception_review,,manifest exception review,,Welche Form passt? email,,close complaint,,Ich freue mich auf Ihre Rückmeldung.,,Watch: wrong preposition,,,,,imported_source_without_replacement_layer_match,
content/b1-m09-complaints-customer-service.js,v080149_cat09_redemittel_cat09_r_051,cat09-r-051,cat09-r-051,EXCEPTION_REVIEW,manual review: imported row has sourceRowId but no comparison/recovery match,untouched_exception_review,,manifest exception review,,Welche Form passt? email,,close complaint,,Mit freundlichen Grüßen,,Watch: ending error,,,,,imported_source_without_replacement_layer_match,
content/b1-m09-complaints-customer-service.js,v080149_cat09_redemittel_cat09_r_052,cat09-r-052,cat09-r-052,EXCEPTION_REVIEW,manual review: imported row has sourceRowId but no comparison/recovery match,untouched_exception_review,,manifest exception review,,Welche Form passt? phone,,phone complaint,,Ich rufe wegen einer Reklamation an.,,Watch: wrong preposition,,,,,imported_source_without_replacement_layer_match,
content/b1-m09-complaints-customer-service.js,v080149_cat09_redemittel_cat09_r_053,cat09-r-053,cat09-r-053,EXCEPTION_REVIEW,manual review: comparison/recovery row exists but decision is not apply-ready,untouched_exception_review,,manifest exception review,,Welche Form passt? phone,,phone complaint,,Können Sie mich bitte mit dem Kundenservice verbinden?,Können Sie mich bitte mit dem Kundenservice verbinden?,Watch: preposition/article,,,,,unclear_v02_decision,
content/b1-m09-complaints-customer-service.js,v080149_cat09_redemittel_cat09_r_054,cat09-r-054,cat09-r-054,EXCEPTION_REVIEW,manual review: imported row has sourceRowId but no comparison/recovery match,untouched_exception_review,,manifest exception review,,Welche Form passt? phone,,phone complaint,,Ich möchte mit jemandem aus der Serviceabteilung sprechen.,,Watch: missing mit/case,,,,,imported_source_without_replacement_layer_match,
content/b1-m09-complaints-customer-service.js,v080149_cat09_redemittel_cat09_r_055,cat09-r-055,cat09-r-055,EXCEPTION_REVIEW,manual review: imported row has sourceRowId but no comparison/recovery match,untouched_exception_review,,manifest exception review,,Welche Form passt? email/phone,,too-direct contrast,,Das ist für mich keine passende Lösung.,,Watch: rude,,,,,imported_source_without_replacement_layer_match,
content/b1-m09-complaints-customer-service.js,v080149_cat09_redemittel_cat09_r_056,cat09-r-056,cat09-r-056,EXCEPTION_REVIEW,manual review: imported row has sourceRowId but no comparison/recovery match,untouched_exception_review,,manifest exception review,,Welche Form passt? email/phone,,too-direct contrast,,Ich bin mit diesem Vorschlag leider nicht einverstanden.,,Watch: code-switch,,,,,imported_source_without_replacement_layer_match,
content/b1-m09-complaints-customer-service.js,v080149_cat09_redemittel_cat09_r_057,cat09-r-057,cat09-r-057,EXCEPTION_REVIEW,manual review: imported row has sourceRowId but no comparison/recovery match,untouched_exception_review,,manifest exception review,,Welche Form passt? email,,compensation request,,Ich bitte um eine angemessene Entschädigung.,,Watch: too direct,,,,,imported_source_without_replacement_layer_match,
content/b1-m09-complaints-customer-service.js,v080149_cat09_wortschatz_cat09_w_025,cat09-w-025,cat09-w-025,EXCEPTION_REVIEW,manual review: comparison/recovery row exists but decision is not apply-ready,untouched_exception_review,,manifest exception review,,Welches Wort passt? incomplete,,Problem description,,unvollständig,unvollständig,Missing parts or information.,,,,,unclear_v02_decision,
content/b1-m09-complaints-customer-service.js,v080149_cat09_wortschatz_cat09_w_026,cat09-w-026,cat09-w-026,EXCEPTION_REVIEW,manual review: comparison/recovery row exists but decision is not apply-ready,untouched_exception_review,,manifest exception review,,Welches Wort passt? missing,,Problem description,,fehlend,fehlend,Describes a missing item or part.,,,,,unclear_v02_decision,
content/b1-m09-complaints-customer-service.js,v080149_cat09_wortschatz_cat09_w_027,cat09-w-027,cat09-w-027,EXCEPTION_REVIEW,manual review: comparison/recovery row exists but decision is not apply-ready,untouched_exception_review,,manifest exception review,,Welches Wort passt? late / delayed,,Problem description,,verspätet,verspätet,Useful for delayed delivery/service.,,,,,unclear_v02_decision,
content/b1-m09-complaints-customer-service.js,v080149_cat09_wortschatz_cat09_w_028,cat09-w-028,cat09-w-028,EXCEPTION_REVIEW,manual review: comparison/recovery row exists but decision is not apply-ready,untouched_exception_review,,manifest exception review,,Welches Wort passt? annoying / frustrating,,Problem description,,ärgerlich,ärgerlich,Polite way to say something is annoying.,,,,,unclear_v02_decision,
content/b1-m09-complaints-customer-service.js,v080149_cat09_wortschatz_cat09_w_029,cat09-w-029,cat09-w-029,EXCEPTION_REVIEW,manual review: comparison/recovery row exists but decision is not apply-ready,untouched_exception_review,,manifest exception review,,Welches Wort passt? unpleasant / inconvenient,,Problem description,,unangenehm,unangenehm,Polite complaint tone.,,,,,unclear_v02_decision,
content/b1-m09-complaints-customer-service.js,v080149_cat09_wortschatz_cat09_w_030,cat09-w-030,cat09-w-030,EXCEPTION_REVIEW,manual review: comparison/recovery row exists but decision is not apply-ready,untouched_exception_review,,manifest exception review,,Welches Wort passt? dissatisfied,,Problem description,,unzufrieden,unzufrieden,Core complaint tone.,,,,,unclear_v02_decision,
content/b1-m09-complaints-customer-service.js,v080149_cat09_wortschatz_cat09_w_031,cat09-w-031,cat09-w-031,EXCEPTION_REVIEW,manual review: comparison/recovery row exists but decision is not apply-ready,untouched_exception_review,,manifest exception review,,Welches Wort passt? satisfied,,Problem description,,zufrieden,zufrieden,Useful in contrast with unzufrieden.,,,,,unclear_v02_decision,
content/b1-m09-complaints-customer-service.js,v080149_cat09_wortschatz_cat09_w_093,cat09-w-093,cat09-w-093,EXCEPTION_REVIEW,manual review: imported row has sourceRowId but no comparison/recovery match,untouched_exception_review,,manifest exception review,,Welches Wort passt? to complain about,,Actions,,sich beschweren,,Reflexive verb with über + accusative.,,,,,imported_source_without_replacement_layer_match,
content/b1-m09-complaints-customer-service.js,v080149_cat09_wortschatz_cat09_w_095,cat09-w-095,cat09-w-095,EXCEPTION_REVIEW,manual review: imported row has sourceRowId but no comparison/recovery match,untouched_exception_review,,manifest exception review,,Welches Wort passt? to report,,Actions,,melden,,Useful neutral action.,,,,,imported_source_without_replacement_layer_match,
content/b1-m09-complaints-customer-service.js,v080149_cat09_wortschatz_cat09_w_096,cat09-w-096,cat09-w-096,EXCEPTION_REVIEW,manual review: imported row has sourceRowId but no comparison/recovery match,untouched_exception_review,,manifest exception review,,Welches Wort passt? to describe/explain,,Actions,,schildern,,Useful for describing a complaint clearly.,,,,,imported_source_without_replacement_layer_match,
content/b1-m09-complaints-customer-service.js,v080149_cat09_wortschatz_cat09_w_098,cat09-w-098,cat09-w-098,EXCEPTION_REVIEW,manual review: imported row has sourceRowId but no comparison/recovery match,untouched_exception_review,,manifest exception review,,Welches Wort passt? to process/handle,,Actions,,bearbeiten,,Service handling action.,,,,,imported_source_without_replacement_layer_match,
content/b1-m09-complaints-customer-service.js,v080149_cat09_wortschatz_cat09_w_099,cat09-w-099,cat09-w-099,EXCEPTION_REVIEW,manual review: imported row has sourceRowId but no comparison/recovery match,untouched_exception_review,,manifest exception review,,Welches Wort passt? to forward/pass on,,Actions,,weiterleiten,,Service message/case routing.,,,,,imported_source_without_replacement_layer_match,
content/b1-m09-complaints-customer-service.js,v080149_cat09_wortschatz_cat09_w_100,cat09-w-100,cat09-w-100,EXCEPTION_REVIEW,manual review: imported row has sourceRowId but no comparison/recovery match,untouched_exception_review,,manifest exception review,,Welches Wort passt? to clarify/settle,,Actions,,klären,,Good service solution verb.,,,,,imported_source_without_replacement_layer_match,
content/b1-m09-complaints-customer-service.js,v080149_cat09_wortschatz_cat09_w_101,cat09-w-101,cat09-w-101,EXCEPTION_REVIEW,manual review: imported row has sourceRowId but no comparison/recovery match,untouched_exception_review,,manifest exception review,,Welches Wort passt? to solve,,Actions,,lösen,,Core solution verb.,,,,,imported_source_without_replacement_layer_match,
content/b1-m09-complaints-customer-service.js,v080149_cat09_wortschatz_cat09_w_105,cat09-w-105,cat09-w-105,EXCEPTION_REVIEW,manual review: imported row has sourceRowId but no comparison/recovery match,untouched_exception_review,,manifest exception review,,Welches Wort passt? to replace,,Actions,,ersetzen,,Generic replace.,,,,,imported_source_without_replacement_layer_match,
content/b1-m09-complaints-customer-service.js,v080149_cat09_wortschatz_cat09_w_111,cat09-w-111,cat09-w-111,EXCEPTION_REVIEW,manual review: imported row has sourceRowId but no comparison/recovery match,untouched_exception_review,,manifest exception review,,Welches Wort passt? to enclose/attach,,Actions,,beilegen,,Documents/evidence with mail/email.,,,,,imported_source_without_replacement_layer_match,
content/b1-m09-complaints-customer-service.js,v080149_cat09_wortschatz_cat09_w_112,cat09-w-112,cat09-w-112,EXCEPTION_REVIEW,manual review: imported row has sourceRowId but no comparison/recovery match,untouched_exception_review,,manifest exception review,,Welches Wort passt? to attach,,Actions,,anhängen,,Email attachment.,,,,,imported_source_without_replacement_layer_match,
content/b1-m09-complaints-customer-service.js,v080149_cat09_wortschatz_cat09_w_113,cat09-w-113,cat09-w-113,EXCEPTION_REVIEW,manual review: imported row has sourceRowId but no comparison/recovery match,untouched_exception_review,,manifest exception review,,Welches Wort passt? to fix/correct,,Actions,,beheben,,Fix a fault/error.,,,,,imported_source_without_replacement_layer_match,
content/b1-m09-complaints-customer-service.js,v080149_cat09_wortschatz_cat09_w_114,cat09-w-114,cat09-w-114,EXCEPTION_REVIEW,manual review: imported row has sourceRowId but no comparison/recovery match,untouched_exception_review,,manifest exception review,,Welches Wort passt? to apologise for,,Actions,,entschuldigen,,Service apology phrase.,,,,,imported_source_without_replacement_layer_match,
content/b1-m09-complaints-customer-service.js,v080149_cat09_wortschatz_cat09_w_115,cat09-w-115,cat09-w-115,EXCEPTION_REVIEW,manual review: imported row has sourceRowId but no comparison/recovery match,untouched_exception_review,,manifest exception review,,Welches Wort passt? to offer,,Actions,,anbieten,,Service offers a solution.,,,,,imported_source_without_replacement_layer_match,
content/b1-m09-complaints-customer-service.js,v080149_cat09_wortschatz_cat09_w_117,cat09-w-117,cat09-w-117,EXCEPTION_REVIEW,manual review: imported row has sourceRowId but no comparison/recovery match,untouched_exception_review,,manifest exception review,,Welches Wort passt? to ask for,,Actions,,bitten um,,Polite request frame.,,,,,imported_source_without_replacement_layer_match,
content/b1-m09-complaints-customer-service.js,v080149_cat09_wortschatz_cat09_w_118,cat09-w-118,cat09-w-118,EXCEPTION_REVIEW,manual review: imported row has sourceRowId but no comparison/recovery match,untouched_exception_review,,manifest exception review,,Welches Wort passt? factual/objective,,Tone/register,,sachlich,,Ideal complaint tone.,,,,,imported_source_without_replacement_layer_match,
content/b1-m09-complaints-customer-service.js,v080149_cat09_wortschatz_cat09_w_119,cat09-w-119,cat09-w-119,EXCEPTION_REVIEW,manual review: imported row has sourceRowId but no comparison/recovery match,untouched_exception_review,,manifest exception review,,Welches Wort passt? polite,,Tone/register,,höflich,,Core tone target.,,,,,imported_source_without_replacement_layer_match,
content/b1-m09-complaints-customer-service.js,v080149_cat09_wortschatz_cat09_w_120,cat09-w-120,cat09-w-120,EXCEPTION_REVIEW,manual review: imported row has sourceRowId but no comparison/recovery match,untouched_exception_review,,manifest exception review,,Welches Wort passt? friendly,,Tone/register,,freundlich,,Positive tone.,,,,,imported_source_without_replacement_layer_match,
content/b1-m09-complaints-customer-service.js,v080149_cat09_wortschatz_cat09_w_121,cat09-w-121,cat09-w-121,EXCEPTION_REVIEW,manual review: imported row has sourceRowId but no comparison/recovery match,untouched_exception_review,,manifest exception review,,Welches Wort passt? direct,,Tone/register,,direkt,,"Can be useful, but must not become rude.",,,,,imported_source_without_replacement_layer_match,
content/b1-m09-complaints-customer-service.js,v080149_cat09_wortschatz_cat09_w_122,cat09-w-122,cat09-w-122,EXCEPTION_REVIEW,manual review: imported row has sourceRowId but no comparison/recovery match,untouched_exception_review,,manifest exception review,,Welches Wort passt? impolite,,Tone/register,,unhöflich,,Mostly contrast target.,,,,,imported_source_without_replacement_layer_match,
content/b1-m09-complaints-customer-service.js,v080149_cat09_wortschatz_cat09_w_123,cat09-w-123,cat09-w-123,EXCEPTION_REVIEW,manual review: imported row has sourceRowId but no comparison/recovery match,untouched_exception_review,,manifest exception review,,Welches Wort passt? clear,,Tone/register,,klar,,Complaint should be clear.,,,,,imported_source_without_replacement_layer_match,
content/b1-m09-complaints-customer-service.js,v080149_cat09_wortschatz_cat09_w_124,cat09-w-124,cat09-w-124,EXCEPTION_REVIEW,manual review: imported row has sourceRowId but no comparison/recovery match,untouched_exception_review,,manifest exception review,,Welches Wort passt? calm,,Tone/register,,ruhig,,Useful complaint attitude.,,,,,imported_source_without_replacement_layer_match,
content/b1-m09-complaints-customer-service.js,v080149_cat09_wortschatz_cat09_w_125,cat09-w-125,cat09-w-125,EXCEPTION_REVIEW,manual review: imported row has sourceRowId but no comparison/recovery match,untouched_exception_review,,manifest exception review,,Welches Wort passt? so far / until now,,Timing/follow-up,,bisher,,Follow-up after no answer.,,,,,imported_source_without_replacement_layer_match,
content/b1-m09-complaints-customer-service.js,v080149_cat09_wortschatz_cat09_w_126,cat09-w-126,cat09-w-126,EXCEPTION_REVIEW,manual review: imported row has sourceRowId but no comparison/recovery match,untouched_exception_review,,manifest exception review,,Welches Wort passt? already,,Timing/follow-up,,bereits,,Polite timeline evidence.,,,,,imported_source_without_replacement_layer_match,
content/b1-m09-complaints-customer-service.js,v080149_cat09_wortschatz_cat09_w_127,cat09-w-127,cat09-w-127,EXCEPTION_REVIEW,manual review: imported row has sourceRowId but no comparison/recovery match,untouched_exception_review,,manifest exception review,,Welches Wort passt? again,,Timing/follow-up,,erneut,,Formal-ish follow-up.,,,,,imported_source_without_replacement_layer_match,
content/b1-m09-complaints-customer-service.js,v080149_cat09_wortschatz_cat09_w_128,cat09-w-128,cat09-w-128,EXCEPTION_REVIEW,manual review: imported row has sourceRowId but no comparison/recovery match,untouched_exception_review,,manifest exception review,,Welches Wort passt? once again,,Timing/follow-up,,noch einmal,,Neutral spoken/written follow-up.,,,,,imported_source_without_replacement_layer_match,
content/b1-m09-complaints-customer-service.js,v080149_cat09_wortschatz_cat09_w_129,cat09-w-129,cat09-w-129,EXCEPTION_REVIEW,manual review: imported row has sourceRowId but no comparison/recovery match,untouched_exception_review,,manifest exception review,,Welches Wort passt? urgent,,Timing/follow-up,,dringend,,Use carefully; not always suitable.,,,,,imported_source_without_replacement_layer_match,
content/b1-m09-complaints-customer-service.js,v080149_cat09_wortschatz_cat09_w_130,cat09-w-130,cat09-w-130,EXCEPTION_REVIEW,manual review: imported row has sourceRowId but no comparison/recovery match,untouched_exception_review,,manifest exception review,,Welches Wort passt? on time / in time,,Timing/follow-up,,rechtzeitig,,Deadline/service timing.,,,,,imported_source_without_replacement_layer_match,
content/b1-m09-complaints-customer-service.js,v080149_cat09_wortschatz_cat09_w_131,cat09-w-131,cat09-w-131,EXCEPTION_REVIEW,manual review: imported row has sourceRowId but no comparison/recovery match,untouched_exception_review,,manifest exception review,,Welches Wort passt? at the latest,,Timing/follow-up,,spätestens,,Deadline phrase; can be demanding.,,,,,imported_source_without_replacement_layer_match,
content/b1-m09-complaints-customer-service.js,v080149_cat09_wortschatz_cat09_w_161,cat09-w-161,cat09-w-161,EXCEPTION_REVIEW,manual review: imported row has sourceRowId but no comparison/recovery match,untouched_exception_review,,manifest exception review,,Welches Wort passt? understandable,,Tone/register,,nachvollziehbar,,Polite service response: nachvollziehbar,,,,,imported_source_without_replacement_layer_match,
content/b1-m10-technical-problems.js,v080149_cat10_redemittel_cat10_r_001,cat10-r-001,cat10-r-001,EXCEPTION_REVIEW,manual review: comparison/recovery row exists but decision is not apply-ready,untouched_exception_review,,manifest exception review,,Welche Form passt? app_problem,,problem_report,,Die App öffnet sich nicht.,Die App öffnet sich nicht.,Watch: App started nicht,,,,,unclear_v02_decision,
content/b1-m10-technical-problems.js,v080149_cat10_redemittel_cat10_r_002,cat10-r-002,cat10-r-002,EXCEPTION_REVIEW,manual review: comparison/recovery row exists but decision is not apply-ready,untouched_exception_review,,manifest exception review,,Welche Form passt? login_problem,,problem_report,,Ich kann mich nicht anmelden.,Ich kann mich nicht anmelden.,Watch: Ich kann nicht mich anmelden,,,,,unclear_v02_decision,
content/b1-m10-technical-problems.js,v080149_cat10_redemittel_cat10_r_007,cat10-r-007,cat10-r-007,EXCEPTION_REVIEW,manual review: comparison/recovery row exists but decision is not apply-ready,untouched_exception_review,,manifest exception review,,Welche Form passt? black_screen,,problem_report,,Der Bildschirm bleibt schwarz.,Der Bildschirm bleibt schwarz.,Watch: Der Bildschirm ist schwarz geblieben can be okay,,,,,unclear_v02_decision,
content/b1-m10-technical-problems.js,v080149_cat10_redemittel_cat10_r_008,cat10-r-008,cat10-r-008,EXCEPTION_REVIEW,manual review: comparison/recovery row exists but decision is not apply-ready,untouched_exception_review,,manifest exception review,,Welche Form passt? program_unresponsive,,problem_report,,Das Programm reagiert nicht.,Das Programm reagiert nicht.,Watch: Das Programm antwortet nicht,,,,,unclear_v02_decision,
content/b1-m10-technical-problems.js,v080149_cat10_redemittel_cat10_r_009,cat10-r-009,cat10-r-009,EXCEPTION_REVIEW,manual review: comparison/recovery row exists but decision is not apply-ready,untouched_exception_review,,manifest exception review,,Welche Form passt? internet_slow,,problem_report,,Das Internet ist sehr langsam.,Das Internet ist sehr langsam.,Watch: Das Internet läuft langsam can be okay,,,,,unclear_v02_decision,
content/b1-m10-technical-problems.js,v080149_cat10_redemittel_cat10_r_011,cat10-r-011,cat10-r-011,EXCEPTION_REVIEW,manual review: comparison/recovery row exists but decision is not apply-ready,untouched_exception_review,,manifest exception review,,Welche Form passt? printer_problem,,problem_report,,Der Drucker druckt nicht.,Der Drucker druckt nicht.,Watch: Der Drucker macht nicht,,,,,unclear_v02_decision,
content/b1-m10-technical-problems.js,v080149_cat10_redemittel_cat10_r_012,cat10-r-012,cat10-r-012,EXCEPTION_REVIEW,manual review: comparison/recovery row exists but decision is not apply-ready,untouched_exception_review,,manifest exception review,,Welche Form passt? scanner_problem,,problem_report,,Der Scanner funktioniert nicht.,Der Scanner funktioniert nicht.,Watch: Der Scanner ist nicht funktionieren,,,,,unclear_v02_decision,
content/b1-m10-technical-problems.js,v080149_cat10_redemittel_cat10_r_014,cat10-r-014,cat10-r-014,EXCEPTION_REVIEW,manual review: comparison/recovery row exists but decision is not apply-ready,untouched_exception_review,,manifest exception review,,Welche Form passt? upload_problem,,problem_report,,Ich kann die Datei nicht hochladen.,Ich kann die Datei nicht hochladen.,Watch: Ich kann die Datei nicht herunterladen when upload intended,,,,,unclear_v02_decision,
content/b1-m10-technical-problems.js,v080149_cat10_redemittel_cat10_r_015,cat10-r-015,cat10-r-015,EXCEPTION_REVIEW,manual review: comparison/recovery row exists but decision is not apply-ready,untouched_exception_review,,manifest exception review,,Welche Form passt? download_problem,,problem_report,,Ich kann die Datei nicht herunterladen.,Ich kann die Datei nicht herunterladen.,Watch: hochladen vs herunterladen,,,,,unclear_v02_decision,
content/b1-m10-technical-problems.js,v080149_cat10_redemittel_cat10_r_018,cat10-r-018,cat10-r-018,EXCEPTION_REVIEW,manual review: comparison/recovery row exists but decision is not apply-ready,untouched_exception_review,,manifest exception review,,Welche Form passt? sound_problem,,problem_report,,Der Ton funktioniert nicht.,Der Ton funktioniert nicht.,Watch: Die Ton funktioniert nicht,,,,,unclear_v02_decision,
content/b1-m10-technical-problems.js,v080149_cat10_redemittel_cat10_r_019,cat10-r-019,cat10-r-019,EXCEPTION_REVIEW,manual review: comparison/recovery row exists but decision is not apply-ready,untouched_exception_review,,manifest exception review,,Welche Form passt? mic_problem,,problem_report,,Mein Mikrofon ist stumm.,Mein Mikrofon ist stumm.,Watch: Mein Mikrofon ist still,,,,,unclear_v02_decision,
content/b1-m10-technical-problems.js,v080149_cat10_redemittel_cat10_r_020,cat10-r-020,cat10-r-020,EXCEPTION_REVIEW,manual review: comparison/recovery row exists but decision is not apply-ready,untouched_exception_review,,manifest exception review,,Welche Form passt? camera_problem,,problem_report,,Meine Kamera ist ausgeschaltet.,Meine Kamera ist ausgeschaltet.,Watch: Die Kamera ist aus is okay,,,,,unclear_v02_decision,
content/b1-m10-technical-problems.js,v080149_cat10_redemittel_cat10_r_021,cat10-r-021,cat10-r-021,EXCEPTION_REVIEW,manual review: comparison/recovery row exists but decision is not apply-ready,untouched_exception_review,,manifest exception review,,Welche Form passt? battery_problem,,problem_report,,Der Akku ist leer.,Der Akku ist leer.,Watch: Die Akku ist leer,,,,,unclear_v02_decision,
content/b1-m10-technical-problems.js,v080149_cat10_redemittel_cat10_r_022,cat10-r-022,cat10-r-022,EXCEPTION_REVIEW,manual review: comparison/recovery row exists but decision is not apply-ready,untouched_exception_review,,manifest exception review,,Welche Form passt? storage_problem,,problem_report,,Der Speicher ist voll.,Der Speicher ist voll.,Watch: Der Speicherplatz hat voll,,,,,unclear_v02_decision,
content/b1-m10-technical-problems.js,v080149_cat10_redemittel_cat10_r_023,cat10-r-023,cat10-r-023,EXCEPTION_REVIEW,manual review: comparison/recovery row exists but decision is not apply-ready,untouched_exception_review,,manifest exception review,,Welche Form passt? ask_help,,support_request,,Könnten Sie mir bitte helfen?,Könnten Sie mir bitte helfen?,Watch: Helfen Sie mir sofort,,,,,unclear_v02_decision,
content/b1-m10-technical-problems.js,v080149_cat10_redemittel_cat10_r_025,cat10-r-025,cat10-r-025,EXCEPTION_REVIEW,manual review: imported row has sourceRowId but no comparison/recovery match,untouched_exception_review,,manifest exception review,,Welche Form passt? ask_instruction,,support_request,,Könnten Sie mir eine kurze Anleitung schicken?,,Watch: eine Hilfe schicken,,,,,imported_source_without_replacement_layer_match,
content/b1-m10-technical-problems.js,v080149_cat10_redemittel_cat10_r_026,cat10-r-026,cat10-r-026,EXCEPTION_REVIEW,manual review: imported row has sourceRowId but no comparison/recovery match,untouched_exception_review,,manifest exception review,,Welche Form passt? ask_first_step,,support_request,,Was soll ich zuerst versuchen?,,Watch: Was muss ich zuerst machen? okay,,,,,imported_source_without_replacement_layer_match,
content/b1-m10-technical-problems.js,v080149_cat10_redemittel_cat10_r_031,cat10-r-031,cat10-r-031,EXCEPTION_REVIEW,manual review: imported row has sourceRowId but no comparison/recovery match,untouched_exception_review,,manifest exception review,,Welche Form passt? after_restart,,support_request,,"Ich habe das Gerät neu gestartet, aber das Problem bleibt.",,Watch: Ich habe neu starten,,,,,imported_source_without_replacement_layer_match,
content/b1-m10-technical-problems.js,v080149_cat10_redemittel_cat10_r_032,cat10-r-032,cat10-r-032,EXCEPTION_REVIEW,manual review: imported row has sourceRowId but no comparison/recovery match,untouched_exception_review,,manifest exception review,,Welche Form passt? not_helped,,support_request,,Das hat leider nicht geholfen.,,Watch: Das hat nicht geholfen leider is okay but less natural,,,,,imported_source_without_replacement_layer_match,
content/b1-m10-technical-problems.js,v080149_cat10_redemittel_cat10_r_033,cat10-r-033,cat10-r-033,EXCEPTION_REVIEW,manual review: imported row has sourceRowId but no comparison/recovery match,untouched_exception_review,,manifest exception review,,Welche Form passt? fixed_now,,support_request,,Jetzt funktioniert es wieder.,,Watch: Jetzt geht es wieder,,,,,imported_source_without_replacement_layer_match,
content/b1-m10-technical-problems.js,v080149_cat10_redemittel_cat10_r_034,cat10-r-034,cat10-r-034,EXCEPTION_REVIEW,manual review: imported row has sourceRowId but no comparison/recovery match,untouched_exception_review,,manifest exception review,,Welche Form passt? problem_solved,,support_request,,"Vielen Dank, das Problem ist gelöst.",,Watch: Problem ist repariert,,,,,imported_source_without_replacement_layer_match,
content/b1-m10-technical-problems.js,v080149_cat10_redemittel_cat10_r_041,cat10-r-041,cat10-r-041,EXCEPTION_REVIEW,manual review: comparison/recovery row exists but decision is not apply-ready,untouched_exception_review,,manifest exception review,,Welche Form passt? ask_status,,status_followup,,Gibt es schon eine Rückmeldung zu meinem Ticket?,Gibt es schon eine Rückmeldung zu meinem Ticket?,Watch: Gibt es eine Antwort für mein Ticket?,,,,,unclear_v02_decision,
content/b1-m10-technical-problems.js,v080149_cat10_redemittel_cat10_r_042,cat10-r-042,cat10-r-042,EXCEPTION_REVIEW,manual review: comparison/recovery row exists but decision is not apply-ready,untouched_exception_review,,manifest exception review,,Welche Form passt? ticket_number,,status_followup,,Die Ticketnummer lautet 4821.,Die Ticketnummer lautet 4821.,Watch: Die Ticketnummer ist 4821 okay,,,,,unclear_v02_decision,
content/b1-m10-technical-problems.js,v080149_cat10_redemittel_cat10_r_043,cat10-r-043,cat10-r-043,EXCEPTION_REVIEW,manual review: imported row has sourceRowId but no comparison/recovery match,untouched_exception_review,,manifest exception review,,Welche Form passt? still_problem,,status_followup,,Das Problem besteht weiterhin.,,Watch: Problem bleibt also okay,,,,,imported_source_without_replacement_layer_match,
content/b1-m10-technical-problems.js,v080149_cat10_redemittel_cat10_r_044,cat10-r-044,cat10-r-044,EXCEPTION_REVIEW,manual review: comparison/recovery row exists but decision is not apply-ready,untouched_exception_review,,manifest exception review,,Welche Form passt? urgent_because,,status_followup,,"Es ist dringend, weil ich die Datei heute abgeben muss.","Es ist dringend, weil ich die Datei heute abgeben muss.",Watch: Es ist dringend wegen ich...,,,,,unclear_v02_decision,
content/b1-m10-technical-problems.js,v080149_cat10_redemittel_cat10_r_045,cat10-r-045,cat10-r-045,EXCEPTION_REVIEW,manual review: imported row has sourceRowId but no comparison/recovery match,untouched_exception_review,,manifest exception review,,Welche Form passt? workaround,,status_followup,,Gibt es eine andere Möglichkeit?,,Watch: Gibt es ein anderes Weg,,,,,imported_source_without_replacement_layer_match,
content/b1-m10-technical-problems.js,v080149_cat10_redemittel_cat10_r_046,cat10-r-046,cat10-r-046,EXCEPTION_REVIEW,manual review: imported row has sourceRowId but no comparison/recovery match,untouched_exception_review,,manifest exception review,,Welche Form passt? join_problem,,video_call,,Ich komme nicht in die Videokonferenz.,,Watch: Ich komme nicht auf die Videokonferenz,,,,,imported_source_without_replacement_layer_match,
content/b1-m10-technical-problems.js,v080149_cat10_redemittel_cat10_r_048,cat10-r-048,cat10-r-048,EXCEPTION_REVIEW,manual review: comparison/recovery row exists but decision is not apply-ready,untouched_exception_review,,manifest exception review,,Welche Form passt? turn_on_camera,,video_call,,Ich schalte die Kamera kurz ein.,Ich schalte die Kamera kurz ein.,Watch: Ich mache Kamera an less formal,,,,,unclear_v02_decision,
content/b1-m10-technical-problems.js,v080149_cat10_redemittel_cat10_r_049,cat10-r-049,cat10-r-049,EXCEPTION_REVIEW,manual review: comparison/recovery row exists but decision is not apply-ready,untouched_exception_review,,manifest exception review,,Welche Form passt? muted_mic,,video_call,,"Ich glaube, mein Mikrofon ist stumm.","Ich glaube, mein Mikrofon ist stumm.",Watch: Mein Mikrofon ist stummgeschaltet also okay,,,,,unclear_v02_decision,
content/b1-m10-technical-problems.js,v080149_cat10_redemittel_cat10_r_050,cat10-r-050,cat10-r-050,EXCEPTION_REVIEW,manual review: imported row has sourceRowId but no comparison/recovery match,untouched_exception_review,,manifest exception review,,Welche Form passt? audio_delay,,video_call,,Der Ton kommt mit Verzögerung.,,Watch: Der Ton hat Verzögerung,,,,,imported_source_without_replacement_layer_match,
content/b1-m10-technical-problems.js,v080149_cat10_redemittel_cat10_r_052,cat10-r-052,cat10-r-052,EXCEPTION_REVIEW,manual review: comparison/recovery row exists but decision is not apply-ready,untouched_exception_review,,manifest exception review,,Welche Form passt? file_too_large,,file_form,,Die Datei ist zu groß.,Die Datei ist zu groß.,Watch: Die Datei hat zu groß,,,,,unclear_v02_decision,
content/b1-m10-technical-problems.js,v080149_cat10_redemittel_cat10_r_056,cat10-r-056,cat10-r-056,EXCEPTION_REVIEW,manual review: imported row has sourceRowId but no comparison/recovery match,untouched_exception_review,,manifest exception review,,Welche Form passt? phone_help,,support_channel,,Kann ich das telefonisch klären?,,Watch: Kann ich das mit Telefon klären,,,,,imported_source_without_replacement_layer_match,
content/b1-m10-technical-problems.js,v080149_cat10_redemittel_cat10_r_057,cat10-r-057,cat10-r-057,EXCEPTION_REVIEW,manual review: imported row has sourceRowId but no comparison/recovery match,untouched_exception_review,,manifest exception review,,Welche Form passt? reachable,,support_channel,,Sie erreichen mich heute bis 16 Uhr.,,Watch: Sie können mich erreichen bis...,,,,,imported_source_without_replacement_layer_match,
content/b1-m10-technical-problems.js,v080149_cat10_redemittel_cat10_r_058,cat10-r-058,cat10-r-058,EXCEPTION_REVIEW,manual review: imported row has sourceRowId but no comparison/recovery match,untouched_exception_review,,manifest exception review,,Welche Form passt? callback,,support_channel,,Könnten Sie mich bitte zurückrufen?,,Watch: Könnten Sie mir zurückrufen,,,,,imported_source_without_replacement_layer_match,
content/b1-m10-technical-problems.js,v080149_cat10_redemittel_cat10_r_060,cat10-r-060,cat10-r-060,EXCEPTION_REVIEW,manual review: imported row has sourceRowId but no comparison/recovery match,untouched_exception_review,,manifest exception review,,Welche Form passt? confirm_received,,support_channel,,Ich habe Ihre Nachricht erhalten.,,Watch: Ich habe Ihre Nachricht bekommt,,,,,imported_source_without_replacement_layer_match,
content/b1-m10-technical-problems.js,v080149_cat10_redemittel_cat10_r_062,cat10-r-062,cat10-r-062,EXCEPTION_REVIEW,manual review: imported row has sourceRowId but no comparison/recovery match,untouched_exception_review,,manifest exception review,,Welche Form passt? reload_page,,instruction,,Laden Sie die Seite bitte neu.,,Watch: Laden Sie bitte herunter die Seite,,,,,imported_source_without_replacement_layer_match,
content/b1-m10-technical-problems.js,v080149_cat10_redemittel_cat10_r_063,cat10-r-063,cat10-r-063,EXCEPTION_REVIEW,manual review: comparison/recovery row exists but decision is not apply-ready,untouched_exception_review,,manifest exception review,,Welche Form passt? check_connection,,instruction,,Prüfen Sie bitte die Verbindung.,Prüfen Sie bitte die Verbindung.,Watch: Kontrollieren Sie Verbindung,,,,,unclear_v02_decision,
content/b1-m10-technical-problems.js,v080149_cat10_redemittel_cat10_r_064,cat10-r-064,cat10-r-064,EXCEPTION_REVIEW,manual review: imported row has sourceRowId but no comparison/recovery match,untouched_exception_review,,manifest exception review,,Welche Form passt? try_again,,instruction,,Versuchen Sie es bitte noch einmal.,,Watch: Probieren Sie nochmal okay,,,,,imported_source_without_replacement_layer_match,
content/b1-m10-technical-problems.js,v080149_cat10_redemittel_cat10_r_067,cat10-r-067,cat10-r-067,EXCEPTION_REVIEW,manual review: comparison/recovery row exists but decision is not apply-ready,untouched_exception_review,,manifest exception review,,Welche Form passt? contact_support,,instruction,,Wenden Sie sich bitte an den Support.,Wenden Sie sich bitte an den Support.,Watch: Kontaktieren Sie den Support also okay,,,,,unclear_v02_decision,
content/b1-m10-technical-problems.js,v080149_cat10_redemittel_cat10_r_068,cat10-r-068,cat10-r-068,EXCEPTION_REVIEW,manual review: imported row has sourceRowId but no comparison/recovery match,untouched_exception_review,,manifest exception review,,Welche Form passt? thanks_support,,closing,,Vielen Dank für Ihre Hilfe.,,Watch: Danke für die Hilfe okay,,,,,imported_source_without_replacement_layer_match,
content/b1-m10-technical-problems.js,v080149_cat10_redemittel_cat10_r_069,cat10-r-069,cat10-r-069,EXCEPTION_REVIEW,manual review: imported row has sourceRowId but no comparison/recovery match,untouched_exception_review,,manifest exception review,,Welche Form passt? confirm_fixed,,closing,,"Danke, jetzt funktioniert alles.",,Watch: Alles ist funktionieren,,,,,imported_source_without_replacement_layer_match,
content/b1-m10-technical-problems.js,v080149_cat10_wortschatz_cat10_w_109,cat10-w-109,cat10-w-109,EXCEPTION_REVIEW,manual review: imported row has sourceRowId but no comparison/recovery match,untouched_exception_review,,manifest exception review,,Welches Wort passt? to work/function,,actions_verbs,,funktionieren,,General verb for whether something works.,,,,,imported_source_without_replacement_layer_match,
content/b1-m10-technical-problems.js,v080149_cat10_wortschatz_cat10_w_110,cat10-w-110,cat10-w-110,EXCEPTION_REVIEW,manual review: imported row has sourceRowId but no comparison/recovery match,untouched_exception_review,,manifest exception review,,Welches Wort passt? to respond/react,,actions_verbs,,reagieren,,Used when an app/device does nothing.,,,,,imported_source_without_replacement_layer_match,
content/b1-m10-technical-problems.js,v080149_cat10_wortschatz_cat10_w_111,cat10-w-111,cat10-w-111,EXCEPTION_REVIEW,manual review: imported row has sourceRowId but no comparison/recovery match,untouched_exception_review,,manifest exception review,,Welches Wort passt? to start/launch,,actions_verbs,,starten,,Start app/device/program.,,,,,imported_source_without_replacement_layer_match,
content/b1-m10-technical-problems.js,v080149_cat10_wortschatz_cat10_w_112,cat10-w-112,cat10-w-112,EXCEPTION_REVIEW,manual review: imported row has sourceRowId but no comparison/recovery match,untouched_exception_review,,manifest exception review,,Welches Wort passt? to open,,actions_verbs,,öffnen,,Open app/file/link.,,,,,imported_source_without_replacement_layer_match,
content/b1-m10-technical-problems.js,v080149_cat10_wortschatz_cat10_w_113,cat10-w-113,cat10-w-113,EXCEPTION_REVIEW,manual review: imported row has sourceRowId but no comparison/recovery match,untouched_exception_review,,manifest exception review,,Welches Wort passt? to close,,actions_verbs,,schließen,,Close window/app.,,,,,imported_source_without_replacement_layer_match,
content/b1-m10-technical-problems.js,v080149_cat10_wortschatz_cat10_w_115,cat10-w-115,cat10-w-115,EXCEPTION_REVIEW,manual review: imported row has sourceRowId but no comparison/recovery match,untouched_exception_review,,manifest exception review,,Welches Wort passt? to charge,,actions_verbs,,aufladen,,Charge battery/device.,,,,,imported_source_without_replacement_layer_match,
content/b1-m10-technical-problems.js,v080149_cat10_wortschatz_cat10_w_116,cat10-w-116,cat10-w-116,EXCEPTION_REVIEW,manual review: imported row has sourceRowId but no comparison/recovery match,untouched_exception_review,,manifest exception review,,Welches Wort passt? to save,,actions_verbs,,speichern,,Save file/form.,,,,,imported_source_without_replacement_layer_match,
content/b1-m10-technical-problems.js,v080149_cat10_wortschatz_cat10_w_117,cat10-w-117,cat10-w-117,EXCEPTION_REVIEW,manual review: imported row has sourceRowId but no comparison/recovery match,untouched_exception_review,,manifest exception review,,Welches Wort passt? to download,,actions_verbs,,herunterladen,,Download to device.,,,,,imported_source_without_replacement_layer_match,
content/b1-m10-technical-problems.js,v080149_cat10_wortschatz_cat10_w_118,cat10-w-118,cat10-w-118,EXCEPTION_REVIEW,manual review: imported row has sourceRowId but no comparison/recovery match,untouched_exception_review,,manifest exception review,,Welches Wort passt? to upload,,actions_verbs,,hochladen,,Upload to site/form.,,,,,imported_source_without_replacement_layer_match,
content/b1-m10-technical-problems.js,v080149_cat10_wortschatz_cat10_w_119,cat10-w-119,cat10-w-119,EXCEPTION_REVIEW,manual review: imported row has sourceRowId but no comparison/recovery match,untouched_exception_review,,manifest exception review,,Welches Wort passt? to attach,,actions_verbs,,anhängen,,Attach file.,,,,,imported_source_without_replacement_layer_match,
content/b1-m10-technical-problems.js,v080149_cat10_wortschatz_cat10_w_120,cat10-w-120,cat10-w-120,EXCEPTION_REVIEW,manual review: imported row has sourceRowId but no comparison/recovery match,untouched_exception_review,,manifest exception review,,Welches Wort passt? to send,,actions_verbs,,senden,,Send file/message/form.,,,,,imported_source_without_replacement_layer_match,
content/b1-m10-technical-problems.js,v080149_cat10_wortschatz_cat10_w_122,cat10-w-122,cat10-w-122,EXCEPTION_REVIEW,manual review: imported row has sourceRowId but no comparison/recovery match,untouched_exception_review,,manifest exception review,,Welches Wort passt? to forward,,actions_verbs,,weiterleiten,,Forward message/file.,,,,,imported_source_without_replacement_layer_match,
content/b1-m10-technical-problems.js,v080149_cat10_wortschatz_cat10_w_123,cat10-w-123,cat10-w-123,EXCEPTION_REVIEW,manual review: imported row has sourceRowId but no comparison/recovery match,untouched_exception_review,,manifest exception review,,Welches Wort passt? to install,,actions_verbs,,installieren,,Install app/program/update.,,,,,imported_source_without_replacement_layer_match,
content/b1-m10-technical-problems.js,v080149_cat10_wortschatz_cat10_w_125,cat10-w-125,cat10-w-125,EXCEPTION_REVIEW,manual review: imported row has sourceRowId but no comparison/recovery match,untouched_exception_review,,manifest exception review,,Welches Wort passt? to update/refresh,,actions_verbs,,aktualisieren,,Update software or refresh information.,,,,,imported_source_without_replacement_layer_match,
content/b1-m10-technical-problems.js,v080149_cat10_wortschatz_cat10_w_126,cat10-w-126,cat10-w-126,EXCEPTION_REVIEW,manual review: imported row has sourceRowId but no comparison/recovery match,untouched_exception_review,,manifest exception review,,Welches Wort passt? to reload,,actions_verbs,,neu laden,,Reload page/app.,,,,,imported_source_without_replacement_layer_match,
content/b1-m10-technical-problems.js,v080149_cat10_wortschatz_cat10_w_127,cat10-w-127,cat10-w-127,EXCEPTION_REVIEW,manual review: imported row has sourceRowId but no comparison/recovery match,untouched_exception_review,,manifest exception review,,Welches Wort passt? to restart,,actions_verbs,,neu starten,,Restart device/app.,,,,,imported_source_without_replacement_layer_match,
content/b1-m10-technical-problems.js,v080149_cat10_wortschatz_cat10_w_128,cat10-w-128,cat10-w-128,EXCEPTION_REVIEW,manual review: imported row has sourceRowId but no comparison/recovery match,untouched_exception_review,,manifest exception review,,Welches Wort passt? to switch on,,actions_verbs,,einschalten,,Turn on device/camera/mic.,,,,,imported_source_without_replacement_layer_match,
content/b1-m10-technical-problems.js,v080149_cat10_wortschatz_cat10_w_129,cat10-w-129,cat10-w-129,EXCEPTION_REVIEW,manual review: imported row has sourceRowId but no comparison/recovery match,untouched_exception_review,,manifest exception review,,Welches Wort passt? to switch off,,actions_verbs,,ausschalten,,Turn off device/camera/mic.,,,,,imported_source_without_replacement_layer_match,
content/b1-m10-technical-problems.js,v080149_cat10_wortschatz_cat10_w_130,cat10-w-130,cat10-w-130,EXCEPTION_REVIEW,manual review: imported row has sourceRowId but no comparison/recovery match,untouched_exception_review,,manifest exception review,,Welches Wort passt? to connect/plug in,,actions_verbs,,anschließen,,Connect cable/device.,,,,,imported_source_without_replacement_layer_match,
content/b1-m10-technical-problems.js,v080149_cat10_wortschatz_cat10_w_131,cat10-w-131,cat10-w-131,EXCEPTION_REVIEW,manual review: imported row has sourceRowId but no comparison/recovery match,untouched_exception_review,,manifest exception review,,Welches Wort passt? to connect,,actions_verbs,,verbinden,,Connect to network/device.,,,,,imported_source_without_replacement_layer_match,
content/b1-m10-technical-problems.js,v080149_cat10_wortschatz_cat10_w_133,cat10-w-133,cat10-w-133,EXCEPTION_REVIEW,manual review: imported row has sourceRowId but no comparison/recovery match,untouched_exception_review,,manifest exception review,,Welches Wort passt? to print,,actions_verbs,,drucken,,Print document.,,,,,imported_source_without_replacement_layer_match,
content/b1-m10-technical-problems.js,v080149_cat10_wortschatz_cat10_w_135,cat10-w-135,cat10-w-135,EXCEPTION_REVIEW,manual review: imported row has sourceRowId but no comparison/recovery match,untouched_exception_review,,manifest exception review,,Welches Wort passt? to copy,,actions_verbs,,kopieren,,Make a copy or duplicate.,,,,,imported_source_without_replacement_layer_match,
content/b1-m10-technical-problems.js,v080149_cat10_wortschatz_cat10_w_137,cat10-w-137,cat10-w-137,EXCEPTION_REVIEW,manual review: imported row has sourceRowId but no comparison/recovery match,untouched_exception_review,,manifest exception review,,Welches Wort passt? to share/release/authorise,,actions_verbs,,freigeben,,Give access/share.,,,,,imported_source_without_replacement_layer_match,
content/b1-m10-technical-problems.js,v080149_cat10_wortschatz_cat10_w_141,cat10-w-141,cat10-w-141,EXCEPTION_REVIEW,manual review: imported row has sourceRowId but no comparison/recovery match,untouched_exception_review,,manifest exception review,,Welches Wort passt? to check,,actions_verbs,,prüfen,,Check problem/status/device.,,,,,imported_source_without_replacement_layer_match,
content/b1-m10-technical-problems.js,v080149_cat10_wortschatz_cat10_w_142,cat10-w-142,cat10-w-142,EXCEPTION_REVIEW,manual review: imported row has sourceRowId but no comparison/recovery match,untouched_exception_review,,manifest exception review,,Welches Wort passt? to fix/resolve,,actions_verbs,,beheben,,Fix an error/problem.,,,,,imported_source_without_replacement_layer_match,
content/b1-m10-technical-problems.js,v080149_cat10_wortschatz_cat10_w_143,cat10-w-143,cat10-w-143,EXCEPTION_REVIEW,manual review: imported row has sourceRowId but no comparison/recovery match,untouched_exception_review,,manifest exception review,,Welches Wort passt? to occur/appear,,actions_verbs,,auftreten,,Problem/error occurs.,,,,,imported_source_without_replacement_layer_match,
content/b1-m10-technical-problems.js,v080149_cat10_wortschatz_cat10_w_144,cat10-w-144,cat10-w-144,EXCEPTION_REVIEW,manual review: imported row has sourceRowId but no comparison/recovery match,untouched_exception_review,,manifest exception review,,Welches Wort passt? slow,,problem_adjectives,,langsam,,System or internet is slow.,,,,,imported_source_without_replacement_layer_match,
content/b1-m10-technical-problems.js,v080149_cat10_wortschatz_cat10_w_145,cat10-w-145,cat10-w-145,EXCEPTION_REVIEW,manual review: imported row has sourceRowId but no comparison/recovery match,untouched_exception_review,,manifest exception review,,Welches Wort passt? broken,,problem_adjectives,,kaputt,,Everyday broken/not working.,,,,,imported_source_without_replacement_layer_match,
content/b1-m10-technical-problems.js,v080149_cat10_wortschatz_cat10_w_146,cat10-w-146,cat10-w-146,EXCEPTION_REVIEW,manual review: imported row has sourceRowId but no comparison/recovery match,untouched_exception_review,,manifest exception review,,Welches Wort passt? defective/faulty,,problem_adjectives,,defekt,,More formal than kaputt.,,,,,imported_source_without_replacement_layer_match,
content/b1-m10-technical-problems.js,v080149_cat10_wortschatz_cat10_w_147,cat10-w-147,cat10-w-147,EXCEPTION_REVIEW,manual review: imported row has sourceRowId but no comparison/recovery match,untouched_exception_review,,manifest exception review,,Welches Wort passt? damaged,,problem_adjectives,,beschädigt,,Physical/file damage.,,,,,imported_source_without_replacement_layer_match,
content/b1-m10-technical-problems.js,v080149_cat10_wortschatz_cat10_w_148,cat10-w-148,cat10-w-148,EXCEPTION_REVIEW,manual review: imported row has sourceRowId but no comparison/recovery match,untouched_exception_review,,manifest exception review,,Welches Wort passt? frozen,,problem_adjectives,,eingefroren,,Screen/app frozen.,,,,,imported_source_without_replacement_layer_match,
content/b1-m10-technical-problems.js,v080149_cat10_wortschatz_cat10_w_150,cat10-w-150,cat10-w-150,EXCEPTION_REVIEW,manual review: imported row has sourceRowId but no comparison/recovery match,untouched_exception_review,,manifest exception review,,Welches Wort passt? connected,,problem_adjectives,,verbunden,,Connected to network/device.,,,,,imported_source_without_replacement_layer_match,
content/b1-m10-technical-problems.js,v080149_cat10_wortschatz_cat10_w_151,cat10-w-151,cat10-w-151,EXCEPTION_REVIEW,manual review: imported row has sourceRowId but no comparison/recovery match,untouched_exception_review,,manifest exception review,,Welches Wort passt? disconnected/separate,,problem_adjectives,,getrennt,,Disconnected.,,,,,imported_source_without_replacement_layer_match,
content/b1-m10-technical-problems.js,v080149_cat10_wortschatz_cat10_w_152,cat10-w-152,cat10-w-152,EXCEPTION_REVIEW,manual review: imported row has sourceRowId but no comparison/recovery match,untouched_exception_review,,manifest exception review,,Welches Wort passt? available,,problem_adjectives,,verfügbar,,Available function/update/service.,,,,,imported_source_without_replacement_layer_match,
content/b1-m10-technical-problems.js,v080149_cat10_wortschatz_cat10_w_153,cat10-w-153,cat10-w-153,EXCEPTION_REVIEW,manual review: imported row has sourceRowId but no comparison/recovery match,untouched_exception_review,,manifest exception review,,Welches Wort passt? current/up to date,,problem_adjectives,,aktuell,,Current version/status.,,,,,imported_source_without_replacement_layer_match,
content/b1-m10-technical-problems.js,v080149_cat10_wortschatz_cat10_w_154,cat10-w-154,cat10-w-154,EXCEPTION_REVIEW,manual review: imported row has sourceRowId but no comparison/recovery match,untouched_exception_review,,manifest exception review,,Welches Wort passt? outdated,,problem_adjectives,,veraltet,,Old/not current.,,,,,imported_source_without_replacement_layer_match,
content/b1-m10-technical-problems.js,v080149_cat10_wortschatz_cat10_w_155,cat10-w-155,cat10-w-155,EXCEPTION_REVIEW,manual review: imported row has sourceRowId but no comparison/recovery match,untouched_exception_review,,manifest exception review,,Welches Wort passt? empty/flat,,problem_adjectives,,leer,,Battery empty or field empty.,,,,,imported_source_without_replacement_layer_match,
content/b1-m10-technical-problems.js,v080149_cat10_wortschatz_cat10_w_156,cat10-w-156,cat10-w-156,EXCEPTION_REVIEW,manual review: imported row has sourceRowId but no comparison/recovery match,untouched_exception_review,,manifest exception review,,Welches Wort passt? full,,problem_adjectives,,voll,,Storage/full mailbox.,,,,,imported_source_without_replacement_layer_match,
content/b1-m11-colleague-feedback-conflict.js,v080149_cat11_practice_family_cat11_pf_025,cat11-pf-025,cat11-pf-025,EXCEPTION_REVIEW,manual review: imported row has sourceRowId but no comparison/recovery match,untouched_exception_review,,manifest exception review,,Welche Reaktion passt auf Feedback?,,"A Danke für die Rückmeldung. / B Das weiß ich schon. / C Na gut, wenn Sie meinen.",,Danke für die Rückmeldung.,,This accepts feedback politely without agreeing to everything.,,,,,imported_source_without_replacement_layer_match,
content/b1-m11-colleague-feedback-conflict.js,v080149_cat11_practice_family_cat11_pf_027,cat11-pf-027,cat11-pf-027,EXCEPTION_REVIEW,manual review: imported row has sourceRowId but no comparison/recovery match,untouched_exception_review,,manifest exception review,,Welche Bitte ist höflich?,,"A Könnten Sie mir bitte ein konkretes Beispiel geben? / B Geben Sie mir ein Beispiel. / C Beispiel, bitte.",,Könnten Sie mir bitte ein konkretes Beispiel geben?,,`Könnten Sie bitte ...?` is a polite request pattern.,,,,,imported_source_without_replacement_layer_match,
content/b1-m11-colleague-feedback-conflict.js,v080149_cat11_redemittel_cat11_r_001,cat11-r-001,cat11-r-001,EXCEPTION_REVIEW,manual review: comparison/recovery row exists but decision is not apply-ready,untouched_exception_review,,manifest exception review,,Welche Form passt? colleague_discussion,,soft_disagreement,,Ich sehe das etwas anders.,Ich sehe das etwas anders.,Watch: Ich sehe es anders.,,,,,unclear_v02_decision,
content/b1-m11-colleague-feedback-conflict.js,v080149_cat11_redemittel_cat11_r_003,cat11-r-003,cat11-r-003,EXCEPTION_REVIEW,manual review: comparison/recovery row exists but decision is not apply-ready,untouched_exception_review,,manifest exception review,,Welche Form passt? team_planning,,soft_disagreement,,"Ich bin mir nicht sicher, ob das die beste Lösung ist.","Ich bin mir nicht sicher, ob das die beste Lösung ist.","Watch: Ich bin nicht sicher, wenn ...",,,,,unclear_v02_decision,
content/b1-m11-colleague-feedback-conflict.js,v080149_cat11_redemittel_cat11_r_005,cat11-r-005,cat11-r-005,EXCEPTION_REVIEW,manual review: comparison/recovery row exists but decision is not apply-ready,untouched_exception_review,,manifest exception review,,Welche Form passt? meeting,,soft_disagreement,,Aus meiner Sicht sollten wir zuerst die Priorität klären.,Aus meiner Sicht sollten wir zuerst die Priorität klären.,Watch: Aus meine Sicht ...,,,,,unclear_v02_decision,
content/b1-m11-colleague-feedback-conflict.js,v080149_cat11_redemittel_cat11_r_006,cat11-r-006,cat11-r-006,EXCEPTION_REVIEW,manual review: comparison/recovery row exists but decision is not apply-ready,untouched_exception_review,,manifest exception review,,Welche Form passt? meeting,,soft_disagreement,,Ich bin mit dem Vorschlag nicht ganz einverstanden.,Ich bin mit dem Vorschlag nicht ganz einverstanden.,Watch: Ich bin nicht ganz einverstanden mit dem Vorschlag.,,,,,unclear_v02_decision,
content/b1-m11-colleague-feedback-conflict.js,v080149_cat11_redemittel_cat11_r_007,cat11-r-007,cat11-r-007,EXCEPTION_REVIEW,manual review: comparison/recovery row exists but decision is not apply-ready,untouched_exception_review,,manifest exception review,,Welche Form passt? misunderstanding,,clarification,,"Ich glaube, da gab es ein Missverständnis.","Ich glaube, da gab es ein Missverständnis.",Watch: es gibt ein Missverständnis gewesen,,,,,unclear_v02_decision,
content/b1-m11-colleague-feedback-conflict.js,v080149_cat11_redemittel_cat11_r_008,cat11-r-008,cat11-r-008,EXCEPTION_REVIEW,manual review: comparison/recovery row exists but decision is not apply-ready,untouched_exception_review,,manifest exception review,,Welche Form passt? task_confusion,,clarification,,Können wir das kurz klären?,Können wir das kurz klären?,Watch: Können wir das kurz erklären?,,,,,unclear_v02_decision,
content/b1-m11-colleague-feedback-conflict.js,v080149_cat11_redemittel_cat11_r_009,cat11-r-009,cat11-r-009,EXCEPTION_REVIEW,manual review: comparison/recovery row exists but decision is not apply-ready,untouched_exception_review,,manifest exception review,,Welche Form passt? feedback,,clarification,,Was genau soll ich anders machen?,Was genau soll ich anders machen?,Watch: Was soll ich andere machen?,,,,,unclear_v02_decision,
content/b1-m11-colleague-feedback-conflict.js,v080149_cat11_redemittel_cat11_r_010,cat11-r-010,cat11-r-010,EXCEPTION_REVIEW,manual review: comparison/recovery row exists but decision is not apply-ready,untouched_exception_review,,manifest exception review,,Welche Form passt? feedback,,clarification,,Könnten Sie mir bitte ein konkretes Beispiel geben?,Könnten Sie mir bitte ein konkretes Beispiel geben?,Watch: ein konkret Beispiel,,,,,unclear_v02_decision,
content/b1-m11-colleague-feedback-conflict.js,v080149_cat11_redemittel_cat11_r_011,cat11-r-011,cat11-r-011,EXCEPTION_REVIEW,manual review: comparison/recovery row exists but decision is not apply-ready,untouched_exception_review,,manifest exception review,,Welche Form passt? task_handover,,clarification,,Welche Aufgabe hat im Moment Priorität?,Welche Aufgabe hat im Moment Priorität?,Watch: Welche Aufgabe ist Priorität?,,,,,unclear_v02_decision,
content/b1-m11-colleague-feedback-conflict.js,v080149_cat11_redemittel_cat11_r_013,cat11-r-013,cat11-r-013,EXCEPTION_REVIEW,manual review: comparison/recovery row exists but decision is not apply-ready,untouched_exception_review,,manifest exception review,,Welche Form passt? communication,,clarification,,"Ich möchte sicher sein, dass ich Sie richtig verstanden habe.","Ich möchte sicher sein, dass ich Sie richtig verstanden habe.","Watch: Ich möchte sicher sein, ob ...",,,,,unclear_v02_decision,
content/b1-m11-colleague-feedback-conflict.js,v080149_cat11_redemittel_cat11_r_015,cat11-r-015,cat11-r-015,EXCEPTION_REVIEW,manual review: comparison/recovery row exists but decision is not apply-ready,untouched_exception_review,,manifest exception review,,Welche Form passt? work_quality,,feedback_giving,,"Mir ist aufgefallen, dass hier noch etwas fehlt.","Mir ist aufgefallen, dass hier noch etwas fehlt.","Watch: Mir hat aufgefallen, dass ...",,,,,unclear_v02_decision,
content/b1-m11-colleague-feedback-conflict.js,v080149_cat11_redemittel_cat11_r_016,cat11-r-016,cat11-r-016,EXCEPTION_REVIEW,manual review: comparison/recovery row exists but decision is not apply-ready,untouched_exception_review,,manifest exception review,,Welche Form passt? work_quality,,feedback_giving,,Könnten wir diesen Punkt noch einmal prüfen?,Könnten wir diesen Punkt noch einmal prüfen?,Watch: diesen Punkt nochmal gucken,,,,,unclear_v02_decision,
content/b1-m11-colleague-feedback-conflict.js,v080149_cat11_redemittel_cat11_r_017,cat11-r-017,cat11-r-017,EXCEPTION_REVIEW,manual review: comparison/recovery row exists but decision is not apply-ready,untouched_exception_review,,manifest exception review,,Welche Form passt? work_process,,feedback_giving,,Ich habe einen Vorschlag zur Zusammenarbeit.,Ich habe einen Vorschlag zur Zusammenarbeit.,Watch: Vorschlag für Zusammenarbeit,,,,,unclear_v02_decision,
content/b1-m11-colleague-feedback-conflict.js,v080149_cat11_redemittel_cat11_r_018,cat11-r-018,cat11-r-018,EXCEPTION_REVIEW,manual review: comparison/recovery row exists but decision is not apply-ready,untouched_exception_review,,manifest exception review,,Welche Form passt? team_process,,feedback_giving,,Vielleicht könnten wir die Absprache klarer machen.,Vielleicht könnten wir die Absprache klarer machen.,Watch: Absprache klarer machen,,,,,unclear_v02_decision,
content/b1-m11-colleague-feedback-conflict.js,v080149_cat11_redemittel_cat11_r_021,cat11-r-021,cat11-r-021,EXCEPTION_REVIEW,manual review: comparison/recovery row exists but decision is not apply-ready,untouched_exception_review,,manifest exception review,,Welche Form passt? feedback_response,,feedback_receiving,,Danke für die Rückmeldung.,Danke für die Rückmeldung.,Watch: Danke für Rückmeldung,,,,,unclear_v02_decision,
content/b1-m11-colleague-feedback-conflict.js,v080149_cat11_redemittel_cat11_r_022,cat11-r-022,cat11-r-022,EXCEPTION_REVIEW,manual review: comparison/recovery row exists but decision is not apply-ready,untouched_exception_review,,manifest exception review,,Welche Form passt? feedback_response,,feedback_receiving,,Ich schaue mir das noch einmal an.,Ich schaue mir das noch einmal an.,Watch: Ich schaue das noch einmal.,,,,,unclear_v02_decision,
content/b1-m11-colleague-feedback-conflict.js,v080149_cat11_redemittel_cat11_r_023,cat11-r-023,cat11-r-023,EXCEPTION_REVIEW,manual review: comparison/recovery row exists but decision is not apply-ready,untouched_exception_review,,manifest exception review,,Welche Form passt? feedback_response,,feedback_receiving,,Ich nehme den Hinweis mit.,Ich nehme den Hinweis mit.,Watch: Ich nehme Hinweis mit,,,,,unclear_v02_decision,
content/b1-m11-colleague-feedback-conflict.js,v080149_cat11_redemittel_cat11_r_024,cat11-r-024,cat11-r-024,EXCEPTION_REVIEW,manual review: comparison/recovery row exists but decision is not apply-ready,untouched_exception_review,,manifest exception review,,Welche Form passt? feedback_response,,feedback_receiving,,"Ich verstehe, was Sie meinen.","Ich verstehe, was Sie meinen.","Watch: Ich verstehe, was Sie meinen.",,,,,unclear_v02_decision,
content/b1-m11-colleague-feedback-conflict.js,v080149_cat11_redemittel_cat11_r_025,cat11-r-025,cat11-r-025,EXCEPTION_REVIEW,manual review: comparison/recovery row exists but decision is not apply-ready,untouched_exception_review,,manifest exception review,,Welche Form passt? feedback_response,,feedback_receiving,,"Ich brauche noch einen Moment, um darüber nachzudenken.","Ich brauche noch einen Moment, um darüber nachzudenken.",Watch: Moment um darüber denken,,,,,unclear_v02_decision,
content/b1-m11-colleague-feedback-conflict.js,v080149_cat11_redemittel_cat11_r_028,cat11-r-028,cat11-r-028,EXCEPTION_REVIEW,manual review: comparison/recovery row exists but decision is not apply-ready,untouched_exception_review,,manifest exception review,,Welche Form passt? miscommunication,,apology,,"Das tut mir leid, das war nicht meine Absicht.","Das tut mir leid, das war nicht meine Absicht.",Watch: das war nicht mein Absicht,,,,,unclear_v02_decision,
content/b1-m11-colleague-feedback-conflict.js,v080149_cat11_redemittel_cat11_r_030,cat11-r-030,cat11-r-030,EXCEPTION_REVIEW,manual review: imported row has sourceRowId but no comparison/recovery match,untouched_exception_review,,manifest exception review,,Welche Form passt? delay_task,,apology,,"Es tut mir leid, ich habe die Absprache falsch verstanden.",,Watch: ich habe falsch verstanden die Absprache,,,,,imported_source_without_replacement_layer_match,
content/b1-m11-colleague-feedback-conflict.js,v080149_cat11_redemittel_cat11_r_031,cat11-r-031,cat11-r-031,EXCEPTION_REVIEW,manual review: imported row has sourceRowId but no comparison/recovery match,untouched_exception_review,,manifest exception review,,Welche Form passt? repair_action,,apology,,Ich kümmere mich sofort darum.,,Watch: Ich kümmere das,,,,,imported_source_without_replacement_layer_match,
content/b1-m11-colleague-feedback-conflict.js,v080149_cat11_redemittel_cat11_r_032,cat11-r-032,cat11-r-032,EXCEPTION_REVIEW,manual review: imported row has sourceRowId but no comparison/recovery match,untouched_exception_review,,manifest exception review,,Welche Form passt? repair_action,,apology,,Ich korrigiere das und melde mich danach noch einmal.,,Watch: Ich korrigiere das und melde danach,,,,,imported_source_without_replacement_layer_match,
content/b1-m11-colleague-feedback-conflict.js,v080149_cat11_redemittel_cat11_r_033,cat11-r-033,cat11-r-033,EXCEPTION_REVIEW,manual review: comparison/recovery row exists but decision is not apply-ready,untouched_exception_review,,manifest exception review,,Welche Form passt? tone,,boundary,,Könnten wir bitte sachlich bleiben?,Könnten wir bitte sachlich bleiben?,Watch: Können wir sachlich sein?,,,,,unclear_v02_decision,
content/b1-m11-colleague-feedback-conflict.js,v080149_cat11_redemittel_cat11_r_034,cat11-r-034,cat11-r-034,EXCEPTION_REVIEW,manual review: imported row has sourceRowId but no comparison/recovery match,untouched_exception_review,,manifest exception review,,Welche Form passt? interruption,,boundary,,Bitte lassen Sie mich kurz ausreden.,,Watch: Bitte lassen Sie mir ausreden,,,,,imported_source_without_replacement_layer_match,
content/b1-m11-colleague-feedback-conflict.js,v080149_cat11_redemittel_cat11_r_036,cat11-r-036,cat11-r-036,EXCEPTION_REVIEW,manual review: imported row has sourceRowId but no comparison/recovery match,untouched_exception_review,,manifest exception review,,Welche Form passt? workload,,boundary,,Ich kann diese Aufgabe heute nicht zusätzlich übernehmen.,,Watch: nicht extra übernehmen,,,,,imported_source_without_replacement_layer_match,
content/b1-m11-colleague-feedback-conflict.js,v080149_cat11_redemittel_cat11_r_038,cat11-r-038,cat11-r-038,EXCEPTION_REVIEW,manual review: imported row has sourceRowId but no comparison/recovery match,untouched_exception_review,,manifest exception review,,Welche Form passt? availability,,boundary,,Ich kann darüber jetzt nicht gut sprechen. Können wir später reden?,,Watch: Ich kann nicht darüber sprechen gut,,,,,imported_source_without_replacement_layer_match,
content/b1-m11-colleague-feedback-conflict.js,v080149_cat11_redemittel_cat11_r_040,cat11-r-040,cat11-r-040,EXCEPTION_REVIEW,manual review: imported row has sourceRowId but no comparison/recovery match,untouched_exception_review,,manifest exception review,,Welche Form passt? respect,,boundary,,Ich möchte respektvoll miteinander sprechen.,,Watch: respektvoll miteinander sprechen,,,,,imported_source_without_replacement_layer_match,
content/b1-m11-colleague-feedback-conflict.js,v080149_cat11_redemittel_cat11_r_041,cat11-r-041,cat11-r-041,EXCEPTION_REVIEW,manual review: comparison/recovery row exists but decision is not apply-ready,untouched_exception_review,,manifest exception review,,Welche Form passt? solution_finding,,solution,,Wie können wir das gemeinsam lösen?,Wie können wir das gemeinsam lösen?,Watch: gemeinsam lösen das,,,,,unclear_v02_decision,
content/b1-m11-colleague-feedback-conflict.js,v080149_cat11_redemittel_cat11_r_042,cat11-r-042,cat11-r-042,EXCEPTION_REVIEW,manual review: comparison/recovery row exists but decision is not apply-ready,untouched_exception_review,,manifest exception review,,Welche Form passt? proposal,,solution,,"Ich schlage vor, dass wir zuerst die Fakten klären.","Ich schlage vor, dass wir zuerst die Fakten klären.","Watch: Ich vorschlage, dass ...",,,,,unclear_v02_decision,
content/b1-m11-colleague-feedback-conflict.js,v080149_cat11_redemittel_cat11_r_043,cat11-r-043,cat11-r-043,EXCEPTION_REVIEW,manual review: imported row has sourceRowId but no comparison/recovery match,untouched_exception_review,,manifest exception review,,Welche Form passt? agreement,,solution,,Können wir für die Zukunft eine klare Absprache treffen?,,Watch: eine Absprache machen,,,,,imported_source_without_replacement_layer_match,
content/b1-m11-colleague-feedback-conflict.js,v080149_cat11_redemittel_cat11_r_044,cat11-r-044,cat11-r-044,EXCEPTION_REVIEW,manual review: imported row has sourceRowId but no comparison/recovery match,untouched_exception_review,,manifest exception review,,Welche Form passt? compromise,,solution,,Vielleicht finden wir einen Kompromiss.,,Watch: einen Kompromiss machen,,,,,imported_source_without_replacement_layer_match,
content/b1-m11-colleague-feedback-conflict.js,v080149_cat11_redemittel_cat11_r_046,cat11-r-046,cat11-r-046,EXCEPTION_REVIEW,manual review: imported row has sourceRowId but no comparison/recovery match,untouched_exception_review,,manifest exception review,,Welche Form passt? support,,solution,,Ich kann Sie dabei unterstützen.,,Watch: ich kann Ihnen unterstützen,,,,,imported_source_without_replacement_layer_match,
content/b1-m11-colleague-feedback-conflict.js,v080149_cat11_redemittel_cat11_r_047,cat11-r-047,cat11-r-047,EXCEPTION_REVIEW,manual review: imported row has sourceRowId but no comparison/recovery match,untouched_exception_review,,manifest exception review,,Welche Form passt? support_request,,solution,,Könnten Sie mich dabei unterstützen?,,Watch: Könnten Sie mir unterstützen?,,,,,imported_source_without_replacement_layer_match,
content/b1-m11-colleague-feedback-conflict.js,v080149_cat11_redemittel_cat11_r_048,cat11-r-048,cat11-r-048,EXCEPTION_REVIEW,manual review: comparison/recovery row exists but decision is not apply-ready,untouched_exception_review,,manifest exception review,,Welche Form passt? role_clarity,,solution,,"Lassen Sie uns klären, wer was übernimmt.","Lassen Sie uns klären, wer was übernimmt.",Watch: wer was übernehmt,,,,,unclear_v02_decision,
content/b1-m11-colleague-feedback-conflict.js,v080149_cat11_redemittel_cat11_r_051,cat11-r-051,cat11-r-051,EXCEPTION_REVIEW,manual review: imported row has sourceRowId but no comparison/recovery match,untouched_exception_review,,manifest exception review,,Welche Form passt? serious_issue,,escalation,,Ich möchte das in Ruhe besprechen.,,Watch: in Ruhe sprechen über das,,,,,imported_source_without_replacement_layer_match,
content/b1-m11-colleague-feedback-conflict.js,v080149_cat11_wortschatz_cat11_w_068,cat11-w-068,cat11-w-068,EXCEPTION_REVIEW,manual review: imported row has sourceRowId but no comparison/recovery match,untouched_exception_review,,manifest exception review,,Welches Wort passt? bring up/address,,verbs_feedback,,ansprechen,,Frame: ein Problem/ein Thema ansprechen.,,,,,imported_source_without_replacement_layer_match,
content/b1-m11-colleague-feedback-conflict.js,v080149_cat11_wortschatz_cat11_w_069,cat11-w-069,cat11-w-069,EXCEPTION_REVIEW,manual review: imported row has sourceRowId but no comparison/recovery match,untouched_exception_review,,manifest exception review,,Welches Wort passt? discuss,,verbs_feedback,,besprechen,,Takes direct object: etwas besprechen.,,,,,imported_source_without_replacement_layer_match,
content/b1-m11-colleague-feedback-conflict.js,v080149_cat11_wortschatz_cat11_w_070,cat11-w-070,cat11-w-070,EXCEPTION_REVIEW,manual review: imported row has sourceRowId but no comparison/recovery match,untouched_exception_review,,manifest exception review,,Welches Wort passt? clarify/resolve,,verbs_feedback,,klären,,High-yield conflict de-escalation verb.,,,,,imported_source_without_replacement_layer_match,
content/b1-m11-colleague-feedback-conflict.js,v080149_cat11_wortschatz_cat11_w_071,cat11-w-071,cat11-w-071,EXCEPTION_REVIEW,manual review: imported row has sourceRowId but no comparison/recovery match,untouched_exception_review,,manifest exception review,,Welches Wort passt? explain,,verbs_feedback,,erklären,,Do not confuse with klären.,,,,,imported_source_without_replacement_layer_match,
content/b1-m11-colleague-feedback-conflict.js,v080149_cat11_wortschatz_cat11_w_072,cat11-w-072,cat11-w-072,EXCEPTION_REVIEW,manual review: imported row has sourceRowId but no comparison/recovery match,untouched_exception_review,,manifest exception review,,Welches Wort passt? ask/check again,,verbs_feedback,,nachfragen,,Useful for clarification.,,,,,imported_source_without_replacement_layer_match,
content/b1-m11-colleague-feedback-conflict.js,v080149_cat11_wortschatz_cat11_w_073,cat11-w-073,cat11-w-073,EXCEPTION_REVIEW,manual review: imported row has sourceRowId but no comparison/recovery match,untouched_exception_review,,manifest exception review,,Welches Wort passt? listen,,verbs_feedback,,zuhören,,Often with dative person: jemandem zuhören.,,,,,imported_source_without_replacement_layer_match,
content/b1-m11-colleague-feedback-conflict.js,v080149_cat11_wortschatz_cat11_w_075,cat11-w-075,cat11-w-075,EXCEPTION_REVIEW,manual review: imported row has sourceRowId but no comparison/recovery match,untouched_exception_review,,manifest exception review,,Welches Wort passt? interrupt,,verbs_feedback,,unterbrechen,,Takes a person/object.,,,,,imported_source_without_replacement_layer_match,
content/b1-m11-colleague-feedback-conflict.js,v080149_cat11_wortschatz_cat11_w_076,cat11-w-076,cat11-w-076,EXCEPTION_REVIEW,manual review: imported row has sourceRowId but no comparison/recovery match,untouched_exception_review,,manifest exception review,,Welches Wort passt? agree,,verbs_feedback,,zustimmen,,Often with dative: jemandem zustimmen.,,,,,imported_source_without_replacement_layer_match,
content/b1-m11-colleague-feedback-conflict.js,v080149_cat11_wortschatz_cat11_w_079,cat11-w-079,cat11-w-079,EXCEPTION_REVIEW,manual review: imported row has sourceRowId but no comparison/recovery match,untouched_exception_review,,manifest exception review,,Welches Wort passt? improve/correct,,verbs_feedback,,verbessern,,Useful for solution language.,,,,,imported_source_without_replacement_layer_match,
content/b1-m11-colleague-feedback-conflict.js,v080149_cat11_wortschatz_cat11_w_080,cat11-w-080,cat11-w-080,EXCEPTION_REVIEW,manual review: imported row has sourceRowId but no comparison/recovery match,untouched_exception_review,,manifest exception review,,Welches Wort passt? suggest,,verbs_feedback,,vorschlagen,,Often with dass/infinitive structures later.,,,,,imported_source_without_replacement_layer_match,
content/b1-m11-colleague-feedback-conflict.js,v080149_cat11_wortschatz_cat11_w_081,cat11-w-081,cat11-w-081,EXCEPTION_REVIEW,manual review: imported row has sourceRowId but no comparison/recovery match,untouched_exception_review,,manifest exception review,,Welches Wort passt? agree/arrange,,verbs_feedback,,vereinbaren,,Useful for future rule or process.,,,,,imported_source_without_replacement_layer_match,
content/b1-m11-colleague-feedback-conflict.js,v080149_cat11_wortschatz_cat11_w_084,cat11-w-084,cat11-w-084,EXCEPTION_REVIEW,manual review: imported row has sourceRowId but no comparison/recovery match,untouched_exception_review,,manifest exception review,,Welches Wort passt? misunderstand,,verbs_feedback,,missverstehen,,Useful for de-escalation.,,,,,imported_source_without_replacement_layer_match,
content/b1-m11-colleague-feedback-conflict.js,v080149_cat11_wortschatz_cat11_w_085,cat11-w-085,cat11-w-085,EXCEPTION_REVIEW,manual review: imported row has sourceRowId but no comparison/recovery match,untouched_exception_review,,manifest exception review,,Welches Wort passt? avoid,,verbs_feedback,,vermeiden,,Useful conflict-prevention verb.,,,,,imported_source_without_replacement_layer_match,
content/b1-m11-colleague-feedback-conflict.js,v080149_cat11_wortschatz_cat11_w_086,cat11-w-086,cat11-w-086,EXCEPTION_REVIEW,manual review: imported row has sourceRowId but no comparison/recovery match,untouched_exception_review,,manifest exception review,,Welches Wort passt? react/respond to,,verbs_feedback,,reagieren auf,,Frame: auf + accusative.,,,,,imported_source_without_replacement_layer_match,
content/b1-m11-colleague-feedback-conflict.js,v080149_cat11_wortschatz_cat11_w_089,cat11-w-089,cat11-w-089,EXCEPTION_REVIEW,manual review: imported row has sourceRowId but no comparison/recovery match,untouched_exception_review,,manifest exception review,,Welches Wort passt? respect,,verbs_feedback,,respektieren,,Useful simple verb.,,,,,imported_source_without_replacement_layer_match,
content/b1-m11-colleague-feedback-conflict.js,v080149_cat11_wortschatz_cat11_w_090,cat11-w-090,cat11-w-090,EXCEPTION_REVIEW,manual review: imported row has sourceRowId but no comparison/recovery match,untouched_exception_review,,manifest exception review,,Welches Wort passt? decline/refuse,,verbs_feedback,,ablehnen,,Useful but can sound direct.,,,,,imported_source_without_replacement_layer_match,
content/b1-m11-colleague-feedback-conflict.js,v080149_cat11_wortschatz_cat11_w_091,cat11-w-091,cat11-w-091,EXCEPTION_REVIEW,manual review: imported row has sourceRowId but no comparison/recovery match,untouched_exception_review,,manifest exception review,,Welches Wort passt? take over/accept responsibility,,verbs_feedback,,übernehmen,,Useful for tasks and responsibility.,,,,,imported_source_without_replacement_layer_match,
content/b1-m11-colleague-feedback-conflict.js,v080149_cat11_wortschatz_cat11_w_092,cat11-w-092,cat11-w-092,EXCEPTION_REVIEW,manual review: imported row has sourceRowId but no comparison/recovery match,untouched_exception_review,,manifest exception review,,Welches Wort passt? support,,verbs_feedback,,unterstützen,,Useful positive solution verb.,,,,,imported_source_without_replacement_layer_match,
content/b1-m11-colleague-feedback-conflict.js,v080149_cat11_wortschatz_cat11_w_093,cat11-w-093,cat11-w-093,EXCEPTION_REVIEW,manual review: imported row has sourceRowId but no comparison/recovery match,untouched_exception_review,,manifest exception review,,Welches Wort passt? ask for help,,verbs_feedback,,um Hilfe bitten,,Useful conflict/workload de-escalation.,,,,,imported_source_without_replacement_layer_match,
content/b1-m11-colleague-feedback-conflict.js,v080149_cat11_wortschatz_cat11_w_094,cat11-w-094,cat11-w-094,EXCEPTION_REVIEW,manual review: imported row has sourceRowId but no comparison/recovery match,untouched_exception_review,,manifest exception review,,Welches Wort passt? remind about,,verbs_feedback,,erinnern an,,Frame: jemanden an etwas erinnern.,,,,,imported_source_without_replacement_layer_match,
content/b1-m11-colleague-feedback-conflict.js,v080149_cat11_wortschatz_cat11_w_096,cat11-w-096,cat11-w-096,EXCEPTION_REVIEW,manual review: imported row has sourceRowId but no comparison/recovery match,untouched_exception_review,,manifest exception review,,Welches Wort passt? objective/factual,,tone_register,,sachlich,,Key de-escalation adjective.,,,,,imported_source_without_replacement_layer_match,
content/b1-m11-colleague-feedback-conflict.js,v080149_cat11_wortschatz_cat11_w_097,cat11-w-097,cat11-w-097,EXCEPTION_REVIEW,manual review: imported row has sourceRowId but no comparison/recovery match,untouched_exception_review,,manifest exception review,,Welches Wort passt? polite,,tone_register,,höflich,,Core register word.,,,,,imported_source_without_replacement_layer_match,
content/b1-m11-colleague-feedback-conflict.js,v080149_cat11_wortschatz_cat11_w_098,cat11-w-098,cat11-w-098,EXCEPTION_REVIEW,manual review: imported row has sourceRowId but no comparison/recovery match,untouched_exception_review,,manifest exception review,,Welches Wort passt? direct,,tone_register,,direkt,,Useful register contrast; not always rude.,,,,,imported_source_without_replacement_layer_match,
content/b1-m11-colleague-feedback-conflict.js,v080149_cat11_wortschatz_cat11_w_099,cat11-w-099,cat11-w-099,EXCEPTION_REVIEW,manual review: imported row has sourceRowId but no comparison/recovery match,untouched_exception_review,,manifest exception review,,Welches Wort passt? clear,,tone_register,,klar,,Core clarity word.,,,,,imported_source_without_replacement_layer_match,
content/b1-m11-colleague-feedback-conflict.js,v080149_cat11_wortschatz_cat11_w_100,cat11-w-100,cat11-w-100,EXCEPTION_REVIEW,manual review: imported row has sourceRowId but no comparison/recovery match,untouched_exception_review,,manifest exception review,,Welches Wort passt? specific/concrete,,tone_register,,konkret,,Useful for asking for feedback.,,,,,imported_source_without_replacement_layer_match,
content/b1-m11-colleague-feedback-conflict.js,v080149_cat11_wortschatz_cat11_w_101,cat11-w-101,cat11-w-101,EXCEPTION_REVIEW,manual review: imported row has sourceRowId but no comparison/recovery match,untouched_exception_review,,manifest exception review,,Welches Wort passt? fair,,tone_register,,fair,,Common B1 word; borrowed.,,,,,imported_source_without_replacement_layer_match,
content/b1-m11-colleague-feedback-conflict.js,v080149_cat11_wortschatz_cat11_w_102,cat11-w-102,cat11-w-102,EXCEPTION_REVIEW,manual review: imported row has sourceRowId but no comparison/recovery match,untouched_exception_review,,manifest exception review,,Welches Wort passt? respectful,,tone_register,,respektvoll,,Core conflict adjective.,,,,,imported_source_without_replacement_layer_match,
content/b1-m11-colleague-feedback-conflict.js,v080149_cat11_wortschatz_cat11_w_103,cat11-w-103,cat11-w-103,EXCEPTION_REVIEW,manual review: imported row has sourceRowId but no comparison/recovery match,untouched_exception_review,,manifest exception review,,Welches Wort passt? calm/quiet,,tone_register,,ruhig,,Useful de-escalation word.,,,,,imported_source_without_replacement_layer_match,
content/b1-m11-colleague-feedback-conflict.js,v080149_cat11_wortschatz_cat11_w_106,cat11-w-106,cat11-w-106,EXCEPTION_REVIEW,manual review: imported row has sourceRowId but no comparison/recovery match,untouched_exception_review,,manifest exception review,,Welches Wort passt? unpleasant/uncomfortable,,tone_register,,unangenehm,,Useful emotional/context word.,,,,,imported_source_without_replacement_layer_match,
content/b1-m11-colleague-feedback-conflict.js,v080149_cat11_wortschatz_cat11_w_108,cat11-w-108,cat11-w-108,EXCEPTION_REVIEW,manual review: imported row has sourceRowId but no comparison/recovery match,untouched_exception_review,,manifest exception review,,Welches Wort passt? unclear,,tone_register,,unklar,,Useful for clarification.,,,,,imported_source_without_replacement_layer_match,
content/b1-m11-colleague-feedback-conflict.js,v080149_cat11_wortschatz_cat11_w_110,cat11-w-110,cat11-w-110,EXCEPTION_REVIEW,manual review: imported row has sourceRowId but no comparison/recovery match,untouched_exception_review,,manifest exception review,,Welches Wort passt? inappropriate/not suitable,,tone_register,,unpassend,,Useful for tone/boundary.,,,,,imported_source_without_replacement_layer_match,
content/b1-m11-colleague-feedback-conflict.js,v080149_cat11_wortschatz_cat11_w_112,cat11-w-112,cat11-w-112,EXCEPTION_REVIEW,manual review: imported row has sourceRowId but no comparison/recovery match,untouched_exception_review,,manifest exception review,,Welches Wort passt? unfair,,tone_register,,unfair,,Useful conflict word.,,,,,imported_source_without_replacement_layer_match,
content/b1-m11-colleague-feedback-conflict.js,v080149_cat11_wortschatz_cat11_w_113,cat11-w-113,cat11-w-113,EXCEPTION_REVIEW,manual review: imported row has sourceRowId but no comparison/recovery match,untouched_exception_review,,manifest exception review,,Welches Wort passt? loud,,tone_register,,laut,,Useful tone/volume description.,,,,,imported_source_without_replacement_layer_match,
content/b1-m11-colleague-feedback-conflict.js,v080149_cat11_wortschatz_cat11_w_114,cat11-w-114,cat11-w-114,EXCEPTION_REVIEW,manual review: imported row has sourceRowId but no comparison/recovery match,untouched_exception_review,,manifest exception review,,Welches Wort passt? together/jointly,,tone_register,,gemeinsam,,Useful solution framing.,,,,,imported_source_without_replacement_layer_match,
content/b1-m12-forms-admin-certificates.js,v080149_cat12_redemittel_cat12_r_002,cat12-r-002,cat12-r-002,EXCEPTION_REVIEW,manual review: comparison/recovery row exists but decision is not apply-ready,untouched_exception_review,,manifest exception review,,Welche Form passt? office/online,,find_form,,Wo finde ich das Formular?,Wo finde ich das Formular?,Watch: word order,,,,,unclear_v02_decision,
content/b1-m12-forms-admin-certificates.js,v080149_cat12_redemittel_cat12_r_011,cat12-r-011,cat12-r-011,EXCEPTION_REVIEW,manual review: comparison/recovery row exists but decision is not apply-ready,untouched_exception_review,,manifest exception review,,Welche Form passt? phone,,no_reference,,Ich habe leider kein Aktenzeichen.,Ich habe leider kein Aktenzeichen.,Watch: Ich bin kein Aktenzeichen,,,,,unclear_v02_decision,
content/b1-m12-forms-admin-certificates.js,v080149_cat12_redemittel_cat12_r_013,cat12-r-013,cat12-r-013,EXCEPTION_REVIEW,manual review: comparison/recovery row exists but decision is not apply-ready,untouched_exception_review,,manifest exception review,,Welche Form passt? email/letter,,attach_copy,,Ich lege eine Kopie bei.,Ich lege eine Kopie bei.,Watch: Ich lege eine Kopie mit,,,,,unclear_v02_decision,
content/b1-m12-forms-admin-certificates.js,v080149_cat12_redemittel_cat12_r_014,cat12-r-014,cat12-r-014,EXCEPTION_REVIEW,manual review: comparison/recovery row exists but decision is not apply-ready,untouched_exception_review,,manifest exception review,,Welche Form passt? email,,email_attachment,,Die Datei finden Sie im Anhang.,Die Datei finden Sie im Anhang.,Watch: in Anhang,,,,,unclear_v02_decision,
content/b1-m12-forms-admin-certificates.js,v080149_cat12_redemittel_cat12_r_016,cat12-r-016,cat12-r-016,EXCEPTION_REVIEW,manual review: comparison/recovery row exists but decision is not apply-ready,untouched_exception_review,,manifest exception review,,Welche Form passt? office/email,,form_completed,,Ich habe das Formular vollständig ausgefüllt.,Ich habe das Formular vollständig ausgefüllt.,Watch: komplett gefüllt,,,,,unclear_v02_decision,
content/b1-m12-forms-admin-certificates.js,v080149_cat12_redemittel_cat12_r_017,cat12-r-017,cat12-r-017,EXCEPTION_REVIEW,manual review: comparison/recovery row exists but decision is not apply-ready,untouched_exception_review,,manifest exception review,,Welche Form passt? office/email,,missing_signature,,Die Unterschrift fehlt noch.,Die Unterschrift fehlt noch.,Watch: Unterschrift ist nicht,,,,,unclear_v02_decision,
content/b1-m12-forms-admin-certificates.js,v080149_cat12_redemittel_cat12_r_023,cat12-r-023,cat12-r-023,EXCEPTION_REVIEW,manual review: imported row has sourceRowId but no comparison/recovery match,untouched_exception_review,,manifest exception review,,Welche Form passt? email,,inform_change,,Ich möchte Ihnen meine neue Anschrift mitteilen.,,Watch: Adresse sagen,,,,,imported_source_without_replacement_layer_match,
content/b1-m12-forms-admin-certificates.js,v080149_cat12_redemittel_cat12_r_024,cat12-r-024,cat12-r-024,EXCEPTION_REVIEW,manual review: comparison/recovery row exists but decision is not apply-ready,untouched_exception_review,,manifest exception review,,Welche Form passt? email,,ask_correction,,In meinem Formular ist ein Fehler.,In meinem Formular ist ein Fehler.,Watch: Mein Formular hat ein Fehler,,,,,unclear_v02_decision,
content/b1-m12-forms-admin-certificates.js,v080149_cat12_redemittel_cat12_r_029,cat12-r-029,cat12-r-029,EXCEPTION_REVIEW,manual review: comparison/recovery row exists but decision is not apply-ready,untouched_exception_review,,manifest exception review,,Welche Form passt? office,,personal_submission,,Kann ich die Unterlagen persönlich abgeben?,Kann ich die Unterlagen persönlich abgeben?,Watch: persönlich geben,,,,,unclear_v02_decision,
content/b1-m12-forms-admin-certificates.js,v080149_cat12_redemittel_cat12_r_030,cat12-r-030,cat12-r-030,EXCEPTION_REVIEW,manual review: comparison/recovery row exists but decision is not apply-ready,untouched_exception_review,,manifest exception review,,Welche Form passt? email/office,,post_submission,,Kann ich die Unterlagen auch per Post schicken?,Kann ich die Unterlagen auch per Post schicken?,Watch: mit Post schicken,,,,,unclear_v02_decision,
content/b1-m12-forms-admin-certificates.js,v080149_cat12_redemittel_cat12_r_033,cat12-r-033,cat12-r-033,EXCEPTION_REVIEW,manual review: imported row has sourceRowId but no comparison/recovery match,untouched_exception_review,,manifest exception review,,Welche Form passt? office,,ask_processing_time,,Wie lange dauert die Bearbeitung?,,Watch: Bearbeitung nimmt,,,,,imported_source_without_replacement_layer_match,
content/b1-m12-forms-admin-certificates.js,v080149_cat12_redemittel_cat12_r_037,cat12-r-037,cat12-r-037,EXCEPTION_REVIEW,manual review: imported row has sourceRowId but no comparison/recovery match,untouched_exception_review,,manifest exception review,,Welche Form passt? email,,thanks_reply,,Vielen Dank für Ihre Rückmeldung.,,Watch: Danke für Rückmeldung,,,,,imported_source_without_replacement_layer_match,
content/b1-m12-forms-admin-certificates.js,v080149_cat12_redemittel_cat12_r_040,cat12-r-040,cat12-r-040,EXCEPTION_REVIEW,manual review: imported row has sourceRowId but no comparison/recovery match,untouched_exception_review,,manifest exception review,,Welche Form passt? email,,name_person,,"Sehr geehrte Frau Schneider,",,Watch: Hallo Frau Schneider,,,,,imported_source_without_replacement_layer_match,
content/b1-m12-forms-admin-certificates.js,v080149_cat12_redemittel_cat12_r_041,cat12-r-041,cat12-r-041,EXCEPTION_REVIEW,manual review: imported row has sourceRowId but no comparison/recovery match,untouched_exception_review,,manifest exception review,,Welche Form passt? email/form,,explain_reason,,Der Grund ist ___.,,Watch: Grund ist wegen,,,,,imported_source_without_replacement_layer_match,
content/b1-m12-forms-admin-certificates.js,v080149_cat12_redemittel_cat12_r_045,cat12-r-045,cat12-r-045,EXCEPTION_REVIEW,manual review: imported row has sourceRowId but no comparison/recovery match,untouched_exception_review,,manifest exception review,,Welche Form passt? office,,request_help,,Könnten Sie mir bitte helfen?,,Watch: Helfen Sie mir!,,,,,imported_source_without_replacement_layer_match,
content/b1-m12-forms-admin-certificates.js,v080149_cat12_redemittel_cat12_r_047,cat12-r-047,cat12-r-047,EXCEPTION_REVIEW,manual review: imported row has sourceRowId but no comparison/recovery match,untouched_exception_review,,manifest exception review,,Welche Form passt? office,,ask_field,,Was soll ich in dieses Feld eintragen?,,Watch: im Feld schreiben,,,,,imported_source_without_replacement_layer_match,
content/b1-m12-forms-admin-certificates.js,v080149_cat12_redemittel_cat12_r_049,cat12-r-049,cat12-r-049,EXCEPTION_REVIEW,manual review: imported row has sourceRowId but no comparison/recovery match,untouched_exception_review,,manifest exception review,,Welche Form passt? form,,read_note,,Bitte beachten Sie den Hinweis.,,Watch: Hinweis sehen,,,,,imported_source_without_replacement_layer_match,
content/b1-m12-forms-admin-certificates.js,v080149_cat12_redemittel_cat12_r_052,cat12-r-052,cat12-r-052,EXCEPTION_REVIEW,manual review: imported row has sourceRowId but no comparison/recovery match,untouched_exception_review,,manifest exception review,,Welche Form passt? office,,ask_responsible,,Welche Stelle ist dafür zuständig?,,Watch: welche Stelle ist zuständig dafür?,,,,,imported_source_without_replacement_layer_match,
content/b1-m12-forms-admin-certificates.js,v080149_cat12_redemittel_cat12_r_053,cat12-r-053,cat12-r-053,EXCEPTION_REVIEW,manual review: imported row has sourceRowId but no comparison/recovery match,untouched_exception_review,,manifest exception review,,Welche Form passt? office,,wrong_office,,Dafür bin ich leider nicht zuständig.,,Watch: nicht gültig,,,,,imported_source_without_replacement_layer_match,
content/b1-m12-forms-admin-certificates.js,v080149_cat12_redemittel_cat12_r_054,cat12-r-054,cat12-r-054,EXCEPTION_REVIEW,manual review: imported row has sourceRowId but no comparison/recovery match,untouched_exception_review,,manifest exception review,,Welche Form passt? office,,forward_request,,Ich leite Ihre Anfrage weiter.,,Watch: weiterleite Ihre Anfrage,,,,,imported_source_without_replacement_layer_match,
content/b1-m12-forms-admin-certificates.js,v080149_cat12_redemittel_cat12_r_056,cat12-r-056,cat12-r-056,EXCEPTION_REVIEW,manual review: comparison/recovery row exists but decision is not apply-ready,untouched_exception_review,,manifest exception review,,Welche Form passt? office,,make_copy,,Bitte bringen Sie eine Kopie mit.,Bitte bringen Sie eine Kopie mit.,Watch: Kopie bringen,,,,,unclear_v02_decision,
content/b1-m12-forms-admin-certificates.js,v080149_cat12_redemittel_cat12_r_057,cat12-r-057,cat12-r-057,EXCEPTION_REVIEW,manual review: comparison/recovery row exists but decision is not apply-ready,untouched_exception_review,,manifest exception review,,Welche Form passt? office,,bring_original,,Bitte bringen Sie das Original mit.,Bitte bringen Sie das Original mit.,Watch: Original bringen,,,,,unclear_v02_decision,
content/b1-m12-forms-admin-certificates.js,v080149_cat12_redemittel_cat12_r_058,cat12-r-058,cat12-r-058,EXCEPTION_REVIEW,manual review: comparison/recovery row exists but decision is not apply-ready,untouched_exception_review,,manifest exception review,,Welche Form passt? office,,copy_original,,Wir brauchen eine Kopie und das Original.,Wir brauchen eine Kopie und das Original.,Watch: article confusion,,,,,unclear_v02_decision,
content/b1-m12-forms-admin-certificates.js,v080149_cat12_redemittel_cat12_r_059,cat12-r-059,cat12-r-059,EXCEPTION_REVIEW,manual review: comparison/recovery row exists but decision is not apply-ready,untouched_exception_review,,manifest exception review,,Welche Form passt? office/email,,confirm_complete,,Die Unterlagen sind vollständig.,Die Unterlagen sind vollständig.,Watch: vollständig haben,,,,,unclear_v02_decision,
content/b1-m12-forms-admin-certificates.js,v080149_cat12_redemittel_cat12_r_060,cat12-r-060,cat12-r-060,EXCEPTION_REVIEW,manual review: comparison/recovery row exists but decision is not apply-ready,untouched_exception_review,,manifest exception review,,Welche Form passt? office/email,,not_complete,,Die Unterlagen sind leider unvollständig.,Die Unterlagen sind leider unvollständig.,Watch: unvollständig haben,,,,,unclear_v02_decision,
content/b1-m12-forms-admin-certificates.js,v080149_cat12_redemittel_cat12_r_063,cat12-r-063,cat12-r-063,EXCEPTION_REVIEW,manual review: imported row has sourceRowId but no comparison/recovery match,untouched_exception_review,,manifest exception review,,Welche Form passt? form,,date_form,,Bitte tragen Sie das Datum ein.,,Watch: Datum schreiben,,,,,imported_source_without_replacement_layer_match,
content/b1-m12-forms-admin-certificates.js,v080149_cat12_redemittel_cat12_r_065,cat12-r-065,cat12-r-065,EXCEPTION_REVIEW,manual review: imported row has sourceRowId but no comparison/recovery match,untouched_exception_review,,manifest exception review,,Welche Form passt? office,,ask_date_format,,In welchem Format soll ich das Datum schreiben?,,Watch: Wie muss ich Datum?,,,,,imported_source_without_replacement_layer_match,
content/b1-m12-forms-admin-certificates.js,v080149_cat12_wortschatz_cat12_w_068,cat12-w-068,cat12-w-068,EXCEPTION_REVIEW,manual review: imported row has sourceRowId but no comparison/recovery match,untouched_exception_review,,manifest exception review,,Welches Wort passt? attach,,actions,,anhängen,,CAT12 survival/admin term: attach.,,,,,imported_source_without_replacement_layer_match,
content/b1-m12-forms-admin-certificates.js,v080149_cat12_wortschatz_cat12_w_069,cat12-w-069,cat12-w-069,EXCEPTION_REVIEW,manual review: comparison/recovery row exists but decision is not apply-ready,untouched_exception_review,,manifest exception review,,Welches Wort passt? upload,,actions,,hochladen,hochladen,CAT12 survival/admin term: upload.,,,,,unclear_v02_decision,
content/b1-m12-forms-admin-certificates.js,v080149_cat12_wortschatz_cat12_w_070,cat12-w-070,cat12-w-070,EXCEPTION_REVIEW,manual review: imported row has sourceRowId but no comparison/recovery match,untouched_exception_review,,manifest exception review,,Welches Wort passt? download,,actions,,herunterladen,,CAT12 survival/admin term: download.,,,,,imported_source_without_replacement_layer_match,
content/b1-m12-forms-admin-certificates.js,v080149_cat12_wortschatz_cat12_w_073,cat12-w-073,cat12-w-073,EXCEPTION_REVIEW,manual review: imported row has sourceRowId but no comparison/recovery match,untouched_exception_review,,manifest exception review,,Welches Wort passt? state/provide,,actions,,angeben,,CAT12 survival/admin term: state/provide.,,,,,imported_source_without_replacement_layer_match,
content/b1-m12-forms-admin-certificates.js,v080149_cat12_wortschatz_cat12_w_077,cat12-w-077,cat12-w-077,EXCEPTION_REVIEW,manual review: imported row has sourceRowId but no comparison/recovery match,untouched_exception_review,,manifest exception review,,Welches Wort passt? print out,,actions,,ausdrucken,,CAT12 survival/admin term: print out.,,,,,imported_source_without_replacement_layer_match,
content/b1-m12-forms-admin-certificates.js,v080149_cat12_wortschatz_cat12_w_090,cat12-w-090,cat12-w-090,EXCEPTION_REVIEW,manual review: imported row has sourceRowId but no comparison/recovery match,untouched_exception_review,,manifest exception review,,Welches Wort passt? mark/select,,actions,,markieren,,CAT12 survival/admin term: mark/select.,,,,,imported_source_without_replacement_layer_match,
content/b1-m12-forms-admin-certificates.js,v080149_cat12_wortschatz_cat12_w_091,cat12-w-091,cat12-w-091,EXCEPTION_REVIEW,manual review: imported row has sourceRowId but no comparison/recovery match,untouched_exception_review,,manifest exception review,,Welches Wort passt? select,,actions,,auswählen,,CAT12 survival/admin term: select.,,,,,imported_source_without_replacement_layer_match,
content/b1-m12-forms-admin-certificates.js,v080149_cat12_wortschatz_cat12_w_093,cat12-w-093,cat12-w-093,EXCEPTION_REVIEW,manual review: imported row has sourceRowId but no comparison/recovery match,untouched_exception_review,,manifest exception review,,Welches Wort passt? inform/notify,,actions,,mitteilen,,CAT12 survival/admin term: inform/notify.,,,,,imported_source_without_replacement_layer_match,
content/b1-m12-forms-admin-certificates.js,v080149_cat12_wortschatz_cat12_w_095,cat12-w-095,cat12-w-095,EXCEPTION_REVIEW,manual review: imported row has sourceRowId but no comparison/recovery match,untouched_exception_review,,manifest exception review,,Welches Wort passt? contact/turn to,,actions,,sich wenden an,,CAT12 survival/admin term: contact/turn to.,,,,,imported_source_without_replacement_layer_match,
content/b1-m12-forms-admin-certificates.js,v080149_cat12_wortschatz_cat12_w_097,cat12-w-097,cat12-w-097,EXCEPTION_REVIEW,manual review: comparison/recovery row exists but decision is not apply-ready,untouched_exception_review,,manifest exception review,,Welches Wort passt? complete,,status_words,,vollständig,vollständig,CAT12 survival/admin term: complete.,,,,,unclear_v02_decision,
content/b1-m12-forms-admin-certificates.js,v080149_cat12_wortschatz_cat12_w_098,cat12-w-098,cat12-w-098,EXCEPTION_REVIEW,manual review: comparison/recovery row exists but decision is not apply-ready,untouched_exception_review,,manifest exception review,,Welches Wort passt? incomplete,,status_words,,unvollständig,unvollständig,CAT12 survival/admin term: incomplete.,,,,,unclear_v02_decision,
content/b1-m12-forms-admin-certificates.js,v080149_cat12_wortschatz_cat12_w_108,cat12-w-108,cat12-w-108,EXCEPTION_REVIEW,manual review: imported row has sourceRowId but no comparison/recovery match,untouched_exception_review,,manifest exception review,,Welches Wort passt? in writing,,channels,,schriftlich,,CAT12 survival/admin term: in writing.,,,,,imported_source_without_replacement_layer_match,
content/b1-m12-forms-admin-certificates.js,v080149_cat12_wortschatz_cat12_w_110,cat12-w-110,cat12-w-110,EXCEPTION_REVIEW,manual review: imported row has sourceRowId but no comparison/recovery match,untouched_exception_review,,manifest exception review,,Welches Wort passt? in person/personally,,channels,,persönlich,,CAT12 survival/admin term: in person/personally.,,,,,imported_source_without_replacement_layer_match,
content/b1-m13-learning-exam-language.js,v080149_cat13_practice_family_cat13_pf_097,cat13-pf-097,cat13-pf-097,EXCEPTION_REVIEW,manual review: imported row has sourceRowId but no comparison/recovery match,untouched_exception_review,,manifest exception review,,Which term means listening comprehension?,,A das Hörverstehen / B der Hörtext / C das Leseverstehen,,das Hörverstehen,,`Hörverstehen` is the listening-comprehension skill.,,,,,imported_source_without_replacement_layer_match,
content/b1-m13-learning-exam-language.js,v080149_cat13_practice_family_cat13_pf_098,cat13-pf-098,cat13-pf-098,EXCEPTION_REVIEW,manual review: imported row has sourceRowId but no comparison/recovery match,untouched_exception_review,,manifest exception review,,Which term means reading comprehension?,,A das Leseverstehen / B der Lesetext / C das Schreiben,,das Leseverstehen,,`Leseverstehen` is the reading-comprehension skill.,,,,,imported_source_without_replacement_layer_match,
content/b1-m13-learning-exam-language.js,v080149_cat13_practice_family_cat13_pf_099,cat13-pf-099,cat13-pf-099,EXCEPTION_REVIEW,manual review: imported row has sourceRowId but no comparison/recovery match,untouched_exception_review,,manifest exception review,,Which book is the main coursebook?,,A das Kursbuch / B das Arbeitsbuch / C der Antwortbogen,,das Kursbuch,,`Kursbuch` is the main coursebook.,,,,,imported_source_without_replacement_layer_match,
content/b1-m13-learning-exam-language.js,v080149_cat13_practice_family_cat13_pf_101,cat13-pf-101,cat13-pf-101,EXCEPTION_REVIEW,manual review: imported row has sourceRowId but no comparison/recovery match,untouched_exception_review,,manifest exception review,,Which word means study group?,,A die Lerngruppe / B die Gruppenarbeit / C die Prüfung,,die Lerngruppe,,A `Lerngruppe` is a group for learning/practice.,,,,,imported_source_without_replacement_layer_match,
content/b1-m13-learning-exam-language.js,v080149_cat13_practice_family_cat13_pf_102,cat13-pf-102,cat13-pf-102,EXCEPTION_REVIEW,manual review: imported row has sourceRowId but no comparison/recovery match,untouched_exception_review,,manifest exception review,,Which word means flashcard/index card?,,A die Karteikarte / B die Tabelle / C die Anweisung,,die Karteikarte,,A `Karteikarte` is used for practising words.,,,,,imported_source_without_replacement_layer_match,
content/b1-m13-learning-exam-language.js,v080149_cat13_redemittel_cat13_r_001,cat13-r-001,cat13-r-001,EXCEPTION_REVIEW,manual review: comparison/recovery row exists but decision is not apply-ready,untouched_exception_review,,manifest exception review,,Welche Form passt? classroom,,Ask for clarification,,Ich verstehe die Aufgabe leider nicht.,Ich verstehe die Aufgabe leider nicht.,Watch: wrong word order; missing article,,,,,unclear_v02_decision,
content/b1-m13-learning-exam-language.js,v080149_cat13_redemittel_cat13_r_002,cat13-r-002,cat13-r-002,EXCEPTION_REVIEW,manual review: comparison/recovery row exists but decision is not apply-ready,untouched_exception_review,,manifest exception review,,Welche Form passt? classroom,,Ask for clarification,,Könnten Sie die Aufgabe bitte erklären?,Könnten Sie die Aufgabe bitte erklären?,Watch: missing article; too direct,,,,,unclear_v02_decision,
content/b1-m13-learning-exam-language.js,v080149_cat13_redemittel_cat13_r_003,cat13-r-003,cat13-r-003,EXCEPTION_REVIEW,manual review: comparison/recovery row exists but decision is not apply-ready,untouched_exception_review,,manifest exception review,,Welche Form passt? classroom,,Ask for repetition,,Könnten Sie das bitte wiederholen?,Könnten Sie das bitte wiederholen?,Watch: wrong word order,,,,,unclear_v02_decision,
content/b1-m13-learning-exam-language.js,v080149_cat13_redemittel_cat13_r_004,cat13-r-004,cat13-r-004,EXCEPTION_REVIEW,manual review: comparison/recovery row exists but decision is not apply-ready,untouched_exception_review,,manifest exception review,,Welche Form passt? classroom,,Ask for repetition,,Können Sie das bitte noch einmal sagen?,Können Sie das bitte noch einmal sagen?,Watch: too direct/spelling,,,,,unclear_v02_decision,
content/b1-m13-learning-exam-language.js,v080149_cat13_redemittel_cat13_r_005,cat13-r-005,cat13-r-005,EXCEPTION_REVIEW,manual review: comparison/recovery row exists but decision is not apply-ready,untouched_exception_review,,manifest exception review,,Welche Form passt? classroom,,Ask for example,,Könnten Sie bitte ein Beispiel geben?,Könnten Sie bitte ein Beispiel geben?,Watch: less natural collocation,,,,,unclear_v02_decision,
content/b1-m13-learning-exam-language.js,v080149_cat13_redemittel_cat13_r_006,cat13-r-006,cat13-r-006,EXCEPTION_REVIEW,manual review: comparison/recovery row exists but decision is not apply-ready,untouched_exception_review,,manifest exception review,,Welche Form passt? classroom,,Ask meaning,,Was bedeutet dieses Wort?,Was bedeutet dieses Wort?,Watch: also valid; contrast carefully,,,,,unclear_v02_decision,
content/b1-m13-learning-exam-language.js,v080149_cat13_redemittel_cat13_r_007,cat13-r-007,cat13-r-007,EXCEPTION_REVIEW,manual review: comparison/recovery row exists but decision is not apply-ready,untouched_exception_review,,manifest exception review,,Welche Form passt? classroom,,Ask meaning,,Was heißt das auf Englisch?,Was heißt das auf Englisch?,Watch: less natural preposition,,,,,unclear_v02_decision,
content/b1-m13-learning-exam-language.js,v080149_cat13_redemittel_cat13_r_008,cat13-r-008,cat13-r-008,EXCEPTION_REVIEW,manual review: comparison/recovery row exists but decision is not apply-ready,untouched_exception_review,,manifest exception review,,Welche Form passt? classroom,,Ask spelling,,Wie schreibt man das?,Wie schreibt man das?,Watch: wrong word order,,,,,unclear_v02_decision,
content/b1-m13-learning-exam-language.js,v080149_cat13_redemittel_cat13_r_009,cat13-r-009,cat13-r-009,EXCEPTION_REVIEW,manual review: comparison/recovery row exists but decision is not apply-ready,untouched_exception_review,,manifest exception review,,Welche Form passt? classroom,,Ask pronunciation,,Wie spricht man das aus?,Wie spricht man das aus?,Watch: unnatural phrase,,,,,unclear_v02_decision,
content/b1-m13-learning-exam-language.js,v080149_cat13_redemittel_cat13_r_013,cat13-r-013,cat13-r-013,EXCEPTION_REVIEW,manual review: comparison/recovery row exists but decision is not apply-ready,untouched_exception_review,,manifest exception review,,Welche Form passt? classroom,,Ask checking,,Können Sie meine Antwort bitte kontrollieren?,Können Sie meine Antwort bitte kontrollieren?,Watch: word order,,,,,unclear_v02_decision,
content/b1-m13-learning-exam-language.js,v080149_cat13_redemittel_cat13_r_014,cat13-r-014,cat13-r-014,EXCEPTION_REVIEW,manual review: comparison/recovery row exists but decision is not apply-ready,untouched_exception_review,,manifest exception review,,Welche Form passt? classroom,,Ask feedback,,Könnten Sie mir bitte Rückmeldung geben?,Könnten Sie mir bitte Rückmeldung geben?,Watch: wrong collocation,,,,,unclear_v02_decision,
content/b1-m13-learning-exam-language.js,v080149_cat13_redemittel_cat13_r_015,cat13-r-015,cat13-r-015,EXCEPTION_REVIEW,manual review: comparison/recovery row exists but decision is not apply-ready,untouched_exception_review,,manifest exception review,,Welche Form passt? classroom,,Ask correction,,Könnten Sie den Satz bitte korrigieren?,Könnten Sie den Satz bitte korrigieren?,Watch: valid sometimes; contrast needed,,,,,unclear_v02_decision,
content/b1-m13-learning-exam-language.js,v080149_cat13_redemittel_cat13_r_016,cat13-r-016,cat13-r-016,EXCEPTION_REVIEW,manual review: comparison/recovery row exists but decision is not apply-ready,untouched_exception_review,,manifest exception review,,Welche Form passt? learning plan,,Ask improvement,,Ich möchte meine Aussprache verbessern.,Ich möchte meine Aussprache verbessern.,Watch: wrong collocation,,,,,unclear_v02_decision,
content/b1-m13-learning-exam-language.js,v080149_cat13_redemittel_cat13_r_019,cat13-r-019,cat13-r-019,EXCEPTION_REVIEW,manual review: comparison/recovery row exists but decision is not apply-ready,untouched_exception_review,,manifest exception review,,Welche Form passt? learning plan,,Learning strategy,,Ich teile mir die Zeit besser ein.,Ich teile mir die Zeit besser ein.,Watch: missing reflexive/dative,,,,,unclear_v02_decision,
content/b1-m13-learning-exam-language.js,v080149_cat13_redemittel_cat13_r_021,cat13-r-021,cat13-r-021,EXCEPTION_REVIEW,manual review: comparison/recovery row exists but decision is not apply-ready,untouched_exception_review,,manifest exception review,,Welche Form passt? learning plan,,Learning strategy,,Ich lerne neue Wörter mit Karteikarten.,Ich lerne neue Wörter mit Karteikarten.,Watch: unnatural order,,,,,unclear_v02_decision,
content/b1-m13-learning-exam-language.js,v080149_cat13_redemittel_cat13_r_023,cat13-r-023,cat13-r-023,EXCEPTION_REVIEW,manual review: comparison/recovery row exists but decision is not apply-ready,untouched_exception_review,,manifest exception review,,Welche Form passt? learning plan,,Learning strategy,,Ich übe das Sprechen mit einem Partner.,Ich übe das Sprechen mit einem Partner.,Watch: false friend,,,,,unclear_v02_decision,
content/b1-m13-learning-exam-language.js,v080149_cat13_redemittel_cat13_r_024,cat13-r-024,cat13-r-024,EXCEPTION_REVIEW,manual review: comparison/recovery row exists but decision is not apply-ready,untouched_exception_review,,manifest exception review,,Welche Form passt? learning plan,,Learning strategy,,Ich wiederhole die Vokabeln vor der Prüfung.,Ich wiederhole die Vokabeln vor der Prüfung.,Watch: translationese,,,,,unclear_v02_decision,
content/b1-m13-learning-exam-language.js,v080149_cat13_redemittel_cat13_r_025,cat13-r-025,cat13-r-025,EXCEPTION_REVIEW,manual review: comparison/recovery row exists but decision is not apply-ready,untouched_exception_review,,manifest exception review,,Welche Form passt? exam prep,,Exam preparation,,Ich bereite mich auf die Prüfung vor.,Ich bereite mich auf die Prüfung vor.,Watch: separable verb error,,,,,unclear_v02_decision,
content/b1-m13-learning-exam-language.js,v080149_cat13_redemittel_cat13_r_026,cat13-r-026,cat13-r-026,EXCEPTION_REVIEW,manual review: comparison/recovery row exists but decision is not apply-ready,untouched_exception_review,,manifest exception review,,Welche Form passt? exam prep,,Exam preparation,,Ich bin noch nicht gut vorbereitet.,Ich bin noch nicht gut vorbereitet.,Watch: wrong auxiliary/state,,,,,unclear_v02_decision,
content/b1-m13-learning-exam-language.js,v080149_cat13_redemittel_cat13_r_028,cat13-r-028,cat13-r-028,EXCEPTION_REVIEW,manual review: comparison/recovery row exists but decision is not apply-ready,untouched_exception_review,,manifest exception review,,Welche Form passt? exam prep,,Exam preparation,,Ich brauche mehr Übung im Schreiben.,Ich brauche mehr Übung im Schreiben.,Watch: unnatural collocation,,,,,unclear_v02_decision,
content/b1-m13-learning-exam-language.js,v080149_cat13_redemittel_cat13_r_031,cat13-r-031,cat13-r-031,EXCEPTION_REVIEW,manual review: imported row has sourceRowId but no comparison/recovery match,untouched_exception_review,,manifest exception review,,Welche Form passt? exam day,,Exam day,,Wo ist der Prüfungsraum?,,Watch: wrong article,,,,,imported_source_without_replacement_layer_match,
content/b1-m13-learning-exam-language.js,v080149_cat13_redemittel_cat13_r_034,cat13-r-034,cat13-r-034,EXCEPTION_REVIEW,manual review: imported row has sourceRowId but no comparison/recovery match,untouched_exception_review,,manifest exception review,,Welche Form passt? exam day,,Exam day,,Ich habe den Antwortbogen abgegeben.,,Watch: word order,,,,,imported_source_without_replacement_layer_match,
content/b1-m13-learning-exam-language.js,v080149_cat13_redemittel_cat13_r_039,cat13-r-039,cat13-r-039,EXCEPTION_REVIEW,manual review: imported row has sourceRowId but no comparison/recovery match,untouched_exception_review,,manifest exception review,,Welche Form passt? exam result,,Exam result,,"Ich möchte wissen, wie ich mich verbessern kann.",,Watch: embedded question word order,,,,,imported_source_without_replacement_layer_match,
content/b1-m13-learning-exam-language.js,v080149_cat13_redemittel_cat13_r_040,cat13-r-040,cat13-r-040,EXCEPTION_REVIEW,manual review: comparison/recovery row exists but decision is not apply-ready,untouched_exception_review,,manifest exception review,,Welche Form passt? task,,Task instruction,,Bitte lesen Sie zuerst die Aufgabenstellung.,Bitte lesen Sie zuerst die Aufgabenstellung.,Watch: missing article,,,,,unclear_v02_decision,
content/b1-m13-learning-exam-language.js,v080149_cat13_redemittel_cat13_r_051,cat13-r-051,cat13-r-051,EXCEPTION_REVIEW,manual review: imported row has sourceRowId but no comparison/recovery match,untouched_exception_review,,manifest exception review,,Welche Form passt? learning reflection,,Self-assessment,,Ich mache oft Fehler bei der Wortstellung.,,Watch: preposition/article error,,,,,imported_source_without_replacement_layer_match,
content/b1-m13-learning-exam-language.js,v080149_cat13_redemittel_cat13_r_054,cat13-r-054,cat13-r-054,EXCEPTION_REVIEW,manual review: imported row has sourceRowId but no comparison/recovery match,untouched_exception_review,,manifest exception review,,Welche Form passt? learning reflection,,Self-assessment,,Ich war mir bei der Antwort nicht sicher.,,Watch: case/order issue,,,,,imported_source_without_replacement_layer_match,
content/b1-m13-learning-exam-language.js,v080149_cat13_redemittel_cat13_r_055,cat13-r-055,cat13-r-055,EXCEPTION_REVIEW,manual review: imported row has sourceRowId but no comparison/recovery match,untouched_exception_review,,manifest exception review,,Welche Form passt? feedback,,Teacher feedback,,Achten Sie auf die Verbposition.,,Watch: missing preposition,,,,,imported_source_without_replacement_layer_match,
content/b1-m13-learning-exam-language.js,v080149_cat13_redemittel_cat13_r_058,cat13-r-058,cat13-r-058,EXCEPTION_REVIEW,manual review: comparison/recovery row exists but decision is not apply-ready,untouched_exception_review,,manifest exception review,,Welche Form passt? feedback,,Teacher feedback,,Bitte geben Sie ein Beispiel.,Bitte geben Sie ein Beispiel.,Watch: missing article,,,,,unclear_v02_decision,
content/b1-m13-learning-exam-language.js,v080149_cat13_wortschatz_cat13_w_067,cat13-w-067,cat13-w-067,EXCEPTION_REVIEW,manual review: comparison/recovery row exists but decision is not apply-ready,untouched_exception_review,,manifest exception review,,Welches Wort passt? oral exam,,Exam skills,,mündliche Prüfung,mündliche Prüfung,Speaking/oral exam.,,,,,unclear_v02_decision,
content/b1-m13-learning-exam-language.js,v080149_cat13_wortschatz_cat13_w_068,cat13-w-068,cat13-w-068,EXCEPTION_REVIEW,manual review: comparison/recovery row exists but decision is not apply-ready,untouched_exception_review,,manifest exception review,,Welches Wort passt? written exam,,Exam skills,,schriftliche Prüfung,schriftliche Prüfung,Written part/exam.,,,,,unclear_v02_decision,
content/b1-m13-learning-exam-language.js,v080149_cat13_wortschatz_cat13_w_119,cat13-w-119,cat13-w-119,EXCEPTION_REVIEW,manual review: comparison/recovery row exists but decision is not apply-ready,untouched_exception_review,,manifest exception review,,Welches Wort passt? explain,,Classroom verbs,,erklären,erklären,Explain a task/rule/word.,,,,,unclear_v02_decision,
content/b1-m13-learning-exam-language.js,v080149_cat13_wortschatz_cat13_w_120,cat13-w-120,cat13-w-120,EXCEPTION_REVIEW,manual review: comparison/recovery row exists but decision is not apply-ready,untouched_exception_review,,manifest exception review,,Welches Wort passt? repeat/revise,,Classroom verbs,,wiederholen,wiederholen,Repeat an utterance or revise material.,,,,,unclear_v02_decision,
content/b1-m13-learning-exam-language.js,v080149_cat13_wortschatz_cat13_w_121,cat13-w-121,cat13-w-121,EXCEPTION_REVIEW,manual review: imported row has sourceRowId but no comparison/recovery match,untouched_exception_review,,manifest exception review,,Welches Wort passt? improve/correct,,Classroom verbs,,verbessern,,Improve language or correct errors.,,,,,imported_source_without_replacement_layer_match,
content/b1-m13-learning-exam-language.js,v080149_cat13_wortschatz_cat13_w_122,cat13-w-122,cat13-w-122,EXCEPTION_REVIEW,manual review: imported row has sourceRowId but no comparison/recovery match,untouched_exception_review,,manifest exception review,,Welches Wort passt? correct,,Classroom verbs,,korrigieren,,Correct a mistake/text.,,,,,imported_source_without_replacement_layer_match,
content/b1-m13-learning-exam-language.js,v080149_cat13_wortschatz_cat13_w_123,cat13-w-123,cat13-w-123,EXCEPTION_REVIEW,manual review: imported row has sourceRowId but no comparison/recovery match,untouched_exception_review,,manifest exception review,,Welches Wort passt? check,,Classroom verbs,,kontrollieren,,Check an answer/task.,,,,,imported_source_without_replacement_layer_match,
content/b1-m13-learning-exam-language.js,v080149_cat13_wortschatz_cat13_w_124,cat13-w-124,cat13-w-124,EXCEPTION_REVIEW,manual review: imported row has sourceRowId but no comparison/recovery match,untouched_exception_review,,manifest exception review,,Welches Wort passt? check/examine,,Classroom verbs,,prüfen,,Check something or test someone.,,,,,imported_source_without_replacement_layer_match,
content/b1-m13-learning-exam-language.js,v080149_cat13_wortschatz_cat13_w_125,cat13-w-125,cat13-w-125,EXCEPTION_REVIEW,manual review: comparison/recovery row exists but decision is not apply-ready,untouched_exception_review,,manifest exception review,,Welches Wort passt? practise,,Classroom verbs,,üben,üben,Practise a skill or task.,,,,,unclear_v02_decision,
content/b1-m13-learning-exam-language.js,v080149_cat13_wortschatz_cat13_w_126,cat13-w-126,cat13-w-126,EXCEPTION_REVIEW,manual review: comparison/recovery row exists but decision is not apply-ready,untouched_exception_review,,manifest exception review,,Welches Wort passt? learn/study,,Classroom verbs,,lernen,lernen,Learn/study something.,,,,,unclear_v02_decision,
content/b1-m13-learning-exam-language.js,v080149_cat13_wortschatz_cat13_w_127,cat13-w-127,cat13-w-127,EXCEPTION_REVIEW,manual review: imported row has sourceRowId but no comparison/recovery match,untouched_exception_review,,manifest exception review,,Welches Wort passt? remember/memorise,,Classroom verbs,,sich merken,,Commit something to memory.,,,,,imported_source_without_replacement_layer_match,
content/b1-m13-learning-exam-language.js,v080149_cat13_wortschatz_cat13_w_128,cat13-w-128,cat13-w-128,EXCEPTION_REVIEW,manual review: comparison/recovery row exists but decision is not apply-ready,untouched_exception_review,,manifest exception review,,Welches Wort passt? concentrate/focus,,Classroom verbs,,sich konzentrieren,sich konzentrieren,Focus on a task.,,,,,unclear_v02_decision,
content/b1-m13-learning-exam-language.js,v080149_cat13_wortschatz_cat13_w_129,cat13-w-129,cat13-w-129,EXCEPTION_REVIEW,manual review: imported row has sourceRowId but no comparison/recovery match,untouched_exception_review,,manifest exception review,,Welches Wort passt? pay attention to,,Classroom verbs,,achten auf,,Pay attention to something.,,,,,imported_source_without_replacement_layer_match,
content/b1-m13-learning-exam-language.js,v080149_cat13_wortschatz_cat13_w_130,cat13-w-130,cat13-w-130,EXCEPTION_REVIEW,manual review: comparison/recovery row exists but decision is not apply-ready,untouched_exception_review,,manifest exception review,,Welches Wort passt? listen,,Classroom verbs,,zuhören,zuhören,Listen to a person/audio.,,,,,unclear_v02_decision,
content/b1-m13-learning-exam-language.js,v080149_cat13_wortschatz_cat13_w_131,cat13-w-131,cat13-w-131,EXCEPTION_REVIEW,manual review: comparison/recovery row exists but decision is not apply-ready,untouched_exception_review,,manifest exception review,,Welches Wort passt? ask/check again,,Classroom verbs,,nachfragen,nachfragen,Ask for clarification.,,,,,unclear_v02_decision,
content/b1-m13-learning-exam-language.js,v080149_cat13_wortschatz_cat13_w_132,cat13-w-132,cat13-w-132,EXCEPTION_REVIEW,manual review: comparison/recovery row exists but decision is not apply-ready,untouched_exception_review,,manifest exception review,,Welches Wort passt? ask,,Classroom verbs,,fragen,fragen,Ask a question.,,,,,unclear_v02_decision,
content/b1-m13-learning-exam-language.js,v080149_cat13_wortschatz_cat13_w_133,cat13-w-133,cat13-w-133,EXCEPTION_REVIEW,manual review: imported row has sourceRowId but no comparison/recovery match,untouched_exception_review,,manifest exception review,,Welches Wort passt? ask/request,,Classroom verbs,,bitten um,,Request something politely.,,,,,imported_source_without_replacement_layer_match,
content/b1-m13-learning-exam-language.js,v080149_cat13_wortschatz_cat13_w_134,cat13-w-134,cat13-w-134,EXCEPTION_REVIEW,manual review: imported row has sourceRowId but no comparison/recovery match,untouched_exception_review,,manifest exception review,,Welches Wort passt? fill in,,Classroom verbs,,ausfüllen,,Fill in a form/table/blank.,,,,,imported_source_without_replacement_layer_match,
content/b1-m13-learning-exam-language.js,v080149_cat13_wortschatz_cat13_w_135,cat13-w-135,cat13-w-135,EXCEPTION_REVIEW,manual review: comparison/recovery row exists but decision is not apply-ready,untouched_exception_review,,manifest exception review,,Welches Wort passt? complete/add,,Classroom verbs,,ergänzen,ergänzen,Add missing words/parts.,,,,,unclear_v02_decision,
content/b1-m13-learning-exam-language.js,v080149_cat13_wortschatz_cat13_w_136,cat13-w-136,cat13-w-136,EXCEPTION_REVIEW,manual review: comparison/recovery row exists but decision is not apply-ready,untouched_exception_review,,manifest exception review,,Welches Wort passt? tick/select with a cross,,Classroom verbs,,ankreuzen,ankreuzen,Mark an option.,,,,,unclear_v02_decision,
content/b1-m13-learning-exam-language.js,v080149_cat13_wortschatz_cat13_w_137,cat13-w-137,cat13-w-137,EXCEPTION_REVIEW,manual review: imported row has sourceRowId but no comparison/recovery match,untouched_exception_review,,manifest exception review,,Welches Wort passt? choose/select,,Classroom verbs,,auswählen,,Choose an option.,,,,,imported_source_without_replacement_layer_match,
content/b1-m13-learning-exam-language.js,v080149_cat13_wortschatz_cat13_w_138,cat13-w-138,cat13-w-138,EXCEPTION_REVIEW,manual review: comparison/recovery row exists but decision is not apply-ready,untouched_exception_review,,manifest exception review,,Welches Wort passt? match/assign,,Classroom verbs,,zuordnen,zuordnen,Match words/sentences.,,,,,unclear_v02_decision,
content/b1-m13-learning-exam-language.js,v080149_cat13_wortschatz_cat13_w_139,cat13-w-139,cat13-w-139,EXCEPTION_REVIEW,manual review: comparison/recovery row exists but decision is not apply-ready,untouched_exception_review,,manifest exception review,,Welches Wort passt? connect/match,,Classroom verbs,,verbinden,verbinden,Connect matching parts.,,,,,unclear_v02_decision,
content/b1-m13-learning-exam-language.js,v080149_cat13_wortschatz_cat13_w_140,cat13-w-140,cat13-w-140,EXCEPTION_REVIEW,manual review: imported row has sourceRowId but no comparison/recovery match,untouched_exception_review,,manifest exception review,,Welches Wort passt? name/give,,Classroom verbs,,nennen,,Name/give examples/reasons.,,,,,imported_source_without_replacement_layer_match,
content/b1-m13-learning-exam-language.js,v080149_cat13_wortschatz_cat13_w_141,cat13-w-141,cat13-w-141,EXCEPTION_REVIEW,manual review: comparison/recovery row exists but decision is not apply-ready,untouched_exception_review,,manifest exception review,,Welches Wort passt? describe,,Classroom verbs,,beschreiben,beschreiben,Describe a person/picture/situation.,,,,,unclear_v02_decision,
content/b1-m13-learning-exam-language.js,v080149_cat13_wortschatz_cat13_w_142,cat13-w-142,cat13-w-142,EXCEPTION_REVIEW,manual review: imported row has sourceRowId but no comparison/recovery match,untouched_exception_review,,manifest exception review,,Welches Wort passt? give reasons/justify,,Classroom verbs,,begründen,,Give reasons for an opinion.,,,,,imported_source_without_replacement_layer_match,
content/b1-m13-learning-exam-language.js,v080149_cat13_wortschatz_cat13_w_143,cat13-w-143,cat13-w-143,EXCEPTION_REVIEW,manual review: imported row has sourceRowId but no comparison/recovery match,untouched_exception_review,,manifest exception review,,Welches Wort passt? compare,,Classroom verbs,,vergleichen,,Compare two things.,,,,,imported_source_without_replacement_layer_match,
content/b1-m13-learning-exam-language.js,v080149_cat13_wortschatz_cat13_w_144,cat13-w-144,cat13-w-144,EXCEPTION_REVIEW,manual review: imported row has sourceRowId but no comparison/recovery match,untouched_exception_review,,manifest exception review,,Welches Wort passt? summarise,,Classroom verbs,,zusammenfassen,,Give a short summary.,,,,,imported_source_without_replacement_layer_match,
content/b1-m13-learning-exam-language.js,v080149_cat13_wortschatz_cat13_w_145,cat13-w-145,cat13-w-145,EXCEPTION_REVIEW,manual review: comparison/recovery row exists but decision is not apply-ready,untouched_exception_review,,manifest exception review,,Welches Wort passt? read aloud,,Classroom verbs,,vorlesen,vorlesen,Read a text aloud.,,,,,unclear_v02_decision,
content/b1-m13-learning-exam-language.js,v080149_cat13_wortschatz_cat13_w_146,cat13-w-146,cat13-w-146,EXCEPTION_REVIEW,manual review: imported row has sourceRowId but no comparison/recovery match,untouched_exception_review,,manifest exception review,,Welches Wort passt? hand in/submit,,Classroom verbs,,abgeben,,Submit paper/answer sheet/homework.,,,,,imported_source_without_replacement_layer_match,
content/b1-m14-connectors-sentence-functions.js,v080149_cat14_redemittel_cat14_r_001,cat14-r-001,cat14-r-001,EXCEPTION_REVIEW,manual review: comparison/recovery row exists but decision is not apply-ready,untouched_exception_review,,manifest exception review,,Welche Form passt? absence message,,reason,,"Ich kann heute nicht kommen, weil ich krank bin.","Ich kann heute nicht kommen, weil ich krank bin.",Watch: verb-final after weil,,,,,unclear_v02_decision,
content/b1-m14-connectors-sentence-functions.js,v080149_cat14_redemittel_cat14_r_002,cat14-r-002,cat14-r-002,EXCEPTION_REVIEW,manual review: comparison/recovery row exists but decision is not apply-ready,untouched_exception_review,,manifest exception review,,Welche Form passt? absence message,,reason,,"Ich kann heute nicht kommen, denn ich bin krank.","Ich kann heute nicht kommen, denn ich bin krank.",Watch: normal V2 after denn,,,,,unclear_v02_decision,
content/b1-m14-connectors-sentence-functions.js,v080149_cat14_redemittel_cat14_r_003,cat14-r-003,cat14-r-003,EXCEPTION_REVIEW,manual review: comparison/recovery row exists but decision is not apply-ready,untouched_exception_review,,manifest exception review,,Welche Form passt? absence message,,consequence,,"Ich bin krank, deshalb kann ich heute nicht kommen.","Ich bin krank, deshalb kann ich heute nicht kommen.",Watch: V2 after deshalb,,,,,unclear_v02_decision,
content/b1-m14-connectors-sentence-functions.js,v080149_cat14_redemittel_cat14_r_004,cat14-r-004,cat14-r-004,EXCEPTION_REVIEW,manual review: comparison/recovery row exists but decision is not apply-ready,untouched_exception_review,,manifest exception review,,Welche Form passt? email follow-up,,consequence,,"Die Unterlagen fehlen, deswegen schreibe ich Ihnen.","Die Unterlagen fehlen, deswegen schreibe ich Ihnen.",Watch: V2 after deswegen,,,,,unclear_v02_decision,
content/b1-m14-connectors-sentence-functions.js,v080149_cat14_redemittel_cat14_r_006,cat14-r-006,cat14-r-006,EXCEPTION_REVIEW,manual review: comparison/recovery row exists but decision is not apply-ready,untouched_exception_review,,manifest exception review,,Welche Form passt? short explanation,,reason,,"Ich frage nach, weil ich die Nachricht nicht verstanden habe.","Ich frage nach, weil ich die Nachricht nicht verstanden habe.",Watch: verb-final after weil,,,,,unclear_v02_decision,
content/b1-m14-connectors-sentence-functions.js,v080149_cat14_redemittel_cat14_r_009,cat14-r-009,cat14-r-009,EXCEPTION_REVIEW,manual review: comparison/recovery row exists but decision is not apply-ready,untouched_exception_review,,manifest exception review,,Welche Form passt? polite disagreement,,contrast,,"Ich verstehe das, aber ich brauche noch eine Bestätigung.","Ich verstehe das, aber ich brauche noch eine Bestätigung.",Watch: normal main-clause order,,,,,unclear_v02_decision,
content/b1-m14-connectors-sentence-functions.js,v080149_cat14_redemittel_cat14_r_010,cat14-r-010,cat14-r-010,EXCEPTION_REVIEW,manual review: comparison/recovery row exists but decision is not apply-ready,untouched_exception_review,,manifest exception review,,Welche Form passt? polite correction,,correction contrast,,"Ich brauche keine Kopie, sondern das Original.","Ich brauche keine Kopie, sondern das Original.",Watch: sondern corrects a negative first part,,,,,unclear_v02_decision,
content/b1-m14-connectors-sentence-functions.js,v080149_cat14_redemittel_cat14_r_011,cat14-r-011,cat14-r-011,EXCEPTION_REVIEW,manual review: comparison/recovery row exists but decision is not apply-ready,untouched_exception_review,,manifest exception review,,Welche Form passt? availability,,concession,,"Obwohl ich wenig Zeit habe, rufe ich kurz an.","Obwohl ich wenig Zeit habe, rufe ich kurz an.",Watch: verb-final after obwohl,,,,,unclear_v02_decision,
content/b1-m14-connectors-sentence-functions.js,v080149_cat14_redemittel_cat14_r_012,cat14-r-012,cat14-r-012,EXCEPTION_REVIEW,manual review: comparison/recovery row exists but decision is not apply-ready,untouched_exception_review,,manifest exception review,,Welche Form passt? availability,,concession,,"Ich habe wenig Zeit, trotzdem rufe ich kurz an.","Ich habe wenig Zeit, trotzdem rufe ich kurz an.",Watch: V2 after trotzdem,,,,,unclear_v02_decision,
content/b1-m14-connectors-sentence-functions.js,v080149_cat14_redemittel_cat14_r_013,cat14-r-013,cat14-r-013,EXCEPTION_REVIEW,manual review: comparison/recovery row exists but decision is not apply-ready,untouched_exception_review,,manifest exception review,,Welche Form passt? callback request,,condition,,"Wenn Sie Zeit haben, rufen Sie mich bitte zurück.","Wenn Sie Zeit haben, rufen Sie mich bitte zurück.",Watch: verb-final after wenn; main clause starts with verb,,,,,unclear_v02_decision,
content/b1-m14-connectors-sentence-functions.js,v080149_cat14_redemittel_cat14_r_014,cat14-r-014,cat14-r-014,EXCEPTION_REVIEW,manual review: comparison/recovery row exists but decision is not apply-ready,untouched_exception_review,,manifest exception review,,Welche Form passt? appointment,,condition,,"Wenn der Termin frei ist, komme ich morgen.","Wenn der Termin frei ist, komme ich morgen.",Watch: verb-final in wenn-clause,,,,,unclear_v02_decision,
content/b1-m14-connectors-sentence-functions.js,v080149_cat14_redemittel_cat14_r_015,cat14-r-015,cat14-r-015,EXCEPTION_REVIEW,manual review: comparison/recovery row exists but decision is not apply-ready,untouched_exception_review,,manifest exception review,,Welche Form passt? formal condition,,condition,,"Falls Sie noch Fragen haben, schreiben Sie mir bitte.","Falls Sie noch Fragen haben, schreiben Sie mir bitte.",Watch: verb-final after falls,,,,,unclear_v02_decision,
content/b1-m14-connectors-sentence-functions.js,v080149_cat14_redemittel_cat14_r_016,cat14-r-016,cat14-r-016,EXCEPTION_REVIEW,manual review: comparison/recovery row exists but decision is not apply-ready,untouched_exception_review,,manifest exception review,,Welche Form passt? clarification,,indirect question,,"Ich weiß nicht, ob der Termin bestätigt ist.","Ich weiß nicht, ob der Termin bestätigt ist.",Watch: ob for indirect yes/no question,,,,,unclear_v02_decision,
content/b1-m14-connectors-sentence-functions.js,v080149_cat14_redemittel_cat14_r_017,cat14-r-017,cat14-r-017,EXCEPTION_REVIEW,manual review: comparison/recovery row exists but decision is not apply-ready,untouched_exception_review,,manifest exception review,,Welche Form passt? clarification,,indirect question,,"Ich möchte wissen, wann ich kommen kann.","Ich möchte wissen, wann ich kommen kann.",Watch: verb-final in indirect question,,,,,unclear_v02_decision,
content/b1-m14-connectors-sentence-functions.js,v080149_cat14_redemittel_cat14_r_018,cat14-r-018,cat14-r-018,EXCEPTION_REVIEW,manual review: comparison/recovery row exists but decision is not apply-ready,untouched_exception_review,,manifest exception review,,Welche Form passt? confirmation,,reported statement,,"Ich hoffe, dass der Termin stattfindet.","Ich hoffe, dass der Termin stattfindet.",Watch: dass introduces clause; verb at end,,,,,unclear_v02_decision,
content/b1-m14-connectors-sentence-functions.js,v080149_cat14_redemittel_cat14_r_032,cat14-r-032,cat14-r-032,EXCEPTION_REVIEW,manual review: comparison/recovery row exists but decision is not apply-ready,untouched_exception_review,,manifest exception review,,Welche Form passt? task process,,sequence,,"Zuerst lese ich die Aufgabe, dann schreibe ich die Antwort.","Zuerst lese ich die Aufgabe, dann schreibe ich die Antwort.",Watch: V2 after sequence adverbs,,,,,unclear_v02_decision,
content/b1-m14-connectors-sentence-functions.js,v080149_cat14_redemittel_cat14_r_034,cat14-r-034,cat14-r-034,EXCEPTION_REVIEW,manual review: comparison/recovery row exists but decision is not apply-ready,untouched_exception_review,,manifest exception review,,Welche Form passt? request,,addition,,Außerdem brauche ich eine schriftliche Bestätigung.,Außerdem brauche ich eine schriftliche Bestätigung.,Watch: V2 after außerdem,,,,,unclear_v02_decision,
content/b1-m14-connectors-sentence-functions.js,v080149_cat14_redemittel_cat14_r_037,cat14-r-037,cat14-r-037,EXCEPTION_REVIEW,manual review: comparison/recovery row exists but decision is not apply-ready,untouched_exception_review,,manifest exception review,,Welche Form passt? replacement,,alternative,,Stattdessen schreibe ich eine E-Mail.,Stattdessen schreibe ich eine E-Mail.,Watch: V2 after stattdessen,,,,,unclear_v02_decision,
content/b1-m14-connectors-sentence-functions.js,v080149_cat14_redemittel_cat14_r_040,cat14-r-040,cat14-r-040,EXCEPTION_REVIEW,manual review: comparison/recovery row exists but decision is not apply-ready,untouched_exception_review,,manifest exception review,,Welche Form passt? support chat,,clarify cause,,"Ich frage, weil die Information unklar ist.","Ich frage, weil die Information unklar ist.",Watch: wrong word order after connector,,,,,unclear_v02_decision,
content/b1-m14-connectors-sentence-functions.js,v080149_cat14_redemittel_cat14_r_041,cat14-r-041,cat14-r-041,EXCEPTION_REVIEW,manual review: comparison/recovery row exists but decision is not apply-ready,untouched_exception_review,,manifest exception review,,Welche Form passt? appointment,,clarify condition,,"Wenn die Uhrzeit nicht passt, schreiben Sie mir bitte.","Wenn die Uhrzeit nicht passt, schreiben Sie mir bitte.",Watch: wrong word order after connector,,,,,unclear_v02_decision,
content/b1-m14-connectors-sentence-functions.js,v080149_cat14_redemittel_cat14_r_042,cat14-r-042,cat14-r-042,EXCEPTION_REVIEW,manual review: comparison/recovery row exists but decision is not apply-ready,untouched_exception_review,,manifest exception review,,Welche Form passt? workplace,,contrast politely,,"Ich kann heute nicht länger bleiben, aber ich kann morgen helfen.","Ich kann heute nicht länger bleiben, aber ich kann morgen helfen.",Watch: wrong word order after connector,,,,,unclear_v02_decision,
content/b1-m14-connectors-sentence-functions.js,v080149_cat14_redemittel_cat14_r_043,cat14-r-043,cat14-r-043,EXCEPTION_REVIEW,manual review: comparison/recovery row exists but decision is not apply-ready,untouched_exception_review,,manifest exception review,,Welche Form passt? workplace,,concession politely,,"Obwohl es schwierig ist, versuche ich es noch einmal.","Obwohl es schwierig ist, versuche ich es noch einmal.",Watch: wrong word order after connector,,,,,unclear_v02_decision,
content/b1-m14-connectors-sentence-functions.js,v080149_cat14_redemittel_cat14_r_044,cat14-r-044,cat14-r-044,EXCEPTION_REVIEW,manual review: comparison/recovery row exists but decision is not apply-ready,untouched_exception_review,,manifest exception review,,Welche Form passt? office,,result politely,,"Die Datei ist zu groß, deshalb schicke ich sie später.","Die Datei ist zu groß, deshalb schicke ich sie später.",Watch: wrong word order after connector,,,,,unclear_v02_decision,
content/b1-m14-connectors-sentence-functions.js,v080149_cat14_redemittel_cat14_r_046,cat14-r-046,cat14-r-046,EXCEPTION_REVIEW,manual review: comparison/recovery row exists but decision is not apply-ready,untouched_exception_review,,manifest exception review,,Welche Form passt? office,,purpose politely,,"Ich öffne die App, um die Nachricht zu lesen.","Ich öffne die App, um die Nachricht zu lesen.",Watch: wrong word order after connector,,,,,unclear_v02_decision,
content/b1-m14-connectors-sentence-functions.js,v080149_cat14_redemittel_cat14_r_047,cat14-r-047,cat14-r-047,EXCEPTION_REVIEW,manual review: comparison/recovery row exists but decision is not apply-ready,untouched_exception_review,,manifest exception review,,Welche Form passt? office,,indirect question,,"Ich weiß nicht, wo ich unterschreiben soll.","Ich weiß nicht, wo ich unterschreiben soll.",Watch: wrong word order after connector,,,,,unclear_v02_decision,
content/b1-m14-connectors-sentence-functions.js,v080149_cat14_redemittel_cat14_r_048,cat14-r-048,cat14-r-048,EXCEPTION_REVIEW,manual review: comparison/recovery row exists but decision is not apply-ready,untouched_exception_review,,manifest exception review,,Welche Form passt? office,,indirect question,,"Ich weiß nicht, wie ich das Formular speichern kann.","Ich weiß nicht, wie ich das Formular speichern kann.",Watch: wrong word order after connector,,,,,unclear_v02_decision,
content/b1-m14-connectors-sentence-functions.js,v080149_cat14_redemittel_cat14_r_049,cat14-r-049,cat14-r-049,EXCEPTION_REVIEW,manual review: comparison/recovery row exists but decision is not apply-ready,untouched_exception_review,,manifest exception review,,Welche Form passt? office,,reported statement,,"Die E-Mail sagt, dass ich die Unterlagen mitbringen soll.","Die E-Mail sagt, dass ich die Unterlagen mitbringen soll.",Watch: wrong word order after connector,,,,,unclear_v02_decision,
content/b1-m14-connectors-sentence-functions.js,v080149_cat14_redemittel_cat14_r_050,cat14-r-050,cat14-r-050,EXCEPTION_REVIEW,manual review: comparison/recovery row exists but decision is not apply-ready,untouched_exception_review,,manifest exception review,,Welche Form passt? workflow,,time before,,"Bevor ich unterschreibe, lese ich den Text noch einmal.","Bevor ich unterschreibe, lese ich den Text noch einmal.",Watch: wrong word order after connector,,,,,unclear_v02_decision,
content/b1-m14-connectors-sentence-functions.js,v080149_cat14_redemittel_cat14_r_056,cat14-r-056,cat14-r-056,EXCEPTION_REVIEW,manual review: comparison/recovery row exists but decision is not apply-ready,untouched_exception_review,,manifest exception review,,Welche Form passt? instructions,,sequence,,"Zuerst fülle ich das Formular aus, danach prüfe ich die Angaben.","Zuerst fülle ich das Formular aus, danach prüfe ich die Angaben.",Watch: wrong word order after connector,,,,,unclear_v02_decision,
content/b1-m14-connectors-sentence-functions.js,v080149_cat14_redemittel_cat14_r_057,cat14-r-057,cat14-r-057,EXCEPTION_REVIEW,manual review: comparison/recovery row exists but decision is not apply-ready,untouched_exception_review,,manifest exception review,,Welche Form passt? planning,,alternative,,Ich kann entweder am Montag kommen oder am Dienstag anrufen.,Ich kann entweder am Montag kommen oder am Dienstag anrufen.,Watch: wrong word order after connector,,,,,unclear_v02_decision,
content/b1-m14-connectors-sentence-functions.js,v080149_cat14_redemittel_cat14_r_059,cat14-r-059,cat14-r-059,EXCEPTION_REVIEW,manual review: comparison/recovery row exists but decision is not apply-ready,untouched_exception_review,,manifest exception review,,Welche Form passt? support,,replacement,,Stattdessen können Sie mir eine E-Mail schicken.,Stattdessen können Sie mir eine E-Mail schicken.,Watch: wrong word order after connector,,,,,unclear_v02_decision,
content/b1-m14-connectors-sentence-functions.js,v080149_cat14_redemittel_cat14_r_060,cat14-r-060,cat14-r-060,EXCEPTION_REVIEW,manual review: comparison/recovery row exists but decision is not apply-ready,untouched_exception_review,,manifest exception review,,Welche Form passt? email,,soft conclusion,,Also brauche ich eine neue Kopie.,Also brauche ich eine neue Kopie.,Watch: wrong word order after connector,,,,,unclear_v02_decision,
content/b1-m14-connectors-sentence-functions.js,v080149_cat14_redemittel_cat14_r_061,cat14-r-061,cat14-r-061,EXCEPTION_REVIEW,manual review: comparison/recovery row exists but decision is not apply-ready,untouched_exception_review,,manifest exception review,,Welche Form passt? email,,formal conclusion,,Aus diesem Grund bitte ich um Rückmeldung.,Aus diesem Grund bitte ich um Rückmeldung.,Watch: wrong word order after connector,,,,,unclear_v02_decision,
content/b1-m14-connectors-sentence-functions.js,v080149_cat14_redemittel_cat14_r_062,cat14-r-062,cat14-r-062,EXCEPTION_REVIEW,manual review: comparison/recovery row exists but decision is not apply-ready,untouched_exception_review,,manifest exception review,,Welche Form passt? office,,precise condition,,"Falls etwas fehlt, melde ich mich.","Falls etwas fehlt, melde ich mich.",Watch: wrong word order after connector,,,,,unclear_v02_decision,
content/b1-m14-connectors-sentence-functions.js,v080149_cat14_redemittel_cat14_r_065,cat14-r-065,cat14-r-065,EXCEPTION_REVIEW,manual review: comparison/recovery row exists but decision is not apply-ready,untouched_exception_review,,manifest exception review,,Welche Form passt? phone,,past event,,"Als ich im Büro war, habe ich die Unterlagen abgegeben.","Als ich im Büro war, habe ich die Unterlagen abgegeben.",Watch: wrong word order after connector,,,,,unclear_v02_decision,
content/b1-m14-connectors-sentence-functions.js,v080149_cat14_redemittel_cat14_r_066,cat14-r-066,cat14-r-066,EXCEPTION_REVIEW,manual review: comparison/recovery row exists but decision is not apply-ready,untouched_exception_review,,manifest exception review,,Welche Form passt? course,,repeated time,,"Wenn ich neue Wörter lerne, schreibe ich Beispiele.","Wenn ich neue Wörter lerne, schreibe ich Beispiele.",Watch: wrong word order after connector,,,,,unclear_v02_decision,
content/b1-m14-connectors-sentence-functions.js,v080149_cat14_redemittel_cat14_r_067,cat14-r-067,cat14-r-067,EXCEPTION_REVIEW,manual review: comparison/recovery row exists but decision is not apply-ready,untouched_exception_review,,manifest exception review,,Welche Form passt? learning,,purpose same subject,,"Ich lese den Satz noch einmal, um den Fehler zu finden.","Ich lese den Satz noch einmal, um den Fehler zu finden.",Watch: wrong word order after connector,,,,,unclear_v02_decision,
content/b1-m14-connectors-sentence-functions.js,v080149_cat14_redemittel_cat14_r_069,cat14-r-069,cat14-r-069,EXCEPTION_REVIEW,manual review: comparison/recovery row exists but decision is not apply-ready,untouched_exception_review,,manifest exception review,,Welche Form passt? clarification,,explain uncertainty,,"Ich bin unsicher, ob ich die Aufgabe richtig verstanden habe.","Ich bin unsicher, ob ich die Aufgabe richtig verstanden habe.",Watch: wrong word order after connector,,,,,unclear_v02_decision,
content/b1-m14-connectors-sentence-functions.js,v080149_cat14_redemittel_cat14_r_076,cat14-r-076,cat14-r-076,EXCEPTION_REVIEW,manual review: comparison/recovery row exists but decision is not apply-ready,untouched_exception_review,,manifest exception review,,Welche Form passt? navigation,,indirect place,,"Könnten Sie mir sagen, wo der Raum ist?","Könnten Sie mir sagen, wo der Raum ist?",Watch: wrong word order after connector,,,,,unclear_v02_decision,
content/b1-m14-connectors-sentence-functions.js,v080149_cat14_redemittel_cat14_r_077,cat14-r-077,cat14-r-077,EXCEPTION_REVIEW,manual review: comparison/recovery row exists but decision is not apply-ready,untouched_exception_review,,manifest exception review,,Welche Form passt? appointment,,indirect time,,"Könnten Sie mir sagen, wann der Termin beginnt?","Könnten Sie mir sagen, wann der Termin beginnt?",Watch: wrong word order after connector,,,,,unclear_v02_decision,
content/b1-m14-connectors-sentence-functions.js,v080149_cat14_redemittel_cat14_r_078,cat14-r-078,cat14-r-078,EXCEPTION_REVIEW,manual review: comparison/recovery row exists but decision is not apply-ready,untouched_exception_review,,manifest exception review,,Welche Form passt? appointment,,indirect yes/no,,"Könnten Sie mir sagen, ob der Termin online stattfindet?","Könnten Sie mir sagen, ob der Termin online stattfindet?",Watch: wrong word order after connector,,,,,unclear_v02_decision,
content/b1-m14-connectors-sentence-functions.js,v080149_cat14_wortschatz_cat14_w_001,cat14-w-001,cat14-w-001,EXCEPTION_REVIEW,manual review: comparison/recovery row exists but decision is not apply-ready,untouched_exception_review,,manifest exception review,,Welches Wort passt? because,,Reason/cause,,weil,weil,`weil` gives a reason; the finite verb goes to the end.,,,,,unclear_v02_decision,
content/b1-m14-connectors-sentence-functions.js,v080149_cat14_wortschatz_cat14_w_002,cat14-w-002,cat14-w-002,EXCEPTION_REVIEW,manual review: comparison/recovery row exists but decision is not apply-ready,untouched_exception_review,,manifest exception review,,Welches Wort passt? because/for,,Reason/cause,,denn,denn,`weil` gives a reason; the finite verb goes to the end.,,,,,unclear_v02_decision,
content/b1-m14-connectors-sentence-functions.js,v080149_cat14_wortschatz_cat14_w_003,cat14-w-003,cat14-w-003,EXCEPTION_REVIEW,manual review: comparison/recovery row exists but decision is not apply-ready,untouched_exception_review,,manifest exception review,,Welches Wort passt? therefore/that is why,,Reason/cause,,deshalb,deshalb,`weil` gives a reason; the finite verb goes to the end.,,,,,unclear_v02_decision,
content/b1-m14-connectors-sentence-functions.js,v080149_cat14_wortschatz_cat14_w_004,cat14-w-004,cat14-w-004,EXCEPTION_REVIEW,manual review: comparison/recovery row exists but decision is not apply-ready,untouched_exception_review,,manifest exception review,,Welches Wort passt? therefore/for that reason,,Reason/cause,,deswegen,deswegen,`denn` gives a reason but keeps normal main-clause word order.,,,,,unclear_v02_decision,
content/b1-m14-connectors-sentence-functions.js,v080149_cat14_wortschatz_cat14_w_005,cat14-w-005,cat14-w-005,EXCEPTION_REVIEW,manual review: comparison/recovery row exists but decision is not apply-ready,untouched_exception_review,,manifest exception review,,Welches Wort passt? therefore/that is why,,Reason/cause,,darum,darum,`deshalb/deswegen` show a result; the finite verb stays in position 2.,,,,,unclear_v02_decision,
content/b1-m14-connectors-sentence-functions.js,v080149_cat14_wortschatz_cat14_w_010,cat14-w-010,cat14-w-010,EXCEPTION_REVIEW,manual review: comparison/recovery row exists but decision is not apply-ready,untouched_exception_review,,manifest exception review,,Welches Wort passt? so/therefore,,Result/consequence,,also,also,`deshalb/deswegen` show a result; the finite verb stays in position 2.,,,,,unclear_v02_decision,
content/b1-m14-connectors-sentence-functions.js,v080149_cat14_wortschatz_cat14_w_012,cat14-w-012,cat14-w-012,EXCEPTION_REVIEW,manual review: comparison/recovery row exists but decision is not apply-ready,untouched_exception_review,,manifest exception review,,Welches Wort passt? but,,Contrast/concession,,aber,aber,`obwohl` introduces a concession; the finite verb goes to the end.,,,,,unclear_v02_decision,
content/b1-m14-connectors-sentence-functions.js,v080149_cat14_wortschatz_cat14_w_013,cat14-w-013,cat14-w-013,EXCEPTION_REVIEW,manual review: comparison/recovery row exists but decision is not apply-ready,untouched_exception_review,,manifest exception review,,Welches Wort passt? but rather,,Contrast/concession,,sondern,sondern,"`sondern` corrects a negative first idea: nicht A, sondern B.",,,,,unclear_v02_decision,
content/b1-m14-connectors-sentence-functions.js,v080149_cat14_wortschatz_cat14_w_014,cat14-w-014,cat14-w-014,EXCEPTION_REVIEW,manual review: comparison/recovery row exists but decision is not apply-ready,untouched_exception_review,,manifest exception review,,Welches Wort passt? although/even though,,Contrast/concession,,obwohl,obwohl,`obwohl` introduces a concession; the finite verb goes to the end.,,,,,unclear_v02_decision,
content/b1-m14-connectors-sentence-functions.js,v080149_cat14_wortschatz_cat14_w_015,cat14-w-015,cat14-w-015,EXCEPTION_REVIEW,manual review: comparison/recovery row exists but decision is not apply-ready,untouched_exception_review,,manifest exception review,,Welches Wort passt? nevertheless/still,,Contrast/concession,,trotzdem,trotzdem,`obwohl` introduces a concession; the finite verb goes to the end.,,,,,unclear_v02_decision,
content/b1-m14-connectors-sentence-functions.js,v080149_cat14_wortschatz_cat14_w_019,cat14-w-019,cat14-w-019,EXCEPTION_REVIEW,manual review: comparison/recovery row exists but decision is not apply-ready,untouched_exception_review,,manifest exception review,,Welches Wort passt? if/when,,Condition,,wenn,wenn,`wenn` is used for conditions/repeated times; `als` is for one past time.,,,,,unclear_v02_decision,
content/b1-m14-connectors-sentence-functions.js,v080149_cat14_wortschatz_cat14_w_020,cat14-w-020,cat14-w-020,EXCEPTION_REVIEW,manual review: comparison/recovery row exists but decision is not apply-ready,untouched_exception_review,,manifest exception review,,Welches Wort passt? if/in case,,Condition,,falls,falls,`wenn` introduces a condition; the finite verb goes to the end.,,,,,unclear_v02_decision,
content/b1-m14-connectors-sentence-functions.js,v080149_cat14_wortschatz_cat14_w_022,cat14-w-022,cat14-w-022,EXCEPTION_REVIEW,manual review: comparison/recovery row exists but decision is not apply-ready,untouched_exception_review,,manifest exception review,,Welches Wort passt? whether/if,,Indirect question/complement,,ob,ob,`wenn` introduces a condition; the finite verb goes to the end.,,,,,unclear_v02_decision,
content/b1-m14-connectors-sentence-functions.js,v080149_cat14_wortschatz_cat14_w_023,cat14-w-023,cat14-w-023,EXCEPTION_REVIEW,manual review: comparison/recovery row exists but decision is not apply-ready,untouched_exception_review,,manifest exception review,,Welches Wort passt? that,,Indirect question/complement,,dass,dass,`ob` introduces an indirect yes/no question; the finite verb goes to the end.,,,,,unclear_v02_decision,
content/b1-m14-connectors-sentence-functions.js,v080149_cat14_wortschatz_cat14_w_024,cat14-w-024,cat14-w-024,EXCEPTION_REVIEW,manual review: comparison/recovery row exists but decision is not apply-ready,untouched_exception_review,,manifest exception review,,Welches Wort passt? why,,Indirect question/complement,,warum,warum,`weil` gives a reason; the finite verb goes to the end.,,,,,unclear_v02_decision,
content/b1-m14-connectors-sentence-functions.js,v080149_cat14_wortschatz_cat14_w_025,cat14-w-025,cat14-w-025,EXCEPTION_REVIEW,manual review: comparison/recovery row exists but decision is not apply-ready,untouched_exception_review,,manifest exception review,,Welches Wort passt? when,,Indirect question/complement,,wann,wann,`wenn` is used for conditions/repeated times; `als` is for one past time.,,,,,unclear_v02_decision,
content/b1-m14-connectors-sentence-functions.js,v080149_cat14_wortschatz_cat14_w_026,cat14-w-026,cat14-w-026,EXCEPTION_REVIEW,manual review: comparison/recovery row exists but decision is not apply-ready,untouched_exception_review,,manifest exception review,,Welches Wort passt? where,,Indirect question/complement,,wo,wo,`wenn` introduces a condition; the finite verb goes to the end.,,,,,unclear_v02_decision,
content/b1-m14-connectors-sentence-functions.js,v080149_cat14_wortschatz_cat14_w_027,cat14-w-027,cat14-w-027,EXCEPTION_REVIEW,manual review: comparison/recovery row exists but decision is not apply-ready,untouched_exception_review,,manifest exception review,,Welches Wort passt? how,,Indirect question/complement,,wie,wie,`ob` introduces an indirect yes/no question; the finite verb goes to the end.,,,,,unclear_v02_decision,
content/b1-m14-connectors-sentence-functions.js,v080149_cat14_wortschatz_cat14_w_030,cat14-w-030,cat14-w-030,EXCEPTION_REVIEW,manual review: comparison/recovery row exists but decision is not apply-ready,untouched_exception_review,,manifest exception review,,Welches Wort passt? while/during,,Time,,während,während,`bevor` means before; the finite verb goes to the end.,,,,,unclear_v02_decision,
content/b1-m14-connectors-sentence-functions.js,v080149_cat14_wortschatz_cat14_w_037,cat14-w-037,cat14-w-037,EXCEPTION_REVIEW,manual review: comparison/recovery row exists but decision is not apply-ready,untouched_exception_review,,manifest exception review,,Welches Wort passt? whenever,,Time,,immer wenn,immer wenn,`wenn` is used for conditions/repeated times; `als` is for one past time.,,,,,unclear_v02_decision,
content/b1-m14-connectors-sentence-functions.js,v080149_cat14_wortschatz_cat14_w_045,cat14-w-045,cat14-w-045,EXCEPTION_REVIEW,manual review: comparison/recovery row exists but decision is not apply-ready,untouched_exception_review,,manifest exception review,,Welches Wort passt? first,,Sequence/addition,,zuerst,zuerst,`dass` introduces reported information; the finite verb goes to the end.,,,,,unclear_v02_decision,
content/b1-m14-connectors-sentence-functions.js,v080149_cat14_wortschatz_cat14_w_046,cat14-w-046,cat14-w-046,EXCEPTION_REVIEW,manual review: comparison/recovery row exists but decision is not apply-ready,untouched_exception_review,,manifest exception review,,Welches Wort passt? then,,Sequence/addition,,dann,dann,`wenn` introduces a condition; the finite verb goes to the end.,,,,,unclear_v02_decision,
content/b1-m14-connectors-sentence-functions.js,v080149_cat14_wortschatz_cat14_w_047,cat14-w-047,cat14-w-047,EXCEPTION_REVIEW,manual review: comparison/recovery row exists but decision is not apply-ready,untouched_exception_review,,manifest exception review,,Welches Wort passt? after that,,Sequence/addition,,danach,danach,`bevor` means before; the finite verb goes to the end.,,,,,unclear_v02_decision,
content/b1-m14-connectors-sentence-functions.js,v080149_cat14_wortschatz_cat14_w_048,cat14-w-048,cat14-w-048,EXCEPTION_REVIEW,manual review: comparison/recovery row exists but decision is not apply-ready,untouched_exception_review,,manifest exception review,,Welches Wort passt? before that/beforehand,,Sequence/addition,,vorher,vorher,`bevor` means before; the finite verb goes to the end.,,,,,unclear_v02_decision,
content/b1-m14-connectors-sentence-functions.js,v080149_cat14_wortschatz_cat14_w_051,cat14-w-051,cat14-w-051,EXCEPTION_REVIEW,manual review: comparison/recovery row exists but decision is not apply-ready,untouched_exception_review,,manifest exception review,,Welches Wort passt? besides/in addition,,Sequence/addition,,außerdem,außerdem,`außerdem/zusätzlich` add information; the finite verb stays in position 2.,,,,,unclear_v02_decision,
content/b1-m14-connectors-sentence-functions.js,v080149_cat14_wortschatz_cat14_w_052,cat14-w-052,cat14-w-052,EXCEPTION_REVIEW,manual review: comparison/recovery row exists but decision is not apply-ready,untouched_exception_review,,manifest exception review,,Welches Wort passt? additionally,,Sequence/addition,,zusätzlich,zusätzlich,`außerdem/zusätzlich` add information; the finite verb stays in position 2.,,,,,unclear_v02_decision,
content/b1-m14-connectors-sentence-functions.js,v080149_cat14_wortschatz_cat14_w_053,cat14-w-053,cat14-w-053,EXCEPTION_REVIEW,manual review: comparison/recovery row exists but decision is not apply-ready,untouched_exception_review,,manifest exception review,,Welches Wort passt? also/too,,Sequence/addition,,auch,auch,`als` is used for one past time; word order is verb-final in the clause.,,,,,unclear_v02_decision,
content/b1-m14-connectors-sentence-functions.js,v080149_cat14_wortschatz_cat14_w_054,cat14-w-054,cat14-w-054,EXCEPTION_REVIEW,manual review: comparison/recovery row exists but decision is not apply-ready,untouched_exception_review,,manifest exception review,,Welches Wort passt? or,,Alternatives,,oder,oder,"`sondern` corrects a negative first idea: nicht A, sondern B.",,,,,unclear_v02_decision,
content/b1-m14-connectors-sentence-functions.js,v080149_cat14_wortschatz_cat14_w_058,cat14-w-058,cat14-w-058,EXCEPTION_REVIEW,manual review: comparison/recovery row exists but decision is not apply-ready,untouched_exception_review,,manifest exception review,,Welches Wort passt? instead,,Alternatives,,stattdessen,stattdessen,"`sondern` corrects a negative first idea: nicht A, sondern B.",,,,,unclear_v02_decision,
content/b1-m14-connectors-sentence-functions.js,v080149_cat14_wortschatz_cat14_w_086,cat14-w-086,cat14-w-086,EXCEPTION_REVIEW,manual review: comparison/recovery row exists but decision is not apply-ready,untouched_exception_review,,manifest exception review,,Welches Wort passt? position 1,,Word order,,Position 1,Position 1,"Connector choice depends on meaning and word order: reason, result, contrast, time, condition or purpose.",,,,,unclear_v02_decision,
content/b1-m14-connectors-sentence-functions.js,v080149_cat14_wortschatz_cat14_w_087,cat14-w-087,cat14-w-087,EXCEPTION_REVIEW,manual review: comparison/recovery row exists but decision is not apply-ready,untouched_exception_review,,manifest exception review,,Welches Wort passt? position 2,,Word order,,Position 2,Position 2,"Connector choice depends on meaning and word order: reason, result, contrast, time, condition or purpose.",,,,,unclear_v02_decision,
content/b1-m16-money-payment-contracts.js,v080149_cat16_wortschatz_cat16_w_096,cat16-w-096,cat16-w-096,EXCEPTION_REVIEW,manual review: comparison/recovery row exists but decision is not apply-ready,untouched_exception_review,,manifest exception review,,Welches Wort passt? open / unpaid,,Status words,,offen,offen,Not yet paid or unresolved.,,,,,unclear_v02_decision,
content/b1-m16-money-payment-contracts.js,v080149_cat16_wortschatz_cat16_w_097,cat16-w-097,cat16-w-097,EXCEPTION_REVIEW,manual review: comparison/recovery row exists but decision is not apply-ready,untouched_exception_review,,manifest exception review,,Welches Wort passt? paid,,Status words,,bezahlt,bezahlt,Already paid.,,,,,unclear_v02_decision,
content/b1-m16-money-payment-contracts.js,v080149_cat16_wortschatz_cat16_w_101,cat16-w-101,cat16-w-101,EXCEPTION_REVIEW,manual review: comparison/recovery row exists but decision is not apply-ready,untouched_exception_review,,manifest exception review,,Welches Wort passt? monthly,,Status words,,monatlich,monatlich,Every month.,,,,,unclear_v02_decision,
content/b1-m16-money-payment-contracts.js,v080149_cat16_wortschatz_cat16_w_102,cat16-w-102,cat16-w-102,EXCEPTION_REVIEW,manual review: comparison/recovery row exists but decision is not apply-ready,untouched_exception_review,,manifest exception review,,Welches Wort passt? yearly / annually,,Status words,,jährlich,jährlich,Every year.,,,,,unclear_v02_decision,
content/b1-m16-money-payment-contracts.js,v080149_cat16_wortschatz_cat16_w_103,cat16-w-103,cat16-w-103,EXCEPTION_REVIEW,manual review: comparison/recovery row exists but decision is not apply-ready,untouched_exception_review,,manifest exception review,,Welches Wort passt? one-off,,Status words,,einmalig,einmalig,Only once.,,,,,unclear_v02_decision,
content/b1-m16-money-payment-contracts.js,v080149_cat16_wortschatz_cat16_w_104,cat16-w-104,cat16-w-104,EXCEPTION_REVIEW,manual review: comparison/recovery row exists but decision is not apply-ready,untouched_exception_review,,manifest exception review,,Welches Wort passt? regularly,,Status words,,regelmäßig,regelmäßig,At regular intervals.,,,,,unclear_v02_decision,
content/b1-m16-money-payment-contracts.js,v080149_cat16_wortschatz_cat16_w_105,cat16-w-105,cat16-w-105,EXCEPTION_REVIEW,manual review: imported row has sourceRowId but no comparison/recovery match,untouched_exception_review,,manifest exception review,,Welches Wort passt? automatically,,Status words,,automatisch,,Without manual action each time.,,,,,imported_source_without_replacement_layer_match,
content/b1-m16-money-payment-contracts.js,v080149_cat16_wortschatz_cat16_w_106,cat16-w-106,cat16-w-106,EXCEPTION_REVIEW,manual review: comparison/recovery row exists but decision is not apply-ready,untouched_exception_review,,manifest exception review,,Welches Wort passt? immediately,,Status words,,sofort,sofort,Right away.,,,,,unclear_v02_decision,
content/b1-m16-money-payment-contracts.js,v080149_cat16_wortschatz_cat16_w_107,cat16-w-107,cat16-w-107,EXCEPTION_REVIEW,manual review: comparison/recovery row exists but decision is not apply-ready,untouched_exception_review,,manifest exception review,,Welches Wort passt? at the latest,,Status words,,spätestens,spätestens,Latest allowed time.,,,,,unclear_v02_decision,
content/b1-m16-money-payment-contracts.js,v080149_cat16_wortschatz_cat16_w_108,cat16-w-108,cat16-w-108,EXCEPTION_REVIEW,manual review: comparison/recovery row exists but decision is not apply-ready,untouched_exception_review,,manifest exception review,,Welches Wort passt? to pay,,Payment verbs,,zahlen,zahlen,General verb to pay.,,,,,unclear_v02_decision,
content/b1-m16-money-payment-contracts.js,v080149_cat16_wortschatz_cat16_w_109,cat16-w-109,cat16-w-109,EXCEPTION_REVIEW,manual review: comparison/recovery row exists but decision is not apply-ready,untouched_exception_review,,manifest exception review,,Welches Wort passt? to pay for,,Payment verbs,,bezahlen,bezahlen,Pay a bill/item/person contextually.,,,,,unclear_v02_decision,
content/b1-m16-money-payment-contracts.js,v080149_cat16_wortschatz_cat16_w_110,cat16-w-110,cat16-w-110,EXCEPTION_REVIEW,manual review: comparison/recovery row exists but decision is not apply-ready,untouched_exception_review,,manifest exception review,,Welches Wort passt? to transfer money,,Payment verbs,,überweisen,überweisen,Pay by bank transfer.,,,,,unclear_v02_decision,
content/b1-m16-money-payment-contracts.js,v080149_cat16_wortschatz_cat16_w_111,cat16-w-111,cat16-w-111,EXCEPTION_REVIEW,manual review: comparison/recovery row exists but decision is not apply-ready,untouched_exception_review,,manifest exception review,,Welches Wort passt? to debit / take from account,,Payment verbs,,abbuchen,abbuchen,Take money from account.,,,,,unclear_v02_decision,
content/b1-m16-money-payment-contracts.js,v080149_cat16_wortschatz_cat16_w_112,cat16-w-112,cat16-w-112,EXCEPTION_REVIEW,manual review: comparison/recovery row exists but decision is not apply-ready,untouched_exception_review,,manifest exception review,,Welches Wort passt? to collect by debit,,Payment verbs,,einziehen,einziehen,"Collect money, often by direct debit.",,,,,unclear_v02_decision,
content/b1-m16-money-payment-contracts.js,v080149_cat16_wortschatz_cat16_w_113,cat16-w-113,cat16-w-113,EXCEPTION_REVIEW,manual review: comparison/recovery row exists but decision is not apply-ready,untouched_exception_review,,manifest exception review,,Welches Wort passt? to withdraw cash,,Payment verbs,,abheben,abheben,Take money out of account/ATM.,,,,,unclear_v02_decision,
content/b1-m16-money-payment-contracts.js,v080149_cat16_wortschatz_cat16_w_114,cat16-w-114,cat16-w-114,EXCEPTION_REVIEW,manual review: comparison/recovery row exists but decision is not apply-ready,untouched_exception_review,,manifest exception review,,Welches Wort passt? to deposit/pay in,,Payment verbs,,einzahlen,einzahlen,Put money into account or pay contribution.,,,,,unclear_v02_decision,
content/b1-m16-money-payment-contracts.js,v080149_cat16_wortschatz_cat16_w_115,cat16-w-115,cat16-w-115,EXCEPTION_REVIEW,manual review: comparison/recovery row exists but decision is not apply-ready,untouched_exception_review,,manifest exception review,,Welches Wort passt? to refund/reimburse,,Payment verbs,,erstatten,erstatten,Pay money back.,,,,,unclear_v02_decision,
content/b1-m16-money-payment-contracts.js,v080149_cat16_wortschatz_cat16_w_116,cat16-w-116,cat16-w-116,EXCEPTION_REVIEW,manual review: comparison/recovery row exists but decision is not apply-ready,untouched_exception_review,,manifest exception review,,Welches Wort passt? to pay back,,Payment verbs,,zurückzahlen,zurückzahlen,Return money paid/owed.,,,,,unclear_v02_decision,
content/b1-m16-money-payment-contracts.js,v080149_cat16_wortschatz_cat16_w_118,cat16-w-118,cat16-w-118,EXCEPTION_REVIEW,manual review: comparison/recovery row exists but decision is not apply-ready,untouched_exception_review,,manifest exception review,,Welches Wort passt? to cost,,Payment verbs,,kosten,kosten,Have a price.,,,,,unclear_v02_decision,
content/b1-m16-money-payment-contracts.js,v080149_cat16_wortschatz_cat16_w_127,cat16-w-127,cat16-w-127,EXCEPTION_REVIEW,manual review: comparison/recovery row exists but decision is not apply-ready,untouched_exception_review,,manifest exception review,,Welches Wort passt? to check,,Admin verbs,,prüfen,prüfen,Check invoice/payment/details.,,,,,unclear_v02_decision,
content/b1-m16-money-payment-contracts.js,v080149_cat16_wortschatz_cat16_w_129,cat16-w-129,cat16-w-129,EXCEPTION_REVIEW,manual review: imported row has sourceRowId but no comparison/recovery match,untouched_exception_review,,manifest exception review,,Welches Wort passt? to switch/change,,Admin verbs,,wechseln,,Switch tariff/provider/account.,,,,,imported_source_without_replacement_layer_match,
content/b1-m16-money-payment-contracts.js,v080149_cat16_wortschatz_cat16_w_133,cat16-w-133,cat16-w-133,EXCEPTION_REVIEW,manual review: imported row has sourceRowId but no comparison/recovery match,untouched_exception_review,,manifest exception review,,Welches Wort passt? to keep/store,,Admin verbs,,aufbewahren,,Keep documents/receipts.,,,,,imported_source_without_replacement_layer_match,
content/b1-m16-money-payment-contracts.js,v080149_cat16_wortschatz_cat16_w_134,cat16-w-134,cat16-w-134,EXCEPTION_REVIEW,manual review: comparison/recovery row exists but decision is not apply-ready,untouched_exception_review,,manifest exception review,,Welches Wort passt? to submit,,Admin verbs,,einreichen,einreichen,Submit proof/document.,,,,,unclear_v02_decision,
content/b1-m16-money-payment-contracts.js,v080149_cat16_wortschatz_cat16_w_135,cat16-w-135,cat16-w-135,EXCEPTION_REVIEW,manual review: comparison/recovery row exists but decision is not apply-ready,untouched_exception_review,,manifest exception review,,Welches Wort passt? to request formally,,Admin verbs,,anfordern,anfordern,Request a copy/document.,,,,,unclear_v02_decision,
content/b1-m16-money-payment-contracts.js,v080149_cat16_wortschatz_cat16_w_136,cat16-w-136,cat16-w-136,EXCEPTION_REVIEW,manual review: comparison/recovery row exists but decision is not apply-ready,untouched_exception_review,,manifest exception review,,Welches Wort passt? to clarify/resolve,,Admin verbs,,klären,klären,Clarify an issue.,,,,,unclear_v02_decision,
content/b1-m16-money-payment-contracts.js,v080149_cat16_wortschatz_cat16_w_137,cat16-w-137,cat16-w-137,EXCEPTION_REVIEW,manual review: comparison/recovery row exists but decision is not apply-ready,untouched_exception_review,,manifest exception review,,Welches Wort passt? to pay out,,Admin verbs,,auszahlen,auszahlen,Pay out balance/refund/benefit.,,,,,unclear_v02_decision,
content/b1-m16-money-payment-contracts.js,v080149_cat16_wortschatz_cat16_w_159,cat16-w-159,cat16-w-159,EXCEPTION_REVIEW,manual review: comparison/recovery row exists but decision is not apply-ready,untouched_exception_review,,manifest exception review,,Welches Wort passt? received,,Payment status,,eingegangen,eingegangen,Support term for CAT16 money/payment/contract contexts.,,,,,unclear_v02_decision,
content/b1-m16-money-payment-contracts.js,v080149_cat16_wortschatz_cat16_w_160,cat16-w-160,cat16-w-160,EXCEPTION_REVIEW,manual review: imported row has sourceRowId but no comparison/recovery match,untouched_exception_review,,manifest exception review,,Welches Wort passt? twice / duplicate,,Payment status,,doppelt,,Support term for CAT16 money/payment/contract contexts.,,,,,imported_source_without_replacement_layer_match,
content/b1-m16-money-payment-contracts.js,v080149_cat16_wortschatz_cat16_w_161,cat16-w-161,cat16-w-161,EXCEPTION_REVIEW,manual review: imported row has sourceRowId but no comparison/recovery match,untouched_exception_review,,manifest exception review,,Welches Wort passt? accidentally,,Payment status,,versehentlich,,Support term for CAT16 money/payment/contract contexts.,,,,,imported_source_without_replacement_layer_match,
content/b1-m17-home-family-daily-life-support.js,v080149_cat17_redemittel_cat17_r_002,cat17-r-002,cat17-r-002,EXCEPTION_REVIEW,manual review: comparison/recovery row exists but decision is not apply-ready,untouched_exception_review,,manifest exception review,,Welche Form passt? home description,,describe_home,,Unser Wohnzimmer ist hell und ruhig.,Unser Wohnzimmer ist hell und ruhig.,Watch: adjective endings if expanded,,,,,unclear_v02_decision,
content/b1-m17-home-family-daily-life-support.js,v080149_cat17_redemittel_cat17_r_003,cat17-r-003,cat17-r-003,EXCEPTION_REVIEW,manual review: comparison/recovery row exists but decision is not apply-ready,untouched_exception_review,,manifest exception review,,Welche Form passt? home description,,describe_home,,"Die Küche ist klein, aber praktisch.","Die Küche ist klein, aber praktisch.",Watch: word order after aber,,,,,unclear_v02_decision,
content/b1-m17-home-family-daily-life-support.js,v080149_cat17_redemittel_cat17_r_005,cat17-r-005,cat17-r-005,EXCEPTION_REVIEW,manual review: comparison/recovery row exists but decision is not apply-ready,untouched_exception_review,,manifest exception review,,Welche Form passt? routine,,daily_routine,,Normalerweise stehe ich um sieben Uhr auf.,Normalerweise stehe ich um sieben Uhr auf.,Watch: verb position after fronted adverb,,,,,unclear_v02_decision,
content/b1-m17-home-family-daily-life-support.js,v080149_cat17_redemittel_cat17_r_006,cat17-r-006,cat17-r-006,EXCEPTION_REVIEW,manual review: comparison/recovery row exists but decision is not apply-ready,untouched_exception_review,,manifest exception review,,Welche Form passt? routine,,daily_routine,,Am Wochenende schlafen wir länger.,Am Wochenende schlafen wir länger.,Watch: V2 after time phrase,,,,,unclear_v02_decision,
content/b1-m17-home-family-daily-life-support.js,v080149_cat17_redemittel_cat17_r_007,cat17-r-007,cat17-r-007,EXCEPTION_REVIEW,manual review: comparison/recovery row exists but decision is not apply-ready,untouched_exception_review,,manifest exception review,,Welche Form passt? routine,,daily_routine,,Nach dem Essen räume ich die Küche auf.,Nach dem Essen räume ich die Küche auf.,Watch: separable verb,,,,,unclear_v02_decision,
content/b1-m17-home-family-daily-life-support.js,v080149_cat17_redemittel_cat17_r_008,cat17-r-008,cat17-r-008,EXCEPTION_REVIEW,manual review: comparison/recovery row exists but decision is not apply-ready,untouched_exception_review,,manifest exception review,,Welche Form passt? routine,,daily_routine,,Abends essen wir oft zu Hause.,Abends essen wir oft zu Hause.,Watch: V2 with frequency,,,,,unclear_v02_decision,
content/b1-m17-home-family-daily-life-support.js,v080149_cat17_redemittel_cat17_r_010,cat17-r-010,cat17-r-010,EXCEPTION_REVIEW,manual review: comparison/recovery row exists but decision is not apply-ready,untouched_exception_review,,manifest exception review,,Welche Form passt? household,,chores,,Kannst du bitte die Wäsche aufhängen?,Kannst du bitte die Wäsche aufhängen?,Watch: separable verb,,,,,unclear_v02_decision,
content/b1-m17-home-family-daily-life-support.js,v080149_cat17_redemittel_cat17_r_011,cat17-r-011,cat17-r-011,EXCEPTION_REVIEW,manual review: comparison/recovery row exists but decision is not apply-ready,untouched_exception_review,,manifest exception review,,Welche Form passt? household,,chores,,Ich muss noch das Bad putzen.,Ich muss noch das Bad putzen.,Watch: modal + infinitive,,,,,unclear_v02_decision,
content/b1-m17-home-family-daily-life-support.js,v080149_cat17_redemittel_cat17_r_016,cat17-r-016,cat17-r-016,EXCEPTION_REVIEW,manual review: comparison/recovery row exists but decision is not apply-ready,untouched_exception_review,,manifest exception review,,Welche Form passt? shopping/cooking,,food,,Ich schreibe eine Einkaufsliste.,Ich schreibe eine Einkaufsliste.,Watch: article/collocation,,,,,unclear_v02_decision,
content/b1-m17-home-family-daily-life-support.js,v080149_cat17_redemittel_cat17_r_019,cat17-r-019,cat17-r-019,EXCEPTION_REVIEW,manual review: comparison/recovery row exists but decision is not apply-ready,untouched_exception_review,,manifest exception review,,Welche Form passt? shopping/cooking,,food,,Ich koche heute Abend Nudeln.,Ich koche heute Abend Nudeln.,Watch: time placement,,,,,unclear_v02_decision,
content/b1-m17-home-family-daily-life-support.js,v080149_cat17_redemittel_cat17_r_021,cat17-r-021,cat17-r-021,EXCEPTION_REVIEW,manual review: comparison/recovery row exists but decision is not apply-ready,untouched_exception_review,,manifest exception review,,Welche Form passt? shopping/cooking,,food,,Kannst du den Tisch decken?,Kannst du den Tisch decken?,Watch: collocation,,,,,unclear_v02_decision,
content/b1-m17-home-family-daily-life-support.js,v080149_cat17_redemittel_cat17_r_022,cat17-r-022,cat17-r-022,EXCEPTION_REVIEW,manual review: comparison/recovery row exists but decision is not apply-ready,untouched_exception_review,,manifest exception review,,Welche Form passt? shopping/cooking,,food,,Ich spüle nach dem Essen das Geschirr.,Ich spüle nach dem Essen das Geschirr.,Watch: collocation,,,,,unclear_v02_decision,
content/b1-m17-home-family-daily-life-support.js,v080149_cat17_redemittel_cat17_r_035,cat17-r-035,cat17-r-035,EXCEPTION_REVIEW,manual review: imported row has sourceRowId but no comparison/recovery match,untouched_exception_review,,manifest exception review,,Welche Form passt? neighbour contact,,neighbours,,"Vielen Dank, dass Sie das Paket angenommen haben.",,Watch: dass word order,,,,,imported_source_without_replacement_layer_match,
content/b1-m17-home-family-daily-life-support.js,v080149_cat17_redemittel_cat17_r_037,cat17-r-037,cat17-r-037,EXCEPTION_REVIEW,manual review: comparison/recovery row exists but decision is not apply-ready,untouched_exception_review,,manifest exception review,,Welche Form passt? home support,,home_problem,,Der Wasserhahn tropft.,Der Wasserhahn tropft.,Watch: specific verb,,,,,unclear_v02_decision,
content/b1-m17-home-family-daily-life-support.js,v080149_cat17_redemittel_cat17_r_041,cat17-r-041,cat17-r-041,EXCEPTION_REVIEW,manual review: imported row has sourceRowId but no comparison/recovery match,untouched_exception_review,,manifest exception review,,Welche Form passt? home support,,home_problem,,Könnten Sie jemanden vorbeischicken?,,Watch: separable verb,,,,,imported_source_without_replacement_layer_match,
content/b1-m17-home-family-daily-life-support.js,v080149_cat17_redemittel_cat17_r_042,cat17-r-042,cat17-r-042,EXCEPTION_REVIEW,manual review: imported row has sourceRowId but no comparison/recovery match,untouched_exception_review,,manifest exception review,,Welche Form passt? home support,,home_problem,,Wann kann jemand vorbeikommen?,,Watch: separable verb,,,,,imported_source_without_replacement_layer_match,
content/b1-m17-home-family-daily-life-support.js,v080149_cat17_redemittel_cat17_r_044,cat17-r-044,cat17-r-044,EXCEPTION_REVIEW,manual review: imported row has sourceRowId but no comparison/recovery match,untouched_exception_review,,manifest exception review,,Welche Form passt? invitation,,visits,,Kommst du am Samstag zu uns?,,Watch: yes/no question order,,,,,imported_source_without_replacement_layer_match,
content/b1-m17-home-family-daily-life-support.js,v080149_cat17_redemittel_cat17_r_045,cat17-r-045,cat17-r-045,EXCEPTION_REVIEW,manual review: comparison/recovery row exists but decision is not apply-ready,untouched_exception_review,,manifest exception review,,Welche Form passt? invitation,,visits,,Wir freuen uns auf deinen Besuch.,Wir freuen uns auf deinen Besuch.,Watch: reflexive + preposition,,,,,unclear_v02_decision,
content/b1-m17-home-family-daily-life-support.js,v080149_cat17_redemittel_cat17_r_047,cat17-r-047,cat17-r-047,EXCEPTION_REVIEW,manual review: imported row has sourceRowId but no comparison/recovery match,untouched_exception_review,,manifest exception review,,Welche Form passt? invitation,,visits,,Ich kann leider nicht kommen.,,Watch: modal,,,,,imported_source_without_replacement_layer_match,
content/b1-m17-home-family-daily-life-support.js,v080149_cat17_redemittel_cat17_r_048,cat17-r-048,cat17-r-048,EXCEPTION_REVIEW,manual review: imported row has sourceRowId but no comparison/recovery match,untouched_exception_review,,manifest exception review,,Welche Form passt? invitation,,visits,,Sollen wir einen Spaziergang machen?,,Watch: suggestion pattern,,,,,imported_source_without_replacement_layer_match,
content/b1-m17-home-family-daily-life-support.js,v080149_cat17_redemittel_cat17_r_049,cat17-r-049,cat17-r-049,EXCEPTION_REVIEW,manual review: comparison/recovery row exists but decision is not apply-ready,untouched_exception_review,,manifest exception review,,Welche Form passt? daily life,,weather,,Bei Regen bleiben wir zu Hause.,Bei Regen bleiben wir zu Hause.,Watch: prepositional condition,,,,,unclear_v02_decision,
content/b1-m17-home-family-daily-life-support.js,v080149_cat17_redemittel_cat17_r_050,cat17-r-050,cat17-r-050,EXCEPTION_REVIEW,manual review: comparison/recovery row exists but decision is not apply-ready,untouched_exception_review,,manifest exception review,,Welche Form passt? daily life,,weather,,Zieh bitte eine Jacke an.,Zieh bitte eine Jacke an.,Watch: separable imperative,,,,,unclear_v02_decision,
content/b1-m17-home-family-daily-life-support.js,v080149_cat17_redemittel_cat17_r_051,cat17-r-051,cat17-r-051,EXCEPTION_REVIEW,manual review: comparison/recovery row exists but decision is not apply-ready,untouched_exception_review,,manifest exception review,,Welche Form passt? daily life,,weather,,Die Schuhe sind noch nass.,Die Schuhe sind noch nass.,Watch: adjective,,,,,unclear_v02_decision,
content/b1-m17-home-family-daily-life-support.js,v080149_cat17_redemittel_cat17_r_052,cat17-r-052,cat17-r-052,EXCEPTION_REVIEW,manual review: comparison/recovery row exists but decision is not apply-ready,untouched_exception_review,,manifest exception review,,Welche Form passt? daily support,,support,,Ich brauche kurz Hilfe im Haushalt.,Ich brauche kurz Hilfe im Haushalt.,Watch: phrase,,,,,unclear_v02_decision,
content/b1-m17-home-family-daily-life-support.js,v080149_cat17_redemittel_cat17_r_053,cat17-r-053,cat17-r-053,EXCEPTION_REVIEW,manual review: imported row has sourceRowId but no comparison/recovery match,untouched_exception_review,,manifest exception review,,Welche Form passt? daily support,,support,,Kannst du mir kurz helfen?,,Watch: dative pronoun,,,,,imported_source_without_replacement_layer_match,
content/b1-m17-home-family-daily-life-support.js,v080149_cat17_redemittel_cat17_r_054,cat17-r-054,cat17-r-054,EXCEPTION_REVIEW,manual review: imported row has sourceRowId but no comparison/recovery match,untouched_exception_review,,manifest exception review,,Welche Form passt? daily support,,support,,Ich kümmere mich heute um den Einkauf.,,Watch: reflexive + preposition,,,,,imported_source_without_replacement_layer_match,
content/b1-m17-home-family-daily-life-support.js,v080149_cat17_redemittel_cat17_r_055,cat17-r-055,cat17-r-055,EXCEPTION_REVIEW,manual review: comparison/recovery row exists but decision is not apply-ready,untouched_exception_review,,manifest exception review,,Welche Form passt? daily support,,support,,Wir teilen die Hausarbeit auf.,Wir teilen die Hausarbeit auf.,Watch: separable verb,,,,,unclear_v02_decision,
content/b1-m17-home-family-daily-life-support.js,v080149_cat17_redemittel_cat17_r_057,cat17-r-057,cat17-r-057,EXCEPTION_REVIEW,manual review: imported row has sourceRowId but no comparison/recovery match,untouched_exception_review,,manifest exception review,,Welche Form passt? daily support,,support,,Ich melde mich später noch einmal.,,Watch: reflexive verb,,,,,imported_source_without_replacement_layer_match,
content/b1-m17-home-family-daily-life-support.js,v080149_cat17_wortschatz_cat17_w_081,cat17-w-081,cat17-w-081,EXCEPTION_REVIEW,manual review: comparison/recovery row exists but decision is not apply-ready,untouched_exception_review,,manifest exception review,,Welches Wort passt? to get up,,daily_routines,,aufstehen,aufstehen,`aufstehen` is separable: `Ich stehe um sieben Uhr auf.`,,,,,unclear_v02_decision,
content/b1-m17-home-family-daily-life-support.js,v080149_cat17_wortschatz_cat17_w_082,cat17-w-082,cat17-w-082,EXCEPTION_REVIEW,manual review: comparison/recovery row exists but decision is not apply-ready,untouched_exception_review,,manifest exception review,,Welches Wort passt? to wake up,,daily_routines,,aufwachen,aufwachen,`aufstehen` is separable: `Ich stehe um sieben Uhr auf.`,,,,,unclear_v02_decision,
content/b1-m17-home-family-daily-life-support.js,v080149_cat17_wortschatz_cat17_w_083,cat17-w-083,cat17-w-083,EXCEPTION_REVIEW,manual review: comparison/recovery row exists but decision is not apply-ready,untouched_exception_review,,manifest exception review,,Welches Wort passt? to have breakfast,,daily_routines,,frühstücken,frühstücken,`zu Hause` describes being at home.,,,,,unclear_v02_decision,
content/b1-m17-home-family-daily-life-support.js,v080149_cat17_wortschatz_cat17_w_084,cat17-w-084,cat17-w-084,EXCEPTION_REVIEW,manual review: comparison/recovery row exists but decision is not apply-ready,untouched_exception_review,,manifest exception review,,Welches Wort passt? to shower,,daily_routines,,duschen,duschen,"Home/daily-life wording should train one clear household, family, routine or support phrase.",,,,,unclear_v02_decision,
content/b1-m17-home-family-daily-life-support.js,v080149_cat17_wortschatz_cat17_w_085,cat17-w-085,cat17-w-085,EXCEPTION_REVIEW,manual review: comparison/recovery row exists but decision is not apply-ready,untouched_exception_review,,manifest exception review,,Welches Wort passt? to sleep,,daily_routines,,schlafen,schlafen,"Home/daily-life wording should train one clear household, family, routine or support phrase.",,,,,unclear_v02_decision,
content/b1-m17-home-family-daily-life-support.js,v080149_cat17_wortschatz_cat17_w_086,cat17-w-086,cat17-w-086,EXCEPTION_REVIEW,manual review: comparison/recovery row exists but decision is not apply-ready,untouched_exception_review,,manifest exception review,,Welches Wort passt? to fall asleep,,daily_routines,,einschlafen,einschlafen,"Home/daily-life wording should train one clear household, family, routine or support phrase.",,,,,unclear_v02_decision,
content/b1-m17-home-family-daily-life-support.js,v080149_cat17_wortschatz_cat17_w_087,cat17-w-087,cat17-w-087,EXCEPTION_REVIEW,manual review: comparison/recovery row exists but decision is not apply-ready,untouched_exception_review,,manifest exception review,,Welches Wort passt? to rest,,daily_routines,,sich ausruhen,sich ausruhen,reflexive pattern,,,,,unclear_v02_decision,
content/b1-m17-home-family-daily-life-support.js,v080149_cat17_wortschatz_cat17_w_088,cat17-w-088,cat17-w-088,EXCEPTION_REVIEW,manual review: comparison/recovery row exists but decision is not apply-ready,untouched_exception_review,,manifest exception review,,Welches Wort passt? to relax,,daily_routines,,sich entspannen,sich entspannen,reflexive pattern,,,,,unclear_v02_decision,
content/b1-m17-home-family-daily-life-support.js,v080149_cat17_wortschatz_cat17_w_106,cat17-w-106,cat17-w-106,EXCEPTION_REVIEW,manual review: comparison/recovery row exists but decision is not apply-ready,untouched_exception_review,,manifest exception review,,Welches Wort passt? to cook,,food_cooking,,kochen,kochen,`kochen` is used for cooking meals.,,,,,unclear_v02_decision,
content/b1-m17-home-family-daily-life-support.js,v080149_cat17_wortschatz_cat17_w_107,cat17-w-107,cat17-w-107,EXCEPTION_REVIEW,manual review: comparison/recovery row exists but decision is not apply-ready,untouched_exception_review,,manifest exception review,,Welches Wort passt? to bake,,food_cooking,,backen,backen,`kochen` is used for cooking meals.,,,,,unclear_v02_decision,
content/b1-m17-home-family-daily-life-support.js,v080149_cat17_wortschatz_cat17_w_108,cat17-w-108,cat17-w-108,EXCEPTION_REVIEW,manual review: comparison/recovery row exists but decision is not apply-ready,untouched_exception_review,,manifest exception review,,Welches Wort passt? to fry/roast,,food_cooking,,braten,braten,`kochen` is used for cooking meals.,,,,,unclear_v02_decision,
content/b1-m17-home-family-daily-life-support.js,v080149_cat17_wortschatz_cat17_w_109,cat17-w-109,cat17-w-109,EXCEPTION_REVIEW,manual review: comparison/recovery row exists but decision is not apply-ready,untouched_exception_review,,manifest exception review,,Welches Wort passt? to cut,,food_cooking,,schneiden,schneiden,"Home/daily-life wording should train one clear household, family, routine or support phrase.",,,,,unclear_v02_decision,
content/b1-m17-home-family-daily-life-support.js,v080149_cat17_wortschatz_cat17_w_110,cat17-w-110,cat17-w-110,EXCEPTION_REVIEW,manual review: comparison/recovery row exists but decision is not apply-ready,untouched_exception_review,,manifest exception review,,Welches Wort passt? to prepare,,food_cooking,,vorbereiten,vorbereiten,`kochen` is used for cooking meals.,,,,,unclear_v02_decision,
content/b1-m17-home-family-daily-life-support.js,v080149_cat17_wortschatz_cat17_w_123,cat17-w-123,cat17-w-123,EXCEPTION_REVIEW,manual review: comparison/recovery row exists but decision is not apply-ready,untouched_exception_review,,manifest exception review,,Welches Wort passt? to clean,,chores_cleaning,,putzen,putzen,Collocation: use `das Bad putzen` for cleaning the bathroom.,,,,,unclear_v02_decision,
content/b1-m17-home-family-daily-life-support.js,v080149_cat17_wortschatz_cat17_w_124,cat17-w-124,cat17-w-124,EXCEPTION_REVIEW,manual review: comparison/recovery row exists but decision is not apply-ready,untouched_exception_review,,manifest exception review,,Welches Wort passt? to tidy,,chores_cleaning,,aufräumen,aufräumen,"Home/daily-life wording should train one clear household, family, routine or support phrase.",,,,,unclear_v02_decision,
content/b1-m17-home-family-daily-life-support.js,v080149_cat17_wortschatz_cat17_w_125,cat17-w-125,cat17-w-125,EXCEPTION_REVIEW,manual review: comparison/recovery row exists but decision is not apply-ready,untouched_exception_review,,manifest exception review,,Welches Wort passt? to wash dishes/rinse,,chores_cleaning,,spülen,spülen,Collocation: use `das Geschirr spülen` for washing the dishes.,,,,,unclear_v02_decision,
content/b1-m17-home-family-daily-life-support.js,v080149_cat17_wortschatz_cat17_w_126,cat17-w-126,cat17-w-126,EXCEPTION_REVIEW,manual review: comparison/recovery row exists but decision is not apply-ready,untouched_exception_review,,manifest exception review,,Welches Wort passt? to wash,,chores_cleaning,,waschen,waschen,Collocation: use `die Wäsche waschen` for doing the laundry.,,,,,unclear_v02_decision,
content/b1-m17-home-family-daily-life-support.js,v080149_cat17_wortschatz_cat17_w_127,cat17-w-127,cat17-w-127,EXCEPTION_REVIEW,manual review: comparison/recovery row exists but decision is not apply-ready,untouched_exception_review,,manifest exception review,,Welches Wort passt? to hang up,,chores_cleaning,,aufhängen,aufhängen,Collocation: use `die Wäsche aufhängen` for hanging up laundry.,,,,,unclear_v02_decision,
content/b1-m17-home-family-daily-life-support.js,v080149_cat17_wortschatz_cat17_w_128,cat17-w-128,cat17-w-128,EXCEPTION_REVIEW,manual review: comparison/recovery row exists but decision is not apply-ready,untouched_exception_review,,manifest exception review,,Welches Wort passt? to vacuum,,chores_cleaning,,saugen,saugen,"Home/daily-life wording should train one clear household, family, routine or support phrase.",,,,,unclear_v02_decision,
content/b1-m17-home-family-daily-life-support.js,v080149_cat17_wortschatz_cat17_w_129,cat17-w-129,cat17-w-129,EXCEPTION_REVIEW,manual review: comparison/recovery row exists but decision is not apply-ready,untouched_exception_review,,manifest exception review,,Welches Wort passt? to mop/wipe,,chores_cleaning,,wischen,wischen,"Home/daily-life wording should train one clear household, family, routine or support phrase.",,,,,unclear_v02_decision,
content/b1-m17-home-family-daily-life-support.js,v080149_cat17_wortschatz_cat17_w_130,cat17-w-130,cat17-w-130,EXCEPTION_REVIEW,manual review: comparison/recovery row exists but decision is not apply-ready,untouched_exception_review,,manifest exception review,,Welches Wort passt? to air/ventilate,,chores_cleaning,,lüften,lüften,Collocation: use `das Zimmer lüften` for airing the room.,,,,,unclear_v02_decision,
content/b1-m17-home-family-daily-life-support.js,v080149_cat17_wortschatz_cat17_w_132,cat17-w-132,cat17-w-132,EXCEPTION_REVIEW,manual review: imported row has sourceRowId but no comparison/recovery match,untouched_exception_review,,manifest exception review,,Welches Wort passt? to water,,chores_cleaning,,gießen,,direct translation or wrong verb choice; check collocation,,,,,imported_source_without_replacement_layer_match,
content/b1-m17-home-family-daily-life-support.js,v080149_cat17_wortschatz_cat17_w_134,cat17-w-134,cat17-w-134,EXCEPTION_REVIEW,manual review: imported row has sourceRowId but no comparison/recovery match,untouched_exception_review,,manifest exception review,,Welches Wort passt? to turn on,,chores_cleaning,,anmachen,,separable verb,,,,,imported_source_without_replacement_layer_match,
content/b1-m17-home-family-daily-life-support.js,v080149_cat17_wortschatz_cat17_w_150,cat17-w-150,cat17-w-150,EXCEPTION_REVIEW,manual review: comparison/recovery row exists but decision is not apply-ready,untouched_exception_review,,manifest exception review,,Welches Wort passt? to look after/watch,,childcare_school,,aufpassen,aufpassen,safeguarding nuance,,,,,unclear_v02_decision,
content/b1-m17-home-family-daily-life-support.js,v080149_cat17_wortschatz_cat17_w_151,cat17-w-151,cat17-w-151,EXCEPTION_REVIEW,manual review: comparison/recovery row exists but decision is not apply-ready,untouched_exception_review,,manifest exception review,,Welches Wort passt? to care for/supervise,,childcare_school,,betreuen,betreuen,policy/safeguarding nuance,,,,,unclear_v02_decision,
content/b1-m17-home-family-daily-life-support.js,v080149_cat17_wortschatz_cat17_w_186,cat17-w-186,cat17-w-186,EXCEPTION_REVIEW,manual review: comparison/recovery row exists but decision is not apply-ready,untouched_exception_review,,manifest exception review,,Welches Wort passt? to invite,,leisure_guests,,einladen,einladen,"Home/daily-life wording should train one clear household, family, routine or support phrase.",,,,,unclear_v02_decision,
content/b1-m17-home-family-daily-life-support.js,v080149_cat17_wortschatz_cat17_w_187,cat17-w-187,cat17-w-187,EXCEPTION_REVIEW,manual review: comparison/recovery row exists but decision is not apply-ready,untouched_exception_review,,manifest exception review,,Welches Wort passt? to visit,,leisure_guests,,besuchen,besuchen,"Home/daily-life wording should train one clear household, family, routine or support phrase.",,,,,unclear_v02_decision,
content/b1-m17-home-family-daily-life-support.js,v080149_cat17_wortschatz_cat17_w_188,cat17-w-188,cat17-w-188,EXCEPTION_REVIEW,manual review: comparison/recovery row exists but decision is not apply-ready,untouched_exception_review,,manifest exception review,,Welches Wort passt? to come by,,leisure_guests,,vorbeikommen,vorbeikommen,"Home/daily-life wording should train one clear household, family, routine or support phrase.",,,,,unclear_v02_decision,
content/b1-m17-home-family-daily-life-support.js,v080149_cat17_wortschatz_cat17_w_197,cat17-w-197,cat17-w-197,EXCEPTION_REVIEW,manual review: comparison/recovery row exists but decision is not apply-ready,untouched_exception_review,,manifest exception review,,Welches Wort passt? to put on,,weather_clothing,,anziehen,anziehen,`ausziehen` is separable: `Ich ziehe die Schuhe aus.`,,,,,unclear_v02_decision,
content/b1-m17-home-family-daily-life-support.js,v080149_cat17_wortschatz_cat17_w_199,cat17-w-199,cat17-w-199,EXCEPTION_REVIEW,manual review: comparison/recovery row exists but decision is not apply-ready,untouched_exception_review,,manifest exception review,,Welches Wort passt? to fit/suit,,weather_clothing,,passen,passen,`Jacke` is useful for clothing/weather situations.,,,,,unclear_v02_decision,
