currentSourceFile,currentItemId,currentSourceRowId,v02RowId,proposedBucket,proposedAction,applyStatus,appliedFields,applyReason,replacementFieldList,currentPrompt,v02Prompt,currentStimulus,v02Stimulus,currentAnswer,v02Answer,currentExplain,v02Explain,quarantineReason,productionReason,legacySeedReason,riskFlag,notes
content/b1-connectors.js,b1_connector_116,,,PRODUCTION_PRACTICE,separate from normal auto-graded practice in future apply patch,production_isolated,normalAutoGradedPracticeEligible; v02ApplyGateStatus,self-marked/production indicators present,,"Sprechen/Schreiben: Erklären Sie, warum Sie heute nicht zur Arbeit kommen können. Verwenden Sie einmal weil.",,Explain why you cannot come to work today. Use weil once.,,self_check,,Production card: use the target connector actively in a short B1-relevant response.,,,self-marked/production indicators present,,,
content/b1-connectors.js,b1_connector_117,,,PRODUCTION_PRACTICE,separate from normal auto-graded practice in future apply patch,production_isolated,normalAutoGradedPracticeEligible; v02ApplyGateStatus,self-marked/production indicators present,,"Sprechen/Schreiben: Sagen Sie, dass Sie wenig Erfahrung haben, aber sich trotzdem bewerben. Verwenden Sie obwohl oder trotzdem.",,Say that you have little experience but are applying anyway. Use obwohl or trotzdem.,,self_check,,Production card: use the target connector actively in a short B1-relevant response.,,,self-marked/production indicators present,,,
content/b1-connectors.js,b1_connector_118,,,PRODUCTION_PRACTICE,separate from normal auto-graded practice in future apply patch,production_isolated,normalAutoGradedPracticeEligible; v02ApplyGateStatus,self-marked/production indicators present,,"Sprechen/Schreiben: Erklären Sie, warum Sie anrufen. Verwenden Sie um ... zu oder damit.",,Explain why you are calling. Use um ... zu or damit.,,self_check,,Production card: use the target connector actively in a short B1-relevant response.,,,self-marked/production indicators present,,,
content/b1-connectors.js,b1_connector_119,,,PRODUCTION_PRACTICE,separate from normal auto-graded practice in future apply patch,production_isolated,normalAutoGradedPracticeEligible; v02ApplyGateStatus,self-marked/production indicators present,,"Sprechen/Schreiben: Beschreiben Sie kurz, was Sie machen, bevor Sie nach Hause gehen.",,Say briefly what you do before going home.,,self_check,,Production card: use the target connector actively in a short B1-relevant response.,,,self-marked/production indicators present,,,
content/b1-connectors.js,b1_connector_120,,,PRODUCTION_PRACTICE,separate from normal auto-graded practice in future apply patch,production_isolated,normalAutoGradedPracticeEligible; v02ApplyGateStatus,self-marked/production indicators present,,Sprechen/Schreiben: Beschreiben Sie zwei Schritte bei einer Bestellung. Verwenden Sie nachdem.,,Describe two steps in an order process. Use nachdem.,,self_check,,Production card: use the target connector actively in a short B1-relevant response.,,,self-marked/production indicators present,,,
content/b1-m01-variant-families.js,v080149_cat02_practice_family_cat02_pf_077,cat02-pf-077,cat02-pf-077,PRODUCTION_PRACTICE,separate from normal auto-graded practice in future apply patch,production_isolated,normalAutoGradedPracticeEligible; v02ApplyGateStatus,self-marked/production indicators present,prompt; stimulus/learnerCue; answer/correctAnswer,"Schreibe einen kurzen Satz. Scenario: You introduce yourself on the first course day. Write one sentence. Useful phrases: `Ich bin neu im Kurs`, `Ich heiße ...`. Checklist: complete sentence; says you are new; no automatic grading.",Schreibe einen kurzen Satz.,,"Scenario: You introduce yourself on the first course day. Write one sentence. Useful phrases: `Ich bin neu im Kurs`, `Ich heiße ...`. Checklist: complete sentence; says you are new; no automatic grading.",self_check,Self-marked,Self-check: Did you say you are new and use a complete sentence?,Self-check: Did you say you are new and use a complete sentence?,,self-marked/production indicators present,,duplicate_v02_lineage_resolved,
content/b1-m01-variant-families.js,v080149_cat02_practice_family_cat02_pf_078,cat02-pf-078,cat02-pf-078,PRODUCTION_PRACTICE,separate from normal auto-graded practice in future apply patch,production_isolated,normalAutoGradedPracticeEligible; v02ApplyGateStatus,self-marked/production indicators present,prompt; stimulus/learnerCue; answer/correctAnswer,"Schreibe einen kurzen Satz. Scenario: You are in the building and need the course room. Write one question. Useful phrases: `Wo ist ...?`, `der Kursraum`. Checklist: asks for a place; uses a complete question; no automatic grading.",Schreibe einen kurzen Satz.,,"Scenario: You are in the building and need the course room. Write one question. Useful phrases: `Wo ist ...?`, `der Kursraum`. Checklist: asks for a place; uses a complete question; no automatic grading.",self_check,Self-marked,Self-check: Did you ask for a place with `Wo ist ...?`,Self-check: Did you ask for a place with `Wo ist ...?`,,self-marked/production indicators present,,duplicate_v02_lineage_resolved,
content/b1-m01-variant-families.js,v080149_cat02_practice_family_cat02_pf_079,cat02-pf-079,cat02-pf-079,PRODUCTION_PRACTICE,separate from normal auto-graded practice in future apply patch,production_isolated,normalAutoGradedPracticeEligible; v02ApplyGateStatus,self-marked/production indicators present,prompt; stimulus/learnerCue; answer/correctAnswer,"Schreibe einen kurzen Satz. Scenario: You did not hear something clearly. Write one polite request. Useful phrases: `Können Sie ...?`, `bitte`, `wiederholen`. Checklist: polite form; asks for repetition; no automatic grading.",Schreibe einen kurzen Satz.,,"Scenario: You did not hear something clearly. Write one polite request. Useful phrases: `Können Sie ...?`, `bitte`, `wiederholen`. Checklist: polite form; asks for repetition; no automatic grading.",self_check,Self-marked,Self-check: Did you ask politely and include `bitte`?,Self-check: Did you ask politely and include `bitte`?,,self-marked/production indicators present,,duplicate_v02_lineage_resolved,
content/b1-m01-variant-families.js,v080149_cat02_practice_family_cat02_pf_080,cat02-pf-080,cat02-pf-080,PRODUCTION_PRACTICE,separate from normal auto-graded practice in future apply patch,production_isolated,normalAutoGradedPracticeEligible; v02ApplyGateStatus,self-marked/production indicators present,prompt; stimulus/learnerCue; answer/correctAnswer,"Schreibe einen kurzen Satz. Scenario: Someone is speaking too fast. Write one polite request. Useful phrases: `Könnten Sie bitte ...?`, `langsamer sprechen`. Checklist: polite form; asks for slower speech; no automatic grading.",Schreibe einen kurzen Satz.,,"Scenario: Someone is speaking too fast. Write one polite request. Useful phrases: `Könnten Sie bitte ...?`, `langsamer sprechen`. Checklist: polite form; asks for slower speech; no automatic grading.",self_check,Self-marked,Self-check: Did you use a polite request?,Self-check: Did you use a polite request?,,self-marked/production indicators present,,duplicate_v02_lineage_resolved,
content/b1-m01-variant-families.js,v080149_cat02_practice_family_cat02_pf_081,cat02-pf-081,cat02-pf-081,PRODUCTION_PRACTICE,separate from normal auto-graded practice in future apply patch,production_isolated,normalAutoGradedPracticeEligible; v02ApplyGateStatus,self-marked/production indicators present,prompt; stimulus/learnerCue; answer/correctAnswer,"Schreibe einen kurzen Satz. Scenario: You need the course materials. Write one sentence. Useful phrases: `Ich brauche ...`, `die Unterlagen`. Checklist: states what you need; no automatic grading.",Schreibe einen kurzen Satz.,,"Scenario: You need the course materials. Write one sentence. Useful phrases: `Ich brauche ...`, `die Unterlagen`. Checklist: states what you need; no automatic grading.",self_check,Self-marked,Self-check: Did you state what you need?,Self-check: Did you state what you need?,,self-marked/production indicators present,,duplicate_v02_lineage_resolved,
content/b1-m01-variant-families.js,v080149_cat02_practice_family_cat02_pf_082,cat02-pf-082,cat02-pf-082,PRODUCTION_PRACTICE,separate from normal auto-graded practice in future apply patch,production_isolated,normalAutoGradedPracticeEligible; v02ApplyGateStatus,self-marked/production indicators present,prompt; stimulus/learnerCue; answer/correctAnswer,"Schreibe einen kurzen Satz. Scenario: You do not know who can help you. Write one question. Useful phrases: `Wer ist ...?`, `der richtige Ansprechpartner`. Checklist: asks for the contact person; no automatic grading.",Schreibe einen kurzen Satz.,,"Scenario: You do not know who can help you. Write one question. Useful phrases: `Wer ist ...?`, `der richtige Ansprechpartner`. Checklist: asks for the contact person; no automatic grading.",self_check,Self-marked,Self-check: Did you ask for the contact person?,Self-check: Did you ask for the contact person?,,self-marked/production indicators present,,duplicate_v02_lineage_resolved,
content/b1-m01-variant-families.js,v080149_cat02_practice_family_cat02_pf_083,cat02-pf-083,cat02-pf-083,PRODUCTION_PRACTICE,separate from normal auto-graded practice in future apply patch,production_isolated,normalAutoGradedPracticeEligible; v02ApplyGateStatus,self-marked/production indicators present,prompt; stimulus/learnerCue; answer/correctAnswer,Schreibe einen kurzen Satz. Scenario: You have not understood something yet. Write one sentence. Useful phrases: `Ich habe ... noch nicht verstanden`. Checklist: says what happened; no automatic grading.,Schreibe einen kurzen Satz.,,Scenario: You have not understood something yet. Write one sentence. Useful phrases: `Ich habe ... noch nicht verstanden`. Checklist: says what happened; no automatic grading.,self_check,Self-marked,Self-check: Did you say what you did not understand?,Self-check: Did you say what you did not understand?,,self-marked/production indicators present,,duplicate_v02_lineage_resolved,
content/b1-m01-variant-families.js,v080149_cat02_practice_family_cat02_pf_084,cat02-pf-084,cat02-pf-084,PRODUCTION_PRACTICE,separate from normal auto-graded practice in future apply patch,production_isolated,normalAutoGradedPracticeEligible; v02ApplyGateStatus,self-marked/production indicators present,prompt; stimulus/learnerCue; answer/correctAnswer,"Schreibe eine kurze Nachricht. Scenario: First day in a course or workplace. Write a two-sentence note: say you are new and ask where to go first. Useful phrases: `Ich bin neu ...`, `Wo soll ich zuerst hingehen?`. Checklist: one orientation request; no automatic grading.",Schreibe eine kurze Nachricht.,,"Scenario: First day in a course or workplace. Write a two-sentence note: say you are new and ask where to go first. Useful phrases: `Ich bin neu ...`, `Wo soll ich zuerst hingehen?`. Checklist: one orientation request; no automatic grading.",self_check,Self-marked,Self-check: Did you say you are new and ask for the next place?,Self-check: Did you say you are new and ask for the next place?,,self-marked/production indicators present,,duplicate_v02_lineage_resolved,
content/b1-m02-appointments-callbacks.js,v080149_cat01_practice_family_cat01_pf_073,cat01-pf-073,cat01-pf-073,PRODUCTION_PRACTICE,separate from normal auto-graded practice in future apply patch,production_isolated,normalAutoGradedPracticeEligible; v02ApplyGateStatus,self-marked/production indicators present,prompt; stimulus/learnerCue; answer/correctAnswer; microRule/explainText,"Schreibe einen kurzen passenden Satz. Scenario: Sie müssen kurz wegen make appointment schreiben oder sprechen. Useful phrases: Ich möchte ..., Könnten Sie bitte ..., der Termin, der Rückruf. Checklist: one short B1 sentence; polite form; clear action; self-mark only.",Schreibe einen kurzen selbstgeprüften Satz.,,Ask politely for an appointment. Useful phrase: `Ich möchte gern ...` Checklist: polite form; appointment noun; complete sentence.,self_check,Self-marked,Self-check: Did you ask politely for an appointment?,Self-check only: Did you ask politely for an appointment in one complete sentence?,,self-marked/production indicators present,,duplicate_v02_lineage_resolved,
content/b1-m02-appointments-callbacks.js,v080149_cat01_practice_family_cat01_pf_074,cat01-pf-074,cat01-pf-074,PRODUCTION_PRACTICE,separate from normal auto-graded practice in future apply patch,production_isolated,normalAutoGradedPracticeEligible; v02ApplyGateStatus,self-marked/production indicators present,prompt; stimulus/learnerCue; answer/correctAnswer; microRule/explainText,"Schreibe einen kurzen passenden Satz. Scenario: Sie müssen kurz wegen reschedule schreiben oder sprechen. Useful phrases: Ich möchte ..., Könnten Sie bitte ..., der Termin, der Rückruf. Checklist: one short B1 sentence; polite form; clear action; self-mark only.",Schreibe einen kurzen selbstgeprüften Satz.,,Ask to move an appointment to Friday. Useful phrase: `auf Freitag verschieben`. Checklist: polite request; `den Termin`; new day.,self_check,Self-marked,Self-check: Did you include the old appointment idea and the new time?,Self-check only: Did you ask politely and include `auf Freitag verschieben`?,,self-marked/production indicators present,,duplicate_v02_lineage_resolved,
content/b1-m02-appointments-callbacks.js,v080149_cat01_practice_family_cat01_pf_075,cat01-pf-075,cat01-pf-075,PRODUCTION_PRACTICE,separate from normal auto-graded practice in future apply patch,production_isolated,normalAutoGradedPracticeEligible; v02ApplyGateStatus,self-marked/production indicators present,prompt; stimulus/learnerCue; answer/correctAnswer; microRule/explainText,"Schreibe einen kurzen passenden Satz. Scenario: Sie müssen kurz wegen callback schreiben oder sprechen. Useful phrases: Ich möchte ..., Könnten Sie bitte ..., der Termin, der Rückruf. Checklist: one short B1 sentence; polite form; clear action; self-mark only.",Schreibe einen kurzen selbstgeprüften Satz.,,Ask for a callback and give your number. Useful phrase: `Könnten Sie mich bitte zurückrufen?` Checklist: callback request; contact number; polite form.,self_check,Self-marked,Self-check: Did you request a callback and give contact details?,Self-check only: Did you request a callback and give contact details?,,self-marked/production indicators present,,duplicate_v02_lineage_resolved,
content/b1-m02-appointments-callbacks.js,v080149_cat01_practice_family_cat01_pf_076,cat01-pf-076,cat01-pf-076,PRODUCTION_PRACTICE,separate from normal auto-graded practice in future apply patch,production_isolated,normalAutoGradedPracticeEligible; v02ApplyGateStatus,self-marked/production indicators present,prompt; stimulus/learnerCue; answer/correctAnswer; microRule/explainText,"Schreibe einen kurzen passenden Satz. Scenario: Sie müssen kurz wegen appointment confirmation email schreiben oder sprechen. Useful phrases: Ich möchte ..., Könnten Sie bitte ..., der Termin, der Rückruf. Checklist: one short B1 sentence; polite form; clear action; self-mark only.",Schreibe eine kurze selbstgeprüfte Nachricht.,,"Confirm an appointment in writing. Useful phrases: `Ich bestätige ...`, `Vielen Dank ...` Checklist: appointment date/time; confirmation verb; suitable closing.",self_check,Self-marked,Self-check: Did you confirm the appointment clearly?,Self-check only: Did you confirm the appointment clearly and politely?,,self-marked/production indicators present,,duplicate_v02_lineage_resolved,
content/b1-m03-job-search-offices.js,v080149_cat03_practice_family_cat03_pf_086,cat03-pf-086,cat03-pf-086,PRODUCTION_PRACTICE,separate from normal auto-graded practice in future apply patch,production_isolated,normalAutoGradedPracticeEligible; v02ApplyGateStatus,self-marked/production indicators present,prompt; stimulus/learnerCue; answer/correctAnswer,"Schreibe einen kurzen Satz. Scenario: You are at an office and need to know what to bring. Write one polite question. Useful phrases: `Welche Unterlagen ...?`, `mitbringen`. Checklist: asks about documents; uses polite question form; self-mark only.",Schreibe einen kurzen Satz.,,"Scenario: You are at an office and need to know what to bring. Write one polite question. Useful phrases: `Welche Unterlagen ...?`, `mitbringen`. Checklist: asks about documents; uses polite question form; self-mark only.",self_check,Self-marked,Self-check: Did you ask clearly which documents to bring?,Self-check: Did you ask clearly which documents to bring?,,self-marked/production indicators present,,duplicate_v02_lineage_resolved,
content/b1-m03-job-search-offices.js,v080149_cat03_practice_family_cat03_pf_087,cat03-pf-087,cat03-pf-087,PRODUCTION_PRACTICE,separate from normal auto-graded practice in future apply patch,production_isolated,normalAutoGradedPracticeEligible; v02ApplyGateStatus,self-marked/production indicators present,prompt; stimulus/learnerCue; answer/correctAnswer,Schreibe einen kurzen Satz. Scenario: One proof document is missing and will arrive later. Write one polite question using `nachreichen`. Checklist: mentions the missing proof; asks whether later submission is possible; self-mark only.,Schreibe einen kurzen Satz.,,Scenario: One proof document is missing and will arrive later. Write one polite question using `nachreichen`. Checklist: mentions the missing proof; asks whether later submission is possible; self-mark only.,self_check,Self-marked,Self-check: Did you ask whether you can submit the missing proof later?,Self-check: Did you ask whether you can submit the missing proof later?,,self-marked/production indicators present,,duplicate_v02_lineage_resolved,
content/b1-m03-job-search-offices.js,v080149_cat03_practice_family_cat03_pf_088,cat03-pf-088,cat03-pf-088,PRODUCTION_PRACTICE,separate from normal auto-graded practice in future apply patch,production_isolated,normalAutoGradedPracticeEligible; v02ApplyGateStatus,self-marked/production indicators present,prompt; stimulus/learnerCue; answer/correctAnswer,"Schreibe einen kurzen Satz. Scenario: You did not understand an official notice. Write one short, polite request for explanation. Useful phrases: `Ich habe den Bescheid nicht verstanden`, `Was soll ich jetzt tun?`. Checklist: stays factual; asks for help; self-mark only; human review before import.",Schreibe einen kurzen Satz.,,"Scenario: You did not understand an official notice. Write one short, polite request for explanation. Useful phrases: `Ich habe den Bescheid nicht verstanden`, `Was soll ich jetzt tun?`. Checklist: stays factual; asks for help; self-mark only; human review before import.",self_check,Self-marked,Self-check: Did you say what you did not understand and ask what to do next?,Self-check: Did you say what you did not understand and ask what to do next?,,self-marked/production indicators present,,duplicate_v02_lineage_resolved,
content/b1-m03-job-search-offices.js,v080149_cat03_practice_family_cat03_pf_089,cat03-pf-089,cat03-pf-089,PRODUCTION_PRACTICE,separate from normal auto-graded practice in future apply patch,production_isolated,normalAutoGradedPracticeEligible; v02ApplyGateStatus,self-marked/production indicators present,prompt; stimulus/learnerCue; answer/correctAnswer,Schreibe einen kurzen Satz. Scenario: You speak to a job adviser. Write one sentence saying you are looking for a part-time job. Useful phrase: `eine Stelle in Teilzeit suchen`. Checklist: says what you are looking for; includes `Teilzeit`; self-mark only.,Schreibe einen kurzen Satz.,,Scenario: You speak to a job adviser. Write one sentence saying you are looking for a part-time job. Useful phrase: `eine Stelle in Teilzeit suchen`. Checklist: says what you are looking for; includes `Teilzeit`; self-mark only.,self_check,Self-marked,Self-check: Did you say you are looking for a part-time position?,Self-check: Did you say you are looking for a part-time position?,,self-marked/production indicators present,,duplicate_v02_lineage_resolved,
content/b1-m03-job-search-offices.js,v080149_cat03_practice_family_cat03_pf_090,cat03-pf-090,cat03-pf-090,PRODUCTION_PRACTICE,separate from normal auto-graded practice in future apply patch,production_isolated,normalAutoGradedPracticeEligible; v02ApplyGateStatus,self-marked/production indicators present,prompt; stimulus/learnerCue; answer/correctAnswer,"Schreibe einen kurzen Satz. Scenario: You want to avoid going to the office. Ask whether you can submit the request online. Useful phrases: `Kann ich ...?`, `online stellen`. Checklist: asks about online submission; uses polite question form; self-mark only.",Schreibe einen kurzen Satz.,,"Scenario: You want to avoid going to the office. Ask whether you can submit the request online. Useful phrases: `Kann ich ...?`, `online stellen`. Checklist: asks about online submission; uses polite question form; self-mark only.",self_check,Self-marked,Self-check: Did you ask whether online submission is possible?,Self-check: Did you ask whether online submission is possible?,,self-marked/production indicators present,,duplicate_v02_lineage_resolved,
content/b1-m03-job-search-offices.js,v080149_cat03_redemittel_cat03_r_001,cat03-r-001,cat03-r-001,PRODUCTION_PRACTICE,separate from normal auto-graded practice in future apply patch,production_isolated,normalAutoGradedPracticeEligible; v02ApplyGateStatus,self-marked/production indicators present,answer/correctAnswer,Nutze diese Redemittel-Situation: Berufsberatung,,I am looking for a job as a sales assistant.,,self_check,Ich suche eine Stelle als Verkäuferin.,Watch: missing eine; wrong article,,,self-marked/production indicators present,,duplicate_v02_lineage_resolved,
content/b1-m03-job-search-offices.js,v080149_cat03_redemittel_cat03_r_014,cat03-r-014,cat03-r-014,PRODUCTION_PRACTICE,separate from normal auto-graded practice in future apply patch,production_isolated,normalAutoGradedPracticeEligible; v02ApplyGateStatus,self-marked/production indicators present,answer/correctAnswer,Nutze diese Redemittel-Situation: Berufsberatung,,I would like to arrange an advice appointment.,,self_check,Ich möchte einen Beratungstermin vereinbaren.,Watch: wrong verb: machen,,,self-marked/production indicators present,,duplicate_v02_lineage_resolved,
content/b1-m03-job-search-offices.js,v080149_cat03_redemittel_cat03_r_023,cat03-r-023,cat03-r-023,PRODUCTION_PRACTICE,separate from normal auto-graded practice in future apply patch,production_isolated,normalAutoGradedPracticeEligible; v02ApplyGateStatus,self-marked/production indicators present,answer/correctAnswer,Nutze diese Redemittel-Situation: office appointment,,Which documents do I need to bring?,,self_check,Welche Unterlagen muss ich mitbringen?,Watch: word order; wrong verb,,,self-marked/production indicators present,,duplicate_v02_lineage_resolved,
content/b1-m03-job-search-offices.js,v080149_cat03_redemittel_cat03_r_026,cat03-r-026,cat03-r-026,PRODUCTION_PRACTICE,separate from normal auto-graded practice in future apply patch,production_isolated,normalAutoGradedPracticeEligible; v02ApplyGateStatus,self-marked/production indicators present,answer/correctAnswer,Nutze diese Redemittel-Situation: office,,Can I submit the proof later?,,self_check,Kann ich den Nachweis nachreichen?,Watch: verb choice,,,self-marked/production indicators present,,duplicate_v02_lineage_resolved,
content/b1-m03-job-search-offices.js,v080149_cat03_redemittel_cat03_r_027,cat03-r-027,cat03-r-027,PRODUCTION_PRACTICE,separate from normal auto-graded practice in future apply patch,production_isolated,normalAutoGradedPracticeEligible; v02ApplyGateStatus,self-marked/production indicators present,answer/correctAnswer,Nutze diese Redemittel-Situation: office,,By when do I have to submit the documents?,,self_check,Bis wann muss ich die Unterlagen einreichen?,Watch: word order; wrong separable verb,,,self-marked/production indicators present,,duplicate_v02_lineage_resolved,
content/b1-m04-applications.js,v080149_cat04_practice_family_cat04_pf_097,cat04-pf-097,cat04-pf-097,PRODUCTION_PRACTICE,separate from normal auto-graded practice in future apply patch,production_isolated,normalAutoGradedPracticeEligible; v02ApplyGateStatus,self-marked/production indicators present,prompt; stimulus/learnerCue; answer/correctAnswer,"Schreibe einen kurzen Satz. Scenario: You are writing a short application email. Write one sentence applying for a position. Useful phrases: `Ich bewerbe mich um ...`, `die Stelle als ...`. Checklist: position named; `sich um ... bewerben`; self-mark only.",Schreibe einen kurzen Satz.,,"Scenario: You are writing a short application email. Write one sentence applying for a position. Useful phrases: `Ich bewerbe mich um ...`, `die Stelle als ...`. Checklist: position named; `sich um ... bewerben`; self-mark only.",self_check,Self-marked,"Self-marked only: check whether the response matches the scenario, uses the phrase bank naturally, and stays short.","Self-marked only: check whether the response matches the scenario, uses the phrase bank naturally, and stays short.",,self-marked/production indicators present,,duplicate_v02_lineage_resolved,
content/b1-m04-applications.js,v080149_cat04_practice_family_cat04_pf_098,cat04-pf-098,cat04-pf-098,PRODUCTION_PRACTICE,separate from normal auto-graded practice in future apply patch,production_isolated,normalAutoGradedPracticeEligible; v02ApplyGateStatus,self-marked/production indicators present,prompt; stimulus/learnerCue; answer/correctAnswer,"Schreibe einen kurzen Satz. Scenario: You attach your CV to an email. Write one sentence. Useful phrases: `Im Anhang finden Sie ...`, `meinen Lebenslauf`. Checklist: attachment mentioned; document named; formal style; self-mark only.",Schreibe einen kurzen Satz.,,"Scenario: You attach your CV to an email. Write one sentence. Useful phrases: `Im Anhang finden Sie ...`, `meinen Lebenslauf`. Checklist: attachment mentioned; document named; formal style; self-mark only.",self_check,Self-marked,"Self-marked only: check whether the response matches the scenario, uses the phrase bank naturally, and stays short.","Self-marked only: check whether the response matches the scenario, uses the phrase bank naturally, and stays short.",,self-marked/production indicators present,,duplicate_v02_lineage_resolved,
content/b1-m04-applications.js,v080149_cat04_practice_family_cat04_pf_099,cat04-pf-099,cat04-pf-099,PRODUCTION_PRACTICE,separate from normal auto-graded practice in future apply patch,production_isolated,normalAutoGradedPracticeEligible; v02ApplyGateStatus,self-marked/production indicators present,prompt; stimulus/learnerCue; answer/correctAnswer,"Schreibe eine kurze Antwort. Scenario: You received an interview invitation. Write a short reply thanking them and confirming the appointment. Useful phrases: `Vielen Dank für die Einladung ...`, `den Termin bestätige ich gern`. Checklist: thanks; confirms appointment; self-mark only.",Schreibe eine kurze Antwort.,,"Scenario: You received an interview invitation. Write a short reply thanking them and confirming the appointment. Useful phrases: `Vielen Dank für die Einladung ...`, `den Termin bestätige ich gern`. Checklist: thanks; confirms appointment; self-mark only.",self_check,Self-marked,"Self-marked only: check whether the response matches the scenario, uses the phrase bank naturally, and stays short.","Self-marked only: check whether the response matches the scenario, uses the phrase bank naturally, and stays short.",,self-marked/production indicators present,,duplicate_v02_lineage_resolved,
content/b1-m04-applications.js,v080149_cat04_practice_family_cat04_pf_100,cat04-pf-100,cat04-pf-100,PRODUCTION_PRACTICE,separate from normal auto-graded practice in future apply patch,production_isolated,normalAutoGradedPracticeEligible; v02ApplyGateStatus,self-marked/production indicators present,prompt; stimulus/learnerCue; answer/correctAnswer,"Schreibe einen kurzen Satz. Scenario: You cannot attend the suggested interview time. Write one polite sentence asking for another appointment. Useful phrases: `Leider bin ich ... verhindert`, `Wäre ein anderer Termin möglich?`. Checklist: polite; asks for alternative; self-mark only.",Schreibe einen kurzen Satz.,,"Scenario: You cannot attend the suggested interview time. Write one polite sentence asking for another appointment. Useful phrases: `Leider bin ich ... verhindert`, `Wäre ein anderer Termin möglich?`. Checklist: polite; asks for alternative; self-mark only.",self_check,Self-marked,"Self-marked only: check whether the response matches the scenario, uses the phrase bank naturally, and stays short.","Self-marked only: check whether the response matches the scenario, uses the phrase bank naturally, and stays short.",,self-marked/production indicators present,,duplicate_v02_lineage_resolved,
content/b1-m04-applications.js,v080149_cat04_practice_family_cat04_pf_101,cat04-pf-101,cat04-pf-101,PRODUCTION_PRACTICE,separate from normal auto-graded practice in future apply patch,production_isolated,normalAutoGradedPracticeEligible; v02ApplyGateStatus,self-marked/production indicators present,prompt; stimulus/learnerCue; answer/correctAnswer,"Schreibe einen kurzen Satz. Scenario: You are asked about experience. Write one sentence about one work area. Useful phrases: `Ich habe Erfahrung im Bereich ...`, `Ich habe Berufserfahrung in ...`. Checklist: one area; clear phrase; self-mark only.",Schreibe einen kurzen Satz.,,"Scenario: You are asked about experience. Write one sentence about one work area. Useful phrases: `Ich habe Erfahrung im Bereich ...`, `Ich habe Berufserfahrung in ...`. Checklist: one area; clear phrase; self-mark only.",self_check,Self-marked,"Self-marked only: check whether the response matches the scenario, uses the phrase bank naturally, and stays short.","Self-marked only: check whether the response matches the scenario, uses the phrase bank naturally, and stays short.",,self-marked/production indicators present,,duplicate_v02_lineage_resolved,
content/b1-m04-applications.js,v080149_cat04_practice_family_cat04_pf_102,cat04-pf-102,cat04-pf-102,PRODUCTION_PRACTICE,separate from normal auto-graded practice in future apply patch,production_isolated,normalAutoGradedPracticeEligible; v02ApplyGateStatus,self-marked/production indicators present,prompt; stimulus/learnerCue; answer/correctAnswer,Schreibe einen kurzen Satz. Scenario: You describe your last job. Write one sentence saying what you were responsible for. Useful phrases: `Ich war für ... zuständig`. Checklist: responsibility named; uses `für`; self-mark only.,Schreibe einen kurzen Satz.,,Scenario: You describe your last job. Write one sentence saying what you were responsible for. Useful phrases: `Ich war für ... zuständig`. Checklist: responsibility named; uses `für`; self-mark only.,self_check,Self-marked,"Self-marked only: check whether the response matches the scenario, uses the phrase bank naturally, and stays short.","Self-marked only: check whether the response matches the scenario, uses the phrase bank naturally, and stays short.",,self-marked/production indicators present,,duplicate_v02_lineage_resolved,
content/b1-m04-applications.js,v080149_cat04_practice_family_cat04_pf_103,cat04-pf-103,cat04-pf-103,PRODUCTION_PRACTICE,separate from normal auto-graded practice in future apply patch,production_isolated,normalAutoGradedPracticeEligible; v02ApplyGateStatus,self-marked/production indicators present,prompt; stimulus/learnerCue; answer/correctAnswer,Schreibe einen kurzen Satz. Scenario: You state your German level in an application or interview. Write one sentence. Useful phrase: `Meine Deutschkenntnisse sind auf B1-Niveau.` Checklist: German skills named; `auf B1-Niveau`; self-mark only.,Schreibe einen kurzen Satz.,,Scenario: You state your German level in an application or interview. Write one sentence. Useful phrase: `Meine Deutschkenntnisse sind auf B1-Niveau.` Checklist: German skills named; `auf B1-Niveau`; self-mark only.,self_check,Self-marked,"Self-marked only: check whether the response matches the scenario, uses the phrase bank naturally, and stays short.","Self-marked only: check whether the response matches the scenario, uses the phrase bank naturally, and stays short.",,self-marked/production indicators present,,duplicate_v02_lineage_resolved,
content/b1-m04-applications.js,v080149_cat04_practice_family_cat04_pf_104,cat04-pf-104,cat04-pf-104,PRODUCTION_PRACTICE,separate from normal auto-graded practice in future apply patch,production_isolated,normalAutoGradedPracticeEligible; v02ApplyGateStatus,self-marked/production indicators present,prompt; stimulus/learnerCue; answer/correctAnswer,"Schreibe einen kurzen Satz. Scenario: You did not understand an interview question. Write one polite request. Useful phrases: `Könnten Sie ...?`, `bitte wiederholen`. Checklist: polite question; asks for repetition; self-mark only.",Schreibe einen kurzen Satz.,,"Scenario: You did not understand an interview question. Write one polite request. Useful phrases: `Könnten Sie ...?`, `bitte wiederholen`. Checklist: polite question; asks for repetition; self-mark only.",self_check,Self-marked,"Self-marked only: check whether the response matches the scenario, uses the phrase bank naturally, and stays short.","Self-marked only: check whether the response matches the scenario, uses the phrase bank naturally, and stays short.",,self-marked/production indicators present,,duplicate_v02_lineage_resolved,
content/b1-m04-applications.js,v080149_cat04_practice_family_cat04_pf_105,cat04-pf-105,cat04-pf-105,PRODUCTION_PRACTICE,separate from normal auto-graded practice in future apply patch,production_isolated,normalAutoGradedPracticeEligible; v02ApplyGateStatus,self-marked/production indicators present,prompt; stimulus/learnerCue; answer/correctAnswer,"Schreibe eine kurze Nachricht. Scenario: You want to ask about the status of your application. Write one short polite question. Useful phrases: `Ich wollte kurz nachfragen, ob ...`, `Rückmeldung`. Checklist: polite; asks about reply/status; self-mark only.",Schreibe eine kurze Nachricht.,,"Scenario: You want to ask about the status of your application. Write one short polite question. Useful phrases: `Ich wollte kurz nachfragen, ob ...`, `Rückmeldung`. Checklist: polite; asks about reply/status; self-mark only.",self_check,Self-marked,"Self-marked only: check whether the response matches the scenario, uses the phrase bank naturally, and stays short.","Self-marked only: check whether the response matches the scenario, uses the phrase bank naturally, and stays short.",,self-marked/production indicators present,,duplicate_v02_lineage_resolved,
content/b1-m04-applications.js,v080149_cat04_practice_family_cat04_pf_106,cat04-pf-106,cat04-pf-106,PRODUCTION_PRACTICE,separate from normal auto-graded practice in future apply patch,production_isolated,normalAutoGradedPracticeEligible; v02ApplyGateStatus,self-marked/production indicators present,prompt; stimulus/learnerCue; answer/correctAnswer,Schreibe einen kurzen Satz. Scenario: A certificate is missing and you will submit it later. Write one sentence. Useful phrase: `Ich reiche ... morgen nach.` Checklist: document named; uses `nachreichen`; self-mark only.,Schreibe einen kurzen Satz.,,Scenario: A certificate is missing and you will submit it later. Write one sentence. Useful phrase: `Ich reiche ... morgen nach.` Checklist: document named; uses `nachreichen`; self-mark only.,self_check,Self-marked,"Self-marked only: check whether the response matches the scenario, uses the phrase bank naturally, and stays short.","Self-marked only: check whether the response matches the scenario, uses the phrase bank naturally, and stays short.",,self-marked/production indicators present,,duplicate_v02_lineage_resolved,
content/b1-m04-applications.js,v080149_cat04_practice_family_cat04_pf_107,cat04-pf-107,cat04-pf-107,PRODUCTION_PRACTICE,separate from normal auto-graded practice in future apply patch,production_isolated,normalAutoGradedPracticeEligible; v02ApplyGateStatus,self-marked/production indicators present,prompt; stimulus/learnerCue; answer/correctAnswer,"Schreibe einen kurzen Satz. Scenario: You give one simple reason for applying. Write one sentence. Useful patterns: `Ich bewerbe mich, weil ...`, `Die Stelle interessiert mich, weil ...`. Checklist: one clear reason; no long essay; self-mark only.",Schreibe einen kurzen Satz.,,"Scenario: You give one simple reason for applying. Write one sentence. Useful patterns: `Ich bewerbe mich, weil ...`, `Die Stelle interessiert mich, weil ...`. Checklist: one clear reason; no long essay; self-mark only.",self_check,Self-marked,"Self-marked only: check whether the response matches the scenario, uses the phrase bank naturally, and stays short.","Self-marked only: check whether the response matches the scenario, uses the phrase bank naturally, and stays short.",,self-marked/production indicators present,,duplicate_v02_lineage_resolved,
content/b1-m04-applications.js,v080149_cat04_practice_family_cat04_pf_108,cat04-pf-108,cat04-pf-108,PRODUCTION_PRACTICE,separate from normal auto-graded practice in future apply patch,production_isolated,normalAutoGradedPracticeEligible; v02ApplyGateStatus,self-marked/production indicators present,prompt; stimulus/learnerCue; answer/correctAnswer,"Schreibe eine kurze E-Mail. Scenario: You write a very short application email. Include opening, application sentence, attachment sentence, and closing. Useful phrases: `Sehr geehrte ...`, `Ich bewerbe mich um ...`, `Im Anhang finden Sie ...`, `Mit freundlichen Grüßen`. Checklist: full short email; self-mark only; human/external review needed.",Schreibe eine kurze E-Mail.,,"Scenario: You write a very short application email. Include opening, application sentence, attachment sentence, and closing. Useful phrases: `Sehr geehrte ...`, `Ich bewerbe mich um ...`, `Im Anhang finden Sie ...`, `Mit freundlichen Grüßen`. Checklist: full short email; self-mark only; human/external review needed.",self_check,Self-marked,"Self-marked only: check whether the response matches the scenario, uses the phrase bank naturally, and stays short.","Self-marked only: check whether the response matches the scenario, uses the phrase bank naturally, and stays short.",,self-marked/production indicators present,,duplicate_v02_lineage_resolved,
content/b1-m04-applications.js,v080149_cat04_redemittel_cat04_r_039,cat04-r-039,cat04-r-039,PRODUCTION_PRACTICE,separate from normal auto-graded practice in future apply patch,production_isolated,normalAutoGradedPracticeEligible; v02ApplyGateStatus,self-marked/production indicators present,answer/correctAnswer,Nutze diese Redemittel-Situation: interview answer,Nutze diese Redemittel-Situation: interview answer,"My salary expectation is 2,300 euros gross.",,self_check,Meine Gehaltsvorstellung liegt bei 2.300 Euro brutto.,Watch: register/legal/tax boundary,Watch: register/legal/tax boundary,,self-marked/production indicators present,,duplicate_v02_lineage_resolved,
content/b1-m05-first-day-contract-basics.js,v080149_cat05_practice_family_cat05_pf_061,cat05-pf-061,cat05-pf-061,PRODUCTION_PRACTICE,separate from normal auto-graded practice in future apply patch,production_isolated,normalAutoGradedPracticeEligible; v02ApplyGateStatus,self-marked/production indicators present,prompt; stimulus/learnerCue; answer/correctAnswer,"Schreibe einen kurzen Satz. Scenario: You arrive at reception on your first working day. Write one polite sentence. Useful phrases: `Ich melde mich ...`, `zum ersten Arbeitstag`, `heute`. Checklist: says why you are there; uses polite/neutral wording; self-mark only.",Schreibe einen kurzen Satz.,,"Scenario: You arrive at reception on your first working day. Write one polite sentence. Useful phrases: `Ich melde mich ...`, `zum ersten Arbeitstag`, `heute`. Checklist: says why you are there; uses polite/neutral wording; self-mark only.",self_check,self-marked,"Self-marked only: check whether the response matches the scenario, uses the phrase bank naturally, and stays short.","Self-marked only: check whether the response matches the scenario, uses the phrase bank naturally, and stays short.",,self-marked/production indicators present,,duplicate_v02_lineage_resolved,
content/b1-m05-first-day-contract-basics.js,v080149_cat05_practice_family_cat05_pf_062,cat05-pf-062,cat05-pf-062,PRODUCTION_PRACTICE,separate from normal auto-graded practice in future apply patch,production_isolated,normalAutoGradedPracticeEligible; v02ApplyGateStatus,self-marked/production indicators present,prompt; stimulus/learnerCue; answer/correctAnswer,"Schreibe einen kurzen Satz. Scenario: HR asks you to bring documents. Write one question about documents. Useful phrases: `Welche Unterlagen ...?`, `mitbringen`, `einreichen`. Checklist: asks about documents; uses `Unterlagen`; self-mark only.",Schreibe einen kurzen Satz.,,"Scenario: HR asks you to bring documents. Write one question about documents. Useful phrases: `Welche Unterlagen ...?`, `mitbringen`, `einreichen`. Checklist: asks about documents; uses `Unterlagen`; self-mark only.",self_check,self-marked,"Self-marked only: check whether the response matches the scenario, uses the phrase bank naturally, and stays short.","Self-marked only: check whether the response matches the scenario, uses the phrase bank naturally, and stays short.",,self-marked/production indicators present,,duplicate_v02_lineage_resolved,
content/b1-m05-first-day-contract-basics.js,v080149_cat05_practice_family_cat05_pf_063,cat05-pf-063,cat05-pf-063,PRODUCTION_PRACTICE,separate from normal auto-graded practice in future apply patch,production_isolated,normalAutoGradedPracticeEligible; v02ApplyGateStatus,self-marked/production indicators present,prompt; stimulus/learnerCue; answer/correctAnswer,"Schreibe einen kurzen Satz. Scenario: You are ready to start but do not know what to do first. Write one polite question. Useful phrases: `Welche Aufgabe ...?`, `zuerst`, `soll ich`. Checklist: asks for first task; keeps it short; self-mark only.",Schreibe einen kurzen Satz.,,"Scenario: You are ready to start but do not know what to do first. Write one polite question. Useful phrases: `Welche Aufgabe ...?`, `zuerst`, `soll ich`. Checklist: asks for first task; keeps it short; self-mark only.",self_check,self-marked,"Self-marked only: check whether the response matches the scenario, uses the phrase bank naturally, and stays short.","Self-marked only: check whether the response matches the scenario, uses the phrase bank naturally, and stays short.",,self-marked/production indicators present,,duplicate_v02_lineage_resolved,
content/b1-m05-first-day-contract-basics.js,v080149_cat05_practice_family_cat05_pf_064,cat05-pf-064,cat05-pf-064,PRODUCTION_PRACTICE,separate from normal auto-graded practice in future apply patch,production_isolated,normalAutoGradedPracticeEligible; v02ApplyGateStatus,self-marked/production indicators present,prompt; stimulus/learnerCue; answer/correctAnswer,Schreibe einen kurzen Satz. Scenario: Your supervisor asks what you are doing today. Write one sentence about reception. Useful phrase: `Ich bin heute für den Empfang zuständig.` Checklist: uses `für ... zuständig`; names the responsibility; self-mark only.,Schreibe einen kurzen Satz.,,Scenario: Your supervisor asks what you are doing today. Write one sentence about reception. Useful phrase: `Ich bin heute für den Empfang zuständig.` Checklist: uses `für ... zuständig`; names the responsibility; self-mark only.,self_check,self-marked,"Self-marked only: check whether the response matches the scenario, uses the phrase bank naturally, and stays short.","Self-marked only: check whether the response matches the scenario, uses the phrase bank naturally, and stays short.",,self-marked/production indicators present,,duplicate_v02_lineage_resolved,
content/b1-m05-first-day-contract-basics.js,v080149_cat05_practice_family_cat05_pf_065,cat05-pf-065,cat05-pf-065,PRODUCTION_PRACTICE,separate from normal auto-graded practice in future apply patch,production_isolated,normalAutoGradedPracticeEligible; v02ApplyGateStatus,self-marked/production indicators present,prompt; stimulus/learnerCue; answer/correctAnswer,"Schreibe einen kurzen Satz. Scenario: You have a simple question about your employment contract. Write one polite question. Useful phrases: `Ich habe eine Frage zum Arbeitsvertrag`, `Könnten Sie ...?`. Checklist: asks one question; no legal advice claim; self-mark only; human review recommended for real contract details.",Schreibe einen kurzen Satz.,,"Scenario: You have a simple question about your employment contract. Write one polite question. Useful phrases: `Ich habe eine Frage zum Arbeitsvertrag`, `Könnten Sie ...?`. Checklist: asks one question; no legal advice claim; self-mark only; human review recommended for real contract details.",self_check,self-marked,"Self-marked only: check whether the response matches the scenario, uses the phrase bank naturally, and stays short.","Self-marked only: check whether the response matches the scenario, uses the phrase bank naturally, and stays short.",,self-marked/production indicators present,,duplicate_v02_lineage_resolved,
content/b1-m05-first-day-contract-basics.js,v080149_cat05_practice_family_cat05_pf_066,cat05-pf-066,cat05-pf-066,PRODUCTION_PRACTICE,separate from normal auto-graded practice in future apply patch,production_isolated,normalAutoGradedPracticeEligible; v02ApplyGateStatus,self-marked/production indicators present,prompt; stimulus/learnerCue; answer/correctAnswer,"Schreibe einen kurzen Satz. Scenario: You need help with a form on the first day. Write one polite request. Useful phrases: `Könnten Sie mir bitte helfen?`, `das Formular`, `ausfüllen`. Checklist: asks politely; mentions the form; self-mark only.",Schreibe einen kurzen Satz.,,"Scenario: You need help with a form on the first day. Write one polite request. Useful phrases: `Könnten Sie mir bitte helfen?`, `das Formular`, `ausfüllen`. Checklist: asks politely; mentions the form; self-mark only.",self_check,self-marked,"Self-marked only: check whether the response matches the scenario, uses the phrase bank naturally, and stays short.","Self-marked only: check whether the response matches the scenario, uses the phrase bank naturally, and stays short.",,self-marked/production indicators present,,duplicate_v02_lineage_resolved,
content/b1-m06-sick-leave.js,v080149_cat06_practice_family_cat06_pf_065,cat06-pf-065,cat06-pf-065,PRODUCTION_PRACTICE,separate from normal auto-graded practice in future apply patch,production_isolated,normalAutoGradedPracticeEligible; v02ApplyGateStatus,self-marked/production indicators present,prompt; stimulus/learnerCue; answer/correctAnswer,"Schreibe eine kurze, sichere Nachricht. Write one polite message to say you are sick and cannot come to work today. | Scenario: You are contacting work, a course, or a practice about illness. Useful phrases: Ich bin krank; Ich kann heute nicht kommen; Können Sie ...? Checklist: one short message; no diagnosis; no medical advice; self-mark only.","Schreibe eine kurze, sichere Nachricht.",,"Write one polite message to say you are sick and cannot come to work today. | Scenario: You are contacting work, a course, or a practice about illness. Useful phrases: Ich bin krank; Ich kann heute nicht kommen; Können Sie ...? Checklist: one short message; no diagnosis; no medical advice; self-mark only.",self_check,self-marked,"Production is practice only: check whether the message is short, polite, and avoids diagnosis/advice.","Production is practice only: check whether the message is short, polite, and avoids diagnosis/advice.",,self-marked/production indicators present,,duplicate_v02_lineage_resolved,
content/b1-m06-sick-leave.js,v080149_cat06_practice_family_cat06_pf_066,cat06-pf-066,cat06-pf-066,PRODUCTION_PRACTICE,separate from normal auto-graded practice in future apply patch,production_isolated,normalAutoGradedPracticeEligible; v02ApplyGateStatus,self-marked/production indicators present,prompt; stimulus/learnerCue; answer/correctAnswer,"Schreibe eine kurze, sichere Nachricht. Write one polite message to the course instructor saying you are sick today. | Scenario: You are contacting work, a course, or a practice about illness. Useful phrases: Ich bin krank; Ich kann heute nicht kommen; Können Sie ...? Checklist: one short message; no diagnosis; no medical advice; self-mark only.","Schreibe eine kurze, sichere Nachricht.",,"Write one polite message to the course instructor saying you are sick today. | Scenario: You are contacting work, a course, or a practice about illness. Useful phrases: Ich bin krank; Ich kann heute nicht kommen; Können Sie ...? Checklist: one short message; no diagnosis; no medical advice; self-mark only.",self_check,self-marked,"Production is practice only: check whether the message is short, polite, and avoids diagnosis/advice.","Production is practice only: check whether the message is short, polite, and avoids diagnosis/advice.",,self-marked/production indicators present,,duplicate_v02_lineage_resolved,
content/b1-m06-sick-leave.js,v080149_cat06_practice_family_cat06_pf_067,cat06-pf-067,cat06-pf-067,PRODUCTION_PRACTICE,separate from normal auto-graded practice in future apply patch,production_isolated,normalAutoGradedPracticeEligible; v02ApplyGateStatus,self-marked/production indicators present,prompt; stimulus/learnerCue; answer/correctAnswer,"Schreibe eine kurze, sichere Nachricht. Ask the practice for a doctor appointment because you are ill. | Scenario: You are contacting work, a course, or a practice about illness. Useful phrases: Ich bin krank; Ich kann heute nicht kommen; Können Sie ...? Checklist: one short message; no diagnosis; no medical advice; self-mark only.","Schreibe eine kurze, sichere Nachricht.",,"Ask the practice for a doctor appointment because you are ill. | Scenario: You are contacting work, a course, or a practice about illness. Useful phrases: Ich bin krank; Ich kann heute nicht kommen; Können Sie ...? Checklist: one short message; no diagnosis; no medical advice; self-mark only.",self_check,self-marked,"Production is practice only: check whether the message is short, polite, and avoids diagnosis/advice.","Production is practice only: check whether the message is short, polite, and avoids diagnosis/advice.",,self-marked/production indicators present,,duplicate_v02_lineage_resolved,
content/b1-m06-sick-leave.js,v080149_cat06_practice_family_cat06_pf_068,cat06-pf-068,cat06-pf-068,PRODUCTION_PRACTICE,separate from normal auto-graded practice in future apply patch,production_isolated,normalAutoGradedPracticeEligible; v02ApplyGateStatus,self-marked/production indicators present,prompt; stimulus/learnerCue; answer/correctAnswer,Schreibe einen kurzen Satz. Tell the practice two symptoms in simple German.,Schreibe einen kurzen Satz.,,Tell the practice two symptoms in simple German.,self_check,Self-marked,Self-check: Did you use simple symptom phrases like `Ich habe ...` or `Mir ist ...`?,Self-check: Did you use simple symptom phrases like `Ich habe ...` or `Mir ist ...`?,,self-marked/production indicators present,,duplicate_v02_lineage_resolved,
content/b1-m06-sick-leave.js,v080149_cat06_practice_family_cat06_pf_069,cat06-pf-069,cat06-pf-069,PRODUCTION_PRACTICE,separate from normal auto-graded practice in future apply patch,production_isolated,normalAutoGradedPracticeEligible; v02ApplyGateStatus,self-marked/production indicators present,prompt; stimulus/learnerCue; answer/correctAnswer,Schreibe einen kurzen Satz. Ask whether you need a certificate for work or course.,Schreibe einen kurzen Satz.,,Ask whether you need a certificate for work or course.,self_check,Self-marked,"Self-check: Did you ask for information, not legal advice?","Self-check: Did you ask for information, not legal advice?",,self-marked/production indicators present,,duplicate_v02_lineage_resolved,
content/b1-m06-sick-leave.js,v080149_cat06_practice_family_cat06_pf_100,cat06-pf-100,cat06-pf-100,PRODUCTION_PRACTICE,separate from normal auto-graded practice in future apply patch,production_isolated,normalAutoGradedPracticeEligible; v02ApplyGateStatus,self-marked/production indicators present,prompt; stimulus/learnerCue; answer/correctAnswer,"Schreibe einen kurzen Satz. Ask the pharmacist one simple question about a medication, without asking the app to give medical advice.",Schreibe einen kurzen Satz.,,"Ask the pharmacist one simple question about a medication, without asking the app to give medical advice.",self_check,Self-marked,"Self-check: Did you ask a question only, without including dosage advice?","Self-check: Did you ask a question only, without including dosage advice?",,self-marked/production indicators present,,duplicate_v02_lineage_resolved,
content/b1-m06-sick-leave.js,v080149_cat06_practice_family_cat06_pf_101,cat06-pf-101,cat06-pf-101,PRODUCTION_PRACTICE,separate from normal auto-graded practice in future apply patch,production_isolated,normalAutoGradedPracticeEligible; v02ApplyGateStatus,self-marked/production indicators present,prompt; stimulus/learnerCue; answer/correctAnswer,Schreibe einen kurzen Satz. Ask the Krankenkasse for written information about whether something is covered.,Schreibe einen kurzen Satz.,,Ask the Krankenkasse for written information about whether something is covered.,self_check,Self-marked,"Self-check: Did you ask for information, not make a claim about coverage?","Self-check: Did you ask for information, not make a claim about coverage?",,self-marked/production indicators present,,duplicate_v02_lineage_resolved,
content/b1-m06-sick-leave.js,v080149_cat06_practice_family_cat06_pf_102,cat06-pf-102,cat06-pf-102,PRODUCTION_PRACTICE,separate from normal auto-graded practice in future apply patch,production_isolated,normalAutoGradedPracticeEligible; v02ApplyGateStatus,self-marked/production indicators present,prompt; stimulus/learnerCue; answer/correctAnswer,"Schreibe eine kurze, sichere Nachricht. Write a short message saying when you expect to come back. | Scenario: You are contacting work, a course, or a practice about illness. Useful phrases: Ich bin krank; Ich kann heute nicht kommen; Können Sie ...? Checklist: one short message; no diagnosis; no medical advice; self-mark only.","Schreibe eine kurze, sichere Nachricht.",,"Write a short message saying when you expect to come back. | Scenario: You are contacting work, a course, or a practice about illness. Useful phrases: Ich bin krank; Ich kann heute nicht kommen; Können Sie ...? Checklist: one short message; no diagnosis; no medical advice; self-mark only.",self_check,self-marked,"Production is practice only: check whether the message is short, polite, and avoids diagnosis/advice.","Production is practice only: check whether the message is short, polite, and avoids diagnosis/advice.",,self-marked/production indicators present,,duplicate_v02_lineage_resolved,
content/b1-m06-sick-leave.js,v080149_cat06_practice_family_cat06_pf_103,cat06-pf-103,cat06-pf-103,PRODUCTION_PRACTICE,separate from normal auto-graded practice in future apply patch,production_isolated,normalAutoGradedPracticeEligible; v02ApplyGateStatus,self-marked/production indicators present,prompt; stimulus/learnerCue; answer/correctAnswer,Schreibe einen kurzen Satz. Write a short message saying you will submit the certificate later.,Schreibe einen kurzen Satz.,,Write a short message saying you will submit the certificate later.,self_check,Self-marked,Self-check: Did you use `nachreichen` or `einreichen` correctly?,Self-check: Did you use `nachreichen` or `einreichen` correctly?,,self-marked/production indicators present,,duplicate_v02_lineage_resolved,
content/b1-m06-sick-leave.js,v080149_cat06_practice_family_cat06_pf_104,cat06-pf-104,cat06-pf-104,PRODUCTION_PRACTICE,separate from normal auto-graded practice in future apply patch,production_isolated,normalAutoGradedPracticeEligible; v02ApplyGateStatus,self-marked/production indicators present,prompt; stimulus/learnerCue; answer/correctAnswer,"Schreibe eine kurze, sichere Nachricht. Ask what you missed in the course while sick. | Scenario: You are contacting work, a course, or a practice about illness. Useful phrases: Ich bin krank; Ich kann heute nicht kommen; Können Sie ...? Checklist: one short message; no diagnosis; no medical advice; self-mark only.","Schreibe eine kurze, sichere Nachricht.",,"Ask what you missed in the course while sick. | Scenario: You are contacting work, a course, or a practice about illness. Useful phrases: Ich bin krank; Ich kann heute nicht kommen; Können Sie ...? Checklist: one short message; no diagnosis; no medical advice; self-mark only.",self_check,self-marked,"Production is practice only: check whether the message is short, polite, and avoids diagnosis/advice.","Production is practice only: check whether the message is short, polite, and avoids diagnosis/advice.",,self-marked/production indicators present,,duplicate_v02_lineage_resolved,
content/b1-m07-meetings-leave-requests.js,v080149_cat07_practice_family_cat07_pf_093,cat07-pf-093,cat07-pf-093,PRODUCTION_PRACTICE,separate from normal auto-graded practice in future apply patch,production_isolated,normalAutoGradedPracticeEligible; v02ApplyGateStatus,self-marked/production indicators present,prompt; stimulus/learnerCue; answer/correctAnswer,"Schreibe einen kurzen Satz. Scenario: You want to invite a colleague to a meeting. Write one polite sentence. Useful phrases: `Können Sie an der Besprechung teilnehmen?`, `Passt Ihnen ...?` Checklist: asks about attendance; includes meeting/time; self-mark only.",Schreibe einen kurzen Satz.,,"Scenario: You want to invite a colleague to a meeting. Write one polite sentence. Useful phrases: `Können Sie an der Besprechung teilnehmen?`, `Passt Ihnen ...?` Checklist: asks about attendance; includes meeting/time; self-mark only.",self_check,Self-marked,"Production card: self-mark only; this practises wording, not automatic correctness.","Production card: self-mark only; this practises wording, not automatic correctness.",,self-marked/production indicators present,,duplicate_v02_lineage_resolved,
content/b1-m07-meetings-leave-requests.js,v080149_cat07_practice_family_cat07_pf_094,cat07-pf-094,cat07-pf-094,PRODUCTION_PRACTICE,separate from normal auto-graded practice in future apply patch,production_isolated,normalAutoGradedPracticeEligible; v02ApplyGateStatus,self-marked/production indicators present,prompt; stimulus/learnerCue; answer/correctAnswer,Schreibe einen kurzen Satz. Ask to add one agenda item to a meeting. Useful phrase: Können wir diesen Punkt auf die Tagesordnung setzen? Checklist: one clear sentence; useful phrase used; self-mark only.,Schreibe einen kurzen Satz.,,Ask to add one agenda item to a meeting. Useful phrase: Können wir diesen Punkt auf die Tagesordnung setzen? Checklist: one clear sentence; useful phrase used; self-mark only.,self_check,Self-marked,"Production card: self-mark only; this practises wording, not automatic correctness.","Production card: self-mark only; this practises wording, not automatic correctness.",,self-marked/production indicators present,,duplicate_v02_lineage_resolved,
content/b1-m07-meetings-leave-requests.js,v080149_cat07_practice_family_cat07_pf_095,cat07-pf-095,cat07-pf-095,PRODUCTION_PRACTICE,separate from normal auto-graded practice in future apply patch,production_isolated,normalAutoGradedPracticeEligible; v02ApplyGateStatus,self-marked/production indicators present,prompt; stimulus/learnerCue; answer/correctAnswer,Schreibe einen kurzen Satz. Make one polite proposal in a meeting. Useful phrase: Wir könnten ... Checklist: one clear sentence; useful phrase used; self-mark only.,Schreibe einen kurzen Satz.,,Make one polite proposal in a meeting. Useful phrase: Wir könnten ... Checklist: one clear sentence; useful phrase used; self-mark only.,self_check,Self-marked,"Production card: self-mark only; this practises wording, not automatic correctness.","Production card: self-mark only; this practises wording, not automatic correctness.",,self-marked/production indicators present,,duplicate_v02_lineage_resolved,
content/b1-m07-meetings-leave-requests.js,v080149_cat07_practice_family_cat07_pf_096,cat07-pf-096,cat07-pf-096,PRODUCTION_PRACTICE,separate from normal auto-graded practice in future apply patch,production_isolated,normalAutoGradedPracticeEligible; v02ApplyGateStatus,self-marked/production indicators present,prompt; stimulus/learnerCue; answer/correctAnswer,"Schreibe einen kurzen Satz. Write one short sentence summarising a meeting result. Useful phrase: Wir halten fest, dass ... Checklist: one clear sentence; useful phrase used; self-mark only.",Schreibe einen kurzen Satz.,,"Write one short sentence summarising a meeting result. Useful phrase: Wir halten fest, dass ... Checklist: one clear sentence; useful phrase used; self-mark only.",self_check,Self-marked,"Production card: self-mark only; this practises wording, not automatic correctness.","Production card: self-mark only; this practises wording, not automatic correctness.",,self-marked/production indicators present,,duplicate_v02_lineage_resolved,
content/b1-m07-meetings-leave-requests.js,v080149_cat07_practice_family_cat07_pf_097,cat07-pf-097,cat07-pf-097,PRODUCTION_PRACTICE,separate from normal auto-graded practice in future apply patch,production_isolated,normalAutoGradedPracticeEligible; v02ApplyGateStatus,self-marked/production indicators present,prompt; stimulus/learnerCue; answer/correctAnswer,Schreibe einen kurzen Satz. Say when you are available next week. Useful phrase: Ich bin am ... verfügbar. Checklist: one clear sentence; useful phrase used; self-mark only.,Schreibe einen kurzen Satz.,,Say when you are available next week. Useful phrase: Ich bin am ... verfügbar. Checklist: one clear sentence; useful phrase used; self-mark only.,self_check,Self-marked,"Production card: self-mark only; this practises wording, not automatic correctness.","Production card: self-mark only; this practises wording, not automatic correctness.",,self-marked/production indicators present,,duplicate_v02_lineage_resolved,
content/b1-m07-meetings-leave-requests.js,v080149_cat07_practice_family_cat07_pf_098,cat07-pf-098,cat07-pf-098,PRODUCTION_PRACTICE,separate from normal auto-graded practice in future apply patch,production_isolated,normalAutoGradedPracticeEligible; v02ApplyGateStatus,self-marked/production indicators present,prompt; stimulus/learnerCue; answer/correctAnswer,"Schreibe einen kurzen Satz. Scenario: You want to ask about leave or absence at work. Write one short, polite sentence. Useful phrases: `Ich möchte ... Urlaub nehmen.`, `Wäre es möglich, ...?` Checklist: gives date/period; polite form; self-mark only; workplace rules need review.",Schreibe einen kurzen Satz.,,"Scenario: You want to ask about leave or absence at work. Write one short, polite sentence. Useful phrases: `Ich möchte ... Urlaub nehmen.`, `Wäre es möglich, ...?` Checklist: gives date/period; polite form; self-mark only; workplace rules need review.",self_check,Self-marked,"Production card: self-mark only; this practises wording, not automatic correctness.","Production card: self-mark only; this practises wording, not automatic correctness.",,self-marked/production indicators present,,duplicate_v02_lineage_resolved,
content/b1-m07-meetings-leave-requests.js,v080149_cat07_practice_family_cat07_pf_099,cat07-pf-099,cat07-pf-099,PRODUCTION_PRACTICE,separate from normal auto-graded practice in future apply patch,production_isolated,normalAutoGradedPracticeEligible; v02ApplyGateStatus,self-marked/production indicators present,prompt; stimulus/learnerCue; answer/correctAnswer,"Schreibe einen kurzen Satz. Scenario: You want to ask about leave or absence at work. Write one short, polite sentence. Useful phrases: `Ich möchte ... Urlaub nehmen.`, `Wäre es möglich, ...?` Checklist: gives date/period; polite form; self-mark only; workplace rules need review.",Schreibe einen kurzen Satz.,,"Scenario: You want to ask about leave or absence at work. Write one short, polite sentence. Useful phrases: `Ich möchte ... Urlaub nehmen.`, `Wäre es möglich, ...?` Checklist: gives date/period; polite form; self-mark only; workplace rules need review.",self_check,Self-marked,"Production card: self-mark only; this practises wording, not automatic correctness.","Production card: self-mark only; this practises wording, not automatic correctness.",,self-marked/production indicators present,,duplicate_v02_lineage_resolved,
content/b1-m07-meetings-leave-requests.js,v080149_cat07_practice_family_cat07_pf_100,cat07-pf-100,cat07-pf-100,PRODUCTION_PRACTICE,separate from normal auto-graded practice in future apply patch,production_isolated,normalAutoGradedPracticeEligible; v02ApplyGateStatus,self-marked/production indicators present,prompt; stimulus/learnerCue; answer/correctAnswer,Schreibe einen kurzen Satz. Write a short handover sentence before leave. Useful phrase: Ich bereite die Übergabe bis ... vor. Checklist: one clear sentence; useful phrase used; self-mark only.,Schreibe einen kurzen Satz.,,Write a short handover sentence before leave. Useful phrase: Ich bereite die Übergabe bis ... vor. Checklist: one clear sentence; useful phrase used; self-mark only.,self_check,Self-marked,"Production card: self-mark only; this practises wording, not automatic correctness.","Production card: self-mark only; this practises wording, not automatic correctness.",,self-marked/production indicators present,,duplicate_v02_lineage_resolved,
content/b1-m07-meetings-leave-requests.js,v080149_cat07_redemittel_cat07_r_001,cat07-r-001,cat07-r-001,PRODUCTION_PRACTICE,separate from normal auto-graded practice in future apply patch,production_isolated,normalAutoGradedPracticeEligible; v02ApplyGateStatus,self-marked/production indicators present,answer/correctAnswer,Nutze diese Redemittel-Situation: meeting email/chat,,Can you take part in the meeting?,,self_check,Können Sie an der Besprechung teilnehmen?,Watch: Wrong preposition after teilnehmen.,,,self-marked/production indicators present,,duplicate_v02_lineage_resolved,
content/b1-m07-meetings-leave-requests.js,v080149_cat07_redemittel_cat07_r_002,cat07-r-002,cat07-r-002,PRODUCTION_PRACTICE,separate from normal auto-graded practice in future apply patch,production_isolated,normalAutoGradedPracticeEligible; v02ApplyGateStatus,self-marked/production indicators present,answer/correctAnswer,Nutze diese Redemittel-Situation: meeting email/chat,,I can take part in the meeting.,,self_check,Ich kann an der Besprechung teilnehmen.,Watch: Wrong preposition/case.,,,self-marked/production indicators present,,duplicate_v02_lineage_resolved,
content/b1-m07-meetings-leave-requests.js,v080149_cat07_redemittel_cat07_r_003,cat07-r-003,cat07-r-003,PRODUCTION_PRACTICE,separate from normal auto-graded practice in future apply patch,production_isolated,normalAutoGradedPracticeEligible; v02ApplyGateStatus,self-marked/production indicators present,answer/correctAnswer,Nutze diese Redemittel-Situation: meeting email/chat,,Unfortunately I cannot attend at that time.,,self_check,Ich bin zu diesem Termin leider verhindert.,Watch: Use sein with verhindert.,,,self-marked/production indicators present,,duplicate_v02_lineage_resolved,
content/b1-m07-meetings-leave-requests.js,v080149_cat07_redemittel_cat07_r_004,cat07-r-004,cat07-r-004,PRODUCTION_PRACTICE,separate from normal auto-graded practice in future apply patch,production_isolated,normalAutoGradedPracticeEligible; v02ApplyGateStatus,self-marked/production indicators present,answer/correctAnswer,Nutze diese Redemittel-Situation: planning,,I suggest Tuesday at 10.,,self_check,Ich schlage Dienstag um 10 Uhr vor.,Watch: Separable/nonseparable confusion; vorschlagen is separable in main clause.,,,self-marked/production indicators present,,duplicate_v02_lineage_resolved,
content/b1-m07-meetings-leave-requests.js,v080149_cat07_redemittel_cat07_r_005,cat07-r-005,cat07-r-005,PRODUCTION_PRACTICE,separate from normal auto-graded practice in future apply patch,production_isolated,normalAutoGradedPracticeEligible; v02ApplyGateStatus,self-marked/production indicators present,answer/correctAnswer,Nutze diese Redemittel-Situation: planning,,Does Wednesday morning suit you?,,self_check,Passt Ihnen Mittwochvormittag?,Watch: passen takes dative person.,,,self-marked/production indicators present,,duplicate_v02_lineage_resolved,
content/b1-m07-meetings-leave-requests.js,v080149_cat07_redemittel_cat07_r_006,cat07-r-006,cat07-r-006,PRODUCTION_PRACTICE,separate from normal auto-graded practice in future apply patch,production_isolated,normalAutoGradedPracticeEligible; v02ApplyGateStatus,self-marked/production indicators present,answer/correctAnswer,Nutze diese Redemittel-Situation: meeting email,,I confirm the meeting time.,,self_check,Ich bestätige den Termin für die Besprechung.,Watch: Confirm is bestätigen; approve is genehmigen.,,,self-marked/production indicators present,,duplicate_v02_lineage_resolved,
content/b1-m07-meetings-leave-requests.js,v080149_cat07_redemittel_cat07_r_007,cat07-r-007,cat07-r-007,PRODUCTION_PRACTICE,separate from normal auto-graded practice in future apply patch,production_isolated,normalAutoGradedPracticeEligible; v02ApplyGateStatus,self-marked/production indicators present,answer/correctAnswer,Nutze diese Redemittel-Situation: meeting email,,I will send you the invitation in a moment.,,self_check,Ich schicke Ihnen gleich die Einladung.,Watch: Dative recipient: Ihnen.,,,self-marked/production indicators present,,duplicate_v02_lineage_resolved,
content/b1-m07-meetings-leave-requests.js,v080149_cat07_redemittel_cat07_r_008,cat07-r-008,cat07-r-008,PRODUCTION_PRACTICE,separate from normal auto-graded practice in future apply patch,production_isolated,normalAutoGradedPracticeEligible; v02ApplyGateStatus,self-marked/production indicators present,answer/correctAnswer,Nutze diese Redemittel-Situation: online meeting,,Could you please send me the link?,,self_check,Könnten Sie mir bitte den Link schicken?,Watch: Receiver is dative: mir.,,,self-marked/production indicators present,,duplicate_v02_lineage_resolved,
content/b1-m07-meetings-leave-requests.js,v080149_cat07_redemittel_cat07_r_009,cat07-r-009,cat07-r-009,PRODUCTION_PRACTICE,separate from normal auto-graded practice in future apply patch,production_isolated,normalAutoGradedPracticeEligible; v02ApplyGateStatus,self-marked/production indicators present,answer/correctAnswer,Nutze diese Redemittel-Situation: meeting,,What is on the agenda?,,self_check,Was steht auf der Tagesordnung?,Watch: Use auf der Tagesordnung stehen.,,,self-marked/production indicators present,,duplicate_v02_lineage_resolved,
content/b1-m07-meetings-leave-requests.js,v080149_cat07_redemittel_cat07_r_010,cat07-r-010,cat07-r-010,PRODUCTION_PRACTICE,separate from normal auto-graded practice in future apply patch,production_isolated,normalAutoGradedPracticeEligible; v02ApplyGateStatus,self-marked/production indicators present,answer/correctAnswer,Nutze diese Redemittel-Situation: meeting,,Can we put this item on the agenda?,,self_check,Können wir diesen Punkt auf die Tagesordnung setzen?,Watch: Meeting collocation: auf die Tagesordnung setzen.,,,self-marked/production indicators present,,duplicate_v02_lineage_resolved,
content/b1-m07-meetings-leave-requests.js,v080149_cat07_redemittel_cat07_r_011,cat07-r-011,cat07-r-011,PRODUCTION_PRACTICE,separate from normal auto-graded practice in future apply patch,production_isolated,normalAutoGradedPracticeEligible; v02ApplyGateStatus,self-marked/production indicators present,answer/correctAnswer,Nutze diese Redemittel-Situation: meeting,,I would like to briefly raise a topic.,,self_check,Ich möchte kurz ein Thema ansprechen.,Watch: ansprechen means bring up/raise a topic.,,,self-marked/production indicators present,,duplicate_v02_lineage_resolved,
content/b1-m07-meetings-leave-requests.js,v080149_cat07_redemittel_cat07_r_012,cat07-r-012,cat07-r-012,PRODUCTION_PRACTICE,separate from normal auto-graded practice in future apply patch,production_isolated,normalAutoGradedPracticeEligible; v02ApplyGateStatus,self-marked/production indicators present,answer/correctAnswer,Nutze diese Redemittel-Situation: meeting,,I have a follow-up question about that.,,self_check,Ich habe dazu eine Rückfrage.,Watch: Rückfrage = follow-up question; Rückmeldung = response/feedback.,,,self-marked/production indicators present,,duplicate_v02_lineage_resolved,
content/b1-m07-meetings-leave-requests.js,v080149_cat07_redemittel_cat07_r_013,cat07-r-013,cat07-r-013,PRODUCTION_PRACTICE,separate from normal auto-graded practice in future apply patch,production_isolated,normalAutoGradedPracticeEligible; v02ApplyGateStatus,self-marked/production indicators present,answer/correctAnswer,Nutze diese Redemittel-Situation: meeting,,Can we briefly clarify this question?,,self_check,Können wir diese Frage kurz klären?,Watch: klären = clarify; erklären = explain.,,,self-marked/production indicators present,,duplicate_v02_lineage_resolved,
content/b1-m07-meetings-leave-requests.js,v080149_cat07_redemittel_cat07_r_014,cat07-r-014,cat07-r-014,PRODUCTION_PRACTICE,separate from normal auto-graded practice in future apply patch,production_isolated,normalAutoGradedPracticeEligible; v02ApplyGateStatus,self-marked/production indicators present,answer/correctAnswer,Nutze diese Redemittel-Situation: meeting,,I will briefly summarise the result.,,self_check,Ich fasse das Ergebnis kurz zusammen.,Watch: zusammenfassen takes a direct object.,,,self-marked/production indicators present,,duplicate_v02_lineage_resolved,
content/b1-m07-meetings-leave-requests.js,v080149_cat07_redemittel_cat07_r_015,cat07-r-015,cat07-r-015,PRODUCTION_PRACTICE,separate from normal auto-graded practice in future apply patch,production_isolated,normalAutoGradedPracticeEligible; v02ApplyGateStatus,self-marked/production indicators present,answer/correctAnswer,Nutze diese Redemittel-Situation: meeting,,I will briefly note the result.,,self_check,Ich halte das Ergebnis kurz fest.,Watch: festhalten means record/note an outcome.,,,self-marked/production indicators present,,duplicate_v02_lineage_resolved,
content/b1-m07-meetings-leave-requests.js,v080149_cat07_redemittel_cat07_r_016,cat07-r-016,cat07-r-016,PRODUCTION_PRACTICE,separate from normal auto-graded practice in future apply patch,production_isolated,normalAutoGradedPracticeEligible; v02ApplyGateStatus,self-marked/production indicators present,answer/correctAnswer,Nutze diese Redemittel-Situation: meeting,,I have a suggestion.,,self_check,Ich habe einen Vorschlag.,Watch: Use haben with Vorschlag.,,,self-marked/production indicators present,,duplicate_v02_lineage_resolved,
content/b1-m07-meetings-leave-requests.js,v080149_cat07_redemittel_cat07_r_017,cat07-r-017,cat07-r-017,PRODUCTION_PRACTICE,separate from normal auto-graded practice in future apply patch,production_isolated,normalAutoGradedPracticeEligible; v02ApplyGateStatus,self-marked/production indicators present,answer/correctAnswer,Nutze diese Redemittel-Situation: meeting,,I suggest that we check the duty roster first.,,self_check,"Ich schlage vor, dass wir zuerst den Dienstplan prüfen.","Watch: Phrase is ich schlage vor, dass ...",,,self-marked/production indicators present,,duplicate_v02_lineage_resolved,
content/b1-m07-meetings-leave-requests.js,v080149_cat07_redemittel_cat07_r_018,cat07-r-018,cat07-r-018,PRODUCTION_PRACTICE,separate from normal auto-graded practice in future apply patch,production_isolated,normalAutoGradedPracticeEligible; v02ApplyGateStatus,self-marked/production indicators present,answer/correctAnswer,Nutze diese Redemittel-Situation: meeting,,We could move the appointment to Thursday.,,self_check,Wir könnten den Termin auf Donnerstag verschieben.,Watch: Konjunktiv II könnten makes the proposal softer.,,,self-marked/production indicators present,,duplicate_v02_lineage_resolved,
content/b1-m07-meetings-leave-requests.js,v080149_cat07_redemittel_cat07_r_019,cat07-r-019,cat07-r-019,PRODUCTION_PRACTICE,separate from normal auto-graded practice in future apply patch,production_isolated,normalAutoGradedPracticeEligible; v02ApplyGateStatus,self-marked/production indicators present,answer/correctAnswer,Nutze diese Redemittel-Situation: meeting,,I agree with the suggestion.,,self_check,Ich bin mit dem Vorschlag einverstanden.,Watch: einverstanden sein uses mit + dative.,,,self-marked/production indicators present,,duplicate_v02_lineage_resolved,
content/b1-m07-meetings-leave-requests.js,v080149_cat07_redemittel_cat07_r_020,cat07-r-020,cat07-r-020,PRODUCTION_PRACTICE,separate from normal auto-graded practice in future apply patch,production_isolated,normalAutoGradedPracticeEligible; v02ApplyGateStatus,self-marked/production indicators present,answer/correctAnswer,Nutze diese Redemittel-Situation: meeting,,We need a decision by Friday.,,self_check,Wir brauchen bis Freitag eine Entscheidung.,"Watch: Use bis Freitag, not bis am Freitag.",,,self-marked/production indicators present,,duplicate_v02_lineage_resolved,
content/b1-m07-meetings-leave-requests.js,v080149_cat07_redemittel_cat07_r_021,cat07-r-021,cat07-r-021,PRODUCTION_PRACTICE,separate from normal auto-graded practice in future apply patch,production_isolated,normalAutoGradedPracticeEligible; v02ApplyGateStatus,self-marked/production indicators present,answer/correctAnswer,Nutze diese Redemittel-Situation: meeting,,I will take over this task.,,self_check,Ich übernehme diese Aufgabe.,Watch: übernehmen is the natural verb for taking a task.,,,self-marked/production indicators present,,duplicate_v02_lineage_resolved,
content/b1-m07-meetings-leave-requests.js,v080149_cat07_redemittel_cat07_r_022,cat07-r-022,cat07-r-022,PRODUCTION_PRACTICE,separate from normal auto-graded practice in future apply patch,production_isolated,normalAutoGradedPracticeEligible; v02ApplyGateStatus,self-marked/production indicators present,answer/correctAnswer,Nutze diese Redemittel-Situation: meeting/leave,,I will hand the documents over to Ms Weber.,,self_check,Ich übergebe die Unterlagen an Frau Weber.,Watch: übergeben can use object + an + person.,,,self-marked/production indicators present,,duplicate_v02_lineage_resolved,
content/b1-m07-meetings-leave-requests.js,v080149_cat07_redemittel_cat07_r_023,cat07-r-023,cat07-r-023,PRODUCTION_PRACTICE,separate from normal auto-graded practice in future apply patch,production_isolated,normalAutoGradedPracticeEligible; v02ApplyGateStatus,self-marked/production indicators present,answer/correctAnswer,Nutze diese Redemittel-Situation: planning,,I am available on Thursday morning.,,self_check,Ich bin am Donnerstagvormittag verfügbar.,Watch: verfügbar is an adjective with sein.,,,self-marked/production indicators present,,duplicate_v02_lineage_resolved,
content/b1-m07-meetings-leave-requests.js,v080149_cat07_redemittel_cat07_r_024,cat07-r-024,cat07-r-024,PRODUCTION_PRACTICE,separate from normal auto-graded practice in future apply patch,production_isolated,normalAutoGradedPracticeEligible; v02ApplyGateStatus,self-marked/production indicators present,answer/correctAnswer,Nutze diese Redemittel-Situation: planning,,Unfortunately I am not available during this period.,,self_check,Ich bin in diesem Zeitraum leider nicht verfügbar.,Watch: Zeitraum = period; Zeitpunkt = point in time.,,,self-marked/production indicators present,,duplicate_v02_lineage_resolved,
content/b1-m07-meetings-leave-requests.js,v080149_cat07_redemittel_cat07_r_025,cat07-r-025,cat07-r-025,PRODUCTION_PRACTICE,separate from normal auto-graded practice in future apply patch,production_isolated,normalAutoGradedPracticeEligible; v02ApplyGateStatus,self-marked/production indicators present,answer/correctAnswer,Nutze diese Redemittel-Situation: planning,,When would you be available next week?,,self_check,Wann wären Sie nächste Woche verfügbar?,Watch: Fronted question word; finite verb follows.,,,self-marked/production indicators present,,duplicate_v02_lineage_resolved,
content/b1-m07-meetings-leave-requests.js,v080149_cat07_redemittel_cat07_r_026,cat07-r-026,cat07-r-026,PRODUCTION_PRACTICE,separate from normal auto-graded practice in future apply patch,production_isolated,normalAutoGradedPracticeEligible; v02ApplyGateStatus,self-marked/production indicators present,answer/correctAnswer,Nutze diese Redemittel-Situation: meeting,,I will arrive about ten minutes later.,,self_check,Ich komme etwa zehn Minuten später.,Watch: Use Ich komme ... später for short delay.,,,self-marked/production indicators present,,duplicate_v02_lineage_resolved,
content/b1-m07-meetings-leave-requests.js,v080149_cat07_redemittel_cat07_r_027,cat07-r-027,cat07-r-027,PRODUCTION_PRACTICE,separate from normal auto-graded practice in future apply patch,production_isolated,normalAutoGradedPracticeEligible; v02ApplyGateStatus,self-marked/production indicators present,answer/correctAnswer,Nutze diese Redemittel-Situation: planning,,I will let you know in good time.,,self_check,Ich gebe rechtzeitig Bescheid.,Watch: Collocation: Bescheid geben.,,,self-marked/production indicators present,,duplicate_v02_lineage_resolved,
content/b1-m07-meetings-leave-requests.js,v080149_cat07_redemittel_cat07_r_028,cat07-r-028,cat07-r-028,PRODUCTION_PRACTICE,separate from normal auto-graded practice in future apply patch,production_isolated,normalAutoGradedPracticeEligible; v02ApplyGateStatus,self-marked/production indicators present,answer/correctAnswer,Nutze diese Redemittel-Situation: planning,,Can we please move the meeting?,,self_check,Können wir die Besprechung bitte verschieben?,Watch: Use verschieben for rescheduling.,,,self-marked/production indicators present,,duplicate_v02_lineage_resolved,
content/b1-m07-meetings-leave-requests.js,v080149_cat07_redemittel_cat07_r_029,cat07-r-029,cat07-r-029,PRODUCTION_PRACTICE,separate from normal auto-graded practice in future apply patch,production_isolated,normalAutoGradedPracticeEligible; v02ApplyGateStatus,self-marked/production indicators present,answer/correctAnswer,Nutze diese Redemittel-Situation: planning,,Unfortunately the meeting has to be cancelled/not take place.,,self_check,Die Besprechung muss leider ausfallen.,Watch: An event can ausfallen; a person absagt.,,,self-marked/production indicators present,,duplicate_v02_lineage_resolved,
content/b1-m07-meetings-leave-requests.js,v080149_cat07_redemittel_cat07_r_030,cat07-r-030,cat07-r-030,PRODUCTION_PRACTICE,separate from normal auto-graded practice in future apply patch,production_isolated,normalAutoGradedPracticeEligible; v02ApplyGateStatus,self-marked/production indicators present,answer/correctAnswer,Nutze diese Redemittel-Situation: leave request,,I would like to take leave from 12 to 16 August.,,self_check,Ich möchte vom 12. bis 16. August Urlaub nehmen.,Watch: In workplace context use Urlaub nehmen/beantragen.,,,self-marked/production indicators present,,duplicate_v02_lineage_resolved,
content/b1-m07-meetings-leave-requests.js,v080149_cat07_redemittel_cat07_r_031,cat07-r-031,cat07-r-031,PRODUCTION_PRACTICE,separate from normal auto-graded practice in future apply patch,production_isolated,normalAutoGradedPracticeEligible; v02ApplyGateStatus,self-marked/production indicators present,answer/correctAnswer,Nutze diese Redemittel-Situation: leave request,,I would like to request leave for this period.,,self_check,Ich möchte für diesen Zeitraum Urlaub beantragen.,Watch: beantragen is formal request language.,,,self-marked/production indicators present,,duplicate_v02_lineage_resolved,
content/b1-m07-meetings-leave-requests.js,v080149_cat07_redemittel_cat07_r_032,cat07-r-032,cat07-r-032,PRODUCTION_PRACTICE,separate from normal auto-graded practice in future apply patch,production_isolated,normalAutoGradedPracticeEligible; v02ApplyGateStatus,self-marked/production indicators present,answer/correctAnswer,Nutze diese Redemittel-Situation: leave request,,Would it be possible to take Friday off?,,self_check,"Wäre es möglich, am Freitag frei zu nehmen?",Watch: um/zu infinitive pattern: frei zu nehmen.,,,self-marked/production indicators present,,duplicate_v02_lineage_resolved,
content/b1-m07-meetings-leave-requests.js,v080149_cat07_redemittel_cat07_r_033,cat07-r-033,cat07-r-033,PRODUCTION_PRACTICE,separate from normal auto-graded practice in future apply patch,production_isolated,normalAutoGradedPracticeEligible; v02ApplyGateStatus,self-marked/production indicators present,answer/correctAnswer,Nutze diese Redemittel-Situation: leave request,,Has my leave request already been confirmed?,,self_check,Ist mein Urlaubsantrag schon bestätigt?,Watch: bestätigt is confirmation; genehmigt may be approval.,,,self-marked/production indicators present,,duplicate_v02_lineage_resolved,
content/b1-m07-meetings-leave-requests.js,v080149_cat07_redemittel_cat07_r_034,cat07-r-034,cat07-r-034,PRODUCTION_PRACTICE,separate from normal auto-graded practice in future apply patch,production_isolated,normalAutoGradedPracticeEligible; v02ApplyGateStatus,self-marked/production indicators present,answer/correctAnswer,Nutze diese Redemittel-Situation: leave request,,Could you please confirm the leave in writing?,,self_check,Könnten Sie mir den Urlaub bitte schriftlich bestätigen?,Watch: schriftlich is the adverb: confirm in writing.,,,self-marked/production indicators present,,duplicate_v02_lineage_resolved,
content/b1-m07-meetings-leave-requests.js,v080149_cat07_redemittel_cat07_r_035,cat07-r-035,cat07-r-035,PRODUCTION_PRACTICE,separate from normal auto-graded practice in future apply patch,production_isolated,normalAutoGradedPracticeEligible; v02ApplyGateStatus,self-marked/production indicators present,answer/correctAnswer,Nutze diese Redemittel-Situation: leave planning,,How much remaining leave do I still have?,,self_check,Wie viel Resturlaub habe ich noch?,Watch: Resturlaub is HR/policy-sensitive.,,,self-marked/production indicators present,,duplicate_v02_lineage_resolved,
content/b1-m07-meetings-leave-requests.js,v080149_cat07_redemittel_cat07_r_036,cat07-r-036,cat07-r-036,PRODUCTION_PRACTICE,separate from normal auto-graded practice in future apply patch,production_isolated,normalAutoGradedPracticeEligible; v02ApplyGateStatus,self-marked/production indicators present,answer/correctAnswer,Nutze diese Redemittel-Situation: leave planning,,Who will cover for me?,,self_check,Wer übernimmt meine Vertretung?,Watch: Vertretung übernehmen is the useful collocation.,,,self-marked/production indicators present,,duplicate_v02_lineage_resolved,
content/b1-m07-meetings-leave-requests.js,v080149_cat07_redemittel_cat07_r_037,cat07-r-037,cat07-r-037,PRODUCTION_PRACTICE,separate from normal auto-graded practice in future apply patch,production_isolated,normalAutoGradedPracticeEligible; v02ApplyGateStatus,self-marked/production indicators present,answer/correctAnswer,Nutze diese Redemittel-Situation: leave planning,,I can take over the cover on Monday.,,self_check,Ich kann die Vertretung am Montag übernehmen.,"Watch: Use übernehmen, not nehmen.",,,self-marked/production indicators present,,duplicate_v02_lineage_resolved,
content/b1-m07-meetings-leave-requests.js,v080149_cat07_redemittel_cat07_r_038,cat07-r-038,cat07-r-038,PRODUCTION_PRACTICE,separate from normal auto-graded practice in future apply patch,production_isolated,normalAutoGradedPracticeEligible; v02ApplyGateStatus,self-marked/production indicators present,answer/correctAnswer,Nutze diese Redemittel-Situation: leave planning,,I will prepare the handover by Thursday.,,self_check,Ich bereite die Übergabe bis Donnerstag vor.,Watch: Collocation: Übergabe vorbereiten.,,,self-marked/production indicators present,,duplicate_v02_lineage_resolved,
content/b1-m07-meetings-leave-requests.js,v080149_cat07_redemittel_cat07_r_039,cat07-r-039,cat07-r-039,PRODUCTION_PRACTICE,separate from normal auto-graded practice in future apply patch,production_isolated,normalAutoGradedPracticeEligible; v02ApplyGateStatus,self-marked/production indicators present,answer/correctAnswer,Nutze diese Redemittel-Situation: leave planning,,I will not be in the office from 12 to 16 August.,,self_check,Ich bin vom 12. bis 16. August nicht im Büro.,Watch: Use im Büro.,,,self-marked/production indicators present,,duplicate_v02_lineage_resolved,
content/b1-m07-meetings-leave-requests.js,v080149_cat07_redemittel_cat07_r_040,cat07-r-040,cat07-r-040,PRODUCTION_PRACTICE,separate from normal auto-graded practice in future apply patch,production_isolated,normalAutoGradedPracticeEligible; v02ApplyGateStatus,self-marked/production indicators present,answer/correctAnswer,Nutze diese Redemittel-Situation: leave planning,,We need to coordinate leave in the team.,,self_check,Wir müssen den Urlaub im Team abstimmen.,Watch: abstimmen can mean coordinate; review before import.,,,self-marked/production indicators present,,duplicate_v02_lineage_resolved,
content/b1-m07-meetings-leave-requests.js,v080149_cat07_redemittel_cat07_r_041,cat07-r-041,cat07-r-041,PRODUCTION_PRACTICE,separate from normal auto-graded practice in future apply patch,production_isolated,normalAutoGradedPracticeEligible; v02ApplyGateStatus,self-marked/production indicators present,answer/correctAnswer,Nutze diese Redemittel-Situation: leave planning,,Two people are on leave at the same time.,,self_check,Zwei Personen sind gleichzeitig im Urlaub.,Watch: Use im Urlaub for state.,,,self-marked/production indicators present,,duplicate_v02_lineage_resolved,
content/b1-m07-meetings-leave-requests.js,v080149_cat07_redemittel_cat07_r_042,cat07-r-042,cat07-r-042,PRODUCTION_PRACTICE,separate from normal auto-graded practice in future apply patch,production_isolated,normalAutoGradedPracticeEligible; v02ApplyGateStatus,self-marked/production indicators present,answer/correctAnswer,Nutze diese Redemittel-Situation: leave planning,,I will first discuss/coordinate the leave with the team lead.,,self_check,Ich spreche den Urlaub zuerst mit der Teamleitung ab.,Watch: absprechen uses mit + dative person.,,,self-marked/production indicators present,,duplicate_v02_lineage_resolved,
content/b1-m07-meetings-leave-requests.js,v080149_cat07_redemittel_cat07_r_043,cat07-r-043,cat07-r-043,PRODUCTION_PRACTICE,separate from normal auto-graded practice in future apply patch,production_isolated,normalAutoGradedPracticeEligible; v02ApplyGateStatus,self-marked/production indicators present,answer/correctAnswer,Nutze diese Redemittel-Situation: meeting,,Then we will briefly note the next steps.,,self_check,Dann halten wir die nächsten Schritte kurz fest.,Watch: festhalten means record/note.,,,self-marked/production indicators present,,duplicate_v02_lineage_resolved,
content/b1-m07-meetings-leave-requests.js,v080149_cat07_redemittel_cat07_r_044,cat07-r-044,cat07-r-044,PRODUCTION_PRACTICE,separate from normal auto-graded practice in future apply patch,production_isolated,normalAutoGradedPracticeEligible; v02ApplyGateStatus,self-marked/production indicators present,answer/correctAnswer,Nutze diese Redemittel-Situation: after meeting,,Could you please send me a brief summary?,,self_check,Könnten Sie mir bitte eine kurze Zusammenfassung schicken?,Watch: Receiver uses dative: mir.,,,self-marked/production indicators present,,duplicate_v02_lineage_resolved,
content/b1-m07-meetings-leave-requests.js,v080149_cat07_redemittel_cat07_r_045,cat07-r-045,cat07-r-045,PRODUCTION_PRACTICE,separate from normal auto-graded practice in future apply patch,production_isolated,normalAutoGradedPracticeEligible; v02ApplyGateStatus,self-marked/production indicators present,answer/correctAnswer,Nutze diese Redemittel-Situation: after meeting,,Please give me feedback/a response by Wednesday.,,self_check,Bitte geben Sie mir bis Mittwoch eine Rückmeldung.,Watch: Rückmeldung = response; Rückfrage = follow-up question.,,,self-marked/production indicators present,,duplicate_v02_lineage_resolved,
content/b1-m07-meetings-leave-requests.js,v080149_cat07_redemittel_cat07_r_046,cat07-r-046,cat07-r-046,PRODUCTION_PRACTICE,separate from normal auto-graded practice in future apply patch,production_isolated,normalAutoGradedPracticeEligible; v02ApplyGateStatus,self-marked/production indicators present,answer/correctAnswer,Nutze diese Redemittel-Situation: after meeting,,Do we already have a decision on that?,,self_check,Haben wir dazu schon eine Entscheidung?,Watch: Use haben with Entscheidung.,,,self-marked/production indicators present,,duplicate_v02_lineage_resolved,
content/b1-m07-meetings-leave-requests.js,v080149_cat07_redemittel_cat07_r_047,cat07-r-047,cat07-r-047,PRODUCTION_PRACTICE,separate from normal auto-graded practice in future apply patch,production_isolated,normalAutoGradedPracticeEligible; v02ApplyGateStatus,self-marked/production indicators present,answer/correctAnswer,Nutze diese Redemittel-Situation: meeting,,May I briefly add something?,,self_check,Darf ich kurz etwas ergänzen?,ergänzen,,,self-marked/production indicators present,,duplicate_v02_lineage_resolved,
content/b1-m07-meetings-leave-requests.js,v080149_cat07_redemittel_cat07_r_048,cat07-r-048,cat07-r-048,PRODUCTION_PRACTICE,separate from normal auto-graded practice in future apply patch,production_isolated,normalAutoGradedPracticeEligible; v02ApplyGateStatus,self-marked/production indicators present,answer/correctAnswer,Nutze diese Redemittel-Situation: meeting,,I see it similarly.,,self_check,Ich sehe das ähnlich.,ähnlich sehen,,,self-marked/production indicators present,,duplicate_v02_lineage_resolved,
content/b1-m07-meetings-leave-requests.js,v080149_cat07_redemittel_cat07_r_049,cat07-r-049,cat07-r-049,PRODUCTION_PRACTICE,separate from normal auto-graded practice in future apply patch,production_isolated,normalAutoGradedPracticeEligible; v02ApplyGateStatus,self-marked/production indicators present,answer/correctAnswer,Nutze diese Redemittel-Situation: meeting,,I am not sure whether that fits.,,self_check,"Ich bin mir nicht sicher, ob das passt.",ob-clause,,,self-marked/production indicators present,,duplicate_v02_lineage_resolved,
content/b1-m07-meetings-leave-requests.js,v080149_cat07_redemittel_cat07_r_050,cat07-r-050,cat07-r-050,PRODUCTION_PRACTICE,separate from normal auto-graded practice in future apply patch,production_isolated,normalAutoGradedPracticeEligible; v02ApplyGateStatus,self-marked/production indicators present,answer/correctAnswer,Nutze diese Redemittel-Situation: meeting,,Could we decide that later?,,self_check,Könnten wir das später entscheiden?,KII proposal,,,self-marked/production indicators present,,duplicate_v02_lineage_resolved,
content/b1-m07-meetings-leave-requests.js,v080149_cat07_redemittel_cat07_r_051,cat07-r-051,cat07-r-051,PRODUCTION_PRACTICE,separate from normal auto-graded practice in future apply patch,production_isolated,normalAutoGradedPracticeEligible; v02ApplyGateStatus,self-marked/production indicators present,answer/correctAnswer,Nutze diese Redemittel-Situation: meeting,,Should we clarify the open questions first?,,self_check,Sollen wir zuerst die offenen Fragen klären?,sollen wir,,,self-marked/production indicators present,,duplicate_v02_lineage_resolved,
content/b1-m07-meetings-leave-requests.js,v080149_cat07_redemittel_cat07_r_052,cat07-r-052,cat07-r-052,PRODUCTION_PRACTICE,separate from normal auto-graded practice in future apply patch,production_isolated,normalAutoGradedPracticeEligible; v02ApplyGateStatus,self-marked/production indicators present,answer/correctAnswer,Nutze diese Redemittel-Situation: meeting,,I would like to discuss one more point.,,self_check,Ich würde gern noch einen Punkt besprechen.,würde gern,,,self-marked/production indicators present,,duplicate_v02_lineage_resolved,
content/b1-m07-meetings-leave-requests.js,v080149_cat07_redemittel_cat07_r_053,cat07-r-053,cat07-r-053,PRODUCTION_PRACTICE,separate from normal auto-graded practice in future apply patch,production_isolated,normalAutoGradedPracticeEligible; v02ApplyGateStatus,self-marked/production indicators present,answer/correctAnswer,Nutze diese Redemittel-Situation: meeting,,The topic fits better in the next meeting.,,self_check,Das Thema passt besser in die nächste Besprechung.,Thema passt,,,self-marked/production indicators present,,duplicate_v02_lineage_resolved,
content/b1-m07-meetings-leave-requests.js,v080149_cat07_redemittel_cat07_r_054,cat07-r-054,cat07-r-054,PRODUCTION_PRACTICE,separate from normal auto-graded practice in future apply patch,production_isolated,normalAutoGradedPracticeEligible; v02ApplyGateStatus,self-marked/production indicators present,answer/correctAnswer,Nutze diese Redemittel-Situation: meeting,,I still need a response about that.,,self_check,Ich brauche dazu noch eine Rückmeldung.,Rückmeldung brauchen,,,self-marked/production indicators present,,duplicate_v02_lineage_resolved,
content/b1-m07-meetings-leave-requests.js,v080149_cat07_redemittel_cat07_r_055,cat07-r-055,cat07-r-055,PRODUCTION_PRACTICE,separate from normal auto-graded practice in future apply patch,production_isolated,normalAutoGradedPracticeEligible; v02ApplyGateStatus,self-marked/production indicators present,answer/correctAnswer,Nutze diese Redemittel-Situation: leave request,,I would like to plan my leave in good time.,,self_check,Ich möchte meinen Urlaub rechtzeitig planen.,Urlaub planen,,,self-marked/production indicators present,,duplicate_v02_lineage_resolved,
content/b1-m07-meetings-leave-requests.js,v080149_cat07_redemittel_cat07_r_056,cat07-r-056,cat07-r-056,PRODUCTION_PRACTICE,separate from normal auto-graded practice in future apply patch,production_isolated,normalAutoGradedPracticeEligible; v02ApplyGateStatus,self-marked/production indicators present,answer/correctAnswer,Nutze diese Redemittel-Situation: leave request,,Can I submit the leave request today?,,self_check,Kann ich den Urlaubsantrag heute einreichen?,Urlaubsantrag einreichen,,,self-marked/production indicators present,,duplicate_v02_lineage_resolved,
content/b1-m07-meetings-leave-requests.js,v080149_cat07_redemittel_cat07_r_057,cat07-r-057,cat07-r-057,PRODUCTION_PRACTICE,separate from normal auto-graded practice in future apply patch,production_isolated,normalAutoGradedPracticeEligible; v02ApplyGateStatus,self-marked/production indicators present,answer/correctAnswer,Nutze diese Redemittel-Situation: leave request,,I have already agreed the cover.,,self_check,Ich habe die Vertretung schon abgesprochen.,Vertretung absprechen,,,self-marked/production indicators present,,duplicate_v02_lineage_resolved,
content/b1-m07-meetings-leave-requests.js,v080149_cat07_redemittel_cat07_r_058,cat07-r-058,cat07-r-058,PRODUCTION_PRACTICE,separate from normal auto-graded practice in future apply patch,production_isolated,normalAutoGradedPracticeEligible; v02ApplyGateStatus,self-marked/production indicators present,answer/correctAnswer,Nutze diese Redemittel-Situation: leave request,,"During my absence, Mr Kaya will take over the task.",,self_check,Während meiner Abwesenheit übernimmt Herr Kaya die Aufgabe.,Während + Genitiv support,,,self-marked/production indicators present,,duplicate_v02_lineage_resolved,
content/b1-m07-meetings-leave-requests.js,v080149_cat07_redemittel_cat07_r_059,cat07-r-059,cat07-r-059,PRODUCTION_PRACTICE,separate from normal auto-graded practice in future apply patch,production_isolated,normalAutoGradedPracticeEligible; v02ApplyGateStatus,self-marked/production indicators present,answer/correctAnswer,Nutze diese Redemittel-Situation: leave request,,Please inform me when the leave is confirmed.,,self_check,"Bitte informieren Sie mich, wenn der Urlaub bestätigt ist.",wenn-clause,,,self-marked/production indicators present,,duplicate_v02_lineage_resolved,
content/b1-m07-meetings-leave-requests.js,v080149_cat07_redemittel_cat07_r_060,cat07-r-060,cat07-r-060,PRODUCTION_PRACTICE,separate from normal auto-graded practice in future apply patch,production_isolated,normalAutoGradedPracticeEligible; v02ApplyGateStatus,self-marked/production indicators present,answer/correctAnswer,Nutze diese Redemittel-Situation: leave request,,I can still change the period.,,self_check,Ich kann den Zeitraum noch ändern.,Zeitraum ändern,,,self-marked/production indicators present,,duplicate_v02_lineage_resolved,
content/b1-m07-meetings-leave-requests.js,v080149_cat07_redemittel_cat07_r_061,cat07-r-061,cat07-r-061,PRODUCTION_PRACTICE,separate from normal auto-graded practice in future apply patch,production_isolated,normalAutoGradedPracticeEligible; v02ApplyGateStatus,self-marked/production indicators present,answer/correctAnswer,Nutze diese Redemittel-Situation: leave request,,I am taking only one day of leave.,,self_check,Ich nehme nur einen Urlaubstag.,Urlaubstag nehmen,,,self-marked/production indicators present,,duplicate_v02_lineage_resolved,
content/b1-m07-meetings-leave-requests.js,v080149_cat07_redemittel_cat07_r_062,cat07-r-062,cat07-r-062,PRODUCTION_PRACTICE,separate from normal auto-graded practice in future apply patch,production_isolated,normalAutoGradedPracticeEligible; v02ApplyGateStatus,self-marked/production indicators present,answer/correctAnswer,Nutze diese Redemittel-Situation: online meeting,,Unfortunately I cannot hear you.,,self_check,Ich höre Sie leider nicht.,online meeting support,,,self-marked/production indicators present,,duplicate_v02_lineage_resolved,
content/b1-m07-meetings-leave-requests.js,v080149_cat07_redemittel_cat07_r_063,cat07-r-063,cat07-r-063,PRODUCTION_PRACTICE,separate from normal auto-graded practice in future apply patch,production_isolated,normalAutoGradedPracticeEligible; v02ApplyGateStatus,self-marked/production indicators present,answer/correctAnswer,Nutze diese Redemittel-Situation: online meeting,,My microphone is still switched off.,,self_check,Mein Mikrofon ist noch ausgeschaltet.,Mikrofon ausgeschaltet,,,self-marked/production indicators present,,duplicate_v02_lineage_resolved,
content/b1-m07-meetings-leave-requests.js,v080149_cat07_redemittel_cat07_r_064,cat07-r-064,cat07-r-064,PRODUCTION_PRACTICE,separate from normal auto-graded practice in future apply patch,production_isolated,normalAutoGradedPracticeEligible; v02ApplyGateStatus,self-marked/production indicators present,answer/correctAnswer,Nutze diese Redemittel-Situation: online meeting,,I will briefly share my screen.,,self_check,Ich teile kurz meinen Bildschirm.,Bildschirm teilen,,,self-marked/production indicators present,,duplicate_v02_lineage_resolved,
content/b1-m08-orders-delivery.js,v080149_cat08_practice_family_cat08_pf_074,cat08-pf-074,cat08-pf-074,PRODUCTION_PRACTICE,separate from normal auto-graded practice in future apply patch,production_isolated,normalAutoGradedPracticeEligible; v02ApplyGateStatus,self-marked/production indicators present,prompt; stimulus/learnerCue; answer/correctAnswer,Schreibe eine kurze Nachricht. Ask politely to place an order for office material. Useful phrase: Ich möchte gern ... bestellen. | Scenario: You are asking about an order or delivery. Useful phrases: Ich frage wegen ... nach; Meine Bestellnummer ist ...; Können Sie mir bitte den aktuellen Stand mitteilen? Checklist: one short message; includes order/delivery detail; self-mark only.,Schreibe eine kurze Nachricht.,,Ask politely to place an order for office material. Useful phrase: Ich möchte gern ... bestellen. | Scenario: You are asking about an order or delivery. Useful phrases: Ich frage wegen ... nach; Meine Bestellnummer ist ...; Können Sie mir bitte den aktuellen Stand mitteilen? Checklist: one short message; includes order/delivery detail; self-mark only.,self_check,self-marked,"Production is practice only: check whether the message is short, polite, and about order/delivery status.","Production is practice only: check whether the message is short, polite, and about order/delivery status.",,self-marked/production indicators present,,duplicate_v02_lineage_resolved,
content/b1-m08-orders-delivery.js,v080149_cat08_practice_family_cat08_pf_075,cat08-pf-075,cat08-pf-075,PRODUCTION_PRACTICE,separate from normal auto-graded practice in future apply patch,production_isolated,normalAutoGradedPracticeEligible; v02ApplyGateStatus,self-marked/production indicators present,prompt; stimulus/learnerCue; answer/correctAnswer,Schreibe eine kurze Nachricht. Ask politely when the delivery is expected to arrive. Useful phrase: Wann kommt die Lieferung voraussichtlich an? | Scenario: You are asking about an order or delivery. Useful phrases: Ich frage wegen ... nach; Meine Bestellnummer ist ...; Können Sie mir bitte den aktuellen Stand mitteilen? Checklist: one short message; includes order/delivery detail; self-mark only.,Schreibe eine kurze Nachricht.,,Ask politely when the delivery is expected to arrive. Useful phrase: Wann kommt die Lieferung voraussichtlich an? | Scenario: You are asking about an order or delivery. Useful phrases: Ich frage wegen ... nach; Meine Bestellnummer ist ...; Können Sie mir bitte den aktuellen Stand mitteilen? Checklist: one short message; includes order/delivery detail; self-mark only.,self_check,self-marked,"Production is practice only: check whether the message is short, polite, and about order/delivery status.","Production is practice only: check whether the message is short, polite, and about order/delivery status.",,self-marked/production indicators present,,duplicate_v02_lineage_resolved,
content/b1-m08-orders-delivery.js,v080149_cat08_practice_family_cat08_pf_076,cat08-pf-076,cat08-pf-076,PRODUCTION_PRACTICE,separate from normal auto-graded practice in future apply patch,production_isolated,normalAutoGradedPracticeEligible; v02ApplyGateStatus,self-marked/production indicators present,prompt; stimulus/learnerCue; answer/correctAnswer,Schreibe eine kurze Nachricht. Ask for an invoice by email. Useful phrase: Könnten Sie mir bitte die Rechnung schicken? | Scenario: You are asking about an order or delivery. Useful phrases: Ich frage wegen ... nach; Meine Bestellnummer ist ...; Können Sie mir bitte den aktuellen Stand mitteilen? Checklist: one short message; includes order/delivery detail; self-mark only.,Schreibe eine kurze Nachricht.,,Ask for an invoice by email. Useful phrase: Könnten Sie mir bitte die Rechnung schicken? | Scenario: You are asking about an order or delivery. Useful phrases: Ich frage wegen ... nach; Meine Bestellnummer ist ...; Können Sie mir bitte den aktuellen Stand mitteilen? Checklist: one short message; includes order/delivery detail; self-mark only.,self_check,self-marked,"Production is practice only: check whether the message is short, polite, and about order/delivery status.","Production is practice only: check whether the message is short, polite, and about order/delivery status.",,self-marked/production indicators present,,duplicate_v02_lineage_resolved,
content/b1-m08-orders-delivery.js,v080149_cat08_practice_family_cat08_pf_077,cat08-pf-077,cat08-pf-077,PRODUCTION_PRACTICE,separate from normal auto-graded practice in future apply patch,production_isolated,normalAutoGradedPracticeEligible; v02ApplyGateStatus,self-marked/production indicators present,prompt; stimulus/learnerCue; answer/correctAnswer,Schreibe eine kurze Nachricht. Ask to change the delivery address. Useful phrase: Bitte ändern Sie die Lieferadresse. | Scenario: You are asking about an order or delivery. Useful phrases: Ich frage wegen ... nach; Meine Bestellnummer ist ...; Können Sie mir bitte den aktuellen Stand mitteilen? Checklist: one short message; includes order/delivery detail; self-mark only.,Schreibe eine kurze Nachricht.,,Ask to change the delivery address. Useful phrase: Bitte ändern Sie die Lieferadresse. | Scenario: You are asking about an order or delivery. Useful phrases: Ich frage wegen ... nach; Meine Bestellnummer ist ...; Können Sie mir bitte den aktuellen Stand mitteilen? Checklist: one short message; includes order/delivery detail; self-mark only.,self_check,self-marked,"Production is practice only: check whether the message is short, polite, and about order/delivery status.","Production is practice only: check whether the message is short, polite, and about order/delivery status.",,self-marked/production indicators present,,duplicate_v02_lineage_resolved,
content/b1-m08-orders-delivery.js,v080149_cat08_practice_family_cat08_pf_078,cat08-pf-078,cat08-pf-078,PRODUCTION_PRACTICE,separate from normal auto-graded practice in future apply patch,production_isolated,normalAutoGradedPracticeEligible; v02ApplyGateStatus,self-marked/production indicators present,prompt; stimulus/learnerCue; answer/correctAnswer,Schreibe eine kurze Nachricht. Say that part of the delivery is missing. Do not ask for refund yet. | Scenario: You are asking about an order or delivery. Useful phrases: Ich frage wegen ... nach; Meine Bestellnummer ist ...; Können Sie mir bitte den aktuellen Stand mitteilen? Checklist: one short message; includes order/delivery detail; self-mark only.,Schreibe eine kurze Nachricht.,,Say that part of the delivery is missing. Do not ask for refund yet. | Scenario: You are asking about an order or delivery. Useful phrases: Ich frage wegen ... nach; Meine Bestellnummer ist ...; Können Sie mir bitte den aktuellen Stand mitteilen? Checklist: one short message; includes order/delivery detail; self-mark only.,self_check,self-marked,"Production is practice only: check whether the message is short, polite, and about order/delivery status.","Production is practice only: check whether the message is short, polite, and about order/delivery status.",,self-marked/production indicators present,,duplicate_v02_lineage_resolved,
content/b1-m08-orders-delivery.js,v080149_cat08_redemittel_cat08_r_001,cat08-r-001,cat08-r-001,PRODUCTION_PRACTICE,separate from normal auto-graded practice in future apply patch,production_isolated,normalAutoGradedPracticeEligible; v02ApplyGateStatus,self-marked/production indicators present,answer/correctAnswer,Nutze diese Redemittel-Situation: email/shop,,I would like to order the goods.,,self_check,Ich möchte gern die Ware bestellen.,Watch: missing object or too direct tone,,,self-marked/production indicators present,,duplicate_v02_lineage_resolved,
content/b1-m08-orders-delivery.js,v080149_cat08_redemittel_cat08_r_006,cat08-r-006,cat08-r-006,PRODUCTION_PRACTICE,separate from normal auto-graded practice in future apply patch,production_isolated,normalAutoGradedPracticeEligible; v02ApplyGateStatus,self-marked/production indicators present,answer/correctAnswer,Nutze diese Redemittel-Situation: shop/email,,Is the item also available in another size?,,self_check,Gibt es den Artikel auch in einer anderen Größe?,Watch: case after in + static location phrase,,,self-marked/production indicators present,,duplicate_v02_lineage_resolved,
content/b1-m08-orders-delivery.js,v080149_cat08_redemittel_cat08_r_014,cat08-r-014,cat08-r-014,PRODUCTION_PRACTICE,separate from normal auto-graded practice in future apply patch,production_isolated,normalAutoGradedPracticeEligible; v02ApplyGateStatus,self-marked/production indicators present,answer/correctAnswer,Nutze diese Redemittel-Situation: email,,Thank you for the order confirmation.,,self_check,Vielen Dank für die Bestellbestätigung.,Watch: missing article/genitive-style phrase,,,self-marked/production indicators present,,duplicate_v02_lineage_resolved,
content/b1-m09-complaints-customer-service.js,v080149_cat09_practice_family_cat09_pf_051,cat09-pf-051,cat09-pf-051,PRODUCTION_PRACTICE,separate from normal auto-graded practice in future apply patch,production_isolated,normalAutoGradedPracticeEligible; v02ApplyGateStatus,self-marked/production indicators present,prompt; stimulus/learnerCue; answer/correctAnswer,Schreibe eine kurze Nachricht. Write one polite sentence to open a complaint about a damaged item. Useful phrase: “Ich möchte ... melden.” | Scenario: You are contacting customer service. Useful phrases: Ich möchte eine Reklamation melden; Ich habe ein Problem mit ...; Können Sie mir bitte eine Lösung vorschlagen? Checklist: one short message; names the problem; polite request; self-mark only.,Schreibe eine kurze Nachricht.,,Write one polite sentence to open a complaint about a damaged item. Useful phrase: “Ich möchte ... melden.” | Scenario: You are contacting customer service. Useful phrases: Ich möchte eine Reklamation melden; Ich habe ein Problem mit ...; Können Sie mir bitte eine Lösung vorschlagen? Checklist: one short message; names the problem; polite request; self-mark only.,self_check,self-marked,"Production is practice only: check whether the message is polite, specific, and asks for a solution.","Production is practice only: check whether the message is polite, specific, and asks for a solution.",,self-marked/production indicators present,,duplicate_v02_lineage_resolved,
content/b1-m09-complaints-customer-service.js,v080149_cat09_practice_family_cat09_pf_052,cat09-pf-052,cat09-pf-052,PRODUCTION_PRACTICE,separate from normal auto-graded practice in future apply patch,production_isolated,normalAutoGradedPracticeEligible; v02ApplyGateStatus,self-marked/production indicators present,prompt; stimulus/learnerCue; answer/correctAnswer,Schreibe eine kurze Nachricht. Write one sentence saying that one part is missing from the delivery. | Scenario: You are contacting customer service. Useful phrases: Ich möchte eine Reklamation melden; Ich habe ein Problem mit ...; Können Sie mir bitte eine Lösung vorschlagen? Checklist: one short message; names the problem; polite request; self-mark only.,Schreibe eine kurze Nachricht.,,Write one sentence saying that one part is missing from the delivery. | Scenario: You are contacting customer service. Useful phrases: Ich möchte eine Reklamation melden; Ich habe ein Problem mit ...; Können Sie mir bitte eine Lösung vorschlagen? Checklist: one short message; names the problem; polite request; self-mark only.,self_check,self-marked,"Production is practice only: check whether the message is polite, specific, and asks for a solution.","Production is practice only: check whether the message is polite, specific, and asks for a solution.",,self-marked/production indicators present,,duplicate_v02_lineage_resolved,
content/b1-m09-complaints-customer-service.js,v080149_cat09_practice_family_cat09_pf_053,cat09-pf-053,cat09-pf-053,PRODUCTION_PRACTICE,separate from normal auto-graded practice in future apply patch,production_isolated,normalAutoGradedPracticeEligible; v02ApplyGateStatus,self-marked/production indicators present,prompt; stimulus/learnerCue; answer/correctAnswer,Schreibe eine kurze Nachricht. Write one polite sentence asking for a solution. Useful phrase: “Ich bitte um ...” | Scenario: You are contacting customer service. Useful phrases: Ich möchte eine Reklamation melden; Ich habe ein Problem mit ...; Können Sie mir bitte eine Lösung vorschlagen? Checklist: one short message; names the problem; polite request; self-mark only.,Schreibe eine kurze Nachricht.,,Write one polite sentence asking for a solution. Useful phrase: “Ich bitte um ...” | Scenario: You are contacting customer service. Useful phrases: Ich möchte eine Reklamation melden; Ich habe ein Problem mit ...; Können Sie mir bitte eine Lösung vorschlagen? Checklist: one short message; names the problem; polite request; self-mark only.,self_check,self-marked,"Production is practice only: check whether the message is polite, specific, and asks for a solution.","Production is practice only: check whether the message is polite, specific, and asks for a solution.",,self-marked/production indicators present,,duplicate_v02_lineage_resolved,
content/b1-m09-complaints-customer-service.js,v080149_cat09_practice_family_cat09_pf_054,cat09-pf-054,cat09-pf-054,PRODUCTION_PRACTICE,separate from normal auto-graded practice in future apply patch,production_isolated,normalAutoGradedPracticeEligible; v02ApplyGateStatus,self-marked/production indicators present,prompt; stimulus/learnerCue; answer/correctAnswer,Schreibe eine kurze Nachricht. Write one sentence asking for a replacement item. | Scenario: You are contacting customer service. Useful phrases: Ich möchte eine Reklamation melden; Ich habe ein Problem mit ...; Können Sie mir bitte eine Lösung vorschlagen? Checklist: one short message; names the problem; polite request; self-mark only.,Schreibe eine kurze Nachricht.,,Write one sentence asking for a replacement item. | Scenario: You are contacting customer service. Useful phrases: Ich möchte eine Reklamation melden; Ich habe ein Problem mit ...; Können Sie mir bitte eine Lösung vorschlagen? Checklist: one short message; names the problem; polite request; self-mark only.,self_check,self-marked,"Production is practice only: check whether the message is polite, specific, and asks for a solution.","Production is practice only: check whether the message is polite, specific, and asks for a solution.",,self-marked/production indicators present,,duplicate_v02_lineage_resolved,
content/b1-m09-complaints-customer-service.js,v080149_cat09_practice_family_cat09_pf_055,cat09-pf-055,cat09-pf-055,PRODUCTION_PRACTICE,separate from normal auto-graded practice in future apply patch,production_isolated,normalAutoGradedPracticeEligible; v02ApplyGateStatus,self-marked/production indicators present,prompt; stimulus/learnerCue; answer/correctAnswer,Schreibe einen kurzen Satz. Write one formal sentence asking for a refund. Useful phrase: “Ich bitte um Rückerstattung ...”,Schreibe einen kurzen Satz.,,Write one formal sentence asking for a refund. Useful phrase: “Ich bitte um Rückerstattung ...”,self_check,Self-marked,Self-check only: refund/payment phrasing should be reviewed before import.,Self-check only: refund/payment phrasing should be reviewed before import.,,self-marked/production indicators present,,duplicate_v02_lineage_resolved,
content/b1-m09-complaints-customer-service.js,v080149_cat09_practice_family_cat09_pf_056,cat09-pf-056,cat09-pf-056,PRODUCTION_PRACTICE,separate from normal auto-graded practice in future apply patch,production_isolated,normalAutoGradedPracticeEligible; v02ApplyGateStatus,self-marked/production indicators present,prompt; stimulus/learnerCue; answer/correctAnswer,Schreibe eine kurze Nachricht. Write one sentence saying you are attaching a photo as proof. | Scenario: You are contacting customer service. Useful phrases: Ich möchte eine Reklamation melden; Ich habe ein Problem mit ...; Können Sie mir bitte eine Lösung vorschlagen? Checklist: one short message; names the problem; polite request; self-mark only.,Schreibe eine kurze Nachricht.,,Write one sentence saying you are attaching a photo as proof. | Scenario: You are contacting customer service. Useful phrases: Ich möchte eine Reklamation melden; Ich habe ein Problem mit ...; Können Sie mir bitte eine Lösung vorschlagen? Checklist: one short message; names the problem; polite request; self-mark only.,self_check,self-marked,"Production is practice only: check whether the message is polite, specific, and asks for a solution.","Production is practice only: check whether the message is polite, specific, and asks for a solution.",,self-marked/production indicators present,,duplicate_v02_lineage_resolved,
content/b1-m09-complaints-customer-service.js,v080149_cat09_practice_family_cat09_pf_057,cat09-pf-057,cat09-pf-057,PRODUCTION_PRACTICE,separate from normal auto-graded practice in future apply patch,production_isolated,normalAutoGradedPracticeEligible; v02ApplyGateStatus,self-marked/production indicators present,prompt; stimulus/learnerCue; answer/correctAnswer,Schreibe eine kurze Nachricht. Write one polite follow-up saying you have not received a response yet. | Scenario: You are contacting customer service. Useful phrases: Ich möchte eine Reklamation melden; Ich habe ein Problem mit ...; Können Sie mir bitte eine Lösung vorschlagen? Checklist: one short message; names the problem; polite request; self-mark only.,Schreibe eine kurze Nachricht.,,Write one polite follow-up saying you have not received a response yet. | Scenario: You are contacting customer service. Useful phrases: Ich möchte eine Reklamation melden; Ich habe ein Problem mit ...; Können Sie mir bitte eine Lösung vorschlagen? Checklist: one short message; names the problem; polite request; self-mark only.,self_check,self-marked,"Production is practice only: check whether the message is polite, specific, and asks for a solution.","Production is practice only: check whether the message is polite, specific, and asks for a solution.",,self-marked/production indicators present,,duplicate_v02_lineage_resolved,
content/b1-m09-complaints-customer-service.js,v080149_cat09_practice_family_cat09_pf_058,cat09-pf-058,cat09-pf-058,PRODUCTION_PRACTICE,separate from normal auto-graded practice in future apply patch,production_isolated,normalAutoGradedPracticeEligible; v02ApplyGateStatus,self-marked/production indicators present,prompt; stimulus/learnerCue; answer/correctAnswer,Schreibe eine kurze Nachricht. Write one polite sentence saying that the proposed solution is not suitable for you. | Scenario: You are contacting customer service. Useful phrases: Ich möchte eine Reklamation melden; Ich habe ein Problem mit ...; Können Sie mir bitte eine Lösung vorschlagen? Checklist: one short message; names the problem; polite request; self-mark only.,Schreibe eine kurze Nachricht.,,Write one polite sentence saying that the proposed solution is not suitable for you. | Scenario: You are contacting customer service. Useful phrases: Ich möchte eine Reklamation melden; Ich habe ein Problem mit ...; Können Sie mir bitte eine Lösung vorschlagen? Checklist: one short message; names the problem; polite request; self-mark only.,self_check,self-marked,"Production is practice only: check whether the message is polite, specific, and asks for a solution.","Production is practice only: check whether the message is polite, specific, and asks for a solution.",,self-marked/production indicators present,,duplicate_v02_lineage_resolved,
content/b1-m09-complaints-customer-service.js,v080149_cat09_practice_family_cat09_pf_059,cat09-pf-059,cat09-pf-059,PRODUCTION_PRACTICE,separate from normal auto-graded practice in future apply patch,production_isolated,normalAutoGradedPracticeEligible; v02ApplyGateStatus,self-marked/production indicators present,prompt; stimulus/learnerCue; answer/correctAnswer,Schreibe eine kurze Nachricht. Write one customer-service sentence apologising for an error. | Scenario: You are contacting customer service. Useful phrases: Ich möchte eine Reklamation melden; Ich habe ein Problem mit ...; Können Sie mir bitte eine Lösung vorschlagen? Checklist: one short message; names the problem; polite request; self-mark only.,Schreibe eine kurze Nachricht.,,Write one customer-service sentence apologising for an error. | Scenario: You are contacting customer service. Useful phrases: Ich möchte eine Reklamation melden; Ich habe ein Problem mit ...; Können Sie mir bitte eine Lösung vorschlagen? Checklist: one short message; names the problem; polite request; self-mark only.,self_check,self-marked,"Production is practice only: check whether the message is polite, specific, and asks for a solution.","Production is practice only: check whether the message is polite, specific, and asks for a solution.",,self-marked/production indicators present,,duplicate_v02_lineage_resolved,
content/b1-m09-complaints-customer-service.js,v080149_cat09_practice_family_cat09_pf_060,cat09-pf-060,cat09-pf-060,PRODUCTION_PRACTICE,separate from normal auto-graded practice in future apply patch,production_isolated,normalAutoGradedPracticeEligible; v02ApplyGateStatus,self-marked/production indicators present,prompt; stimulus/learnerCue; answer/correctAnswer,Schreibe eine kurze Nachricht. Write one customer-service sentence saying the case will be checked. | Scenario: You are contacting customer service. Useful phrases: Ich möchte eine Reklamation melden; Ich habe ein Problem mit ...; Können Sie mir bitte eine Lösung vorschlagen? Checklist: one short message; names the problem; polite request; self-mark only.,Schreibe eine kurze Nachricht.,,Write one customer-service sentence saying the case will be checked. | Scenario: You are contacting customer service. Useful phrases: Ich möchte eine Reklamation melden; Ich habe ein Problem mit ...; Können Sie mir bitte eine Lösung vorschlagen? Checklist: one short message; names the problem; polite request; self-mark only.,self_check,self-marked,"Production is practice only: check whether the message is polite, specific, and asks for a solution.","Production is practice only: check whether the message is polite, specific, and asks for a solution.",,self-marked/production indicators present,,duplicate_v02_lineage_resolved,
content/b1-m10-technical-problems.js,v080149_cat10_practice_family_cat10_pf_104,cat10-pf-104,cat10-pf-104,PRODUCTION_PRACTICE,separate from normal auto-graded practice in future apply patch,production_isolated,normalAutoGradedPracticeEligible; v02ApplyGateStatus,self-marked/production indicators present,prompt; stimulus/learnerCue; answer/correctAnswer,Schreibe eine kurze Nachricht. Schreibe eine kurze Nachricht: Die App öffnet sich nicht. Bitte um Hilfe. | Scenario: You are asking for simple technical support. Useful phrases: Die App funktioniert nicht; Ich bekomme eine Fehlermeldung; Können Sie mir bitte helfen? Checklist: one short message; visible problem only; no password/personal data; self-mark only.,Schreibe eine kurze Nachricht.,,Schreibe eine kurze Nachricht: Die App öffnet sich nicht. Bitte um Hilfe. | Scenario: You are asking for simple technical support. Useful phrases: Die App funktioniert nicht; Ich bekomme eine Fehlermeldung; Können Sie mir bitte helfen? Checklist: one short message; visible problem only; no password/personal data; self-mark only.,self_check,self-marked,"Production is practice only: report the visible problem, ask politely for help, and do not include passwords or private data.","Production is practice only: report the visible problem, ask politely for help, and do not include passwords or private data.",,self-marked/production indicators present,,duplicate_v02_lineage_resolved,
content/b1-m10-technical-problems.js,v080149_cat10_practice_family_cat10_pf_105,cat10-pf-105,cat10-pf-105,PRODUCTION_PRACTICE,separate from normal auto-graded practice in future apply patch,production_isolated,normalAutoGradedPracticeEligible; v02ApplyGateStatus,self-marked/production indicators present,prompt; stimulus/learnerCue; answer/correctAnswer,"Schreibe eine kurze Nachricht. Schreibe eine kurze Nachricht: Du hast ein Ticket, aber noch keine Rückmeldung. | Scenario: You are asking for simple technical support. Useful phrases: Die App funktioniert nicht; Ich bekomme eine Fehlermeldung; Können Sie mir bitte helfen? Checklist: one short message; visible problem only; no password/personal data; self-mark only.",Schreibe eine kurze Nachricht.,,"Schreibe eine kurze Nachricht: Du hast ein Ticket, aber noch keine Rückmeldung. | Scenario: You are asking for simple technical support. Useful phrases: Die App funktioniert nicht; Ich bekomme eine Fehlermeldung; Können Sie mir bitte helfen? Checklist: one short message; visible problem only; no password/personal data; self-mark only.",self_check,self-marked,"Production is practice only: report the visible problem, ask politely for help, and do not include passwords or private data.","Production is practice only: report the visible problem, ask politely for help, and do not include passwords or private data.",,self-marked/production indicators present,,duplicate_v02_lineage_resolved,
content/b1-m10-technical-problems.js,v080149_cat10_practice_family_cat10_pf_106,cat10-pf-106,cat10-pf-106,PRODUCTION_PRACTICE,separate from normal auto-graded practice in future apply patch,production_isolated,normalAutoGradedPracticeEligible; v02ApplyGateStatus,self-marked/production indicators present,prompt; stimulus/learnerCue; answer/correctAnswer,Schreibe einen kurzen Satz. Schreibe eine kurze E-Mail: Du schickst einen Screenshot und die Fehlermeldung.,Schreibe einen kurzen Satz.,,Schreibe eine kurze E-Mail: Du schickst einen Screenshot und die Fehlermeldung.,self_check,Self-marked,Self-check: attachment/screenshot mentioned without private data.,Self-check: attachment/screenshot mentioned without private data.,,self-marked/production indicators present,,duplicate_v02_lineage_resolved,
content/b1-m10-technical-problems.js,v080149_cat10_practice_family_cat10_pf_107,cat10-pf-107,cat10-pf-107,PRODUCTION_PRACTICE,separate from normal auto-graded practice in future apply patch,production_isolated,normalAutoGradedPracticeEligible; v02ApplyGateStatus,self-marked/production indicators present,prompt; stimulus/learnerCue; answer/correctAnswer,Schreibe eine kurze Nachricht. Schreibe einen Satz: Du kommst nicht in die Videokonferenz. | Scenario: You are asking for simple technical support. Useful phrases: Die App funktioniert nicht; Ich bekomme eine Fehlermeldung; Können Sie mir bitte helfen? Checklist: one short message; visible problem only; no password/personal data; self-mark only.,Schreibe eine kurze Nachricht.,,Schreibe einen Satz: Du kommst nicht in die Videokonferenz. | Scenario: You are asking for simple technical support. Useful phrases: Die App funktioniert nicht; Ich bekomme eine Fehlermeldung; Können Sie mir bitte helfen? Checklist: one short message; visible problem only; no password/personal data; self-mark only.,self_check,self-marked,"Production is practice only: report the visible problem, ask politely for help, and do not include passwords or private data.","Production is practice only: report the visible problem, ask politely for help, and do not include passwords or private data.",,self-marked/production indicators present,,duplicate_v02_lineage_resolved,
content/b1-m10-technical-problems.js,v080149_cat10_practice_family_cat10_pf_108,cat10-pf-108,cat10-pf-108,PRODUCTION_PRACTICE,separate from normal auto-graded practice in future apply patch,production_isolated,normalAutoGradedPracticeEligible; v02ApplyGateStatus,self-marked/production indicators present,prompt; stimulus/learnerCue; answer/correctAnswer,Schreibe einen kurzen Satz. Schreibe eine kurze höfliche Bitte: Dein Passwort funktioniert nicht.,Schreibe einen kurzen Satz.,,Schreibe eine kurze höfliche Bitte: Dein Passwort funktioniert nicht.,self_check,Self-marked,"Self-check: request password reset, never share the password.","Self-check: request password reset, never share the password.",,self-marked/production indicators present,,duplicate_v02_lineage_resolved,
content/b1-m10-technical-problems.js,v080149_cat10_practice_family_cat10_pf_109,cat10-pf-109,cat10-pf-109,PRODUCTION_PRACTICE,separate from normal auto-graded practice in future apply patch,production_isolated,normalAutoGradedPracticeEligible; v02ApplyGateStatus,self-marked/production indicators present,prompt; stimulus/learnerCue; answer/correctAnswer,Schreibe eine kurze Nachricht. Schreibe eine kurze Nachricht: Du kannst eine Datei nicht hochladen. | Scenario: You are asking for simple technical support. Useful phrases: Die App funktioniert nicht; Ich bekomme eine Fehlermeldung; Können Sie mir bitte helfen? Checklist: one short message; visible problem only; no password/personal data; self-mark only.,Schreibe eine kurze Nachricht.,,Schreibe eine kurze Nachricht: Du kannst eine Datei nicht hochladen. | Scenario: You are asking for simple technical support. Useful phrases: Die App funktioniert nicht; Ich bekomme eine Fehlermeldung; Können Sie mir bitte helfen? Checklist: one short message; visible problem only; no password/personal data; self-mark only.,self_check,self-marked,"Production is practice only: report the visible problem, ask politely for help, and do not include passwords or private data.","Production is practice only: report the visible problem, ask politely for help, and do not include passwords or private data.",,self-marked/production indicators present,,duplicate_v02_lineage_resolved,
content/b1-m10-technical-problems.js,v080149_cat10_practice_family_cat10_pf_110,cat10-pf-110,cat10-pf-110,PRODUCTION_PRACTICE,separate from normal auto-graded practice in future apply patch,production_isolated,normalAutoGradedPracticeEligible; v02ApplyGateStatus,self-marked/production indicators present,prompt; stimulus/learnerCue; answer/correctAnswer,Schreibe eine kurze Nachricht. Schreibe eine kurze Antwort: Das Problem ist gelöst. | Scenario: You are asking for simple technical support. Useful phrases: Die App funktioniert nicht; Ich bekomme eine Fehlermeldung; Können Sie mir bitte helfen? Checklist: one short message; visible problem only; no password/personal data; self-mark only.,Schreibe eine kurze Nachricht.,,Schreibe eine kurze Antwort: Das Problem ist gelöst. | Scenario: You are asking for simple technical support. Useful phrases: Die App funktioniert nicht; Ich bekomme eine Fehlermeldung; Können Sie mir bitte helfen? Checklist: one short message; visible problem only; no password/personal data; self-mark only.,self_check,self-marked,"Production is practice only: report the visible problem, ask politely for help, and do not include passwords or private data.","Production is practice only: report the visible problem, ask politely for help, and do not include passwords or private data.",,self-marked/production indicators present,,duplicate_v02_lineage_resolved,
content/b1-m10-technical-problems.js,v080149_cat10_practice_family_cat10_pf_111,cat10-pf-111,cat10-pf-111,PRODUCTION_PRACTICE,separate from normal auto-graded practice in future apply patch,production_isolated,normalAutoGradedPracticeEligible; v02ApplyGateStatus,self-marked/production indicators present,prompt; stimulus/learnerCue; answer/correctAnswer,"Schreibe eine kurze Nachricht. Schreibe eine kurze Nachricht: Es ist dringend, weil du heute eine Datei abgeben musst. | Scenario: You are asking for simple technical support. Useful phrases: Die App funktioniert nicht; Ich bekomme eine Fehlermeldung; Können Sie mir bitte helfen? Checklist: one short message; visible problem only; no password/personal data; self-mark only.",Schreibe eine kurze Nachricht.,,"Schreibe eine kurze Nachricht: Es ist dringend, weil du heute eine Datei abgeben musst. | Scenario: You are asking for simple technical support. Useful phrases: Die App funktioniert nicht; Ich bekomme eine Fehlermeldung; Können Sie mir bitte helfen? Checklist: one short message; visible problem only; no password/personal data; self-mark only.",self_check,self-marked,"Production is practice only: report the visible problem, ask politely for help, and do not include passwords or private data.","Production is practice only: report the visible problem, ask politely for help, and do not include passwords or private data.",,self-marked/production indicators present,,duplicate_v02_lineage_resolved,
content/b1-m11-colleague-feedback-conflict.js,v080149_cat11_practice_family_cat11_pf_043,cat11-pf-043,cat11-pf-043,PRODUCTION_PRACTICE,separate from normal auto-graded practice in future apply patch,production_isolated,normalAutoGradedPracticeEligible; v02ApplyGateStatus,self-marked/production indicators present,prompt; stimulus/learnerCue; answer/correctAnswer,Schreibe einen kurzen Satz. Ask a colleague politely to clarify a misunderstanding. Useful phrase: `Missverständnis klären`.,Schreibe einen kurzen Satz.,,Ask a colleague politely to clarify a misunderstanding. Useful phrase: `Missverständnis klären`.,self_check,Self-marked,Self-check: Did you ask for clarification politely and name the misunderstanding?,Self-check: Did you ask for clarification politely and name the misunderstanding?,,self-marked/production indicators present,,duplicate_v02_lineage_resolved,
content/b1-m11-colleague-feedback-conflict.js,v080149_cat11_practice_family_cat11_pf_044,cat11-pf-044,cat11-pf-044,PRODUCTION_PRACTICE,separate from normal auto-graded practice in future apply patch,production_isolated,normalAutoGradedPracticeEligible; v02ApplyGateStatus,self-marked/production indicators present,prompt; stimulus/learnerCue; answer/correctAnswer,"Schreibe einen kurzen Satz. Give neutral feedback about one missing detail. Useful phrase: `Mir ist aufgefallen, dass ...`.",Schreibe einen kurzen Satz.,,"Give neutral feedback about one missing detail. Useful phrase: `Mir ist aufgefallen, dass ...`.",self_check,Self-marked,Self-check: Did you mention the issue without attacking the person?,Self-check: Did you mention the issue without attacking the person?,,self-marked/production indicators present,,duplicate_v02_lineage_resolved,
content/b1-m11-colleague-feedback-conflict.js,v080149_cat11_practice_family_cat11_pf_045,cat11-pf-045,cat11-pf-045,PRODUCTION_PRACTICE,separate from normal auto-graded practice in future apply patch,production_isolated,normalAutoGradedPracticeEligible; v02ApplyGateStatus,self-marked/production indicators present,prompt; stimulus/learnerCue; answer/correctAnswer,Schreibe einen kurzen Satz. Apologise for a mistake and say what you will do next.,Schreibe einen kurzen Satz.,,Apologise for a mistake and say what you will do next.,self_check,Self-marked,Self-check: Did you apologise and include one repair action?,Self-check: Did you apologise and include one repair action?,,self-marked/production indicators present,,duplicate_v02_lineage_resolved,
content/b1-m11-colleague-feedback-conflict.js,v080149_cat11_practice_family_cat11_pf_046,cat11-pf-046,cat11-pf-046,PRODUCTION_PRACTICE,separate from normal auto-graded practice in future apply patch,production_isolated,normalAutoGradedPracticeEligible; v02ApplyGateStatus,self-marked/production indicators present,prompt; stimulus/learnerCue; answer/correctAnswer,Schreibe einen kurzen Satz. Set a polite boundary because someone interrupted you. Useful phrase: `Bitte lassen Sie mich kurz ausreden.`,Schreibe einen kurzen Satz.,,Set a polite boundary because someone interrupted you. Useful phrase: `Bitte lassen Sie mich kurz ausreden.`,self_check,Self-marked,Self-check: Is the boundary clear but not rude?,Self-check: Is the boundary clear but not rude?,,self-marked/production indicators present,,duplicate_v02_lineage_resolved,
content/b1-m12-forms-admin-certificates.js,v080149_cat12_practice_family_cat12_pf_045,cat12-pf-045,cat12-pf-045,PRODUCTION_PRACTICE,separate from normal auto-graded practice in future apply patch,production_isolated,normalAutoGradedPracticeEligible; v02ApplyGateStatus,self-marked/production indicators present,prompt; stimulus/learnerCue; answer/correctAnswer,Schreibe einen kurzen Satz. Ask which documents you need to submit. | Scenario: You are asking about a form or document. Useful phrases: Ich brauche das Formular ...; Welche Unterlagen brauche ich?; Im Anhang finden Sie ...; Mir fehlt ... Checklist: one short sentence/message; names the document/action; no legal or deadline advice; self-mark only.,Schreibe einen kurzen Satz.,,Ask which documents you need to submit. | Scenario: You are asking about a form or document. Useful phrases: Ich brauche das Formular ...; Welche Unterlagen brauche ich?; Im Anhang finden Sie ...; Mir fehlt ... Checklist: one short sentence/message; names the document/action; no legal or deadline advice; self-mark only.,self_check,self-marked,Production is practice only: name the document/action clearly; do not treat this as admin advice.,Production is practice only: name the document/action clearly; do not treat this as admin advice.,,self-marked/production indicators present,,duplicate_v02_lineage_resolved,
content/b1-m12-forms-admin-certificates.js,v080149_cat12_practice_family_cat12_pf_046,cat12-pf-046,cat12-pf-046,PRODUCTION_PRACTICE,separate from normal auto-graded practice in future apply patch,production_isolated,normalAutoGradedPracticeEligible; v02ApplyGateStatus,self-marked/production indicators present,prompt; stimulus/learnerCue; answer/correctAnswer,Schreibe einen kurzen Satz. Ask where you can find the form. | Scenario: You are asking about a form or document. Useful phrases: Ich brauche das Formular ...; Welche Unterlagen brauche ich?; Im Anhang finden Sie ...; Mir fehlt ... Checklist: one short sentence/message; names the document/action; no legal or deadline advice; self-mark only.,Schreibe einen kurzen Satz.,,Ask where you can find the form. | Scenario: You are asking about a form or document. Useful phrases: Ich brauche das Formular ...; Welche Unterlagen brauche ich?; Im Anhang finden Sie ...; Mir fehlt ... Checklist: one short sentence/message; names the document/action; no legal or deadline advice; self-mark only.,self_check,self-marked,Production is practice only: name the document/action clearly; do not treat this as admin advice.,Production is practice only: name the document/action clearly; do not treat this as admin advice.,,self-marked/production indicators present,,duplicate_v02_lineage_resolved,
content/b1-m12-forms-admin-certificates.js,v080149_cat12_practice_family_cat12_pf_047,cat12-pf-047,cat12-pf-047,PRODUCTION_PRACTICE,separate from normal auto-graded practice in future apply patch,production_isolated,normalAutoGradedPracticeEligible; v02ApplyGateStatus,self-marked/production indicators present,prompt; stimulus/learnerCue; answer/correctAnswer,Schreibe einen kurzen Satz. Say that you will submit the missing documents later.,Schreibe einen kurzen Satz.,,Say that you will submit the missing documents later.,self_check,Self-marked,Self-check: Did you use `nachreichen` or a clear equivalent?,Self-check: Did you use `nachreichen` or a clear equivalent?,,self-marked/production indicators present,,duplicate_v02_lineage_resolved,
content/b1-m12-forms-admin-certificates.js,v080149_cat12_practice_family_cat12_pf_048,cat12-pf-048,cat12-pf-048,PRODUCTION_PRACTICE,separate from normal auto-graded practice in future apply patch,production_isolated,normalAutoGradedPracticeEligible; v02ApplyGateStatus,self-marked/production indicators present,prompt; stimulus/learnerCue; answer/correctAnswer,Schreibe eine kurze Nachricht. Ask for written confirmation that your documents arrived.,Schreibe eine kurze Nachricht.,,Ask for written confirmation that your documents arrived.,self_check,Self-marked,Self-check: Did you ask for written confirmation of receipt?,Self-check: Did you ask for written confirmation of receipt?,,self-marked/production indicators present,,duplicate_v02_lineage_resolved,
content/b1-m13-learning-exam-language.js,v080149_cat13_practice_family_cat13_pf_087,cat13-pf-087,cat13-pf-087,PRODUCTION_PRACTICE,separate from normal auto-graded practice in future apply patch,production_isolated,normalAutoGradedPracticeEligible; v02ApplyGateStatus,self-marked/production indicators present,prompt; stimulus/learnerCue; answer/correctAnswer,Schreibe einen kurzen Satz. Ask your teacher to explain the task. | Scenario: You are in class or preparing for an exam. Useful phrases: Ich verstehe ... nicht; Können Sie das bitte erklären?; Können Sie ein Beispiel geben? Checklist: one short sentence/message; asks clearly; no exam-readiness or official-result claim; self-mark only.,Schreibe einen kurzen Satz.,,Ask your teacher to explain the task. | Scenario: You are in class or preparing for an exam. Useful phrases: Ich verstehe ... nicht; Können Sie das bitte erklären?; Können Sie ein Beispiel geben? Checklist: one short sentence/message; asks clearly; no exam-readiness or official-result claim; self-mark only.,self_check,self-marked,Production is practice only: ask clearly for help or describe your learning need; do not treat this as exam advice.,Production is practice only: ask clearly for help or describe your learning need; do not treat this as exam advice.,,self-marked/production indicators present,,duplicate_v02_lineage_resolved,
content/b1-m13-learning-exam-language.js,v080149_cat13_practice_family_cat13_pf_088,cat13-pf-088,cat13-pf-088,PRODUCTION_PRACTICE,separate from normal auto-graded practice in future apply patch,production_isolated,normalAutoGradedPracticeEligible; v02ApplyGateStatus,self-marked/production indicators present,prompt; stimulus/learnerCue; answer/correctAnswer,Schreibe einen kurzen Satz. Ask someone to repeat the question. | Scenario: You are in class or preparing for an exam. Useful phrases: Ich verstehe ... nicht; Können Sie das bitte erklären?; Können Sie ein Beispiel geben? Checklist: one short sentence/message; asks clearly; no exam-readiness or official-result claim; self-mark only.,Schreibe einen kurzen Satz.,,Ask someone to repeat the question. | Scenario: You are in class or preparing for an exam. Useful phrases: Ich verstehe ... nicht; Können Sie das bitte erklären?; Können Sie ein Beispiel geben? Checklist: one short sentence/message; asks clearly; no exam-readiness or official-result claim; self-mark only.,self_check,self-marked,Production is practice only: ask clearly for help or describe your learning need; do not treat this as exam advice.,Production is practice only: ask clearly for help or describe your learning need; do not treat this as exam advice.,,self-marked/production indicators present,,duplicate_v02_lineage_resolved,
content/b1-m13-learning-exam-language.js,v080149_cat13_practice_family_cat13_pf_089,cat13-pf-089,cat13-pf-089,PRODUCTION_PRACTICE,separate from normal auto-graded practice in future apply patch,production_isolated,normalAutoGradedPracticeEligible; v02ApplyGateStatus,self-marked/production indicators present,prompt; stimulus/learnerCue; answer/correctAnswer,Schreibe einen kurzen Satz. Say how you want to prepare for an exam. | Scenario: You are in class or preparing for an exam. Useful phrases: Ich verstehe ... nicht; Können Sie das bitte erklären?; Können Sie ein Beispiel geben? Checklist: one short sentence/message; asks clearly; no exam-readiness or official-result claim; self-mark only.,Schreibe einen kurzen Satz.,,Say how you want to prepare for an exam. | Scenario: You are in class or preparing for an exam. Useful phrases: Ich verstehe ... nicht; Können Sie das bitte erklären?; Können Sie ein Beispiel geben? Checklist: one short sentence/message; asks clearly; no exam-readiness or official-result claim; self-mark only.,self_check,self-marked,Production is practice only: ask clearly for help or describe your learning need; do not treat this as exam advice.,Production is practice only: ask clearly for help or describe your learning need; do not treat this as exam advice.,,self-marked/production indicators present,,duplicate_v02_lineage_resolved,
content/b1-m13-learning-exam-language.js,v080149_cat13_practice_family_cat13_pf_090,cat13-pf-090,cat13-pf-090,PRODUCTION_PRACTICE,separate from normal auto-graded practice in future apply patch,production_isolated,normalAutoGradedPracticeEligible; v02ApplyGateStatus,self-marked/production indicators present,prompt; stimulus/learnerCue; answer/correctAnswer,Schreibe einen kurzen Satz. Ask for feedback on your writing. | Scenario: You are in class or preparing for an exam. Useful phrases: Ich verstehe ... nicht; Können Sie das bitte erklären?; Können Sie ein Beispiel geben? Checklist: one short sentence/message; asks clearly; no exam-readiness or official-result claim; self-mark only.,Schreibe einen kurzen Satz.,,Ask for feedback on your writing. | Scenario: You are in class or preparing for an exam. Useful phrases: Ich verstehe ... nicht; Können Sie das bitte erklären?; Können Sie ein Beispiel geben? Checklist: one short sentence/message; asks clearly; no exam-readiness or official-result claim; self-mark only.,self_check,self-marked,Production is practice only: ask clearly for help or describe your learning need; do not treat this as exam advice.,Production is practice only: ask clearly for help or describe your learning need; do not treat this as exam advice.,,self-marked/production indicators present,,duplicate_v02_lineage_resolved,
content/b1-m13-learning-exam-language.js,v080149_cat13_practice_family_cat13_pf_091,cat13-pf-091,cat13-pf-091,PRODUCTION_PRACTICE,separate from normal auto-graded practice in future apply patch,production_isolated,normalAutoGradedPracticeEligible; v02ApplyGateStatus,self-marked/production indicators present,prompt; stimulus/learnerCue; answer/correctAnswer,Schreibe einen kurzen Satz. Say which skill you want to improve. | Scenario: You are in class or preparing for an exam. Useful phrases: Ich verstehe ... nicht; Können Sie das bitte erklären?; Können Sie ein Beispiel geben? Checklist: one short sentence/message; asks clearly; no exam-readiness or official-result claim; self-mark only.,Schreibe einen kurzen Satz.,,Say which skill you want to improve. | Scenario: You are in class or preparing for an exam. Useful phrases: Ich verstehe ... nicht; Können Sie das bitte erklären?; Können Sie ein Beispiel geben? Checklist: one short sentence/message; asks clearly; no exam-readiness or official-result claim; self-mark only.,self_check,self-marked,Production is practice only: ask clearly for help or describe your learning need; do not treat this as exam advice.,Production is practice only: ask clearly for help or describe your learning need; do not treat this as exam advice.,,self-marked/production indicators present,,duplicate_v02_lineage_resolved,
content/b1-m13-learning-exam-language.js,v080149_cat13_practice_family_cat13_pf_092,cat13-pf-092,cat13-pf-092,PRODUCTION_PRACTICE,separate from normal auto-graded practice in future apply patch,production_isolated,normalAutoGradedPracticeEligible; v02ApplyGateStatus,self-marked/production indicators present,prompt; stimulus/learnerCue; answer/correctAnswer,Schreibe einen kurzen Satz. Ask when you will receive the exam result.,Schreibe einen kurzen Satz.,,Ask when you will receive the exam result.,self_check,Self-marked,Self-check: Did you ask about the result without claiming a score?,Self-check: Did you ask about the result without claiming a score?,,self-marked/production indicators present,,duplicate_v02_lineage_resolved,
content/b1-m13-learning-exam-language.js,v080149_cat13_practice_family_cat13_pf_093,cat13-pf-093,cat13-pf-093,PRODUCTION_PRACTICE,separate from normal auto-graded practice in future apply patch,production_isolated,normalAutoGradedPracticeEligible; v02ApplyGateStatus,self-marked/production indicators present,prompt; stimulus/learnerCue; answer/correctAnswer,Schreibe einen kurzen Satz. Ask whether you should write full sentences. | Scenario: You are in class or preparing for an exam. Useful phrases: Ich verstehe ... nicht; Können Sie das bitte erklären?; Können Sie ein Beispiel geben? Checklist: one short sentence/message; asks clearly; no exam-readiness or official-result claim; self-mark only.,Schreibe einen kurzen Satz.,,Ask whether you should write full sentences. | Scenario: You are in class or preparing for an exam. Useful phrases: Ich verstehe ... nicht; Können Sie das bitte erklären?; Können Sie ein Beispiel geben? Checklist: one short sentence/message; asks clearly; no exam-readiness or official-result claim; self-mark only.,self_check,self-marked,Production is practice only: ask clearly for help or describe your learning need; do not treat this as exam advice.,Production is practice only: ask clearly for help or describe your learning need; do not treat this as exam advice.,,self-marked/production indicators present,,duplicate_v02_lineage_resolved,
content/b1-m13-learning-exam-language.js,v080149_cat13_practice_family_cat13_pf_094,cat13-pf-094,cat13-pf-094,PRODUCTION_PRACTICE,separate from normal auto-graded practice in future apply patch,production_isolated,normalAutoGradedPracticeEligible; v02ApplyGateStatus,self-marked/production indicators present,prompt; stimulus/learnerCue; answer/correctAnswer,Schreibe einen kurzen Satz. Say that you were not sure about an answer. | Scenario: You are in class or preparing for an exam. Useful phrases: Ich verstehe ... nicht; Können Sie das bitte erklären?; Können Sie ein Beispiel geben? Checklist: one short sentence/message; asks clearly; no exam-readiness or official-result claim; self-mark only.,Schreibe einen kurzen Satz.,,Say that you were not sure about an answer. | Scenario: You are in class or preparing for an exam. Useful phrases: Ich verstehe ... nicht; Können Sie das bitte erklären?; Können Sie ein Beispiel geben? Checklist: one short sentence/message; asks clearly; no exam-readiness or official-result claim; self-mark only.,self_check,self-marked,Production is practice only: ask clearly for help or describe your learning need; do not treat this as exam advice.,Production is practice only: ask clearly for help or describe your learning need; do not treat this as exam advice.,,self-marked/production indicators present,,duplicate_v02_lineage_resolved,
content/b1-m13-learning-exam-language.js,v080149_cat13_practice_family_cat13_pf_095,cat13-pf-095,cat13-pf-095,PRODUCTION_PRACTICE,separate from normal auto-graded practice in future apply patch,production_isolated,normalAutoGradedPracticeEligible; v02ApplyGateStatus,self-marked/production indicators present,prompt; stimulus/learnerCue; answer/correctAnswer,Schreibe einen kurzen Satz. Suggest practising vocabulary with a study partner. | Scenario: You are in class or preparing for an exam. Useful phrases: Ich verstehe ... nicht; Können Sie das bitte erklären?; Können Sie ein Beispiel geben? Checklist: one short sentence/message; asks clearly; no exam-readiness or official-result claim; self-mark only.,Schreibe einen kurzen Satz.,,Suggest practising vocabulary with a study partner. | Scenario: You are in class or preparing for an exam. Useful phrases: Ich verstehe ... nicht; Können Sie das bitte erklären?; Können Sie ein Beispiel geben? Checklist: one short sentence/message; asks clearly; no exam-readiness or official-result claim; self-mark only.,self_check,self-marked,Production is practice only: ask clearly for help or describe your learning need; do not treat this as exam advice.,Production is practice only: ask clearly for help or describe your learning need; do not treat this as exam advice.,,self-marked/production indicators present,,duplicate_v02_lineage_resolved,
content/b1-m13-learning-exam-language.js,v080149_cat13_practice_family_cat13_pf_096,cat13-pf-096,cat13-pf-096,PRODUCTION_PRACTICE,separate from normal auto-graded practice in future apply patch,production_isolated,normalAutoGradedPracticeEligible; v02ApplyGateStatus,self-marked/production indicators present,prompt; stimulus/learnerCue; answer/correctAnswer,Schreibe einen kurzen Satz. Say that you need help summarising a text. | Scenario: You are in class or preparing for an exam. Useful phrases: Ich verstehe ... nicht; Können Sie das bitte erklären?; Können Sie ein Beispiel geben? Checklist: one short sentence/message; asks clearly; no exam-readiness or official-result claim; self-mark only.,Schreibe einen kurzen Satz.,,Say that you need help summarising a text. | Scenario: You are in class or preparing for an exam. Useful phrases: Ich verstehe ... nicht; Können Sie das bitte erklären?; Können Sie ein Beispiel geben? Checklist: one short sentence/message; asks clearly; no exam-readiness or official-result claim; self-mark only.,self_check,self-marked,Production is practice only: ask clearly for help or describe your learning need; do not treat this as exam advice.,Production is practice only: ask clearly for help or describe your learning need; do not treat this as exam advice.,,self-marked/production indicators present,,duplicate_v02_lineage_resolved,
content/b1-m13-learning-exam-language.js,v080149_cat13_redemittel_cat13_r_018,cat13-r-018,cat13-r-018,PRODUCTION_PRACTICE,separate from normal auto-graded practice in future apply patch,production_isolated,normalAutoGradedPracticeEligible; v02ApplyGateStatus,self-marked/production indicators present,answer/correctAnswer,Nutze diese Redemittel-Situation: learning plan,,I study twenty minutes every day.,,self_check,Ich lerne jeden Tag zwanzig Minuten.,Watch: seit/vor issue belongs CAT15,,,self-marked/production indicators present,,duplicate_v02_lineage_resolved,
content/b1-m13-learning-exam-language.js,v080149_cat13_redemittel_cat13_r_022,cat13-r-022,cat13-r-022,PRODUCTION_PRACTICE,separate from normal auto-graded practice in future apply patch,production_isolated,normalAutoGradedPracticeEligible; v02ApplyGateStatus,self-marked/production indicators present,answer/correctAnswer,Nutze diese Redemittel-Situation: learning plan,,I ask if I do not understand something.,,self_check,"Ich frage nach, wenn ich etwas nicht verstehe.",Watch: word order,,,self-marked/production indicators present,,duplicate_v02_lineage_resolved,
content/b1-m13-learning-exam-language.js,v080149_cat13_redemittel_cat13_r_027,cat13-r-027,cat13-r-027,PRODUCTION_PRACTICE,separate from normal auto-graded practice in future apply patch,production_isolated,normalAutoGradedPracticeEligible; v02ApplyGateStatus,self-marked/production indicators present,answer/correctAnswer,Nutze diese Redemittel-Situation: exam prep,,I would like to practise the oral exam.,,self_check,Ich möchte die mündliche Prüfung üben.,Watch: missing article,,,self-marked/production indicators present,,duplicate_v02_lineage_resolved,
content/b1-m13-learning-exam-language.js,v080149_cat13_redemittel_cat13_r_049,cat13-r-049,cat13-r-049,PRODUCTION_PRACTICE,separate from normal auto-graded practice in future apply patch,production_isolated,normalAutoGradedPracticeEligible; v02ApplyGateStatus,self-marked/production indicators present,answer/correctAnswer,Nutze diese Redemittel-Situation: learning reflection,,I can roughly understand the text.,,self_check,Ich kann den Text grob verstehen.,Watch: wrong adverb,,,self-marked/production indicators present,,duplicate_v02_lineage_resolved,
content/b1-m13-learning-exam-language.js,v080149_cat13_redemittel_cat13_r_050,cat13-r-050,cat13-r-050,PRODUCTION_PRACTICE,separate from normal auto-graded practice in future apply patch,production_isolated,normalAutoGradedPracticeEligible; v02ApplyGateStatus,self-marked/production indicators present,answer/correctAnswer,Nutze diese Redemittel-Situation: learning reflection,,I still need help with sentence structure.,,self_check,Ich brauche noch Hilfe beim Satzbau.,Watch: preposition error,,,self-marked/production indicators present,,duplicate_v02_lineage_resolved,
content/b1-m13-learning-exam-language.js,v080149_cat13_redemittel_cat13_r_052,cat13-r-052,cat13-r-052,PRODUCTION_PRACTICE,separate from normal auto-graded practice in future apply patch,production_isolated,normalAutoGradedPracticeEligible; v02ApplyGateStatus,self-marked/production indicators present,answer/correctAnswer,Nutze diese Redemittel-Situation: learning reflection,,I would like to learn more useful phrases.,,self_check,Ich möchte mehr Redemittel lernen.,Watch: meaning/register mismatch,,,self-marked/production indicators present,,duplicate_v02_lineage_resolved,
content/b1-m14-connectors-sentence-functions.js,v080149_cat14_practice_family_cat14_pf_118,cat14-pf-118,cat14-pf-118,PRODUCTION_PRACTICE,separate from normal auto-graded practice in future apply patch,production_isolated,normalAutoGradedPracticeEligible; v02ApplyGateStatus,self-marked/production indicators present,prompt; stimulus/learnerCue; answer/correctAnswer,"Write one sentence explaining why you cannot come. Use „weil“ or „denn“. Useful frames: Ich kann nicht kommen, weil ... / Ich kann nicht kommen, denn ...",Write one sentence explaining why you cannot come. Use „weil“ or „denn“.,,"Useful frames: Ich kann nicht kommen, weil ... / Ich kann nicht kommen, denn ...",self_check,self_marked,Self-check: Did you give a clear reason and keep the word order correct?,Self-check: Did you give a clear reason and keep the word order correct?,,self-marked/production indicators present,,duplicate_v02_lineage_resolved,
content/b1-m14-connectors-sentence-functions.js,v080149_cat14_practice_family_cat14_pf_119,cat14-pf-119,cat14-pf-119,PRODUCTION_PRACTICE,separate from normal auto-graded practice in future apply patch,production_isolated,normalAutoGradedPracticeEligible; v02ApplyGateStatus,self-marked/production indicators present,prompt; stimulus/learnerCue; answer/correctAnswer,"Write one sentence with a consequence. Use „deshalb“ or „deswegen“. Useful frame: ..., deshalb ...",Write one sentence with a consequence. Use „deshalb“ or „deswegen“.,,"Useful frame: ..., deshalb ...",self_check,self_marked,Self-check: Did the finite verb come directly after deshalb/deswegen?,Self-check: Did the finite verb come directly after deshalb/deswegen?,,self-marked/production indicators present,,duplicate_v02_lineage_resolved,
content/b1-m14-connectors-sentence-functions.js,v080149_cat14_practice_family_cat14_pf_120,cat14-pf-120,cat14-pf-120,PRODUCTION_PRACTICE,separate from normal auto-graded practice in future apply patch,production_isolated,normalAutoGradedPracticeEligible; v02ApplyGateStatus,self-marked/production indicators present,prompt; stimulus/learnerCue; answer/correctAnswer,"Write one polite contrast sentence. Use „aber“. Useful frame: Ich verstehe das, aber ...",Write one polite contrast sentence. Use „aber“.,,"Useful frame: Ich verstehe das, aber ...",self_check,self_marked,Self-check: Is the contrast polite and clear?,Self-check: Is the contrast polite and clear?,,self-marked/production indicators present,,duplicate_v02_lineage_resolved,
content/b1-m14-connectors-sentence-functions.js,v080149_cat14_practice_family_cat14_pf_121,cat14-pf-121,cat14-pf-121,PRODUCTION_PRACTICE,separate from normal auto-graded practice in future apply patch,production_isolated,normalAutoGradedPracticeEligible; v02ApplyGateStatus,self-marked/production indicators present,prompt; stimulus/learnerCue; answer/correctAnswer,"Write one sentence with „obwohl“ or „trotzdem“. Useful frames: Obwohl ..., ... / ..., trotzdem ...",Write one sentence with „obwohl“ or „trotzdem“.,,"Useful frames: Obwohl ..., ... / ..., trotzdem ...",self_check,self_marked,Self-check: Did you use verb-final order after obwohl or V2 after trotzdem?,Self-check: Did you use verb-final order after obwohl or V2 after trotzdem?,,self-marked/production indicators present,,duplicate_v02_lineage_resolved,
content/b1-m14-connectors-sentence-functions.js,v080149_cat14_practice_family_cat14_pf_122,cat14-pf-122,cat14-pf-122,PRODUCTION_PRACTICE,separate from normal auto-graded practice in future apply patch,production_isolated,normalAutoGradedPracticeEligible; v02ApplyGateStatus,self-marked/production indicators present,prompt; stimulus/learnerCue; answer/correctAnswer,"Write one polite condition sentence. Use „wenn“. Useful frame: Wenn Sie Zeit haben, ...",Write one polite condition sentence. Use „wenn“.,,"Useful frame: Wenn Sie Zeit haben, ...",self_check,self_marked,Self-check: Did the wenn-clause have the verb at the end?,Self-check: Did the wenn-clause have the verb at the end?,,self-marked/production indicators present,,duplicate_v02_lineage_resolved,
content/b1-m14-connectors-sentence-functions.js,v080149_cat14_practice_family_cat14_pf_123,cat14-pf-123,cat14-pf-123,PRODUCTION_PRACTICE,separate from normal auto-graded practice in future apply patch,production_isolated,normalAutoGradedPracticeEligible; v02ApplyGateStatus,self-marked/production indicators present,prompt; stimulus/learnerCue; answer/correctAnswer,"Ask indirectly whether an appointment is confirmed. Use „ob“. Useful frame: Ich möchte wissen, ob ...",Ask indirectly whether an appointment is confirmed. Use „ob“.,,"Useful frame: Ich möchte wissen, ob ...",self_check,self_marked,"Self-check: Did you use ob, not wenn?","Self-check: Did you use ob, not wenn?",,self-marked/production indicators present,,duplicate_v02_lineage_resolved,
content/b1-m14-connectors-sentence-functions.js,v080149_cat14_practice_family_cat14_pf_124,cat14-pf-124,cat14-pf-124,PRODUCTION_PRACTICE,separate from normal auto-graded practice in future apply patch,production_isolated,normalAutoGradedPracticeEligible; v02ApplyGateStatus,self-marked/production indicators present,prompt; stimulus/learnerCue; answer/correctAnswer,"Write one sentence with „dass“. Useful frame: Ich hoffe, dass ...",Write one sentence with „dass“.,,"Useful frame: Ich hoffe, dass ...",self_check,self_marked,Self-check: Did the finite verb go to the end after dass?,Self-check: Did the finite verb go to the end after dass?,,self-marked/production indicators present,,duplicate_v02_lineage_resolved,
content/b1-m14-connectors-sentence-functions.js,v080149_cat14_practice_family_cat14_pf_125,cat14-pf-125,cat14-pf-125,PRODUCTION_PRACTICE,separate from normal auto-graded practice in future apply patch,production_isolated,normalAutoGradedPracticeEligible; v02ApplyGateStatus,self-marked/production indicators present,prompt; stimulus/learnerCue; answer/correctAnswer,"Write one sentence with „bevor“. Useful frame: Bevor ich ..., ...",Write one sentence with „bevor“.,,"Useful frame: Bevor ich ..., ...",self_check,self_marked,Self-check: Did the main verb come after the comma?,Self-check: Did the main verb come after the comma?,,self-marked/production indicators present,,duplicate_v02_lineage_resolved,
content/b1-m14-connectors-sentence-functions.js,v080149_cat14_practice_family_cat14_pf_126,cat14-pf-126,cat14-pf-126,PRODUCTION_PRACTICE,separate from normal auto-graded practice in future apply patch,production_isolated,normalAutoGradedPracticeEligible; v02ApplyGateStatus,self-marked/production indicators present,prompt; stimulus/learnerCue; answer/correctAnswer,"Write one sentence with „um ... zu“. Useful frame: Ich rufe an, um ... zu ...",Write one sentence with „um ... zu“.,,"Useful frame: Ich rufe an, um ... zu ...",self_check,self_marked,Self-check: Did you use an infinitive with zu?,Self-check: Did you use an infinitive with zu?,,self-marked/production indicators present,,duplicate_v02_lineage_resolved,
content/b1-m14-connectors-sentence-functions.js,v080149_cat14_practice_family_cat14_pf_127,cat14-pf-127,cat14-pf-127,PRODUCTION_PRACTICE,separate from normal auto-graded practice in future apply patch,production_isolated,normalAutoGradedPracticeEligible; v02ApplyGateStatus,self-marked/production indicators present,prompt; stimulus/learnerCue; answer/correctAnswer,"Write one sentence with „damit“. Useful frame: Ich schreibe, damit Sie ...",Write one sentence with „damit“.,,"Useful frame: Ich schreibe, damit Sie ...",self_check,self_marked,Self-check: Did the damit-clause have a finite verb at the end?,Self-check: Did the damit-clause have a finite verb at the end?,,self-marked/production indicators present,,duplicate_v02_lineage_resolved,
content/b1-m14-connectors-sentence-functions.js,v080149_cat14_practice_family_cat14_pf_128,cat14-pf-128,cat14-pf-128,PRODUCTION_PRACTICE,separate from normal auto-graded practice in future apply patch,production_isolated,normalAutoGradedPracticeEligible; v02ApplyGateStatus,self-marked/production indicators present,prompt; stimulus/learnerCue; answer/correctAnswer,"Write two short actions with „zuerst“ and „danach“. Useful frame: Zuerst ..., danach ...",Write two short actions with „zuerst“ and „danach“.,,"Useful frame: Zuerst ..., danach ...",self_check,self_marked,Self-check: Did each main clause use V2?,Self-check: Did each main clause use V2?,,self-marked/production indicators present,,duplicate_v02_lineage_resolved,
content/b1-m14-connectors-sentence-functions.js,v080149_cat14_practice_family_cat14_pf_129,cat14-pf-129,cat14-pf-129,PRODUCTION_PRACTICE,separate from normal auto-graded practice in future apply patch,production_isolated,normalAutoGradedPracticeEligible; v02ApplyGateStatus,self-marked/production indicators present,prompt; stimulus/learnerCue; answer/correctAnswer,Add one extra point with „außerdem“. Useful frame: Außerdem brauche ich ...,Add one extra point with „außerdem“.,,Useful frame: Außerdem brauche ich ...,self_check,self_marked,Self-check: Did the verb follow außerdem?,Self-check: Did the verb follow außerdem?,,self-marked/production indicators present,,duplicate_v02_lineage_resolved,
content/b1-m14-connectors-sentence-functions.js,v080149_cat14_practice_family_cat14_pf_130,cat14-pf-130,cat14-pf-130,PRODUCTION_PRACTICE,separate from normal auto-graded practice in future apply patch,production_isolated,normalAutoGradedPracticeEligible; v02ApplyGateStatus,self-marked/production indicators present,prompt; stimulus/learnerCue; answer/correctAnswer,Write one either/or sentence. Use „entweder ... oder“. Useful frame: Entweder ... oder ...,Write one either/or sentence. Use „entweder ... oder“.,,Useful frame: Entweder ... oder ...,self_check,self_marked,Self-check: Did you give exactly two alternatives?,Self-check: Did you give exactly two alternatives?,,self-marked/production indicators present,,duplicate_v02_lineage_resolved,
content/b1-m14-connectors-sentence-functions.js,v080149_cat14_practice_family_cat14_pf_131,cat14-pf-131,cat14-pf-131,PRODUCTION_PRACTICE,separate from normal auto-graded practice in future apply patch,production_isolated,normalAutoGradedPracticeEligible; v02ApplyGateStatus,self-marked/production indicators present,prompt; stimulus/learnerCue; answer/correctAnswer,"Correct a misunderstanding with „sondern“. Useful frame: Ich meine nicht ..., sondern ...",Correct a misunderstanding with „sondern“.,,"Useful frame: Ich meine nicht ..., sondern ...",self_check,self_marked,Self-check: Did the first part contain nicht/kein?,Self-check: Did the first part contain nicht/kein?,,self-marked/production indicators present,,duplicate_v02_lineage_resolved,
content/b1-m14-connectors-sentence-functions.js,v080149_cat14_practice_family_cat14_pf_132,cat14-pf-132,cat14-pf-132,PRODUCTION_PRACTICE,separate from normal auto-graded practice in future apply patch,production_isolated,normalAutoGradedPracticeEligible; v02ApplyGateStatus,self-marked/production indicators present,prompt; stimulus/learnerCue; answer/correctAnswer,Write one sentence with „stattdessen“. Useful frame: Stattdessen ...,Write one sentence with „stattdessen“.,,Useful frame: Stattdessen ...,self_check,self_marked,Self-check: Did the finite verb come after stattdessen?,Self-check: Did the finite verb come after stattdessen?,,self-marked/production indicators present,,duplicate_v02_lineage_resolved,
content/b1-m14-connectors-sentence-functions.js,v080149_cat14_practice_family_cat14_pf_133,cat14-pf-133,cat14-pf-133,PRODUCTION_PRACTICE,separate from normal auto-graded practice in future apply patch,production_isolated,normalAutoGradedPracticeEligible; v02ApplyGateStatus,self-marked/production indicators present,prompt; stimulus/learnerCue; answer/correctAnswer,"Write two tiny examples: one with „als“, one with „wenn“. Useful idea: single past event vs repeated/current situation.","Write two tiny examples: one with „als“, one with „wenn“.",,Useful idea: single past event vs repeated/current situation.,self_check,self_marked,Self-check: Did als describe a single past event?,Self-check: Did als describe a single past event?,,self-marked/production indicators present,,duplicate_v02_lineage_resolved,
content/b1-m14-connectors-sentence-functions.js,v080149_cat14_practice_family_cat14_pf_134,cat14-pf-134,cat14-pf-134,PRODUCTION_PRACTICE,separate from normal auto-graded practice in future apply patch,production_isolated,normalAutoGradedPracticeEligible; v02ApplyGateStatus,self-marked/production indicators present,prompt; stimulus/learnerCue; answer/correctAnswer,"Ask for clarification using an indirect W-question. Useful frame: Können Sie mir sagen, wann/wo/wie ...?",Ask for clarification using an indirect W-question.,,"Useful frame: Können Sie mir sagen, wann/wo/wie ...?",self_check,self_marked,Self-check: Did the verb go to the end of the indirect question?,Self-check: Did the verb go to the end of the indirect question?,,self-marked/production indicators present,,duplicate_v02_lineage_resolved,
content/b1-m14-connectors-sentence-functions.js,v080149_cat14_practice_family_cat14_pf_135,cat14-pf-135,cat14-pf-135,PRODUCTION_PRACTICE,separate from normal auto-graded practice in future apply patch,production_isolated,normalAutoGradedPracticeEligible; v02ApplyGateStatus,self-marked/production indicators present,prompt; stimulus/learnerCue; answer/correctAnswer,"Write two short related sentences: one reason, one consequence. Useful connectors: weil / deshalb","Write two short related sentences: one reason, one consequence.",,Useful connectors: weil / deshalb,self_check,self_marked,Self-check: Did you avoid using both connectors in one overlong sentence?,Self-check: Did you avoid using both connectors in one overlong sentence?,,self-marked/production indicators present,,duplicate_v02_lineage_resolved,
content/b1-m15-time-place-movement.js,v080149_cat15_practice_family_cat15_pf_117,cat15-pf-117,cat15-pf-117,PRODUCTION_PRACTICE,separate from normal auto-graded practice in future apply patch,production_isolated,normalAutoGradedPracticeEligible; v02ApplyGateStatus,self-marked/production indicators present,prompt; stimulus/learnerCue; answer/correctAnswer,Schreibe einen kurzen Satz. Ask politely where the reception desk is. Useful phrase: `Wo finde ich ...?`,Schreibe einen kurzen Satz.,,Ask politely where the reception desk is. Useful phrase: `Wo finde ich ...?`,self_check,Self-marked,Self-check: Did you ask politely and name the place clearly?,Self-check: Did you ask politely and name the place clearly?,,self-marked/production indicators present,,duplicate_v02_lineage_resolved,
content/b1-m15-time-place-movement.js,v080149_cat15_practice_family_cat15_pf_118,cat15-pf-118,cat15-pf-118,PRODUCTION_PRACTICE,separate from normal auto-graded practice in future apply patch,production_isolated,normalAutoGradedPracticeEligible; v02ApplyGateStatus,self-marked/production indicators present,prompt; stimulus/learnerCue; answer/correctAnswer,Schreibe einen kurzen Satz. Tell someone to go straight ahead and turn left at the traffic light.,Schreibe einen kurzen Satz.,,Tell someone to go straight ahead and turn left at the traffic light.,self_check,Self-marked,"Self-check: Did you use `geradeaus`, `an der Ampel`, and `links abbiegen`?","Self-check: Did you use `geradeaus`, `an der Ampel`, and `links abbiegen`?",,self-marked/production indicators present,,duplicate_v02_lineage_resolved,
content/b1-m15-time-place-movement.js,v080149_cat15_practice_family_cat15_pf_119,cat15-pf-119,cat15-pf-119,PRODUCTION_PRACTICE,separate from normal auto-graded practice in future apply patch,production_isolated,normalAutoGradedPracticeEligible; v02ApplyGateStatus,self-marked/production indicators present,prompt; stimulus/learnerCue; answer/correctAnswer,Schreibe einen kurzen Satz. Write one sentence saying you are waiting at the entrance.,Schreibe einen kurzen Satz.,,Write one sentence saying you are waiting at the entrance.,self_check,Self-marked,Self-check: Did you use `am Eingang`?,Self-check: Did you use `am Eingang`?,,self-marked/production indicators present,,duplicate_v02_lineage_resolved,
content/b1-m15-time-place-movement.js,v080149_cat15_practice_family_cat15_pf_120,cat15-pf-120,cat15-pf-120,PRODUCTION_PRACTICE,separate from normal auto-graded practice in future apply patch,production_isolated,normalAutoGradedPracticeEligible; v02ApplyGateStatus,self-marked/production indicators present,prompt; stimulus/learnerCue; answer/correctAnswer,Schreibe einen kurzen Satz. Write one sentence saying you will arrive in ten minutes.,Schreibe einen kurzen Satz.,,Write one sentence saying you will arrive in ten minutes.,self_check,Self-marked,Self-check: Did you use `in zehn Minuten`?,Self-check: Did you use `in zehn Minuten`?,,self-marked/production indicators present,,duplicate_v02_lineage_resolved,
content/b1-m15-time-place-movement.js,v080149_cat15_practice_family_cat15_pf_121,cat15-pf-121,cat15-pf-121,PRODUCTION_PRACTICE,separate from normal auto-graded practice in future apply patch,production_isolated,normalAutoGradedPracticeEligible; v02ApplyGateStatus,self-marked/production indicators present,prompt; stimulus/learnerCue; answer/correctAnswer,Schreibe einen kurzen Satz. Write one sentence saying you have been in the course since Monday.,Schreibe einen kurzen Satz.,,Write one sentence saying you have been in the course since Monday.,self_check,Self-marked,Self-check: Did you use `seit Montag`?,Self-check: Did you use `seit Montag`?,,self-marked/production indicators present,,duplicate_v02_lineage_resolved,
content/b1-m15-time-place-movement.js,v080149_cat15_practice_family_cat15_pf_122,cat15-pf-122,cat15-pf-122,PRODUCTION_PRACTICE,separate from normal auto-graded practice in future apply patch,production_isolated,normalAutoGradedPracticeEligible; v02ApplyGateStatus,self-marked/production indicators present,prompt; stimulus/learnerCue; answer/correctAnswer,Schreibe einen kurzen Satz. Write one polite sentence asking someone to send documents by Friday.,Schreibe einen kurzen Satz.,,Write one polite sentence asking someone to send documents by Friday.,self_check,Self-marked,Self-check: Did you use `bis Freitag` and a polite request?,Self-check: Did you use `bis Freitag` and a polite request?,,self-marked/production indicators present,,duplicate_v02_lineage_resolved,
content/b1-m15-time-place-movement.js,v080149_cat15_practice_family_cat15_pf_123,cat15-pf-123,cat15-pf-123,PRODUCTION_PRACTICE,separate from normal auto-graded practice in future apply patch,production_isolated,normalAutoGradedPracticeEligible; v02ApplyGateStatus,self-marked/production indicators present,prompt; stimulus/learnerCue; answer/correctAnswer,Schreibe einen kurzen Satz. Write one sentence saying room 204 is on the second floor.,Schreibe einen kurzen Satz.,,Write one sentence saying room 204 is on the second floor.,self_check,Self-marked,Self-check: Did you use `im zweiten Stock` or a reviewed floor phrase?,Self-check: Did you use `im zweiten Stock` or a reviewed floor phrase?,,self-marked/production indicators present,,duplicate_v02_lineage_resolved,
content/b1-m15-time-place-movement.js,v080149_cat15_practice_family_cat15_pf_124,cat15-pf-124,cat15-pf-124,PRODUCTION_PRACTICE,separate from normal auto-graded practice in future apply patch,production_isolated,normalAutoGradedPracticeEligible; v02ApplyGateStatus,self-marked/production indicators present,prompt; stimulus/learnerCue; answer/correctAnswer,Schreibe einen kurzen Satz. Write one sentence saying you go by bus and get off at the stop.,Schreibe einen kurzen Satz.,,Write one sentence saying you go by bus and get off at the stop.,self_check,Self-marked,Self-check: Did you use `mit dem Bus` and `an der Haltestelle aussteigen`?,Self-check: Did you use `mit dem Bus` and `an der Haltestelle aussteigen`?,,self-marked/production indicators present,,duplicate_v02_lineage_resolved,
content/b1-m15-time-place-movement.js,v080149_cat15_practice_family_cat15_pf_125,cat15-pf-125,cat15-pf-125,PRODUCTION_PRACTICE,separate from normal auto-graded practice in future apply patch,production_isolated,normalAutoGradedPracticeEligible; v02ApplyGateStatus,self-marked/production indicators present,prompt; stimulus/learnerCue; answer/correctAnswer,"Schreibe einen kurzen Satz. Write two short sentences: one with `im Büro`, one with `ins Büro`.",Schreibe einen kurzen Satz.,,"Write two short sentences: one with `im Büro`, one with `ins Büro`.",self_check,Self-marked,Self-check: Did one sentence show location and the other movement?,Self-check: Did one sentence show location and the other movement?,,self-marked/production indicators present,,duplicate_v02_lineage_resolved,
content/b1-m15-time-place-movement.js,v080149_cat15_practice_family_cat15_pf_126,cat15-pf-126,cat15-pf-126,PRODUCTION_PRACTICE,separate from normal auto-graded practice in future apply patch,production_isolated,normalAutoGradedPracticeEligible; v02ApplyGateStatus,self-marked/production indicators present,prompt; stimulus/learnerCue; answer/correctAnswer,Schreibe einen kurzen Satz. Ask when the office is open.,Schreibe einen kurzen Satz.,,Ask when the office is open.,self_check,Self-marked,Self-check: Did you ask a clear `Wann ...?` question?,Self-check: Did you ask a clear `Wann ...?` question?,,self-marked/production indicators present,,duplicate_v02_lineage_resolved,
content/b1-m16-money-payment-contracts.js,v080149_cat16_practice_family_cat16_pf_047,cat16-pf-047,cat16-pf-047,PRODUCTION_PRACTICE,separate from normal auto-graded practice in future apply patch,production_isolated,normalAutoGradedPracticeEligible; v02ApplyGateStatus,self-marked/production indicators present,prompt; stimulus/learnerCue; answer/correctAnswer,Schreibe einen kurzen Satz. Ask politely for an invoice. | Scenario: Ask or state one simple money/payment detail. Useful phrases: Wie hoch ist der Betrag?; Ich habe die Rechnung bezahlt.; Können Sie mir eine Quittung schicken? Checklist: one clear amount/invoice/payment phrase; no bank details; no legal/process advice; self-mark only.,Schreibe einen kurzen Satz.,,Ask politely for an invoice. | Scenario: Ask or state one simple money/payment detail. Useful phrases: Wie hoch ist der Betrag?; Ich habe die Rechnung bezahlt.; Können Sie mir eine Quittung schicken? Checklist: one clear amount/invoice/payment phrase; no bank details; no legal/process advice; self-mark only.,self_check,self-marked,Production is practice only: use one clear money/payment phrase and avoid private bank details.,Production is practice only: use one clear money/payment phrase and avoid private bank details.,,self-marked/production indicators present,,duplicate_v02_lineage_resolved,
content/b1-m16-money-payment-contracts.js,v080149_cat16_practice_family_cat16_pf_048,cat16-pf-048,cat16-pf-048,PRODUCTION_PRACTICE,separate from normal auto-graded practice in future apply patch,production_isolated,normalAutoGradedPracticeEligible; v02ApplyGateStatus,self-marked/production indicators present,prompt; stimulus/learnerCue; answer/correctAnswer,Schreibe einen kurzen Satz. Ask for a receipt at a counter. | Scenario: Ask or state one simple money/payment detail. Useful phrases: Wie hoch ist der Betrag?; Ich habe die Rechnung bezahlt.; Können Sie mir eine Quittung schicken? Checklist: one clear amount/invoice/payment phrase; no bank details; no legal/process advice; self-mark only.,Schreibe einen kurzen Satz.,,Ask for a receipt at a counter. | Scenario: Ask or state one simple money/payment detail. Useful phrases: Wie hoch ist der Betrag?; Ich habe die Rechnung bezahlt.; Können Sie mir eine Quittung schicken? Checklist: one clear amount/invoice/payment phrase; no bank details; no legal/process advice; self-mark only.,self_check,self-marked,Production is practice only: use one clear money/payment phrase and avoid private bank details.,Production is practice only: use one clear money/payment phrase and avoid private bank details.,,self-marked/production indicators present,,duplicate_v02_lineage_resolved,
content/b1-m16-money-payment-contracts.js,v080149_cat16_practice_family_cat16_pf_049,cat16-pf-049,cat16-pf-049,PRODUCTION_PRACTICE,separate from normal auto-graded practice in future apply patch,production_isolated,normalAutoGradedPracticeEligible; v02ApplyGateStatus,self-marked/production indicators present,prompt; stimulus/learnerCue; answer/correctAnswer,Schreibe einen kurzen Satz. Ask when the invoice must be paid. | Scenario: Ask or state one simple money/payment detail. Useful phrases: Wie hoch ist der Betrag?; Ich habe die Rechnung bezahlt.; Können Sie mir eine Quittung schicken? Checklist: one clear amount/invoice/payment phrase; no bank details; no legal/process advice; self-mark only.,Schreibe einen kurzen Satz.,,Ask when the invoice must be paid. | Scenario: Ask or state one simple money/payment detail. Useful phrases: Wie hoch ist der Betrag?; Ich habe die Rechnung bezahlt.; Können Sie mir eine Quittung schicken? Checklist: one clear amount/invoice/payment phrase; no bank details; no legal/process advice; self-mark only.,self_check,self-marked,Production is practice only: use one clear money/payment phrase and avoid private bank details.,Production is practice only: use one clear money/payment phrase and avoid private bank details.,,self-marked/production indicators present,,duplicate_v02_lineage_resolved,
content/b1-m16-money-payment-contracts.js,v080149_cat16_practice_family_cat16_pf_050,cat16-pf-050,cat16-pf-050,PRODUCTION_PRACTICE,separate from normal auto-graded practice in future apply patch,production_isolated,normalAutoGradedPracticeEligible; v02ApplyGateStatus,self-marked/production indicators present,prompt; stimulus/learnerCue; answer/correctAnswer,Schreibe einen kurzen Satz. Say that you have already paid the invoice and give a reference number. | Scenario: Ask or state one simple money/payment detail. Useful phrases: Wie hoch ist der Betrag?; Ich habe die Rechnung bezahlt.; Können Sie mir eine Quittung schicken? Checklist: one clear amount/invoice/payment phrase; no bank details; no legal/process advice; self-mark only.,Schreibe einen kurzen Satz.,,Say that you have already paid the invoice and give a reference number. | Scenario: Ask or state one simple money/payment detail. Useful phrases: Wie hoch ist der Betrag?; Ich habe die Rechnung bezahlt.; Können Sie mir eine Quittung schicken? Checklist: one clear amount/invoice/payment phrase; no bank details; no legal/process advice; self-mark only.,self_check,self-marked,Production is practice only: use one clear money/payment phrase and avoid private bank details.,Production is practice only: use one clear money/payment phrase and avoid private bank details.,,self-marked/production indicators present,,duplicate_v02_lineage_resolved,
content/b1-m16-money-payment-contracts.js,v080149_cat16_practice_family_cat16_pf_051,cat16-pf-051,cat16-pf-051,PRODUCTION_PRACTICE,separate from normal auto-graded practice in future apply patch,production_isolated,normalAutoGradedPracticeEligible; v02ApplyGateStatus,self-marked/production indicators present,prompt; stimulus/learnerCue; answer/correctAnswer,Schreibe einen kurzen Satz. Ask customer service to check an incorrect amount. | Scenario: Ask or state one simple money/payment detail. Useful phrases: Wie hoch ist der Betrag?; Ich habe die Rechnung bezahlt.; Können Sie mir eine Quittung schicken? Checklist: one clear amount/invoice/payment phrase; no bank details; no legal/process advice; self-mark only.,Schreibe einen kurzen Satz.,,Ask customer service to check an incorrect amount. | Scenario: Ask or state one simple money/payment detail. Useful phrases: Wie hoch ist der Betrag?; Ich habe die Rechnung bezahlt.; Können Sie mir eine Quittung schicken? Checklist: one clear amount/invoice/payment phrase; no bank details; no legal/process advice; self-mark only.,self_check,self-marked,Production is practice only: use one clear money/payment phrase and avoid private bank details.,Production is practice only: use one clear money/payment phrase and avoid private bank details.,,self-marked/production indicators present,,duplicate_v02_lineage_resolved,
content/b1-m16-money-payment-contracts.js,v080149_cat16_practice_family_cat16_pf_052,cat16-pf-052,cat16-pf-052,PRODUCTION_PRACTICE,separate from normal auto-graded practice in future apply patch,production_isolated,normalAutoGradedPracticeEligible; v02ApplyGateStatus,self-marked/production indicators present,prompt; stimulus/learnerCue; answer/correctAnswer,Schreibe einen kurzen Satz. Practise a cancellation request for a simple service contract. Do not treat this as a legal template. | Scenario: Ask or state one simple money/payment detail. Useful phrases: Wie hoch ist der Betrag?; Ich habe die Rechnung bezahlt.; Können Sie mir eine Quittung schicken? Checklist: one clear amount/invoice/payment phrase; no bank details; no legal/process advice; self-mark only.,Schreibe einen kurzen Satz.,,Practise a cancellation request for a simple service contract. Do not treat this as a legal template. | Scenario: Ask or state one simple money/payment detail. Useful phrases: Wie hoch ist der Betrag?; Ich habe die Rechnung bezahlt.; Können Sie mir eine Quittung schicken? Checklist: one clear amount/invoice/payment phrase; no bank details; no legal/process advice; self-mark only.,self_check,self-marked,Production is practice only: use one clear money/payment phrase and avoid private bank details.,Production is practice only: use one clear money/payment phrase and avoid private bank details.,,self-marked/production indicators present,,duplicate_v02_lineage_resolved,
content/b1-m16-money-payment-contracts.js,v080149_cat16_practice_family_cat16_pf_053,cat16-pf-053,cat16-pf-053,PRODUCTION_PRACTICE,separate from normal auto-graded practice in future apply patch,production_isolated,normalAutoGradedPracticeEligible; v02ApplyGateStatus,self-marked/production indicators present,prompt; stimulus/learnerCue; answer/correctAnswer,Schreibe einen kurzen Satz. Ask whether payment by instalments is possible.,Schreibe einen kurzen Satz.,,Ask whether payment by instalments is possible.,self_check,self-marked,Self-check: did you use `in Raten zahlen` or `Ratenzahlung`?,Self-check: did you use `in Raten zahlen` or `Ratenzahlung`?,,self-marked/production indicators present,,duplicate_v02_lineage_resolved,
content/b1-m17-home-family-daily-life-support.js,v080149_cat17_practice_family_cat17_pf_100,cat17-pf-100,cat17-pf-100,PRODUCTION_PRACTICE,separate from normal auto-graded practice in future apply patch,production_isolated,normalAutoGradedPracticeEligible; v02ApplyGateStatus,self-marked/production indicators present,prompt; stimulus/learnerCue; answer/correctAnswer,Schreibe einen kurzen Satz. Describe your home in two short sentences. Useful phrases: `Wir wohnen in ...`; `Die Küche ist ...`.,Schreibe einen kurzen Satz.,,Describe your home in two short sentences. Useful phrases: `Wir wohnen in ...`; `Die Küche ist ...`.,self_check,self_marked,Self-check: Did you describe the home without tenancy/legal detail?,Self-check: Did you describe the home without tenancy/legal detail?,,self-marked/production indicators present,,duplicate_v02_lineage_resolved,
content/b1-m17-home-family-daily-life-support.js,v080149_cat17_practice_family_cat17_pf_101,cat17-pf-101,cat17-pf-101,PRODUCTION_PRACTICE,separate from normal auto-graded practice in future apply patch,production_isolated,normalAutoGradedPracticeEligible; v02ApplyGateStatus,self-marked/production indicators present,prompt; stimulus/learnerCue; answer/correctAnswer,"Schreibe einen kurzen Satz. Write one sentence about your morning routine. Useful phrase: `Normalerweise stehe ich ... auf.` | Scenario: Say or ask one simple thing about home, family, routine, chores, food or visitors. Useful phrases: Ich räume ... auf.; Kannst du bitte ...?; Wir essen ...; Es regnet. Checklist: one clear daily-life phrase; short B1 sentence; no legal/admin/safety advice; self-mark only.",Schreibe einen kurzen Satz.,,"Write one sentence about your morning routine. Useful phrase: `Normalerweise stehe ich ... auf.` | Scenario: Say or ask one simple thing about home, family, routine, chores, food or visitors. Useful phrases: Ich räume ... auf.; Kannst du bitte ...?; Wir essen ...; Es regnet. Checklist: one clear daily-life phrase; short B1 sentence; no legal/admin/safety advice; self-mark only.",self_check,self-marked,Production is practice only: use one clear daily-life phrase; no automatic grading.,Production is practice only: use one clear daily-life phrase; no automatic grading.,,self-marked/production indicators present,,duplicate_v02_lineage_resolved,
content/b1-m17-home-family-daily-life-support.js,v080149_cat17_practice_family_cat17_pf_102,cat17-pf-102,cat17-pf-102,PRODUCTION_PRACTICE,separate from normal auto-graded practice in future apply patch,production_isolated,normalAutoGradedPracticeEligible; v02ApplyGateStatus,self-marked/production indicators present,prompt; stimulus/learnerCue; answer/correctAnswer,"Schreibe einen kurzen Satz. Ask someone at home to take out the rubbish. Useful phrase: `Kannst du bitte ...?` | Scenario: Say or ask one simple thing about home, family, routine, chores, food or visitors. Useful phrases: Ich räume ... auf.; Kannst du bitte ...?; Wir essen ...; Es regnet. Checklist: one clear daily-life phrase; short B1 sentence; no legal/admin/safety advice; self-mark only.",Schreibe einen kurzen Satz.,,"Ask someone at home to take out the rubbish. Useful phrase: `Kannst du bitte ...?` | Scenario: Say or ask one simple thing about home, family, routine, chores, food or visitors. Useful phrases: Ich räume ... auf.; Kannst du bitte ...?; Wir essen ...; Es regnet. Checklist: one clear daily-life phrase; short B1 sentence; no legal/admin/safety advice; self-mark only.",self_check,self-marked,Production is practice only: use one clear daily-life phrase; no automatic grading.,Production is practice only: use one clear daily-life phrase; no automatic grading.,,self-marked/production indicators present,,duplicate_v02_lineage_resolved,
content/b1-m17-home-family-daily-life-support.js,v080149_cat17_practice_family_cat17_pf_103,cat17-pf-103,cat17-pf-103,PRODUCTION_PRACTICE,separate from normal auto-graded practice in future apply patch,production_isolated,normalAutoGradedPracticeEligible; v02ApplyGateStatus,self-marked/production indicators present,prompt; stimulus/learnerCue; answer/correctAnswer,Schreibe einen kurzen Satz. Ask someone to bring one food item. Useful phrase: `Kannst du bitte ... mitbringen?`,Schreibe einen kurzen Satz.,,Ask someone to bring one food item. Useful phrase: `Kannst du bitte ... mitbringen?`,self_check,self_marked,Self-check: Did you use `mitbringen`?,Self-check: Did you use `mitbringen`?,,self-marked/production indicators present,,duplicate_v02_lineage_resolved,
content/b1-m17-home-family-daily-life-support.js,v080149_cat17_practice_family_cat17_pf_104,cat17-pf-104,cat17-pf-104,PRODUCTION_PRACTICE,separate from normal auto-graded practice in future apply patch,production_isolated,normalAutoGradedPracticeEligible; v02ApplyGateStatus,self-marked/production indicators present,prompt; stimulus/learnerCue; answer/correctAnswer,Schreibe einen kurzen Satz. Write one sentence about picking up a child. Useful phrase: `Ich hole ... um ... ab.`,Schreibe einen kurzen Satz.,,Write one sentence about picking up a child. Useful phrase: `Ich hole ... um ... ab.`,self_check,self_marked,Self-check: Did you include time and `abholen`?,Self-check: Did you include time and `abholen`?,,self-marked/production indicators present,,duplicate_v02_lineage_resolved,
content/b1-m17-home-family-daily-life-support.js,v080149_cat17_practice_family_cat17_pf_105,cat17-pf-105,cat17-pf-105,PRODUCTION_PRACTICE,separate from normal auto-graded practice in future apply patch,production_isolated,normalAutoGradedPracticeEligible; v02ApplyGateStatus,self-marked/production indicators present,prompt; stimulus/learnerCue; answer/correctAnswer,"Schreibe einen kurzen Satz. Ask a neighbour to be quieter. Useful phrase: `Könnten Sie bitte etwas leiser sein?` | Scenario: Say or ask one simple thing about home, family, routine, chores, food or visitors. Useful phrases: Ich räume ... auf.; Kannst du bitte ...?; Wir essen ...; Es regnet. Checklist: one clear daily-life phrase; short B1 sentence; no legal/admin/safety advice; self-mark only.",Schreibe einen kurzen Satz.,,"Ask a neighbour to be quieter. Useful phrase: `Könnten Sie bitte etwas leiser sein?` | Scenario: Say or ask one simple thing about home, family, routine, chores, food or visitors. Useful phrases: Ich räume ... auf.; Kannst du bitte ...?; Wir essen ...; Es regnet. Checklist: one clear daily-life phrase; short B1 sentence; no legal/admin/safety advice; self-mark only.",self_check,self-marked,Production is practice only: use one clear daily-life phrase; no automatic grading.,Production is practice only: use one clear daily-life phrase; no automatic grading.,,self-marked/production indicators present,,duplicate_v02_lineage_resolved,
content/b1-m17-home-family-daily-life-support.js,v080149_cat17_practice_family_cat17_pf_106,cat17-pf-106,cat17-pf-106,PRODUCTION_PRACTICE,separate from normal auto-graded practice in future apply patch,production_isolated,normalAutoGradedPracticeEligible; v02ApplyGateStatus,self-marked/production indicators present,prompt; stimulus/learnerCue; answer/correctAnswer,"Schreibe einen kurzen Satz. Invite a friend to your home. Useful phrase: `Kommst du am Samstag zu uns?` | Scenario: Say or ask one simple thing about home, family, routine, chores, food or visitors. Useful phrases: Ich räume ... auf.; Kannst du bitte ...?; Wir essen ...; Es regnet. Checklist: one clear daily-life phrase; short B1 sentence; no legal/admin/safety advice; self-mark only.",Schreibe einen kurzen Satz.,,"Invite a friend to your home. Useful phrase: `Kommst du am Samstag zu uns?` | Scenario: Say or ask one simple thing about home, family, routine, chores, food or visitors. Useful phrases: Ich räume ... auf.; Kannst du bitte ...?; Wir essen ...; Es regnet. Checklist: one clear daily-life phrase; short B1 sentence; no legal/admin/safety advice; self-mark only.",self_check,self-marked,Production is practice only: use one clear daily-life phrase; no automatic grading.,Production is practice only: use one clear daily-life phrase; no automatic grading.,,self-marked/production indicators present,,duplicate_v02_lineage_resolved,
content/b1-m17-home-family-daily-life-support.js,v080149_cat17_practice_family_cat17_pf_107,cat17-pf-107,cat17-pf-107,PRODUCTION_PRACTICE,separate from normal auto-graded practice in future apply patch,production_isolated,normalAutoGradedPracticeEligible; v02ApplyGateStatus,self-marked/production indicators present,prompt; stimulus/learnerCue; answer/correctAnswer,Schreibe einen kurzen Satz. Report a simple home problem. Useful phrase: `Die Heizung funktioniert nicht.`,Schreibe einen kurzen Satz.,,Report a simple home problem. Useful phrase: `Die Heizung funktioniert nicht.`,self_check,self_marked,Self-check: Did you describe only the problem and avoid legal claims?,Self-check: Did you describe only the problem and avoid legal claims?,,self-marked/production indicators present,,duplicate_v02_lineage_resolved,
content/b1-m17-home-family-daily-life-support.js,v080149_cat17_practice_family_cat17_pf_108,cat17-pf-108,cat17-pf-108,PRODUCTION_PRACTICE,separate from normal auto-graded practice in future apply patch,production_isolated,normalAutoGradedPracticeEligible; v02ApplyGateStatus,self-marked/production indicators present,prompt; stimulus/learnerCue; answer/correctAnswer,"Schreibe einen kurzen Satz. Ask for brief household help. Useful phrase: `Kannst du mir kurz helfen?` | Scenario: Say or ask one simple thing about home, family, routine, chores, food or visitors. Useful phrases: Ich räume ... auf.; Kannst du bitte ...?; Wir essen ...; Es regnet. Checklist: one clear daily-life phrase; short B1 sentence; no legal/admin/safety advice; self-mark only.",Schreibe einen kurzen Satz.,,"Ask for brief household help. Useful phrase: `Kannst du mir kurz helfen?` | Scenario: Say or ask one simple thing about home, family, routine, chores, food or visitors. Useful phrases: Ich räume ... auf.; Kannst du bitte ...?; Wir essen ...; Es regnet. Checklist: one clear daily-life phrase; short B1 sentence; no legal/admin/safety advice; self-mark only.",self_check,self-marked,Production is practice only: use one clear daily-life phrase; no automatic grading.,Production is practice only: use one clear daily-life phrase; no automatic grading.,,self-marked/production indicators present,,duplicate_v02_lineage_resolved,
content/b1-m17-home-family-daily-life-support.js,v080149_cat17_practice_family_cat17_pf_109,cat17-pf-109,cat17-pf-109,PRODUCTION_PRACTICE,separate from normal auto-graded practice in future apply patch,production_isolated,normalAutoGradedPracticeEligible; v02ApplyGateStatus,self-marked/production indicators present,prompt; stimulus/learnerCue; answer/correctAnswer,"Schreibe einen kurzen Satz. Suggest a simple activity. Useful phrase: `Sollen wir einen Spaziergang machen?` | Scenario: Say or ask one simple thing about home, family, routine, chores, food or visitors. Useful phrases: Ich räume ... auf.; Kannst du bitte ...?; Wir essen ...; Es regnet. Checklist: one clear daily-life phrase; short B1 sentence; no legal/admin/safety advice; self-mark only.",Schreibe einen kurzen Satz.,,"Suggest a simple activity. Useful phrase: `Sollen wir einen Spaziergang machen?` | Scenario: Say or ask one simple thing about home, family, routine, chores, food or visitors. Useful phrases: Ich räume ... auf.; Kannst du bitte ...?; Wir essen ...; Es regnet. Checklist: one clear daily-life phrase; short B1 sentence; no legal/admin/safety advice; self-mark only.",self_check,self-marked,Production is practice only: use one clear daily-life phrase; no automatic grading.,Production is practice only: use one clear daily-life phrase; no automatic grading.,,self-marked/production indicators present,,duplicate_v02_lineage_resolved,
content/b1-m17-home-family-daily-life-support.js,v080149_cat17_practice_family_cat17_pf_110,cat17-pf-110,cat17-pf-110,PRODUCTION_PRACTICE,separate from normal auto-graded practice in future apply patch,production_isolated,normalAutoGradedPracticeEligible; v02ApplyGateStatus,self-marked/production indicators present,prompt; stimulus/learnerCue; answer/correctAnswer,Schreibe einen kurzen Satz. Say you cannot come to parents’ evening today. Useful phrase: `Ich kann heute nicht zum Elternabend kommen.`,Schreibe einen kurzen Satz.,,Say you cannot come to parents’ evening today. Useful phrase: `Ich kann heute nicht zum Elternabend kommen.`,self_check,self_marked,Self-check: Did you avoid giving formal policy or health details?,Self-check: Did you avoid giving formal policy or health details?,,self-marked/production indicators present,,duplicate_v02_lineage_resolved,
content/b1-m17-home-family-daily-life-support.js,v080149_cat17_practice_family_cat17_pf_111,cat17-pf-111,cat17-pf-111,PRODUCTION_PRACTICE,separate from normal auto-graded practice in future apply patch,production_isolated,normalAutoGradedPracticeEligible; v02ApplyGateStatus,self-marked/production indicators present,prompt; stimulus/learnerCue; answer/correctAnswer,"Schreibe einen kurzen Satz. Thank a neighbour for taking a parcel. Useful phrase: `Vielen Dank, dass Sie das Paket angenommen haben.` | Scenario: Say or ask one simple thing about home, family, routine, chores, food or visitors. Useful phrases: Ich räume ... auf.; Kannst du bitte ...?; Wir essen ...; Es regnet. Checklist: one clear daily-life phrase; short B1 sentence; no legal/admin/safety advice; self-mark only.",Schreibe einen kurzen Satz.,,"Thank a neighbour for taking a parcel. Useful phrase: `Vielen Dank, dass Sie das Paket angenommen haben.` | Scenario: Say or ask one simple thing about home, family, routine, chores, food or visitors. Useful phrases: Ich räume ... auf.; Kannst du bitte ...?; Wir essen ...; Es regnet. Checklist: one clear daily-life phrase; short B1 sentence; no legal/admin/safety advice; self-mark only.",self_check,self-marked,Production is practice only: use one clear daily-life phrase; no automatic grading.,Production is practice only: use one clear daily-life phrase; no automatic grading.,,self-marked/production indicators present,,duplicate_v02_lineage_resolved,
content/b1-m18-b1-b2-bridge-preview.js,v080149_cat18_practice_family_cat18_pf_070,cat18-pf-070,cat18-pf-070,PRODUCTION_PRACTICE,separate from normal auto-graded practice in future apply patch,production_isolated,normalAutoGradedPracticeEligible; v02ApplyGateStatus,self-marked/production indicators present,prompt; stimulus/learnerCue; answer/correctAnswer,"Schreibe einen kurzen B1→B2-Preview-Satz. Problem, Grund, Vorschlag. Nutze wenn möglich: `Aus meiner Sicht ...`, `weil ...`, `Ich würde vorschlagen ...` | Preview checklist: use one formal/precise phrase; keep the message short; self-mark only; no active B1 score.",Schreibe einen kurzen B1→B2-Preview-Satz.,,"Problem, Grund, Vorschlag. Nutze wenn möglich: `Aus meiner Sicht ...`, `weil ...`, `Ich würde vorschlagen ...` | Preview checklist: use one formal/precise phrase; keep the message short; self-mark only; no active B1 score.",self_check,self-marked,Preview production is self-marked only and gives no correctness evidence.,Preview production is self-marked only and gives no correctness evidence.,,self-marked/production indicators present,,duplicate_v02_lineage_resolved,
content/b1-m18-b1-b2-bridge-preview.js,v080149_cat18_practice_family_cat18_pf_071,cat18-pf-071,cat18-pf-071,PRODUCTION_PRACTICE,separate from normal auto-graded practice in future apply patch,production_isolated,normalAutoGradedPracticeEligible; v02ApplyGateStatus,self-marked/production indicators present,prompt; stimulus/learnerCue; answer/correctAnswer,Schreibe einen kurzen B1→B2-Preview-Satz. Ask for clarification and say what information you still need. | Preview checklist: use one formal/precise phrase; keep the message short; self-mark only; no active B1 score.,Schreibe einen kurzen B1→B2-Preview-Satz.,,Ask for clarification and say what information you still need. | Preview checklist: use one formal/precise phrase; keep the message short; self-mark only; no active B1 score.,self_check,self-marked,Preview production is self-marked only and gives no correctness evidence.,Preview production is self-marked only and gives no correctness evidence.,,self-marked/production indicators present,,duplicate_v02_lineage_resolved,
content/b1-m18-b1-b2-bridge-preview.js,v080149_cat18_practice_family_cat18_pf_072,cat18-pf-072,cat18-pf-072,PRODUCTION_PRACTICE,separate from normal auto-graded practice in future apply patch,production_isolated,normalAutoGradedPracticeEligible; v02ApplyGateStatus,self-marked/production indicators present,prompt; stimulus/learnerCue; answer/correctAnswer,Schreibe einen kurzen B1→B2-Preview-Satz. Summarise a short meeting in two or three simple sentences. | Preview checklist: use one formal/precise phrase; keep the message short; self-mark only; no active B1 score.,Schreibe einen kurzen B1→B2-Preview-Satz.,,Summarise a short meeting in two or three simple sentences. | Preview checklist: use one formal/precise phrase; keep the message short; self-mark only; no active B1 score.,self_check,self-marked,Preview production is self-marked only and gives no correctness evidence.,Preview production is self-marked only and gives no correctness evidence.,,self-marked/production indicators present,,duplicate_v02_lineage_resolved,
content/b1-m18-b1-b2-bridge-preview.js,v080149_cat18_practice_family_cat18_pf_073,cat18-pf-073,cat18-pf-073,PRODUCTION_PRACTICE,separate from normal auto-graded practice in future apply patch,production_isolated,normalAutoGradedPracticeEligible; v02ApplyGateStatus,self-marked/production indicators present,prompt; stimulus/learnerCue; answer/correctAnswer,Schreibe einen kurzen B1→B2-Preview-Satz. Disagree softly and offer one alternative. | Preview checklist: use one formal/precise phrase; keep the message short; self-mark only; no active B1 score.,Schreibe einen kurzen B1→B2-Preview-Satz.,,Disagree softly and offer one alternative. | Preview checklist: use one formal/precise phrase; keep the message short; self-mark only; no active B1 score.,self_check,self-marked,Preview production is self-marked only and gives no correctness evidence.,Preview production is self-marked only and gives no correctness evidence.,,self-marked/production indicators present,,duplicate_v02_lineage_resolved,
content/b1-m18-b1-b2-bridge-preview.js,v080149_cat18_practice_family_cat18_pf_074,cat18-pf-074,cat18-pf-074,PRODUCTION_PRACTICE,separate from normal auto-graded practice in future apply patch,production_isolated,normalAutoGradedPracticeEligible; v02ApplyGateStatus,self-marked/production indicators present,prompt; stimulus/learnerCue; answer/correctAnswer,Schreibe einen kurzen B1→B2-Preview-Satz. Use one contrast and one consequence connector. Keep it B1+/B2 preview. | Preview checklist: use one formal/precise phrase; keep the message short; self-mark only; no active B1 score.,Schreibe einen kurzen B1→B2-Preview-Satz.,,Use one contrast and one consequence connector. Keep it B1+/B2 preview. | Preview checklist: use one formal/precise phrase; keep the message short; self-mark only; no active B1 score.,self_check,self-marked,Preview production is self-marked only and gives no correctness evidence.,Preview production is self-marked only and gives no correctness evidence.,,self-marked/production indicators present,,duplicate_v02_lineage_resolved,
content/b1-m18-b1-b2-bridge-preview.js,v080149_cat18_redemittel_cat18_r_001,cat18-r-001,cat18-r-001,PRODUCTION_PRACTICE,separate from normal auto-graded practice in future apply patch,production_isolated,normalAutoGradedPracticeEligible; v02ApplyGateStatus,self-marked/production indicators present,answer/correctAnswer,Nutze diese Redemittel-Situation: formal_email,,I am referring to your message from Monday.,,self_check,Ich nehme Bezug auf Ihre Nachricht vom Montag.,Watch: word order and preposition errors,,,self-marked/production indicators present,,duplicate_v02_lineage_resolved,
content/b1-m18-b1-b2-bridge-preview.js,v080149_cat18_redemittel_cat18_r_002,cat18-r-002,cat18-r-002,PRODUCTION_PRACTICE,separate from normal auto-graded practice in future apply patch,production_isolated,normalAutoGradedPracticeEligible; v02ApplyGateStatus,self-marked/production indicators present,answer/correctAnswer,Nutze diese Redemittel-Situation: formal_email,,"Regarding the appointment, I still have a follow-up question.",,self_check,In Bezug auf den Termin habe ich noch eine Rückfrage.,Watch: case/register drift,,,self-marked/production indicators present,,duplicate_v02_lineage_resolved,
content/b1-m18-b1-b2-bridge-preview.js,v080149_cat18_redemittel_cat18_r_003,cat18-r-003,cat18-r-003,PRODUCTION_PRACTICE,separate from normal auto-graded practice in future apply patch,production_isolated,normalAutoGradedPracticeEligible; v02ApplyGateStatus,self-marked/production indicators present,answer/correctAnswer,Nutze diese Redemittel-Situation: formal_email,,Thank you for your quick reply.,,self_check,Vielen Dank für Ihre schnelle Rückmeldung.,Watch: missing article/possessive,,,self-marked/production indicators present,,duplicate_v02_lineage_resolved,
content/b1-m18-b1-b2-bridge-preview.js,v080149_cat18_redemittel_cat18_r_004,cat18-r-004,cat18-r-004,PRODUCTION_PRACTICE,separate from normal auto-graded practice in future apply patch,production_isolated,normalAutoGradedPracticeEligible; v02ApplyGateStatus,self-marked/production indicators present,answer/correctAnswer,Nutze diese Redemittel-Situation: meeting_followup,,I would like to briefly summarise what we discussed.,,self_check,"Ich möchte kurz zusammenfassen, was wir besprochen haben.",Watch: subordinate-clause verb order,,,self-marked/production indicators present,,duplicate_v02_lineage_resolved,
content/b1-m18-b1-b2-bridge-preview.js,v080149_cat18_redemittel_cat18_r_005,cat18-r-005,cat18-r-005,PRODUCTION_PRACTICE,separate from normal auto-graded practice in future apply patch,production_isolated,normalAutoGradedPracticeEligible; v02ApplyGateStatus,self-marked/production indicators present,answer/correctAnswer,Nutze diese Redemittel-Situation: meeting_followup,,"In summary, one can say that the plan is possible.",,self_check,"Zusammenfassend kann man sagen, dass der Plan möglich ist.",Watch: missing verb or dass-clause,,,self-marked/production indicators present,,duplicate_v02_lineage_resolved,
content/b1-m18-b1-b2-bridge-preview.js,v080149_cat18_redemittel_cat18_r_006,cat18-r-006,cat18-r-006,PRODUCTION_PRACTICE,separate from normal auto-graded practice in future apply patch,production_isolated,normalAutoGradedPracticeEligible; v02ApplyGateStatus,self-marked/production indicators present,answer/correctAnswer,Nutze diese Redemittel-Situation: meeting_followup,,The most important point is that we give notice in good time.,,self_check,"Der wichtigste Punkt ist, dass wir rechtzeitig Bescheid geben.",Watch: missing main verb,,,self-marked/production indicators present,,duplicate_v02_lineage_resolved,
content/b1-m18-b1-b2-bridge-preview.js,v080149_cat18_redemittel_cat18_r_007,cat18-r-007,cat18-r-007,PRODUCTION_PRACTICE,separate from normal auto-graded practice in future apply patch,production_isolated,normalAutoGradedPracticeEligible; v02ApplyGateStatus,self-marked/production indicators present,answer/correctAnswer,Nutze diese Redemittel-Situation: support_or_admin,,"So that I can assess the situation better, I still need one piece of information.",,self_check,"Damit ich die Situation besser einschätzen kann, brauche ich noch eine Information.",Watch: subordinate word order,,,self-marked/production indicators present,,duplicate_v02_lineage_resolved,
content/b1-m18-b1-b2-bridge-preview.js,v080149_cat18_redemittel_cat18_r_008,cat18-r-008,cat18-r-008,PRODUCTION_PRACTICE,separate from normal auto-graded practice in future apply patch,production_isolated,normalAutoGradedPracticeEligible; v02ApplyGateStatus,self-marked/production indicators present,answer/correctAnswer,Nutze diese Redemittel-Situation: support_or_admin,,Could you please explain more precisely what is meant?,,self_check,"Könnten Sie bitte genauer erläutern, was gemeint ist?",Watch: indirect-question word order,,,self-marked/production indicators present,,duplicate_v02_lineage_resolved,
content/b1-m18-b1-b2-bridge-preview.js,v080149_cat18_redemittel_cat18_r_009,cat18-r-009,cat18-r-009,PRODUCTION_PRACTICE,separate from normal auto-graded practice in future apply patch,production_isolated,normalAutoGradedPracticeEligible; v02ApplyGateStatus,self-marked/production indicators present,answer/correctAnswer,Nutze diese Redemittel-Situation: support_or_admin,,I am not sure whether I understood the point correctly.,,self_check,"Ich bin mir nicht sicher, ob ich den Punkt richtig verstanden habe.",Watch: ob/wenn confusion,,,self-marked/production indicators present,,duplicate_v02_lineage_resolved,
content/b1-m18-b1-b2-bridge-preview.js,v080149_cat18_redemittel_cat18_r_010,cat18-r-010,cat18-r-010,PRODUCTION_PRACTICE,separate from normal auto-graded practice in future apply patch,production_isolated,normalAutoGradedPracticeEligible; v02ApplyGateStatus,self-marked/production indicators present,answer/correctAnswer,Nutze diese Redemittel-Situation: support_or_admin,,Could we clarify this point once again?,,self_check,Könnten wir diesen Punkt bitte noch einmal klären?,Watch: klären vs erklären,,,self-marked/production indicators present,,duplicate_v02_lineage_resolved,
content/b1-m18-b1-b2-bridge-preview.js,v080149_cat18_redemittel_cat18_r_011,cat18-r-011,cat18-r-011,PRODUCTION_PRACTICE,separate from normal auto-graded practice in future apply patch,production_isolated,normalAutoGradedPracticeEligible; v02ApplyGateStatus,self-marked/production indicators present,answer/correctAnswer,Nutze diese Redemittel-Situation: discussion,,"From my point of view, this solution makes sense.",,self_check,Aus meiner Sicht ist diese Lösung sinnvoll.,Watch: wrong phrase for opinion,,,self-marked/production indicators present,,duplicate_v02_lineage_resolved,
content/b1-m18-b1-b2-bridge-preview.js,v080149_cat18_redemittel_cat18_r_012,cat18-r-012,cat18-r-012,PRODUCTION_PRACTICE,separate from normal auto-graded practice in future apply patch,production_isolated,normalAutoGradedPracticeEligible; v02ApplyGateStatus,self-marked/production indicators present,answer/correctAnswer,Nutze diese Redemittel-Situation: discussion,,"In my opinion, we should first clarify the cause.",,self_check,Meiner Meinung nach sollten wir zuerst die Ursache klären.,Watch: double preposition phrase,,,self-marked/production indicators present,,duplicate_v02_lineage_resolved,
content/b1-m18-b1-b2-bridge-preview.js,v080149_cat18_redemittel_cat18_r_013,cat18-r-013,cat18-r-013,PRODUCTION_PRACTICE,separate from normal auto-graded practice in future apply patch,production_isolated,normalAutoGradedPracticeEligible; v02ApplyGateStatus,self-marked/production indicators present,answer/correctAnswer,Nutze diese Redemittel-Situation: discussion,,I consider it sensible to check the documents first.,,self_check,"Ich halte es für sinnvoll, zuerst die Unterlagen zu prüfen.",Watch: acceptable variant requires review,,,self-marked/production indicators present,,duplicate_v02_lineage_resolved,
content/b1-m18-b1-b2-bridge-preview.js,v080149_cat18_redemittel_cat18_r_014,cat18-r-014,cat18-r-014,PRODUCTION_PRACTICE,separate from normal auto-graded practice in future apply patch,production_isolated,normalAutoGradedPracticeEligible; v02ApplyGateStatus,self-marked/production indicators present,answer/correctAnswer,Nutze diese Redemittel-Situation: discussion,,I see the advantage that we save time as a result.,,self_check,"Ich sehe den Vorteil, dass wir dadurch Zeit sparen.",Watch: wrong clause shape,,,self-marked/production indicators present,,duplicate_v02_lineage_resolved,
content/b1-m18-b1-b2-bridge-preview.js,v080149_cat18_redemittel_cat18_r_015,cat18-r-015,cat18-r-015,PRODUCTION_PRACTICE,separate from normal auto-graded practice in future apply patch,production_isolated,normalAutoGradedPracticeEligible; v02ApplyGateStatus,self-marked/production indicators present,answer/correctAnswer,Nutze diese Redemittel-Situation: discussion,,A disadvantage would be that the effort becomes higher.,,self_check,"Ein Nachteil wäre, dass der Aufwand höher wird.",Watch: less natural wording,,,self-marked/production indicators present,,duplicate_v02_lineage_resolved,
content/b1-m18-b1-b2-bridge-preview.js,v080149_cat18_redemittel_cat18_r_016,cat18-r-016,cat18-r-016,PRODUCTION_PRACTICE,separate from normal auto-graded practice in future apply patch,production_isolated,normalAutoGradedPracticeEligible; v02ApplyGateStatus,self-marked/production indicators present,answer/correctAnswer,Nutze diese Redemittel-Situation: discussion,,"I agree with that in principle, but I see a risk.",,self_check,"Ich stimme dem grundsätzlich zu, aber ich sehe ein Risiko.",Watch: missing dative object,,,self-marked/production indicators present,,duplicate_v02_lineage_resolved,
content/b1-m18-b1-b2-bridge-preview.js,v080149_cat18_redemittel_cat18_r_017,cat18-r-017,cat18-r-017,PRODUCTION_PRACTICE,separate from normal auto-graded practice in future apply patch,production_isolated,normalAutoGradedPracticeEligible; v02ApplyGateStatus,self-marked/production indicators present,answer/correctAnswer,Nutze diese Redemittel-Situation: discussion,,I see that somewhat differently because the requirement is still missing.,,self_check,"Ich sehe das etwas anders, weil die Voraussetzung noch fehlt.",Watch: valid alternative; contrast row not repair,,,self-marked/production indicators present,,duplicate_v02_lineage_resolved,
content/b1-m18-b1-b2-bridge-preview.js,v080149_cat18_redemittel_cat18_r_018,cat18-r-018,cat18-r-018,PRODUCTION_PRACTICE,separate from normal auto-graded practice in future apply patch,production_isolated,normalAutoGradedPracticeEligible; v02ApplyGateStatus,self-marked/production indicators present,answer/correctAnswer,Nutze diese Redemittel-Situation: discussion,,"That is possible, but difficult to implement at short notice.",,self_check,"Das ist zwar möglich, aber kurzfristig schwer umzusetzen.",Watch: connector confusion,,,self-marked/production indicators present,,duplicate_v02_lineage_resolved,
content/b1-m18-b1-b2-bridge-preview.js,v080149_cat18_redemittel_cat18_r_019,cat18-r-019,cat18-r-019,PRODUCTION_PRACTICE,separate from normal auto-graded practice in future apply patch,production_isolated,normalAutoGradedPracticeEligible; v02ApplyGateStatus,self-marked/production indicators present,answer/correctAnswer,Nutze diese Redemittel-Situation: discussion,,"On the one hand, that saves time; on the other hand, we need more information.",,self_check,"Einerseits spart das Zeit, andererseits brauchen wir mehr Informationen.",Watch: literal translation error,,,self-marked/production indicators present,,duplicate_v02_lineage_resolved,
content/b1-m18-b1-b2-bridge-preview.js,v080149_cat18_redemittel_cat18_r_020,cat18-r-020,cat18-r-020,PRODUCTION_PRACTICE,separate from normal auto-graded practice in future apply patch,production_isolated,normalAutoGradedPracticeEligible; v02ApplyGateStatus,self-marked/production indicators present,answer/correctAnswer,Nutze diese Redemittel-Situation: workplace,,I would suggest that we first collect the open questions.,,self_check,"Ich würde vorschlagen, dass wir zuerst die offenen Fragen sammeln.",Watch: acceptable spoken ellipsis? review,,,self-marked/production indicators present,,duplicate_v02_lineage_resolved,
content/b1-m18-b1-b2-bridge-preview.js,v080149_cat18_redemittel_cat18_r_021,cat18-r-021,cat18-r-021,PRODUCTION_PRACTICE,separate from normal auto-graded practice in future apply patch,production_isolated,normalAutoGradedPracticeEligible; v02ApplyGateStatus,self-marked/production indicators present,answer/correctAnswer,Nutze diese Redemittel-Situation: workplace,,Could we check whether this solution works for everyone?,,self_check,"Könnten wir prüfen, ob diese Lösung für alle passt?",Watch: ob/wenn confusion,,,self-marked/production indicators present,,duplicate_v02_lineage_resolved,
content/b1-m18-b1-b2-bridge-preview.js,v080149_cat18_redemittel_cat18_r_022,cat18-r-022,cat18-r-022,PRODUCTION_PRACTICE,separate from normal auto-graded practice in future apply patch,production_isolated,normalAutoGradedPracticeEligible; v02ApplyGateStatus,self-marked/production indicators present,answer/correctAnswer,Nutze diese Redemittel-Situation: workplace,,It would be helpful if we had a clear responsibility/contact owner.,,self_check,"Es wäre hilfreich, wenn wir eine klare Zuständigkeit hätten.",Watch: wenn/wann confusion,,,self-marked/production indicators present,,duplicate_v02_lineage_resolved,
content/b1-m18-b1-b2-bridge-preview.js,v080149_cat18_redemittel_cat18_r_023,cat18-r-023,cat18-r-023,PRODUCTION_PRACTICE,separate from normal auto-graded practice in future apply patch,production_isolated,normalAutoGradedPracticeEligible; v02ApplyGateStatus,self-marked/production indicators present,answer/correctAnswer,Nutze diese Redemittel-Situation: workplace,,"If possible, I would like to suggest an alternative.",,self_check,"Falls möglich, würde ich gern eine Alternative vorschlagen.",Watch: main-clause word order,,,self-marked/production indicators present,,duplicate_v02_lineage_resolved,
content/b1-m18-b1-b2-bridge-preview.js,v080149_cat18_redemittel_cat18_r_024,cat18-r-024,cat18-r-024,PRODUCTION_PRACTICE,separate from normal auto-graded practice in future apply patch,production_isolated,normalAutoGradedPracticeEligible; v02ApplyGateStatus,self-marked/production indicators present,answer/correctAnswer,Nutze diese Redemittel-Situation: email,,"Under these circumstances, we need more time.",,self_check,Unter diesen Umständen brauchen wir mehr Zeit.,Watch: V2 after fronted phrase,,,self-marked/production indicators present,,duplicate_v02_lineage_resolved,
content/b1-m18-b1-b2-bridge-preview.js,v080149_cat18_redemittel_cat18_r_025,cat18-r-025,cat18-r-025,PRODUCTION_PRACTICE,separate from normal auto-graded practice in future apply patch,production_isolated,normalAutoGradedPracticeEligible; v02ApplyGateStatus,self-marked/production indicators present,answer/correctAnswer,Nutze diese Redemittel-Situation: email,,"Against this background, I ask for a brief assessment.",,self_check,Vor diesem Hintergrund bitte ich um eine kurze Einschätzung.,Watch: V2 after fronted phrase,,,self-marked/production indicators present,,duplicate_v02_lineage_resolved,
content/b1-m18-b1-b2-bridge-preview.js,v080149_cat18_redemittel_cat18_r_026,cat18-r-026,cat18-r-026,PRODUCTION_PRACTICE,separate from normal auto-graded practice in future apply patch,production_isolated,normalAutoGradedPracticeEligible; v02ApplyGateStatus,self-marked/production indicators present,answer/correctAnswer,Nutze diese Redemittel-Situation: email,,That leads to us having to adjust the process.,,self_check,"Das führt dazu, dass wir den Ablauf anpassen müssen.",Watch: wrong frame,,,self-marked/production indicators present,,duplicate_v02_lineage_resolved,
content/b1-m18-b1-b2-bridge-preview.js,v080149_cat18_redemittel_cat18_r_027,cat18-r-027,cat18-r-027,PRODUCTION_PRACTICE,separate from normal auto-graded practice in future apply patch,production_isolated,normalAutoGradedPracticeEligible; v02ApplyGateStatus,self-marked/production indicators present,answer/correctAnswer,Nutze diese Redemittel-Situation: email,,This unfortunately creates additional effort.,,self_check,Dadurch entsteht leider ein zusätzlicher Aufwand.,Watch: wrong verb,,,self-marked/production indicators present,,duplicate_v02_lineage_resolved,
content/b1-m18-b1-b2-bridge-preview.js,v080149_cat18_redemittel_cat18_r_028,cat18-r-028,cat18-r-028,PRODUCTION_PRACTICE,separate from normal auto-graded practice in future apply patch,production_isolated,normalAutoGradedPracticeEligible; v02ApplyGateStatus,self-marked/production indicators present,answer/correctAnswer,Nutze diese Redemittel-Situation: email,,Presumably/probably we can implement the change next week.,,self_check,Vermutlich können wir die Änderung nächste Woche umsetzen.,Watch: V2 after modal adverb,,,self-marked/production indicators present,,duplicate_v02_lineage_resolved,
content/b1-m18-b1-b2-bridge-preview.js,v080149_cat18_redemittel_cat18_r_029,cat18-r-029,cat18-r-029,PRODUCTION_PRACTICE,separate from normal auto-graded practice in future apply patch,production_isolated,normalAutoGradedPracticeEligible; v02ApplyGateStatus,self-marked/production indicators present,answer/correctAnswer,Nutze diese Redemittel-Situation: email,,Possibly we still need a confirmation for that.,,self_check,Möglicherweise brauchen wir dafür noch eine Bestätigung.,Watch: V2 after modal adverb,,,self-marked/production indicators present,,duplicate_v02_lineage_resolved,
content/b1-m18-b1-b2-bridge-preview.js,v080149_cat18_redemittel_cat18_r_030,cat18-r-030,cat18-r-030,PRODUCTION_PRACTICE,separate from normal auto-graded practice in future apply patch,production_isolated,normalAutoGradedPracticeEligible; v02ApplyGateStatus,self-marked/production indicators present,answer/correctAnswer,Nutze diese Redemittel-Situation: email,,"In principle that is possible, but we must check the details.",,self_check,"Grundsätzlich ist das möglich, aber wir müssen die Details prüfen.",Watch: fragment risk,,,self-marked/production indicators present,,duplicate_v02_lineage_resolved,
content/b1-m18-b1-b2-bridge-preview.js,v080149_cat18_redemittel_cat18_r_031,cat18-r-031,cat18-r-031,PRODUCTION_PRACTICE,separate from normal auto-graded practice in future apply patch,production_isolated,normalAutoGradedPracticeEligible; v02ApplyGateStatus,self-marked/production indicators present,answer/correctAnswer,Nutze diese Redemittel-Situation: email,,"If you still have questions, please get in touch.",,self_check,"Falls Sie noch Fragen haben, melden Sie sich bitte.",Watch: subordinate word order,,,self-marked/production indicators present,,duplicate_v02_lineage_resolved,
content/b1-m18-b1-b2-bridge-preview.js,v080149_cat18_redemittel_cat18_r_032,cat18-r-032,cat18-r-032,PRODUCTION_PRACTICE,separate from normal auto-graded practice in future apply patch,production_isolated,normalAutoGradedPracticeEligible; v02ApplyGateStatus,self-marked/production indicators present,answer/correctAnswer,Nutze diese Redemittel-Situation: email,,"Provided that all documents are complete, we can continue.",,self_check,"Unter der Voraussetzung, dass alle Unterlagen vollständig sind, können wir weitermachen.",Watch: dass-clause pattern,,,self-marked/production indicators present,,duplicate_v02_lineage_resolved,
content/b1-m18-b1-b2-bridge-preview.js,v080149_cat18_redemittel_cat18_r_033,cat18-r-033,cat18-r-033,PRODUCTION_PRACTICE,separate from normal auto-graded practice in future apply patch,production_isolated,normalAutoGradedPracticeEligible; v02ApplyGateStatus,self-marked/production indicators present,answer/correctAnswer,Nutze diese Redemittel-Situation: email,,"As soon as I have the reply, I will get back to you.",,self_check,"Sobald ich die Rückmeldung habe, melde ich mich wieder.",Watch: subordinate word order,,,self-marked/production indicators present,,duplicate_v02_lineage_resolved,
content/b1-m18-b1-b2-bridge-preview.js,v080149_cat18_redemittel_cat18_r_034,cat18-r-034,cat18-r-034,PRODUCTION_PRACTICE,separate from normal auto-graded practice in future apply patch,production_isolated,normalAutoGradedPracticeEligible; v02ApplyGateStatus,self-marked/production indicators present,answer/correctAnswer,Nutze diese Redemittel-Situation: workplace,,The next step would be to clarify the open points.,,self_check,"Der nächste Schritt wäre, die offenen Punkte zu klären.",Watch: possible but not same target,,,self-marked/production indicators present,,duplicate_v02_lineage_resolved,
content/b1-m18-b1-b2-bridge-preview.js,v080149_cat18_redemittel_cat18_r_035,cat18-r-035,cat18-r-035,PRODUCTION_PRACTICE,separate from normal auto-graded practice in future apply patch,production_isolated,normalAutoGradedPracticeEligible; v02ApplyGateStatus,self-marked/production indicators present,answer/correctAnswer,Nutze diese Redemittel-Situation: workplace,,We should first define who is responsible.,,self_check,"Wir sollten zuerst festlegen, wer zuständig ist.",Watch: indirect-question order,,,self-marked/production indicators present,,duplicate_v02_lineage_resolved,
content/b1-m18-b1-b2-bridge-preview.js,v080149_cat18_redemittel_cat18_r_036,cat18-r-036,cat18-r-036,PRODUCTION_PRACTICE,separate from normal auto-graded practice in future apply patch,production_isolated,normalAutoGradedPracticeEligible; v02ApplyGateStatus,self-marked/production indicators present,answer/correctAnswer,Nutze diese Redemittel-Situation: workplace,,I can take over the implementation if the schedule works.,,self_check,"Ich kann die Umsetzung übernehmen, wenn der Zeitplan passt.",Watch: verb-object order,,,self-marked/production indicators present,,duplicate_v02_lineage_resolved,
content/b1-m18-b1-b2-bridge-preview.js,v080149_cat18_redemittel_cat18_r_037,cat18-r-037,cat18-r-037,PRODUCTION_PRACTICE,separate from normal auto-graded practice in future apply patch,production_isolated,normalAutoGradedPracticeEligible; v02ApplyGateStatus,self-marked/production indicators present,answer/correctAnswer,Nutze diese Redemittel-Situation: workplace,,Please also take the new deadline into account.,,self_check,Bitte berücksichtigen Sie auch die neue Frist.,Watch: valid simpler alternative,,,self-marked/production indicators present,,duplicate_v02_lineage_resolved,
content/b1-m18-b1-b2-bridge-preview.js,v080149_cat18_redemittel_cat18_r_038,cat18-r-038,cat18-r-038,PRODUCTION_PRACTICE,separate from normal auto-graded practice in future apply patch,production_isolated,normalAutoGradedPracticeEligible; v02ApplyGateStatus,self-marked/production indicators present,answer/correctAnswer,Nutze diese Redemittel-Situation: workplace,,We still need to coordinate the decision internally.,,self_check,Wir müssen die Entscheidung noch intern abstimmen.,Watch: separable/nonseparable confusion,,,self-marked/production indicators present,,duplicate_v02_lineage_resolved,
content/b1-m18-b1-b2-bridge-preview.js,v080149_cat18_redemittel_cat18_r_039,cat18-r-039,cat18-r-039,PRODUCTION_PRACTICE,separate from normal auto-graded practice in future apply patch,production_isolated,normalAutoGradedPracticeEligible; v02ApplyGateStatus,self-marked/production indicators present,answer/correctAnswer,Nutze diese Redemittel-Situation: email,,Thank you for pointing that out; I will check it again.,,self_check,Danke für den Hinweis; ich prüfe das noch einmal.,Watch: less complete,,,self-marked/production indicators present,,duplicate_v02_lineage_resolved,
content/b1-m18-b1-b2-bridge-preview.js,v080149_cat18_redemittel_cat18_r_040,cat18-r-040,cat18-r-040,PRODUCTION_PRACTICE,separate from normal auto-graded practice in future apply patch,production_isolated,normalAutoGradedPracticeEligible; v02ApplyGateStatus,self-marked/production indicators present,answer/correctAnswer,Nutze diese Redemittel-Situation: email,,That helps me understand/trace the error better.,,self_check,"Das hilft mir, den Fehler besser nachzuvollziehen.",Watch: valid simpler alternative,,,self-marked/production indicators present,,duplicate_v02_lineage_resolved,
content/b1-m18-b1-b2-bridge-preview.js,v080149_cat18_redemittel_cat18_r_041,cat18-r-041,cat18-r-041,PRODUCTION_PRACTICE,separate from normal auto-graded practice in future apply patch,production_isolated,normalAutoGradedPracticeEligible; v02ApplyGateStatus,self-marked/production indicators present,answer/correctAnswer,Nutze diese Redemittel-Situation: email,,I understand your objection and will check the proposal again.,,self_check,Ich verstehe Ihren Einwand und prüfe den Vorschlag noch einmal.,Watch: near-valid but stronger tone,,,self-marked/production indicators present,,duplicate_v02_lineage_resolved,
content/b1-m18-b1-b2-bridge-preview.js,v080149_cat18_redemittel_cat18_r_042,cat18-r-042,cat18-r-042,PRODUCTION_PRACTICE,separate from normal auto-graded practice in future apply patch,production_isolated,normalAutoGradedPracticeEligible; v02ApplyGateStatus,self-marked/production indicators present,answer/correctAnswer,Nutze diese Redemittel-Situation: email,,Thank you for the detailed explanation.,,self_check,Danke für die ausführliche Erklärung.,Watch: missing article/possessive,,,self-marked/production indicators present,,duplicate_v02_lineage_resolved,
content/b1-m18-b1-b2-bridge-preview.js,v080149_cat18_redemittel_cat18_r_043,cat18-r-043,cat18-r-043,PRODUCTION_PRACTICE,separate from normal auto-graded practice in future apply patch,production_isolated,normalAutoGradedPracticeEligible; v02ApplyGateStatus,self-marked/production indicators present,answer/correctAnswer,Nutze diese Redemittel-Situation: workplace,,I will give you a brief overview of the current status.,,self_check,Ich gebe Ihnen einen kurzen Überblick über den aktuellen Stand.,Watch: fine variation,,,self-marked/production indicators present,,duplicate_v02_lineage_resolved,
content/b1-m18-b1-b2-bridge-preview.js,v080149_cat18_redemittel_cat18_r_044,cat18-r-044,cat18-r-044,PRODUCTION_PRACTICE,separate from normal auto-graded practice in future apply patch,production_isolated,normalAutoGradedPracticeEligible; v02ApplyGateStatus,self-marked/production indicators present,answer/correctAnswer,Nutze diese Redemittel-Situation: workplace,,The current status is that two points are still open.,,self_check,"Der aktuelle Stand ist, dass noch zwei Punkte offen sind.",Watch: missing verb,,,self-marked/production indicators present,,duplicate_v02_lineage_resolved,
content/b1-m18-b1-b2-bridge-preview.js,v080149_cat18_redemittel_cat18_r_045,cat18-r-045,cat18-r-045,PRODUCTION_PRACTICE,separate from normal auto-graded practice in future apply patch,production_isolated,normalAutoGradedPracticeEligible; v02ApplyGateStatus,self-marked/production indicators present,answer/correctAnswer,Nutze diese Redemittel-Situation: workplace,,I will forward the information to the responsible person.,,self_check,Ich leite die Information an die zuständige Person weiter.,Watch: word order less natural,,,self-marked/production indicators present,,duplicate_v02_lineage_resolved,
content/b1-m18-b1-b2-bridge-preview.js,v080149_cat18_redemittel_cat18_r_046,cat18-r-046,cat18-r-046,PRODUCTION_PRACTICE,separate from normal auto-graded practice in future apply patch,production_isolated,normalAutoGradedPracticeEligible; v02ApplyGateStatus,self-marked/production indicators present,answer/correctAnswer,Nutze diese Redemittel-Situation: workplace,,Please let me know as soon as a decision has been made.,,self_check,"Bitte geben Sie mir Bescheid, sobald eine Entscheidung getroffen wurde.",Watch: less formal/word order,,,self-marked/production indicators present,,duplicate_v02_lineage_resolved,
content/b1-m18-b1-b2-bridge-preview.js,v080149_cat18_redemittel_cat18_r_047,cat18-r-047,cat18-r-047,PRODUCTION_PRACTICE,separate from normal auto-graded practice in future apply patch,production_isolated,normalAutoGradedPracticeEligible; v02ApplyGateStatus,self-marked/production indicators present,answer/correctAnswer,Nutze diese Redemittel-Situation: formal_email,,I would be grateful if you could reply briefly.,,self_check,"Ich wäre Ihnen dankbar, wenn Sie mir kurz antworten könnten.",Watch: valid alternative,,,self-marked/production indicators present,,duplicate_v02_lineage_resolved,
content/b1-m18-b1-b2-bridge-preview.js,v080149_cat18_redemittel_cat18_r_048,cat18-r-048,cat18-r-048,PRODUCTION_PRACTICE,separate from normal auto-graded practice in future apply patch,production_isolated,normalAutoGradedPracticeEligible; v02ApplyGateStatus,self-marked/production indicators present,answer/correctAnswer,Nutze diese Redemittel-Situation: formal_email,,Please let me know whether further documents are necessary.,,self_check,"Bitte teilen Sie mir mit, ob weitere Unterlagen nötig sind.",Watch: ob/wenn confusion,,,self-marked/production indicators present,,duplicate_v02_lineage_resolved,
content/b1-m18-b1-b2-bridge-preview.js,v080149_cat18_redemittel_cat18_r_049,cat18-r-049,cat18-r-049,PRODUCTION_PRACTICE,separate from normal auto-graded practice in future apply patch,production_isolated,normalAutoGradedPracticeEligible; v02ApplyGateStatus,self-marked/production indicators present,answer/correctAnswer,Nutze diese Redemittel-Situation: formal_email,,I ask for a short written confirmation.,,self_check,Ich bitte um eine kurze schriftliche Bestätigung.,Watch: missing `um`,,,self-marked/production indicators present,,duplicate_v02_lineage_resolved,
content/b1-m18-b1-b2-bridge-preview.js,v080149_cat18_redemittel_cat18_r_050,cat18-r-050,cat18-r-050,PRODUCTION_PRACTICE,separate from normal auto-graded practice in future apply patch,production_isolated,normalAutoGradedPracticeEligible; v02ApplyGateStatus,self-marked/production indicators present,answer/correctAnswer,Nutze diese Redemittel-Situation: formal_email,,Please note that the appointment has been moved.,,self_check,"Bitte beachten Sie, dass sich der Termin verschoben hat.",Watch: missing dass in written style,,,self-marked/production indicators present,,duplicate_v02_lineage_resolved,
content/b1-m18-b1-b2-bridge-preview.js,v080149_cat18_redemittel_cat18_r_051,cat18-r-051,cat18-r-051,PRODUCTION_PRACTICE,separate from normal auto-graded practice in future apply patch,production_isolated,normalAutoGradedPracticeEligible; v02ApplyGateStatus,self-marked/production indicators present,answer/correctAnswer,Nutze diese Redemittel-Situation: formal_email,,I would like to point out that one file is still missing.,,self_check,"Ich möchte Sie darauf hinweisen, dass noch eine Datei fehlt.",Watch: wrong object/preposition,,,self-marked/production indicators present,,duplicate_v02_lineage_resolved,
content/b1-m18-b1-b2-bridge-preview.js,v080149_cat18_redemittel_cat18_r_052,cat18-r-052,cat18-r-052,PRODUCTION_PRACTICE,separate from normal auto-graded practice in future apply patch,production_isolated,normalAutoGradedPracticeEligible; v02ApplyGateStatus,self-marked/production indicators present,answer/correctAnswer,Nutze diese Redemittel-Situation: formal_email,,"Should anything be unclear, you are welcome to contact me.",,self_check,"Sollte etwas unklar sein, können Sie mich gern kontaktieren.",Watch: B1 alternative; safer,,,self-marked/production indicators present,,duplicate_v02_lineage_resolved,
content/b1-m18-b1-b2-bridge-preview.js,v080149_cat18_redemittel_cat18_r_053,cat18-r-053,cat18-r-053,PRODUCTION_PRACTICE,separate from normal auto-graded practice in future apply patch,production_isolated,normalAutoGradedPracticeEligible; v02ApplyGateStatus,self-marked/production indicators present,answer/correctAnswer,Nutze diese Redemittel-Situation: formal_email,,I am happy to be available for follow-up questions.,,self_check,Bei Rückfragen stehe ich gern zur Verfügung.,Watch: safer B1 alternative,,,self-marked/production indicators present,,duplicate_v02_lineage_resolved,
content/b1-m18-b1-b2-bridge-preview.js,v080149_cat18_redemittel_cat18_r_054,cat18-r-054,cat18-r-054,PRODUCTION_PRACTICE,separate from normal auto-graded practice in future apply patch,production_isolated,normalAutoGradedPracticeEligible; v02ApplyGateStatus,self-marked/production indicators present,answer/correctAnswer,Nutze diese Redemittel-Situation: self_marked,,"Please write three sentences: problem, reason, proposal.",,self_check,"Schreiben Sie bitte drei Sätze: Problem, Grund, Vorschlag.",Watch: n/a,,,self-marked/production indicators present,,duplicate_v02_lineage_resolved,
content/b1-redemittel.js,b1_redemittel_084,,,PRODUCTION_PRACTICE,separate from normal auto-graded practice in future apply patch,production_isolated,normalAutoGradedPracticeEligible; v02ApplyGateStatus,self-marked/production indicators present,,"Schreiben/Sprechen: Bitten Sie darum, einen Termin zu verschieben.",,Ask to move an appointment.,,self_check,,"Use the phrases actively, then mark the card practised.",,,self-marked/production indicators present,,,
content/b1-redemittel.js,b1_redemittel_085,,,PRODUCTION_PRACTICE,separate from normal auto-graded practice in future apply patch,production_isolated,normalAutoGradedPracticeEligible; v02ApplyGateStatus,self-marked/production indicators present,,Schreiben/Sprechen: Schreiben Sie eine kurze formelle E-Mail mit Dank und Schluss.,,Write a short formal email with thanks and closing.,,self_check,,"Use the phrases actively, then mark the card practised.",,,self-marked/production indicators present,,,
content/b1-redemittel.js,b1_redemittel_086,,,PRODUCTION_PRACTICE,separate from normal auto-graded practice in future apply patch,production_isolated,normalAutoGradedPracticeEligible; v02ApplyGateStatus,self-marked/production indicators present,,Schreiben/Sprechen: Melden Sie sich bei der Arbeit krank.,,Call or write in sick at work.,,self_check,,"Use the phrases actively, then mark the card practised.",,,self-marked/production indicators present,,,
content/b1-redemittel.js,b1_redemittel_087,,,PRODUCTION_PRACTICE,separate from normal auto-graded practice in future apply patch,production_isolated,normalAutoGradedPracticeEligible; v02ApplyGateStatus,self-marked/production indicators present,,Schreiben/Sprechen: Beschweren Sie sich höflich über eine Lieferung.,,Complain politely about a delivery.,,self_check,,"Use the phrases actively, then mark the card practised.",,,self-marked/production indicators present,,,
content/b1-redemittel.js,b1_redemittel_088,,,PRODUCTION_PRACTICE,separate from normal auto-graded practice in future apply patch,production_isolated,normalAutoGradedPracticeEligible; v02ApplyGateStatus,self-marked/production indicators present,,Schreiben/Sprechen: Formulieren Sie zwei Sätze für eine Bewerbung.,,Write two sentences for an application.,,self_check,,"Use the phrases actively, then mark the card practised.",,,self-marked/production indicators present,,,
content/b1-redemittel.js,b1_redemittel_089,,,PRODUCTION_PRACTICE,separate from normal auto-graded practice in future apply patch,production_isolated,normalAutoGradedPracticeEligible; v02ApplyGateStatus,self-marked/production indicators present,,Schreiben/Sprechen: Bitten Sie höflich um Hilfe.,,Ask politely for help.,,self_check,,"Use the phrases actively, then mark the card practised.",,,self-marked/production indicators present,,,
content/b1-redemittel.js,b1_redemittel_090,,,PRODUCTION_PRACTICE,separate from normal auto-graded practice in future apply patch,production_isolated,normalAutoGradedPracticeEligible; v02ApplyGateStatus,self-marked/production indicators present,,Schreiben/Sprechen: Fragen Sie höflich nach Informationen.,,Ask politely for information.,,self_check,,"Use the phrases actively, then mark the card practised.",,,self-marked/production indicators present,,,
