currentSourceFile,currentItemId,currentSourceRowId,v02RowId,matchStatus,oldManifestBucket,oldManifestAction,v02Decision,comparisonDecision,recoveryDecision,proposedBucket,proposedAction,currentTaskType,currentResponseSurface,targetFamily,hasV02ReplacementFields,replacementFieldList,currentPrompt,v02Prompt,currentStimulus,v02Stimulus,currentOptions,v02Options,currentAnswer,v02Answer,currentExplain,v02Explain,quarantineReason,productionReason,legacySeedReason,duplicateLineageStatus,riskFlag,notes
content/b1-cases-articles.js,b1_cases_articles_nom_acc_masc_001,,,unmatched_current,Exception,manual review: no exact v0.2 source_row_id match,,,,LEGACY_SEED_SAFE_CANDIDATE,keep for separate seed-bank QA; do not remove as unmatched v0.2,Auswahl,selected_choice_value,cases_articles_nom_acc_masc_definite,false,,Welche Version ist richtig?,,The employee calls.,,Der Mitarbeiter ruft an. | Den Mitarbeiter ruft an. | Dem Mitarbeiter ruft an.,,Der Mitarbeiter ruft an.,,Role: the subject uses der.,,,,no imported v0.2 sourceRowId/comparison match; likely seed/system/route-specific content,,,
content/b1-cases-articles.js,b1_cases_articles_nom_acc_masc_002,,,unmatched_current,Exception,manual review: no exact v0.2 source_row_id match,,,,LEGACY_SEED_SAFE_CANDIDATE,keep for separate seed-bank QA; do not remove as unmatched v0.2,Luecke,typed,cases_articles_nom_acc_masc_definite,false,,Ich sehe ___ Mitarbeiter am Empfang.,,I see the employee at reception.,,,,den,,Case: sehen takes an accusative object: den Mitarbeiter.,,,,no imported v0.2 sourceRowId/comparison match; likely seed/system/route-specific content,,,
content/b1-cases-articles.js,b1_cases_articles_nom_acc_masc_003,,,unmatched_current,Exception,manual review: no exact v0.2 source_row_id match,,,,LEGACY_SEED_SAFE_CANDIDATE,keep for separate seed-bank QA; do not remove as unmatched v0.2,Reparatur,edit_text,cases_articles_nom_acc_masc_definite,false,,Ich sehe der Mitarbeiter am Empfang.,,I see the employee at reception.,,,,Ich sehe den Mitarbeiter am Empfang.,,sehen takes an accusative object; masculine der changes to den.,,,,no imported v0.2 sourceRowId/comparison match; likely seed/system/route-specific content,,,
content/b1-cases-articles.js,b1_cases_articles_nom_acc_masc_004,,,unmatched_current,Exception,manual review: no exact v0.2 source_row_id match,,,,LEGACY_SEED_SAFE_CANDIDATE,keep for separate seed-bank QA; do not remove as unmatched v0.2,Kontrast,selected_choice_value,cases_articles_nom_acc_masc_definite,false,,Welche Form passt zum direkten Objekt?,,I call the employee.,,Ich rufe den Mitarbeiter an. | Ich rufe der Mitarbeiter an. | Ich rufe dem Mitarbeiter an.,,Ich rufe den Mitarbeiter an.,,"Direct object: anrufen takes accusative, so der becomes den.",,,,no imported v0.2 sourceRowId/comparison match; likely seed/system/route-specific content,,,
content/b1-cases-articles.js,b1_cases_articles_acc_direct_001,,,unmatched_current,Exception,manual review: no exact v0.2 source_row_id match,,,,LEGACY_SEED_SAFE_CANDIDATE,keep for separate seed-bank QA; do not remove as unmatched v0.2,Auswahl,selected_choice_value,cases_articles_acc_direct_object,false,,Welche Form passt nach brauchen?,,I need an appointment.,,Ich brauche einen Termin. | Ich brauche ein Termin. | Ich brauche einem Termin.,,Ich brauche einen Termin.,,brauchen takes an accusative object: einen Termin.,,,,no imported v0.2 sourceRowId/comparison match; likely seed/system/route-specific content,,,
content/b1-cases-articles.js,b1_cases_articles_acc_direct_002,,,unmatched_current,Exception,manual review: no exact v0.2 source_row_id match,,,,LEGACY_SEED_SAFE_CANDIDATE,keep for separate seed-bank QA; do not remove as unmatched v0.2,Luecke,typed,cases_articles_acc_direct_object,false,,Wir suchen ___ Wohnung in der Nähe.,,We are looking for a flat nearby.,,,,eine,,suchen takes an accusative object; feminine eine stays eine.,,,,no imported v0.2 sourceRowId/comparison match; likely seed/system/route-specific content,,,
content/b1-cases-articles.js,b1_cases_articles_acc_direct_003,,,unmatched_current,Exception,manual review: no exact v0.2 source_row_id match,,,,LEGACY_SEED_SAFE_CANDIDATE,keep for separate seed-bank QA; do not remove as unmatched v0.2,Reparatur,edit_text,cases_articles_acc_direct_object,false,,Ich kaufe ein Fahrkarte.,,I buy a ticket.,,,,Ich kaufe eine Fahrkarte.,,Fahrkarte is feminine; the accusative form is eine Fahrkarte.,,,,no imported v0.2 sourceRowId/comparison match; likely seed/system/route-specific content,,,
content/b1-cases-articles.js,b1_cases_articles_acc_direct_004,,,unmatched_current,Exception,manual review: no exact v0.2 source_row_id match,,,,LEGACY_SEED_SAFE_CANDIDATE,keep for separate seed-bank QA; do not remove as unmatched v0.2,Kontrast,selected_choice_value,cases_articles_acc_direct_object,false,,Welche Version ist natürlich?,,She reads the letter.,,Sie liest den Brief. | Sie liest dem Brief. | Sie liest der Brief.,,Sie liest den Brief.,,lesen takes an accusative object: den Brief.,,,,no imported v0.2 sourceRowId/comparison match; likely seed/system/route-specific content,,,
content/b1-cases-articles.js,b1_cases_articles_fixed_dative_001,,,unmatched_current,Exception,manual review: no exact v0.2 source_row_id match,,,,LEGACY_SEED_SAFE_CANDIDATE,keep for separate seed-bank QA; do not remove as unmatched v0.2,Auswahl,selected_choice_value,cases_articles_fixed_dative_triggers,false,,Welche Form passt nach mit?,,I travel by bus.,,Ich fahre mit dem Bus. | Ich fahre mit den Bus. | Ich fahre mit der Bus.,,Ich fahre mit dem Bus.,,mit takes dative; masculine Bus uses dem.,,,,no imported v0.2 sourceRowId/comparison match; likely seed/system/route-specific content,,,
content/b1-cases-articles.js,b1_cases_articles_fixed_dative_002,,,unmatched_current,Exception,manual review: no exact v0.2 source_row_id match,,,,LEGACY_SEED_SAFE_CANDIDATE,keep for separate seed-bank QA; do not remove as unmatched v0.2,Luecke,typed,cases_articles_fixed_dative_triggers,false,,Der Termin ist bei ___ Ärztin.,,The appointment is with the doctor.,,,,der,,bei takes dative; feminine die becomes der.,,,,no imported v0.2 sourceRowId/comparison match; likely seed/system/route-specific content,,,
content/b1-cases-articles.js,b1_cases_articles_fixed_dative_003,,,unmatched_current,Exception,manual review: no exact v0.2 source_row_id match,,,,LEGACY_SEED_SAFE_CANDIDATE,keep for separate seed-bank QA; do not remove as unmatched v0.2,Reparatur,edit_text,cases_articles_fixed_dative_triggers,false,,Ich komme nach die Arbeit.,,I come after work.,,,,Ich komme nach der Arbeit.,,nach takes dative in this time phrase: nach der Arbeit.,,,,no imported v0.2 sourceRowId/comparison match; likely seed/system/route-specific content,,,
content/b1-cases-articles.js,b1_cases_articles_fixed_dative_004,,,unmatched_current,Exception,manual review: no exact v0.2 source_row_id match,,,,LEGACY_SEED_SAFE_CANDIDATE,keep for separate seed-bank QA; do not remove as unmatched v0.2,Kontrast,selected_choice_value,cases_articles_fixed_dative_triggers,false,,Welche Version passt nach zu?,,I am going to an interview/conversation.,,Ich gehe zu einem Gespräch. | Ich gehe zu einen Gespräch. | Ich gehe zu ein Gespräch.,,Ich gehe zu einem Gespräch.,,zu takes dative; neuter Gespräch uses einem.,,,,no imported v0.2 sourceRowId/comparison match; likely seed/system/route-specific content,,,
content/b1-cases-articles.js,b1_cases_articles_indirect_dative_001,,,unmatched_current,Exception,manual review: no exact v0.2 source_row_id match,,,,LEGACY_SEED_SAFE_CANDIDATE,keep for separate seed-bank QA; do not remove as unmatched v0.2,Auswahl,selected_choice_value,cases_articles_dative_indirect_object,false,,Welche Version zeigt den Empfänger?,,I send the team the documents.,,Ich schicke dem Team die Unterlagen. | Ich schicke das Team die Unterlagen. | Ich schicke den Team die Unterlagen.,,Ich schicke dem Team die Unterlagen.,,Recipient role: the indirect object is dative: dem Team.,,,,no imported v0.2 sourceRowId/comparison match; likely seed/system/route-specific content,,,
content/b1-cases-articles.js,b1_cases_articles_indirect_dative_002,,,unmatched_current,Exception,manual review: no exact v0.2 source_row_id match,,,,LEGACY_SEED_SAFE_CANDIDATE,keep for separate seed-bank QA; do not remove as unmatched v0.2,Luecke,typed,cases_articles_dative_indirect_object,false,,Ich gebe ___ Kundin die Nummer.,,I give the customer the number.,,,,der,,geben has a recipient in dative: der Kundin.,,,,no imported v0.2 sourceRowId/comparison match; likely seed/system/route-specific content,,,
content/b1-cases-articles.js,b1_cases_articles_indirect_dative_003,,,unmatched_current,Exception,manual review: no exact v0.2 source_row_id match,,,,LEGACY_SEED_SAFE_CANDIDATE,keep for separate seed-bank QA; do not remove as unmatched v0.2,Reparatur,edit_text,cases_articles_dative_indirect_object,false,,Ich zeige die Kollegin die Liste.,,I show the colleague the list.,,,,Ich zeige der Kollegin die Liste.,,zeigen has a recipient in dative: der Kollegin.,,,,no imported v0.2 sourceRowId/comparison match; likely seed/system/route-specific content,,,
content/b1-cases-articles.js,b1_cases_articles_indirect_dative_004,,,unmatched_current,Exception,manual review: no exact v0.2 source_row_id match,,,,LEGACY_SEED_SAFE_CANDIDATE,keep for separate seed-bank QA; do not remove as unmatched v0.2,Kontrast,selected_choice_value,cases_articles_dative_indirect_object,false,,Welche Form zeigt den Empfänger?,,I explain the plan to the boss.,,Ich erkläre dem Chef den Plan. | Ich erkläre den Chef den Plan. | Ich erkläre der Chef den Plan.,,Ich erkläre dem Chef den Plan.,,The person receiving the explanation is dative: dem Chef.,,,,no imported v0.2 sourceRowId/comparison match; likely seed/system/route-specific content,,,
content/b1-cases-articles.js,b1_cases_articles_family_contrast_001,,,unmatched_current,Exception,manual review: no exact v0.2 source_row_id match,,,,LEGACY_SEED_SAFE_CANDIDATE,keep for separate seed-bank QA; do not remove as unmatched v0.2,Auswahl,selected_choice_value,cases_articles_article_family_contrast,false,,Welche Reihe passt zu Akkusativ Maskulinum?,,Which row fits accusative masculine?,,den / einen / keinen | der / ein / kein | dem / einem / keinem,,den / einen / keinen,,"Article family: der, ein, and kein share the masculine accusative -en ending.",,,,no imported v0.2 sourceRowId/comparison match; likely seed/system/route-specific content,,,
content/b1-cases-articles.js,b1_cases_articles_family_contrast_002,,,unmatched_current,Exception,manual review: no exact v0.2 source_row_id match,,,,LEGACY_SEED_SAFE_CANDIDATE,keep for separate seed-bank QA; do not remove as unmatched v0.2,Luecke,typed,cases_articles_article_family_contrast,false,,Wir haben ___ Drucker im Büro.,,We do not have a printer in the office.,,,,keinen,,kein follows ein endings; masculine accusative uses keinen.,,,,no imported v0.2 sourceRowId/comparison match; likely seed/system/route-specific content,,,
content/b1-cases-articles.js,b1_cases_articles_family_contrast_003,,,unmatched_current,Exception,manual review: no exact v0.2 source_row_id match,,,,LEGACY_SEED_SAFE_CANDIDATE,keep for separate seed-bank QA; do not remove as unmatched v0.2,Reparatur,typed,cases_articles_article_family_contrast,false,,Ich habe kein Termin.,,I do not have an appointment.,,,,Ich habe keinen Termin.,,Termin is masculine; accusative negative is keinen Termin.,,,,no imported v0.2 sourceRowId/comparison match; likely seed/system/route-specific content,,,
content/b1-cases-articles.js,b1_cases_articles_family_contrast_004,,,unmatched_current,Exception,manual review: no exact v0.2 source_row_id match,,,,LEGACY_SEED_SAFE_CANDIDATE,keep for separate seed-bank QA; do not remove as unmatched v0.2,Kontrast,selected_choice_value,cases_articles_article_family_contrast,false,,Welche Reihe passt zu Dativ Maskulinum?,,Which row fits dative masculine?,,dem / einem / keinem | den / einen / keinen | der / ein / kein,,dem / einem / keinem,,"Dative masculine uses -em in dem, einem, and keinem.",,,,no imported v0.2 sourceRowId/comparison match; likely seed/system/route-specific content,,,
content/b1-cases-articles.js,b1_cases_articles_pronoun_case_001,,,unmatched_current,Exception,manual review: no exact v0.2 source_row_id match,,,,LEGACY_SEED_SAFE_CANDIDATE,keep for separate seed-bank QA; do not remove as unmatched v0.2,Auswahl,selected_choice_value,cases_articles_pronoun_case_ich_du,false,,Welche Form passt nach sehen?,,He sees me.,,Er sieht mich. | Er sieht mir. | Er sieht ich.,,Er sieht mich.,,sehen takes accusative; ich becomes mich.,,,,no imported v0.2 sourceRowId/comparison match; likely seed/system/route-specific content,,,
content/b1-cases-articles.js,b1_cases_articles_pronoun_case_002,,,unmatched_current,Exception,manual review: no exact v0.2 source_row_id match,,,,LEGACY_SEED_SAFE_CANDIDATE,keep for separate seed-bank QA; do not remove as unmatched v0.2,Luecke,typed,cases_articles_pronoun_case_ich_du,false,,Kannst du ___ helfen?,,Can you help me?,,,,mir,,helfen takes dative; ich becomes mir.,,,,no imported v0.2 sourceRowId/comparison match; likely seed/system/route-specific content,,,
content/b1-cases-articles.js,b1_cases_articles_pronoun_case_003,,,unmatched_current,Exception,manual review: no exact v0.2 source_row_id match,,,,LEGACY_SEED_SAFE_CANDIDATE,keep for separate seed-bank QA; do not remove as unmatched v0.2,Reparatur,typed,cases_articles_pronoun_case_ich_du,false,,Ich rufe dir später an.,,I will call you later.,,,,Ich rufe dich später an.,,anrufen takes accusative; du becomes dich.,,,,no imported v0.2 sourceRowId/comparison match; likely seed/system/route-specific content,,,
content/b1-cases-articles.js,b1_cases_articles_pronoun_case_004,,,unmatched_current,Exception,manual review: no exact v0.2 source_row_id match,,,,LEGACY_SEED_SAFE_CANDIDATE,keep for separate seed-bank QA; do not remove as unmatched v0.2,Kontrast,selected_choice_value,cases_articles_pronoun_case_ich_du,false,,Welche Frage passt zum Empfänger?,,Can I help you?,,Kann ich dir helfen? | Kann ich dich helfen? | Kann ich du helfen?,,Kann ich dir helfen?,,helfen takes dative; du becomes dir.,,,,no imported v0.2 sourceRowId/comparison match; likely seed/system/route-specific content,,,
content/b1-cases-articles.js,b1_cases_articles_plural_dative_001,,,unmatched_current,Exception,manual review: no exact v0.2 source_row_id match,,,,LEGACY_SEED_SAFE_CANDIDATE,keep for separate seed-bank QA; do not remove as unmatched v0.2,Auswahl,selected_choice_value,cases_articles_plural_dative_article,false,,Welche Form passt nach mit?,,with the documents,,mit den Unterlagen | mit die Unterlagen | mit der Unterlagen,,mit den Unterlagen,,Plural dative uses den.,,,,no imported v0.2 sourceRowId/comparison match; likely seed/system/route-specific content,,,
content/b1-cases-articles.js,b1_cases_articles_plural_dative_002,,,unmatched_current,Exception,manual review: no exact v0.2 source_row_id match,,,,LEGACY_SEED_SAFE_CANDIDATE,keep for separate seed-bank QA; do not remove as unmatched v0.2,Luecke,typed,cases_articles_plural_dative_article,false,,Ich spreche mit ___ Kollegen.,,I speak with the colleagues.,,,,den,,mit takes dative; plural dative article is den.,,,,no imported v0.2 sourceRowId/comparison match; likely seed/system/route-specific content,,,
content/b1-cases-articles.js,b1_cases_articles_plural_dative_003,,,unmatched_current,Exception,manual review: no exact v0.2 source_row_id match,,,,LEGACY_SEED_SAFE_CANDIDATE,keep for separate seed-bank QA; do not remove as unmatched v0.2,Reparatur,typed,cases_articles_plural_dative_article,false,,Bei die Formularen fehlt die Unterschrift.,,The signature is missing on the forms.,,,,Bei den Formularen fehlt die Unterschrift.,,bei takes dative; plural dative uses den.,,,,no imported v0.2 sourceRowId/comparison match; likely seed/system/route-specific content,,,
content/b1-cases-articles.js,b1_cases_articles_plural_dative_004,,,unmatched_current,Exception,manual review: no exact v0.2 source_row_id match,,,,LEGACY_SEED_SAFE_CANDIDATE,keep for separate seed-bank QA; do not remove as unmatched v0.2,Kontrast,selected_choice_value,cases_articles_plural_dative_article,false,,Welche Version ist richtig?,,We work with the documents.,,Wir arbeiten mit den Dokumenten. | Wir arbeiten mit die Dokumente. | Wir arbeiten mit dem Dokumenten.,,Wir arbeiten mit den Dokumenten.,,Plural dative after mit uses den.,,,,no imported v0.2 sourceRowId/comparison match; likely seed/system/route-specific content,,,
content/b1-cases-articles.js,b1_cases_articles_article_required_001,,,unmatched_current,Exception,manual review: no exact v0.2 source_row_id match,,,,LEGACY_SEED_SAFE_CANDIDATE,keep for separate seed-bank QA; do not remove as unmatched v0.2,Auswahl,selected_choice_value,cases_articles_article_required_object,false,,Welche Version ist natürlich?,,I am looking for an appointment.,,Ich suche einen Termin. | Ich suche Termin. | Ich suche einem Termin.,,Ich suche einen Termin.,,German usually needs an article with a singular count noun: einen Termin.,,,,no imported v0.2 sourceRowId/comparison match; likely seed/system/route-specific content,,,
content/b1-cases-articles.js,b1_cases_articles_article_required_002,,,unmatched_current,Exception,manual review: no exact v0.2 source_row_id match,,,,LEGACY_SEED_SAFE_CANDIDATE,keep for separate seed-bank QA; do not remove as unmatched v0.2,Luecke,typed,cases_articles_article_required_object,false,,Sie braucht ___ Rechnung.,,She needs an invoice.,,,,eine,,Rechnung is a singular count noun here; use eine.,,,,no imported v0.2 sourceRowId/comparison match; likely seed/system/route-specific content,,,
content/b1-cases-articles.js,b1_cases_articles_article_required_003,,,unmatched_current,Exception,manual review: no exact v0.2 source_row_id match,,,,LEGACY_SEED_SAFE_CANDIDATE,keep for separate seed-bank QA; do not remove as unmatched v0.2,Reparatur,typed,cases_articles_article_required_object,false,,Wir brauchen Formular.,,We need a form.,,,,Wir brauchen ein Formular.,,Formular is neuter singular; use ein Formular.,,,,no imported v0.2 sourceRowId/comparison match; likely seed/system/route-specific content,,,
content/b1-cases-articles.js,b1_cases_articles_article_required_004,,,unmatched_current,Exception,manual review: no exact v0.2 source_row_id match,,,,LEGACY_SEED_SAFE_CANDIDATE,keep for separate seed-bank QA; do not remove as unmatched v0.2,Kontrast,selected_choice_value,cases_articles_article_required_object,false,,Welche Version passt?,,I am writing an email.,,Ich schreibe eine E-Mail. | Ich schreibe E-Mail. | Ich schreibe einem E-Mail.,,Ich schreibe eine E-Mail.,,E-Mail is feminine; in this sentence use eine E-Mail.,,,,no imported v0.2 sourceRowId/comparison match; likely seed/system/route-specific content,,,
content/b1-cases-articles.js,b1_cases_articles_v0841_variable_001,,,unmatched_current,Exception,manual review: no exact v0.2 source_row_id match,,,,LEGACY_SEED_SAFE_CANDIDATE,keep for separate seed-bank QA; do not remove as unmatched v0.2,Reparatur,edit_text,cases_articles_v0841_variable_acc_masc_location,false,,Korrigiere den Satz.,,I see the employee at reception.,,,,Ich sehe den Mitarbeiter am Empfang.,,Repair the selected article errors without changing the meaning.,,,,no imported v0.2 sourceRowId/comparison match; likely seed/system/route-specific content,,,
content/b1-cases-articles.js,acc_masc_article,,,unmatched_current,,,,,,LEGACY_SEED_SAFE_CANDIDATE,keep for separate seed-bank QA; do not remove as unmatched v0.2,,,,false,,,,,,,,,,sehen takes an accusative object: den Mitarbeiter.,,,,no imported v0.2 sourceRowId/comparison match; likely seed/system/route-specific content,,,
content/b1-cases-articles.js,reception_article,,,unmatched_current,,,,,,LEGACY_SEED_SAFE_CANDIDATE,keep for separate seed-bank QA; do not remove as unmatched v0.2,,,,false,,,,,,,,,,Use am Empfang for at reception.,,,,no imported v0.2 sourceRowId/comparison match; likely seed/system/route-specific content,,,
content/b1-cases-articles.js,b1_cases_articles_v0841_variable_002,,,unmatched_current,Exception,manual review: no exact v0.2 source_row_id match,,,,LEGACY_SEED_SAFE_CANDIDATE,keep for separate seed-bank QA; do not remove as unmatched v0.2,Reparatur,edit_text,cases_articles_v0841_variable_recipient_document,false,,Korrigiere den Satz.,,I send the team the documents.,,,,Ich schicke dem Team die Unterlagen.,,Repair the selected case/article errors without changing the meaning.,,,,no imported v0.2 sourceRowId/comparison match; likely seed/system/route-specific content,,,
content/b1-cases-articles.js,dative_recipient,,,unmatched_current,,,,,,LEGACY_SEED_SAFE_CANDIDATE,keep for separate seed-bank QA; do not remove as unmatched v0.2,,,,false,,,,,,,,,,The recipient is dative: dem Team.,,,,no imported v0.2 sourceRowId/comparison match; likely seed/system/route-specific content,,,
content/b1-cases-articles.js,plural_object_article,,,unmatched_current,,,,,,LEGACY_SEED_SAFE_CANDIDATE,keep for separate seed-bank QA; do not remove as unmatched v0.2,,,,false,,,,,,,,,,The documents are the direct object here: die Unterlagen.,,,,no imported v0.2 sourceRowId/comparison match; likely seed/system/route-specific content,,,
content/b1-cases-articles.js,b1_cases_articles_v0841_variable_003,,,unmatched_current,Exception,manual review: no exact v0.2 source_row_id match,,,,LEGACY_SEED_SAFE_CANDIDATE,keep for separate seed-bank QA; do not remove as unmatched v0.2,Reparatur,edit_text,cases_articles_v0841_variable_signature_forms,false,,Korrigiere den Satz.,,The signature is missing on the forms.,,,,Die Unterschrift fehlt bei den Formularen.,,Repair the selected case/article errors without changing the meaning.,,,,no imported v0.2 sourceRowId/comparison match; likely seed/system/route-specific content,,,
content/b1-cases-articles.js,subject_article,,,unmatched_current,,,,,,LEGACY_SEED_SAFE_CANDIDATE,keep for separate seed-bank QA; do not remove as unmatched v0.2,,,,false,,,,,,,,,,"Unterschrift is feminine, so the subject is die Unterschrift.",,,,no imported v0.2 sourceRowId/comparison match; likely seed/system/route-specific content,,,
content/b1-cases-articles.js,plural_dative_article,,,unmatched_current,,,,,,LEGACY_SEED_SAFE_CANDIDATE,keep for separate seed-bank QA; do not remove as unmatched v0.2,,,,false,,,,,,,,,,bei takes dative; plural dative uses den.,,,,no imported v0.2 sourceRowId/comparison match; likely seed/system/route-specific content,,,
content/b1-cases-articles.js,b1_cases_articles_v085_transform_acc_masc_001,,,unmatched_current,Exception,manual review: no exact v0.2 source_row_id match,,,,LEGACY_SEED_SAFE_CANDIDATE,keep for separate seed-bank QA; do not remove as unmatched v0.2,Umformen,typed_text,cases_articles_v085_transform_der_den_dem,false,,Forme die Gruppe in den Akkusativ um: der Mitarbeiter.,,Change the noun group to accusative.,,,,den Mitarbeiter,,Direct masculine object: der becomes den.,,,,no imported v0.2 sourceRowId/comparison match; likely seed/system/route-specific content,,,
content/b1-cases-articles.js,b1_cases_articles_v085_transform_dat_neuter_001,,,unmatched_current,Exception,manual review: no exact v0.2 source_row_id match,,,,LEGACY_SEED_SAFE_CANDIDATE,keep for separate seed-bank QA; do not remove as unmatched v0.2,Umformen,typed_text,cases_articles_v085_transform_ein_einem,false,,Forme die Gruppe in den Dativ um: ein Formular.,,Change the noun group to dative.,,,,einem Formular,,Dative neuter uses einem Formular.,,,,no imported v0.2 sourceRowId/comparison match; likely seed/system/route-specific content,,,
content/b1-connectors.js,b1_connector_001,,,unmatched_current,Exception,manual review: no exact v0.2 source_row_id match,,,,LEGACY_SEED_SAFE_CANDIDATE,keep for separate seed-bank QA; do not remove as unmatched v0.2,connector_choice,,connectors_reason_weil,false,,"Ich schicke die Bewerbung noch einmal, ___ die Datei beschädigt ist.",,I am sending the application again because the file is damaged.,,weil | denn | deshalb,,weil,,weil introduces a subordinate reason clause; the finite verb goes to the end.,,,,no imported v0.2 sourceRowId/comparison match; likely seed/system/route-specific content,,,
content/b1-connectors.js,b1_connector_002,,,unmatched_current,Exception,manual review: no exact v0.2 source_row_id match,,,,LEGACY_SEED_SAFE_CANDIDATE,keep for separate seed-bank QA; do not remove as unmatched v0.2,connector_choice,,connectors_reason_weil,false,,"Ich bleibe heute zu Hause, ___ ich Fieber habe.",,I am staying at home today because I have a fever.,,weil | denn | deshalb,,weil,,weil introduces a subordinate reason clause; the finite verb goes to the end.,,,,no imported v0.2 sourceRowId/comparison match; likely seed/system/route-specific content,,,
content/b1-connectors.js,b1_connector_003,,,unmatched_current,Exception,manual review: no exact v0.2 source_row_id match,,,,LEGACY_SEED_SAFE_CANDIDATE,keep for separate seed-bank QA; do not remove as unmatched v0.2,connector_choice,,connectors_reason_weil,false,,"Wir fragen beim Lieferanten nach, ___ die Bestellung fehlt.",,We ask the supplier because the order is missing.,,weil | denn | deshalb,,weil,,weil introduces a subordinate reason clause; the finite verb goes to the end.,,,,no imported v0.2 sourceRowId/comparison match; likely seed/system/route-specific content,,,
content/b1-connectors.js,b1_connector_004,,,unmatched_current,Exception,manual review: no exact v0.2 source_row_id match,,,,LEGACY_SEED_SAFE_CANDIDATE,keep for separate seed-bank QA; do not remove as unmatched v0.2,connector_choice,,connectors_reason_weil,false,,"Der Kunde ruft an, ___ das Gerät nicht funktioniert.",,The customer calls because the device is not working.,,weil | denn | deshalb,,weil,,weil introduces a subordinate reason clause; the finite verb goes to the end.,,,,no imported v0.2 sourceRowId/comparison match; likely seed/system/route-specific content,,,
content/b1-connectors.js,b1_connector_005,,,unmatched_current,Exception,manual review: no exact v0.2 source_row_id match,,,,LEGACY_SEED_SAFE_CANDIDATE,keep for separate seed-bank QA; do not remove as unmatched v0.2,connector_choice,,connectors_reason_weil,false,,"Ich mache mir Notizen, ___ ich nichts vergessen möchte.",,I take notes because I do not want to forget anything.,,weil | denn | deshalb,,weil,,weil introduces a subordinate reason clause; the finite verb goes to the end.,,,,no imported v0.2 sourceRowId/comparison match; likely seed/system/route-specific content,,,
content/b1-connectors.js,b1_connector_006,,,unmatched_current,Exception,manual review: no exact v0.2 source_row_id match,,,,LEGACY_SEED_SAFE_CANDIDATE,keep for separate seed-bank QA; do not remove as unmatched v0.2,connector_choice,,connectors_reason_weil,false,,"Sie bewirbt sich, ___ sie gern im Büro arbeiten möchte.",,She applies because she would like to work in an office.,,weil | denn | deshalb,,weil,,weil introduces a subordinate reason clause; the finite verb goes to the end.,,,,no imported v0.2 sourceRowId/comparison match; likely seed/system/route-specific content,,,
content/b1-connectors.js,b1_connector_007,,,unmatched_current,Exception,manual review: no exact v0.2 source_row_id match,,,,LEGACY_SEED_SAFE_CANDIDATE,keep for separate seed-bank QA; do not remove as unmatched v0.2,connector_choice,,connectors_reason_weil,false,,"Wir tragen Schutzkleidung, ___ die Arbeit gefährlich sein kann.",,We wear protective clothing because the work can be dangerous.,,weil | denn | deshalb,,weil,,weil introduces a subordinate reason clause; the finite verb goes to the end.,,,,no imported v0.2 sourceRowId/comparison match; likely seed/system/route-specific content,,,
content/b1-connectors.js,b1_connector_008,,,unmatched_current,Exception,manual review: no exact v0.2 source_row_id match,,,,LEGACY_SEED_SAFE_CANDIDATE,keep for separate seed-bank QA; do not remove as unmatched v0.2,connector_choice,,connectors_reason_weil,false,,"Ich leite die Nachricht weiter, ___ ich nicht zuständig bin.",,I forward the message because I am not responsible for it.,,weil | denn | deshalb,,weil,,weil introduces a subordinate reason clause; the finite verb goes to the end.,,,,no imported v0.2 sourceRowId/comparison match; likely seed/system/route-specific content,,,
content/b1-connectors.js,b1_connector_009,,,unmatched_current,Exception,manual review: no exact v0.2 source_row_id match,,,,LEGACY_SEED_SAFE_CANDIDATE,keep for separate seed-bank QA; do not remove as unmatched v0.2,word_order_cloze,,connectors_reason_weil,false,,"Ich schreibe Ihnen, weil ich mich für die Stelle ___.",,I am writing to you because I am interested in the position.,,,,interessiere,,weil introduces a subordinate reason clause; the finite verb goes to the end.,,,,no imported v0.2 sourceRowId/comparison match; likely seed/system/route-specific content,,,
content/b1-connectors.js,b1_connector_010,,,unmatched_current,Exception,manual review: no exact v0.2 source_row_id match,,,,LEGACY_SEED_SAFE_CANDIDATE,keep for separate seed-bank QA; do not remove as unmatched v0.2,word_order_cloze,,connectors_reason_weil,false,,"Ich komme später, weil ich beim Arzt ___.",,I am coming later because I am at the doctor.,,,,bin,,weil introduces a subordinate reason clause; the finite verb goes to the end.,,,,no imported v0.2 sourceRowId/comparison match; likely seed/system/route-specific content,,,
content/b1-connectors.js,b1_connector_011,,,unmatched_current,Exception,manual review: no exact v0.2 source_row_id match,,,,LEGACY_SEED_SAFE_CANDIDATE,keep for separate seed-bank QA; do not remove as unmatched v0.2,word_order_cloze,,connectors_reason_weil,false,,"Wir warten, weil die Lieferung noch nicht angekommen ___.",,We are waiting because the delivery has not arrived yet.,,,,ist,,weil introduces a subordinate reason clause; the finite verb goes to the end.,,,,no imported v0.2 sourceRowId/comparison match; likely seed/system/route-specific content,,,
content/b1-connectors.js,b1_connector_012,,,unmatched_current,Exception,manual review: no exact v0.2 source_row_id match,,,,LEGACY_SEED_SAFE_CANDIDATE,keep for separate seed-bank QA; do not remove as unmatched v0.2,word_order_cloze,,connectors_reason_weil,false,,"Der Drucker funktioniert nicht, weil Papier fehlt und die Lampe rot ___.",,The printer does not work because paper is missing and the light is flashing red.,,,,blinkt,,weil introduces a subordinate reason clause; the finite verb goes to the end.,,,,no imported v0.2 sourceRowId/comparison match; likely seed/system/route-specific content,,,
content/b1-connectors.js,b1_connector_013,,,unmatched_current,Exception,manual review: no exact v0.2 source_row_id match,,,,LEGACY_SEED_SAFE_CANDIDATE,keep for separate seed-bank QA; do not remove as unmatched v0.2,connector_choice,,connectors_reason_weil,false,,"Ich kann heute nicht arbeiten, ___ ich bin krank.",,I cannot work today because I am ill.,,weil | denn | deshalb,,denn,,denn connects two main clauses; the finite verb stays in position 2.,,,,no imported v0.2 sourceRowId/comparison match; likely seed/system/route-specific content,,,
content/b1-connectors.js,b1_connector_014,,,unmatched_current,Exception,manual review: no exact v0.2 source_row_id match,,,,LEGACY_SEED_SAFE_CANDIDATE,keep for separate seed-bank QA; do not remove as unmatched v0.2,connector_choice,,connectors_reason_weil,false,,"Wir brauchen Hilfe, ___ der Computer startet nicht.",,We need help because the computer will not start.,,weil | denn | deshalb,,denn,,denn connects two main clauses; the finite verb stays in position 2.,,,,no imported v0.2 sourceRowId/comparison match; likely seed/system/route-specific content,,,
content/b1-connectors.js,b1_connector_015,,,unmatched_current,Exception,manual review: no exact v0.2 source_row_id match,,,,LEGACY_SEED_SAFE_CANDIDATE,keep for separate seed-bank QA; do not remove as unmatched v0.2,connector_choice,,connectors_reason_weil,false,,"Ich rufe morgen an, ___ ich habe heute keine Zeit.",,I will call tomorrow because I have no time today.,,weil | denn | deshalb,,denn,,denn connects two main clauses; the finite verb stays in position 2.,,,,no imported v0.2 sourceRowId/comparison match; likely seed/system/route-specific content,,,
content/b1-connectors.js,b1_connector_016,,,unmatched_current,Exception,manual review: no exact v0.2 source_row_id match,,,,LEGACY_SEED_SAFE_CANDIDATE,keep for separate seed-bank QA; do not remove as unmatched v0.2,connector_choice,,connectors_reason_weil,false,,"Wir prüfen die Bestellung, ___ die Nummer stimmt nicht.",,We are checking the order because the number is not correct.,,weil | denn | deshalb,,denn,,denn connects two main clauses; the finite verb stays in position 2.,,,,no imported v0.2 sourceRowId/comparison match; likely seed/system/route-specific content,,,
content/b1-connectors.js,b1_connector_017,,,unmatched_current,Exception,manual review: no exact v0.2 source_row_id match,,,,LEGACY_SEED_SAFE_CANDIDATE,keep for separate seed-bank QA; do not remove as unmatched v0.2,connector_choice,,connectors_reason_weil,false,,"Ich bin krank, ___ bleibe ich heute zu Hause.",,"I am ill, so I am staying at home today.",,weil | denn | deshalb,,deshalb,,deshalb is an adverbial connector; the finite verb comes directly after it.,,,,no imported v0.2 sourceRowId/comparison match; likely seed/system/route-specific content,,,
content/b1-connectors.js,b1_connector_018,,,unmatched_current,Exception,manual review: no exact v0.2 source_row_id match,,,,LEGACY_SEED_SAFE_CANDIDATE,keep for separate seed-bank QA; do not remove as unmatched v0.2,connector_choice,,connectors_reason_weil,false,,"Die Lieferung ist verspätet, ___ rufen wir den Lieferanten an.",,"The delivery is delayed, so we call the supplier.",,weil | denn | deshalb,,deshalb,,deshalb is an adverbial connector; the finite verb comes directly after it.,,,,no imported v0.2 sourceRowId/comparison match; likely seed/system/route-specific content,,,
content/b1-connectors.js,b1_connector_019,,,unmatched_current,Exception,manual review: no exact v0.2 source_row_id match,,,,LEGACY_SEED_SAFE_CANDIDATE,keep for separate seed-bank QA; do not remove as unmatched v0.2,connector_choice,,connectors_reason_weil,false,,"Die Stelle passt gut zu mir, ___ bewerbe ich mich.",,"The position suits me well, so I am applying.",,weil | denn | deshalb,,deshalb,,deshalb is an adverbial connector; the finite verb comes directly after it.,,,,no imported v0.2 sourceRowId/comparison match; likely seed/system/route-specific content,,,
content/b1-connectors.js,b1_connector_020,,,unmatched_current,Exception,manual review: no exact v0.2 source_row_id match,,,,LEGACY_SEED_SAFE_CANDIDATE,keep for separate seed-bank QA; do not remove as unmatched v0.2,connector_choice,,connectors_reason_weil,false,,"Das Gerät ist kaputt, ___ schicken wir es zurück.",,"The device is broken, so we send it back.",,weil | denn | deshalb,,deshalb,,deshalb is an adverbial connector; the finite verb comes directly after it.,,,,no imported v0.2 sourceRowId/comparison match; likely seed/system/route-specific content,,,
content/b1-connectors.js,b1_connector_021,,,unmatched_current,Exception,manual review: no exact v0.2 source_row_id match,,,,LEGACY_SEED_SAFE_CANDIDATE,keep for separate seed-bank QA; do not remove as unmatched v0.2,connector_choice,auto_core,connectors_contrast_obwohl,false,,"___ die Aufgabe schwierig ist, erledige ich sie heute.",,"Although the task is difficult, I complete it today.",,Obwohl | trotzdem,,Obwohl,,obwohl introduces a subordinate contrast clause; the finite verb goes to the end.,,,,no imported v0.2 sourceRowId/comparison match; likely seed/system/route-specific content,,,
content/b1-connectors.js,b1_connector_022,,,unmatched_current,Exception,manual review: no exact v0.2 source_row_id match,,,,LEGACY_SEED_SAFE_CANDIDATE,keep for separate seed-bank QA; do not remove as unmatched v0.2,connector_choice,,connectors_contrast_obwohl,false,,"Ich bewerbe mich, ___ ich noch wenig Erfahrung habe.",,I apply although I still have little experience.,,obwohl | trotzdem,,obwohl,,obwohl introduces a subordinate contrast clause; the finite verb goes to the end.,,,,no imported v0.2 sourceRowId/comparison match; likely seed/system/route-specific content,,,
content/b1-connectors.js,b1_connector_023,,,unmatched_current,Exception,manual review: no exact v0.2 source_row_id match,,,,LEGACY_SEED_SAFE_CANDIDATE,keep for separate seed-bank QA; do not remove as unmatched v0.2,connector_choice,,connectors_contrast_obwohl,false,,"Der Kunde bleibt freundlich, ___ er unzufrieden ist.",,The customer remains polite although he is dissatisfied.,,obwohl | trotzdem,,obwohl,,obwohl introduces a subordinate contrast clause; the finite verb goes to the end.,,,,no imported v0.2 sourceRowId/comparison match; likely seed/system/route-specific content,,,
content/b1-connectors.js,b1_connector_024,,,unmatched_current,Exception,manual review: no exact v0.2 source_row_id match,,,,LEGACY_SEED_SAFE_CANDIDATE,keep for separate seed-bank QA; do not remove as unmatched v0.2,connector_choice,,connectors_contrast_obwohl,false,,"Sie geht zur Arbeit, ___ sie Kopfschmerzen hat.",,She goes to work although she has a headache.,,obwohl | trotzdem,,obwohl,,obwohl introduces a subordinate contrast clause; the finite verb goes to the end.,,,,no imported v0.2 sourceRowId/comparison match; likely seed/system/route-specific content,,,
content/b1-connectors.js,b1_connector_025,,,unmatched_current,Exception,manual review: no exact v0.2 source_row_id match,,,,LEGACY_SEED_SAFE_CANDIDATE,keep for separate seed-bank QA; do not remove as unmatched v0.2,connector_choice,,connectors_contrast_obwohl,false,,"Wir benutzen den Drucker weiter, ___ er sehr langsam ist.",,We keep using the printer although it is very slow.,,obwohl | trotzdem,,obwohl,,obwohl introduces a subordinate contrast clause; the finite verb goes to the end.,,,,no imported v0.2 sourceRowId/comparison match; likely seed/system/route-specific content,,,
content/b1-connectors.js,b1_connector_026,,,unmatched_current,Exception,manual review: no exact v0.2 source_row_id match,,,,LEGACY_SEED_SAFE_CANDIDATE,keep for separate seed-bank QA; do not remove as unmatched v0.2,connector_choice,,connectors_contrast_obwohl,false,,"Ich frage noch einmal nach, ___ ich die Antwort schon kenne.",,I ask again although I already know the answer.,,obwohl | trotzdem,,obwohl,,obwohl introduces a subordinate contrast clause; the finite verb goes to the end.,,,,no imported v0.2 sourceRowId/comparison match; likely seed/system/route-specific content,,,
content/b1-connectors.js,b1_connector_027,,,unmatched_current,Exception,manual review: no exact v0.2 source_row_id match,,,,LEGACY_SEED_SAFE_CANDIDATE,keep for separate seed-bank QA; do not remove as unmatched v0.2,connector_choice,,connectors_contrast_obwohl,false,,"Die Ware ist teuer, ___ die Qualität nicht gut ist.",,The goods are expensive although the quality is not good.,,obwohl | trotzdem,,obwohl,,obwohl introduces a subordinate contrast clause; the finite verb goes to the end.,,,,no imported v0.2 sourceRowId/comparison match; likely seed/system/route-specific content,,,
content/b1-connectors.js,b1_connector_028,,,unmatched_current,Exception,manual review: no exact v0.2 source_row_id match,,,,LEGACY_SEED_SAFE_CANDIDATE,keep for separate seed-bank QA; do not remove as unmatched v0.2,connector_choice,,connectors_contrast_obwohl,false,,"Die Aufgabe ist schwierig, ___ erledige ich sie heute.",,"The task is difficult; nevertheless, I complete it today.",,obwohl | trotzdem,,trotzdem,,trotzdem is an adverbial connector; the finite verb comes directly after it.,,,,no imported v0.2 sourceRowId/comparison match; likely seed/system/route-specific content,,,
content/b1-connectors.js,b1_connector_029,,,unmatched_current,Exception,manual review: no exact v0.2 source_row_id match,,,,LEGACY_SEED_SAFE_CANDIDATE,keep for separate seed-bank QA; do not remove as unmatched v0.2,connector_choice,,connectors_contrast_obwohl,false,,"Ich habe noch wenig Erfahrung, ___ bewerbe ich mich.",,"I still have little experience; nevertheless, I am applying.",,obwohl | trotzdem,,trotzdem,,trotzdem is an adverbial connector; the finite verb comes directly after it.,,,,no imported v0.2 sourceRowId/comparison match; likely seed/system/route-specific content,,,
content/b1-connectors.js,b1_connector_030,,,unmatched_current,Exception,manual review: no exact v0.2 source_row_id match,,,,LEGACY_SEED_SAFE_CANDIDATE,keep for separate seed-bank QA; do not remove as unmatched v0.2,connector_choice,,connectors_contrast_obwohl,false,,"Der Kunde ist unzufrieden, ___ bleibt er freundlich.",,"The customer is dissatisfied; nevertheless, he remains polite.",,obwohl | trotzdem,,trotzdem,,trotzdem is an adverbial connector; the finite verb comes directly after it.,,,,no imported v0.2 sourceRowId/comparison match; likely seed/system/route-specific content,,,
content/b1-connectors.js,b1_connector_031,,,unmatched_current,Exception,manual review: no exact v0.2 source_row_id match,,,,LEGACY_SEED_SAFE_CANDIDATE,keep for separate seed-bank QA; do not remove as unmatched v0.2,connector_choice,,connectors_contrast_obwohl,false,,"Sie hat Kopfschmerzen, ___ geht sie zur Arbeit.",,"She has a headache; nevertheless, she goes to work.",,obwohl | trotzdem,,trotzdem,,trotzdem is an adverbial connector; the finite verb comes directly after it.,,,,no imported v0.2 sourceRowId/comparison match; likely seed/system/route-specific content,,,
content/b1-connectors.js,b1_connector_032,,,unmatched_current,Exception,manual review: no exact v0.2 source_row_id match,,,,LEGACY_SEED_SAFE_CANDIDATE,keep for separate seed-bank QA; do not remove as unmatched v0.2,connector_choice,,connectors_contrast_obwohl,false,,"Der Drucker ist langsam, ___ benutzen wir ihn weiter.",,"The printer is slow; nevertheless, we keep using it.",,obwohl | trotzdem,,trotzdem,,trotzdem is an adverbial connector; the finite verb comes directly after it.,,,,no imported v0.2 sourceRowId/comparison match; likely seed/system/route-specific content,,,
content/b1-connectors.js,b1_connector_033,,,unmatched_current,Exception,manual review: no exact v0.2 source_row_id match,,,,LEGACY_SEED_SAFE_CANDIDATE,keep for separate seed-bank QA; do not remove as unmatched v0.2,connector_choice,,connectors_contrast_obwohl,false,,"Ich kenne die Antwort schon, ___ frage ich noch einmal nach.",,"I already know the answer; nevertheless, I ask again.",,obwohl | trotzdem,,trotzdem,,trotzdem is an adverbial connector; the finite verb comes directly after it.,,,,no imported v0.2 sourceRowId/comparison match; likely seed/system/route-specific content,,,
content/b1-connectors.js,b1_connector_034,,,unmatched_current,Exception,manual review: no exact v0.2 source_row_id match,,,,LEGACY_SEED_SAFE_CANDIDATE,keep for separate seed-bank QA; do not remove as unmatched v0.2,connector_choice,,connectors_contrast_obwohl,false,,"Die Qualität ist nicht gut, ___ ist die Ware teuer.",,"The quality is not good; nevertheless, the goods are expensive.",,obwohl | trotzdem,,trotzdem,,trotzdem is an adverbial connector; the finite verb comes directly after it.,,,,no imported v0.2 sourceRowId/comparison match; likely seed/system/route-specific content,,,
content/b1-connectors.js,b1_connector_035,,,unmatched_current,Exception,manual review: no exact v0.2 source_row_id match,,,,LEGACY_SEED_SAFE_CANDIDATE,keep for separate seed-bank QA; do not remove as unmatched v0.2,word_order_cloze,,connectors_contrast_obwohl,false,,"Obwohl ich wenig Erfahrung habe, ___ ich mich.",,"Although I have little experience, I apply.",,,,bewerbe,,obwohl introduces a subordinate contrast clause; the finite verb goes to the end.,,,,no imported v0.2 sourceRowId/comparison match; likely seed/system/route-specific content,,,
content/b1-connectors.js,b1_connector_036,,,unmatched_current,Exception,manual review: no exact v0.2 source_row_id match,,,,LEGACY_SEED_SAFE_CANDIDATE,keep for separate seed-bank QA; do not remove as unmatched v0.2,word_order_cloze,,connectors_contrast_obwohl,false,,"Obwohl sie krank ist, ___ sie die Firma.",,"Although she is ill, she informs the company.",,,,informiert,,obwohl introduces a subordinate contrast clause; the finite verb goes to the end.,,,,no imported v0.2 sourceRowId/comparison match; likely seed/system/route-specific content,,,
content/b1-connectors.js,b1_connector_037,,,unmatched_current,Exception,manual review: no exact v0.2 source_row_id match,,,,LEGACY_SEED_SAFE_CANDIDATE,keep for separate seed-bank QA; do not remove as unmatched v0.2,word_order_cloze,,connectors_contrast_obwohl,false,,"Das Gerät ist alt, trotzdem ___ es noch.",,"The device is old; nevertheless, it still works.",,,,funktioniert,,trotzdem is an adverbial connector; the finite verb comes directly after it.,,,,no imported v0.2 sourceRowId/comparison match; likely seed/system/route-specific content,,,
content/b1-connectors.js,b1_connector_038,,,unmatched_current,Exception,manual review: no exact v0.2 source_row_id match,,,,LEGACY_SEED_SAFE_CANDIDATE,keep for separate seed-bank QA; do not remove as unmatched v0.2,word_order_cloze,,connectors_contrast_obwohl,false,,"Die Lieferung ist spät, trotzdem ___ wir ruhig.",,"The delivery is late; nevertheless, we remain calm.",,,,bleiben,,trotzdem is an adverbial connector; the finite verb comes directly after it.,,,,no imported v0.2 sourceRowId/comparison match; likely seed/system/route-specific content,,,
content/b1-connectors.js,b1_connector_039,,,unmatched_current,Exception,manual review: no exact v0.2 source_row_id match,,,,LEGACY_SEED_SAFE_CANDIDATE,keep for separate seed-bank QA; do not remove as unmatched v0.2,connector_choice,auto_core,connectors_contrast_obwohl,false,,"___ die Kundin unzufrieden ist, bedankt sie sich höflich.",,"Although the customer is dissatisfied, she thanks them politely.",,Obwohl | trotzdem,,Obwohl,,obwohl introduces a subordinate contrast clause; the finite verb goes to the end.,,,,no imported v0.2 sourceRowId/comparison match; likely seed/system/route-specific content,,,
content/b1-connectors.js,b1_connector_040,,,unmatched_current,Exception,manual review: no exact v0.2 source_row_id match,,,,LEGACY_SEED_SAFE_CANDIDATE,keep for separate seed-bank QA; do not remove as unmatched v0.2,connector_choice,,connectors_contrast_obwohl,false,,"Die Kundin ist unzufrieden, ___ bedankt sie sich höflich.",,"The customer is dissatisfied; nevertheless, she thanks them politely.",,obwohl | trotzdem,,trotzdem,,trotzdem is an adverbial connector; the finite verb comes directly after it.,,,,no imported v0.2 sourceRowId/comparison match; likely seed/system/route-specific content,,,
content/b1-connectors.js,b1_connector_041,,,unmatched_current,Exception,manual review: no exact v0.2 source_row_id match,,,,LEGACY_SEED_SAFE_CANDIDATE,keep for separate seed-bank QA; do not remove as unmatched v0.2,connector_choice,,connectors_purpose_damit,false,,"Die Mitarbeitenden tragen Schutzkleidung, ___ sie sicher arbeiten.",,The employees wear protective clothing so that they work safely.,,damit | um,,damit,,Use damit when the purpose clause has its own expressed subject or when the subject changes.,,,,no imported v0.2 sourceRowId/comparison match; likely seed/system/route-specific content,,,
content/b1-connectors.js,b1_connector_042,,,unmatched_current,Exception,manual review: no exact v0.2 source_row_id match,,,,LEGACY_SEED_SAFE_CANDIDATE,keep for separate seed-bank QA; do not remove as unmatched v0.2,connector_choice,,connectors_purpose_damit,false,,"Ich schreibe die Information auf, ___ meine Kollegin sie später lesen kann.",,I write down the information so that my colleague can read it later.,,damit | um,,damit,,Use damit when the purpose clause has its own expressed subject or when the subject changes.,,,,no imported v0.2 sourceRowId/comparison match; likely seed/system/route-specific content,,,
content/b1-connectors.js,b1_connector_043,,,unmatched_current,Exception,manual review: no exact v0.2 source_row_id match,,,,LEGACY_SEED_SAFE_CANDIDATE,keep for separate seed-bank QA; do not remove as unmatched v0.2,connector_choice,,connectors_purpose_damit,false,,"Wir senden eine Bestätigung, ___ der Kunde Bescheid weiß.",,We send a confirmation so that the customer knows.,,damit | um,,damit,,Use damit when the purpose clause has its own expressed subject or when the subject changes.,,,,no imported v0.2 sourceRowId/comparison match; likely seed/system/route-specific content,,,
content/b1-connectors.js,b1_connector_044,,,unmatched_current,Exception,manual review: no exact v0.2 source_row_id match,,,,LEGACY_SEED_SAFE_CANDIDATE,keep for separate seed-bank QA; do not remove as unmatched v0.2,connector_choice,,connectors_purpose_damit,false,,"Sie ruft die Firma an, ___ der Chef informiert ist.",,She calls the company so that the boss is informed.,,damit | um,,damit,,Use damit when the purpose clause has its own expressed subject or when the subject changes.,,,,no imported v0.2 sourceRowId/comparison match; likely seed/system/route-specific content,,,
content/b1-connectors.js,b1_connector_045,,,unmatched_current,Exception,manual review: no exact v0.2 source_row_id match,,,,LEGACY_SEED_SAFE_CANDIDATE,keep for separate seed-bank QA; do not remove as unmatched v0.2,connector_choice,,connectors_purpose_damit,false,,"Ich mache ein Foto, ___ der Techniker das Problem sieht.",,I take a photo so that the technician sees the problem.,,damit | um,,damit,,Use damit when the purpose clause has its own expressed subject or when the subject changes.,,,,no imported v0.2 sourceRowId/comparison match; likely seed/system/route-specific content,,,
content/b1-connectors.js,b1_connector_046,,,unmatched_current,Exception,manual review: no exact v0.2 source_row_id match,,,,LEGACY_SEED_SAFE_CANDIDATE,keep for separate seed-bank QA; do not remove as unmatched v0.2,connector_choice,,connectors_purpose_damit,false,,"Ich schicke alle Unterlagen, ___ die Firma meine Bewerbung prüfen kann.",,I send all documents so that the company can review my application.,,damit | um,,damit,,Use damit when the purpose clause has its own expressed subject or when the subject changes.,,,,no imported v0.2 sourceRowId/comparison match; likely seed/system/route-specific content,,,
content/b1-connectors.js,b1_connector_047,,,unmatched_current,Exception,manual review: no exact v0.2 source_row_id match,,,,LEGACY_SEED_SAFE_CANDIDATE,keep for separate seed-bank QA; do not remove as unmatched v0.2,connector_choice,,connectors_purpose_damit,false,,"Wir notieren die Kundennummer, ___ der Auftrag schneller bearbeitet wird.",,We note the customer number so that the order is processed faster.,,damit | um,,damit,,Use damit when the purpose clause has its own expressed subject or when the subject changes.,,,,no imported v0.2 sourceRowId/comparison match; likely seed/system/route-specific content,,,
content/b1-connectors.js,b1_connector_048,,,unmatched_current,Exception,manual review: no exact v0.2 source_row_id match,,,,LEGACY_SEED_SAFE_CANDIDATE,keep for separate seed-bank QA; do not remove as unmatched v0.2,connector_choice,,connectors_purpose_damit,false,,"Ich erkläre den Ablauf, ___ alle wissen, was sie tun müssen.",,I explain the process so that everyone knows what they have to do.,,damit | um,,damit,,Use damit when the purpose clause has its own expressed subject or when the subject changes.,,,,no imported v0.2 sourceRowId/comparison match; likely seed/system/route-specific content,,,
content/b1-connectors.js,b1_connector_049,,,unmatched_current,Exception,manual review: no exact v0.2 source_row_id match,,,,LEGACY_SEED_SAFE_CANDIDATE,keep for separate seed-bank QA; do not remove as unmatched v0.2,connector_choice,,connectors_purpose_damit,false,,"Ich rufe an, ___ einen Termin zu vereinbaren.",,I am calling in order to arrange an appointment.,,damit | um,,um,,Use um ... zu when the subject is the same in both clauses.,,,,no imported v0.2 sourceRowId/comparison match; likely seed/system/route-specific content,,,
content/b1-connectors.js,b1_connector_050,,,unmatched_current,Exception,manual review: no exact v0.2 source_row_id match,,,,LEGACY_SEED_SAFE_CANDIDATE,keep for separate seed-bank QA; do not remove as unmatched v0.2,connector_choice,,connectors_purpose_damit,false,,"Sie liest die Anzeige genau, ___ die Anforderungen zu verstehen.",,She reads the advert carefully in order to understand the requirements.,,damit | um,,um,,Use um ... zu when the subject is the same in both clauses.,,,,no imported v0.2 sourceRowId/comparison match; likely seed/system/route-specific content,,,
content/b1-connectors.js,b1_connector_051,,,unmatched_current,Exception,manual review: no exact v0.2 source_row_id match,,,,LEGACY_SEED_SAFE_CANDIDATE,keep for separate seed-bank QA; do not remove as unmatched v0.2,connector_choice,,connectors_purpose_damit,false,,"Wir prüfen die Nummer, ___ den Auftrag zu finden.",,We check the number in order to find the order.,,damit | um,,um,,Use um ... zu when the subject is the same in both clauses.,,,,no imported v0.2 sourceRowId/comparison match; likely seed/system/route-specific content,,,
content/b1-connectors.js,b1_connector_052,,,unmatched_current,Exception,manual review: no exact v0.2 source_row_id match,,,,LEGACY_SEED_SAFE_CANDIDATE,keep for separate seed-bank QA; do not remove as unmatched v0.2,connector_choice,,connectors_purpose_damit,false,,"Er macht eine Weiterbildung, ___ bessere Chancen zu haben.",,He does further training in order to have better chances.,,damit | um,,um,,Use um ... zu when the subject is the same in both clauses.,,,,no imported v0.2 sourceRowId/comparison match; likely seed/system/route-specific content,,,
content/b1-connectors.js,b1_connector_053,,,unmatched_current,Exception,manual review: no exact v0.2 source_row_id match,,,,LEGACY_SEED_SAFE_CANDIDATE,keep for separate seed-bank QA; do not remove as unmatched v0.2,connector_choice,,connectors_purpose_damit,false,,"Ich starte den Computer neu, ___ das Problem zu lösen.",,I restart the computer in order to solve the problem.,,damit | um,,um,,Use um ... zu when the subject is the same in both clauses.,,,,no imported v0.2 sourceRowId/comparison match; likely seed/system/route-specific content,,,
content/b1-connectors.js,b1_connector_054,,,unmatched_current,Exception,manual review: no exact v0.2 source_row_id match,,,,LEGACY_SEED_SAFE_CANDIDATE,keep for separate seed-bank QA; do not remove as unmatched v0.2,connector_choice,,connectors_purpose_damit,false,,"Sie geht zum Arzt, ___ eine Bescheinigung zu bekommen.",,She goes to the doctor in order to get a certificate.,,damit | um,,um,,Use um ... zu when the subject is the same in both clauses.,,,,no imported v0.2 sourceRowId/comparison match; likely seed/system/route-specific content,,,
content/b1-connectors.js,b1_connector_055,,,unmatched_current,Exception,manual review: no exact v0.2 source_row_id match,,,,LEGACY_SEED_SAFE_CANDIDATE,keep for separate seed-bank QA; do not remove as unmatched v0.2,connector_choice,,connectors_purpose_damit,false,,"Ich schreibe eine E-Mail, ___ eine Lösung zu bekommen.",,I write an email in order to get a solution.,,damit | um,,um,,Use um ... zu when the subject is the same in both clauses.,,,,no imported v0.2 sourceRowId/comparison match; likely seed/system/route-specific content,,,
content/b1-connectors.js,b1_connector_056,,,unmatched_current,Exception,manual review: no exact v0.2 source_row_id match,,,,LEGACY_SEED_SAFE_CANDIDATE,keep for separate seed-bank QA; do not remove as unmatched v0.2,connector_choice,,connectors_purpose_damit,false,,"Wir machen Notizen, ___ später nichts zu vergessen.",,We take notes in order not to forget anything later.,,damit | um,,um,,Use um ... zu when the subject is the same in both clauses.,,,,no imported v0.2 sourceRowId/comparison match; likely seed/system/route-specific content,,,
content/b1-connectors.js,b1_connector_057,,,unmatched_current,Exception,manual review: no exact v0.2 source_row_id match,,,,LEGACY_SEED_SAFE_CANDIDATE,keep for separate seed-bank QA; do not remove as unmatched v0.2,word_order_cloze,,connectors_purpose_damit,false,,"Wir senden eine Bestätigung, damit der Kunde Bescheid ___.",,We send a confirmation so that the customer knows.,,,,weiß,,Use damit when the purpose clause has its own expressed subject or when the subject changes.,,,,no imported v0.2 sourceRowId/comparison match; likely seed/system/route-specific content,,,
content/b1-connectors.js,b1_connector_058,,,unmatched_current,Exception,manual review: no exact v0.2 source_row_id match,,,,LEGACY_SEED_SAFE_CANDIDATE,keep for separate seed-bank QA; do not remove as unmatched v0.2,word_order_cloze,,connectors_purpose_damit,false,,"Er macht eine Weiterbildung, um bessere Chancen zu ___.",,He does further training in order to have better chances.,,,,haben,,Use um ... zu when the subject is the same in both clauses.,,,,no imported v0.2 sourceRowId/comparison match; likely seed/system/route-specific content,,,
content/b1-connectors.js,b1_connector_059,,,unmatched_current,Exception,manual review: no exact v0.2 source_row_id match,,,,LEGACY_SEED_SAFE_CANDIDATE,keep for separate seed-bank QA; do not remove as unmatched v0.2,word_order_cloze,,connectors_purpose_damit,false,,"Ich mache ein Foto, damit der Techniker das Problem ___.",,I take a photo so that the technician sees the problem.,,,,sieht,,Use damit when the purpose clause has its own expressed subject or when the subject changes.,,,,no imported v0.2 sourceRowId/comparison match; likely seed/system/route-specific content,,,
content/b1-connectors.js,b1_connector_060,,,unmatched_current,Exception,manual review: no exact v0.2 source_row_id match,,,,LEGACY_SEED_SAFE_CANDIDATE,keep for separate seed-bank QA; do not remove as unmatched v0.2,word_order_cloze,,connectors_purpose_damit,false,,"Ich rufe an, um den Termin zu ___.",,I am calling in order to postpone the appointment.,,,,verschieben,,Use um ... zu when the subject is the same in both clauses.,,,,no imported v0.2 sourceRowId/comparison match; likely seed/system/route-specific content,,,
content/b1-connectors.js,b1_connector_061,,,unmatched_current,Exception,manual review: no exact v0.2 source_row_id match,,,,LEGACY_SEED_SAFE_CANDIDATE,keep for separate seed-bank QA; do not remove as unmatched v0.2,connector_choice,auto_core,connectors_time_wenn,false,,"___ ich im Büro ankomme, starte ich den Computer.",,"When I arrive at the office, I start the computer.",,Wenn | als,,Wenn,,Temporal connectors introduce time relationships; subordinate temporal clauses send the finite verb to the end.,,,,no imported v0.2 sourceRowId/comparison match; likely seed/system/route-specific content,,,
content/b1-connectors.js,b1_connector_062,,,unmatched_current,Exception,manual review: no exact v0.2 source_row_id match,,,,LEGACY_SEED_SAFE_CANDIDATE,keep for separate seed-bank QA; do not remove as unmatched v0.2,connector_choice,auto_core,connectors_time_wenn,false,,"___ ich Fragen habe, frage ich meine Kollegin.",,"When I have questions, I ask my colleague.",,Wenn | als,,Wenn,,Temporal connectors introduce time relationships; subordinate temporal clauses send the finite verb to the end.,,,,no imported v0.2 sourceRowId/comparison match; likely seed/system/route-specific content,,,
content/b1-connectors.js,b1_connector_063,,,unmatched_current,Exception,manual review: no exact v0.2 source_row_id match,,,,LEGACY_SEED_SAFE_CANDIDATE,keep for separate seed-bank QA; do not remove as unmatched v0.2,connector_choice,auto_core,connectors_time_wenn,false,,"___ das Telefon klingelt, nehme ich den Anruf an.",,"When the telephone rings, I answer the call.",,Wenn | als,,Wenn,,Temporal connectors introduce time relationships; subordinate temporal clauses send the finite verb to the end.,,,,no imported v0.2 sourceRowId/comparison match; likely seed/system/route-specific content,,,
content/b1-connectors.js,b1_connector_064,,,unmatched_current,Exception,manual review: no exact v0.2 source_row_id match,,,,LEGACY_SEED_SAFE_CANDIDATE,keep for separate seed-bank QA; do not remove as unmatched v0.2,connector_choice,auto_core,connectors_time_wenn,false,,"___ die Lieferung kommt, prüfen wir die Ware.",,"When the delivery arrives, we check the goods.",,Wenn | als,,Wenn,,Temporal connectors introduce time relationships; subordinate temporal clauses send the finite verb to the end.,,,,no imported v0.2 sourceRowId/comparison match; likely seed/system/route-specific content,,,
content/b1-connectors.js,b1_connector_065,,,unmatched_current,Exception,manual review: no exact v0.2 source_row_id match,,,,LEGACY_SEED_SAFE_CANDIDATE,keep for separate seed-bank QA; do not remove as unmatched v0.2,word_order_cloze,,connectors_time_wenn,false,,"Wenn ich fertig bin, ___ ich Ihnen die Datei.",,"When I am finished, I will send you the file.",,,,schicke,,Temporal connectors introduce time relationships; subordinate temporal clauses send the finite verb to the end.,,,,no imported v0.2 sourceRowId/comparison match; likely seed/system/route-specific content,,,
content/b1-connectors.js,b1_connector_066,,,unmatched_current,Exception,manual review: no exact v0.2 source_row_id match,,,,LEGACY_SEED_SAFE_CANDIDATE,keep for separate seed-bank QA; do not remove as unmatched v0.2,word_order_cloze,,connectors_time_wenn,false,,"Wenn ich wieder gesund bin, ___ ich zurück.",,"When I am healthy again, I come back.",,,,komme,,Temporal connectors introduce time relationships; subordinate temporal clauses send the finite verb to the end.,,,,no imported v0.2 sourceRowId/comparison match; likely seed/system/route-specific content,,,
content/b1-connectors.js,b1_connector_067,,,unmatched_current,Exception,manual review: no exact v0.2 source_row_id match,,,,LEGACY_SEED_SAFE_CANDIDATE,keep for separate seed-bank QA; do not remove as unmatched v0.2,connector_choice,auto_core,connectors_time_wenn,false,,"___ ich eine Zusage bekomme, informiere ich meine Schule.",,"If/when I receive an acceptance, I inform my school.",,Wenn | als,,Wenn,,Temporal connectors introduce time relationships; subordinate temporal clauses send the finite verb to the end.,,,,no imported v0.2 sourceRowId/comparison match; likely seed/system/route-specific content,,,
content/b1-connectors.js,b1_connector_068,,,unmatched_current,Exception,manual review: no exact v0.2 source_row_id match,,,,LEGACY_SEED_SAFE_CANDIDATE,keep for separate seed-bank QA; do not remove as unmatched v0.2,connector_choice,auto_core,connectors_time_wenn,false,,"___ ich mein Praktikum gemacht habe, habe ich viel gelernt.",,"When I did my internship, I learned a lot.",,wenn | Als,,Als,,Temporal connectors introduce time relationships; subordinate temporal clauses send the finite verb to the end.,,,,no imported v0.2 sourceRowId/comparison match; likely seed/system/route-specific content,,,
content/b1-connectors.js,b1_connector_069,,,unmatched_current,Exception,manual review: no exact v0.2 source_row_id match,,,,LEGACY_SEED_SAFE_CANDIDATE,keep for separate seed-bank QA; do not remove as unmatched v0.2,connector_choice,auto_core,connectors_time_wenn,false,,"___ ich neu in der Firma war, hatte ich viele Fragen.",,"When I was new at the company, I had many questions.",,wenn | Als,,Als,,Temporal connectors introduce time relationships; subordinate temporal clauses send the finite verb to the end.,,,,no imported v0.2 sourceRowId/comparison match; likely seed/system/route-specific content,,,
content/b1-connectors.js,b1_connector_070,,,unmatched_current,Exception,manual review: no exact v0.2 source_row_id match,,,,LEGACY_SEED_SAFE_CANDIDATE,keep for separate seed-bank QA; do not remove as unmatched v0.2,connector_choice,auto_core,connectors_time_wenn,false,,"___ ich die Anzeige gelesen habe, wollte ich mich sofort bewerben.",,"When I read the advertisement, I wanted to apply immediately.",,wenn | Als,,Als,,Temporal connectors introduce time relationships; subordinate temporal clauses send the finite verb to the end.,,,,no imported v0.2 sourceRowId/comparison match; likely seed/system/route-specific content,,,
content/b1-connectors.js,b1_connector_071,,,unmatched_current,Exception,manual review: no exact v0.2 source_row_id match,,,,LEGACY_SEED_SAFE_CANDIDATE,keep for separate seed-bank QA; do not remove as unmatched v0.2,connector_choice,auto_core,connectors_time_wenn,false,,"___ der Fehler zum ersten Mal aufgetreten ist, war ich allein im Büro.",,"When the error first occurred, I was alone in the office.",,wenn | Als,,Als,,Temporal connectors introduce time relationships; subordinate temporal clauses send the finite verb to the end.,,,,no imported v0.2 sourceRowId/comparison match; likely seed/system/route-specific content,,,
content/b1-connectors.js,b1_connector_072,,,unmatched_current,Exception,manual review: no exact v0.2 source_row_id match,,,,LEGACY_SEED_SAFE_CANDIDATE,keep for separate seed-bank QA; do not remove as unmatched v0.2,word_order_cloze,,connectors_time_wenn,false,,"Als ich in Deutschland angekommen bin, ___ ich einen Sprachkurs besucht.",,"When I arrived in Germany, I attended a language course.",,,,habe,,Temporal connectors introduce time relationships; subordinate temporal clauses send the finite verb to the end.,,,,no imported v0.2 sourceRowId/comparison match; likely seed/system/route-specific content,,,
content/b1-connectors.js,b1_connector_073,,,unmatched_current,Exception,manual review: no exact v0.2 source_row_id match,,,,LEGACY_SEED_SAFE_CANDIDATE,keep for separate seed-bank QA; do not remove as unmatched v0.2,word_order_cloze,,connectors_time_wenn,false,,"Als ich jünger war, ___ ich in einem Laden gearbeitet.",,"When I was younger, I worked in a shop.",,,,habe,,Temporal connectors introduce time relationships; subordinate temporal clauses send the finite verb to the end.,,,,no imported v0.2 sourceRowId/comparison match; likely seed/system/route-specific content,,,
content/b1-connectors.js,b1_connector_074,,,unmatched_current,Exception,manual review: no exact v0.2 source_row_id match,,,,LEGACY_SEED_SAFE_CANDIDATE,keep for separate seed-bank QA; do not remove as unmatched v0.2,connector_choice,auto_core,connectors_time_während,false,,"___ ich telefoniere, macht meine Kollegin Notizen.",,"While I am on the phone, my colleague takes notes.",,Während | solange | bevor,,Während,,Temporal connectors introduce time relationships; subordinate temporal clauses send the finite verb to the end.,,,,no imported v0.2 sourceRowId/comparison match; likely seed/system/route-specific content,,,
content/b1-connectors.js,b1_connector_075,,,unmatched_current,Exception,manual review: no exact v0.2 source_row_id match,,,,LEGACY_SEED_SAFE_CANDIDATE,keep for separate seed-bank QA; do not remove as unmatched v0.2,connector_choice,auto_core,connectors_time_während,false,,"___ der Computer startet, hole ich die Unterlagen.",,"While the computer is starting, I get the documents.",,Während | bevor | nachdem,,Während,,Temporal connectors introduce time relationships; subordinate temporal clauses send the finite verb to the end.,,,,no imported v0.2 sourceRowId/comparison match; likely seed/system/route-specific content,,,
content/b1-connectors.js,b1_connector_076,,,unmatched_current,Exception,manual review: no exact v0.2 source_row_id match,,,,LEGACY_SEED_SAFE_CANDIDATE,keep for separate seed-bank QA; do not remove as unmatched v0.2,connector_choice,auto_core,connectors_time_während,false,,"___ der Kunde wartet, prüfe ich die Bestellung.",,"While the customer waits, I check the order.",,Während | bevor | nachdem,,Während,,Temporal connectors introduce time relationships; subordinate temporal clauses send the finite verb to the end.,,,,no imported v0.2 sourceRowId/comparison match; likely seed/system/route-specific content,,,
content/b1-connectors.js,b1_connector_077,,,unmatched_current,Exception,manual review: no exact v0.2 source_row_id match,,,,LEGACY_SEED_SAFE_CANDIDATE,keep for separate seed-bank QA; do not remove as unmatched v0.2,connector_choice,auto_core,connectors_time_als,false,,"___ sie die Ausbildung macht, sammelt sie praktische Erfahrung.",,"While she is doing the training, she gains practical experience.",,Während | als | bis,,Während,,Temporal connectors introduce time relationships; subordinate temporal clauses send the finite verb to the end.,,,,no imported v0.2 sourceRowId/comparison match; likely seed/system/route-specific content,,,
content/b1-connectors.js,b1_connector_078,,,unmatched_current,Exception,manual review: no exact v0.2 source_row_id match,,,,LEGACY_SEED_SAFE_CANDIDATE,keep for separate seed-bank QA; do not remove as unmatched v0.2,word_order_cloze,,connectors_time_während,false,,"Während ich die Maschine kontrolliere, ___ mein Kollege das Formular aus.",,"While I check the machine, my colleague fills out the form.",,,,füllt,,Temporal connectors introduce time relationships; subordinate temporal clauses send the finite verb to the end.,,,,no imported v0.2 sourceRowId/comparison match; likely seed/system/route-specific content,,,
content/b1-connectors.js,b1_connector_079,,,unmatched_current,Exception,manual review: no exact v0.2 source_row_id match,,,,LEGACY_SEED_SAFE_CANDIDATE,keep for separate seed-bank QA; do not remove as unmatched v0.2,word_order_cloze,,connectors_time_während,false,,"Während ich die E-Mail schreibe, ___ das Telefon.",,"While I am writing the email, the phone rings.",,,,klingelt,,Temporal connectors introduce time relationships; subordinate temporal clauses send the finite verb to the end.,,,,no imported v0.2 sourceRowId/comparison match; likely seed/system/route-specific content,,,
content/b1-connectors.js,b1_connector_080,,,unmatched_current,Exception,manual review: no exact v0.2 source_row_id match,,,,LEGACY_SEED_SAFE_CANDIDATE,keep for separate seed-bank QA; do not remove as unmatched v0.2,connector_choice,auto_core,connectors_time_bevor,false,,"___ wir die Ware verschicken, prüfen wir die Adresse.",,"Before we send the goods, we check the address.",,Bevor | nachdem,,Bevor,,Temporal connectors introduce time relationships; subordinate temporal clauses send the finite verb to the end.,,,,no imported v0.2 sourceRowId/comparison match; likely seed/system/route-specific content,,,
content/b1-connectors.js,b1_connector_081,,,unmatched_current,Exception,manual review: no exact v0.2 source_row_id match,,,,LEGACY_SEED_SAFE_CANDIDATE,keep for separate seed-bank QA; do not remove as unmatched v0.2,connector_choice,auto_core,connectors_time_bevor,false,,"___ ich die Bewerbung abschicke, kontrolliere ich die Anlagen.",,"Before I send the application, I check the attachments.",,Bevor | nachdem,,Bevor,,Temporal connectors introduce time relationships; subordinate temporal clauses send the finite verb to the end.,,,,no imported v0.2 sourceRowId/comparison match; likely seed/system/route-specific content,,,
content/b1-connectors.js,b1_connector_082,,,unmatched_current,Exception,manual review: no exact v0.2 source_row_id match,,,,LEGACY_SEED_SAFE_CANDIDATE,keep for separate seed-bank QA; do not remove as unmatched v0.2,connector_choice,auto_core,connectors_time_bevor,false,,"___ Sie das Gerät einschalten, lesen Sie bitte die Anleitung.",,"Before you switch on the device, please read the instructions.",,Bevor | nachdem,,Bevor,,Temporal connectors introduce time relationships; subordinate temporal clauses send the finite verb to the end.,,,,no imported v0.2 sourceRowId/comparison match; likely seed/system/route-specific content,,,
content/b1-connectors.js,b1_connector_083,,,unmatched_current,Exception,manual review: no exact v0.2 source_row_id match,,,,LEGACY_SEED_SAFE_CANDIDATE,keep for separate seed-bank QA; do not remove as unmatched v0.2,word_order_cloze,,connectors_time_bevor,false,,"Bevor ich nach Hause gehe, ___ ich den Arbeitsplatz auf.",,"Before I go home, I tidy the workplace.",,,,räume,,Temporal connectors introduce time relationships; subordinate temporal clauses send the finite verb to the end.,,,,no imported v0.2 sourceRowId/comparison match; likely seed/system/route-specific content,,,
content/b1-connectors.js,b1_connector_084,,,unmatched_current,Exception,manual review: no exact v0.2 source_row_id match,,,,LEGACY_SEED_SAFE_CANDIDATE,keep for separate seed-bank QA; do not remove as unmatched v0.2,word_order_cloze,,connectors_time_bevor,false,,"Bevor die Schicht beginnt, ___ wir die Aufgaben.",,"Before the shift begins, we discuss the tasks.",,,,besprechen,,Temporal connectors introduce time relationships; subordinate temporal clauses send the finite verb to the end.,,,,no imported v0.2 sourceRowId/comparison match; likely seed/system/route-specific content,,,
content/b1-connectors.js,b1_connector_085,,,unmatched_current,Exception,manual review: no exact v0.2 source_row_id match,,,,LEGACY_SEED_SAFE_CANDIDATE,keep for separate seed-bank QA; do not remove as unmatched v0.2,connector_choice,auto_core,connectors_time_bevor,false,,"___ wir die Ware geprüft haben, schicken wir die Rechnung.",,"After we have checked the goods, we send the invoice.",,bevor | Nachdem,,Nachdem,,Temporal connectors introduce time relationships; subordinate temporal clauses send the finite verb to the end.,,,,no imported v0.2 sourceRowId/comparison match; likely seed/system/route-specific content,,,
content/b1-connectors.js,b1_connector_086,,,unmatched_current,Exception,manual review: no exact v0.2 source_row_id match,,,,LEGACY_SEED_SAFE_CANDIDATE,keep for separate seed-bank QA; do not remove as unmatched v0.2,connector_choice,auto_core,connectors_time_bevor,false,,"___ ich die Bewerbung abgeschickt habe, warte ich auf eine Antwort.",,"After I have sent the application, I wait for a reply.",,bevor | Nachdem,,Nachdem,,Temporal connectors introduce time relationships; subordinate temporal clauses send the finite verb to the end.,,,,no imported v0.2 sourceRowId/comparison match; likely seed/system/route-specific content,,,
content/b1-connectors.js,b1_connector_087,,,unmatched_current,Exception,manual review: no exact v0.2 source_row_id match,,,,LEGACY_SEED_SAFE_CANDIDATE,keep for separate seed-bank QA; do not remove as unmatched v0.2,connector_choice,auto_core,connectors_time_bevor,false,,"___ der Techniker das Gerät repariert hat, funktioniert es wieder.",,"After the technician has repaired the device, it works again.",,bevor | Nachdem,,Nachdem,,Temporal connectors introduce time relationships; subordinate temporal clauses send the finite verb to the end.,,,,no imported v0.2 sourceRowId/comparison match; likely seed/system/route-specific content,,,
content/b1-connectors.js,b1_connector_088,,,unmatched_current,Exception,manual review: no exact v0.2 source_row_id match,,,,LEGACY_SEED_SAFE_CANDIDATE,keep for separate seed-bank QA; do not remove as unmatched v0.2,word_order_cloze,,connectors_time_bevor,false,,"Nachdem ich die E-Mail gelesen habe, ___ ich.",,"After I have read the email, I reply.",,,,antworte,,Temporal connectors introduce time relationships; subordinate temporal clauses send the finite verb to the end.,,,,no imported v0.2 sourceRowId/comparison match; likely seed/system/route-specific content,,,
content/b1-connectors.js,b1_connector_089,,,unmatched_current,Exception,manual review: no exact v0.2 source_row_id match,,,,LEGACY_SEED_SAFE_CANDIDATE,keep for separate seed-bank QA; do not remove as unmatched v0.2,word_order_cloze,,connectors_time_bevor,false,,"Nachdem die Besprechung beendet ist, ___ wir weiter.",,"After the meeting is over, we continue working.",,,,arbeiten,,Temporal connectors introduce time relationships; subordinate temporal clauses send the finite verb to the end.,,,,no imported v0.2 sourceRowId/comparison match; likely seed/system/route-specific content,,,
content/b1-connectors.js,b1_connector_090,,,unmatched_current,Exception,manual review: no exact v0.2 source_row_id match,,,,LEGACY_SEED_SAFE_CANDIDATE,keep for separate seed-bank QA; do not remove as unmatched v0.2,connector_choice,auto_core,connectors_time_seitdem,false,,"___ ich den Kurs besuche, verstehe ich die Grammatik besser.",,"Since I have been attending the course, I understand the grammar better.",,Seitdem | bis,,Seitdem,,Temporal connectors introduce time relationships; subordinate temporal clauses send the finite verb to the end.,,,,no imported v0.2 sourceRowId/comparison match; likely seed/system/route-specific content,,,
content/b1-connectors.js,b1_connector_091,,,unmatched_current,Exception,manual review: no exact v0.2 source_row_id match,,,,LEGACY_SEED_SAFE_CANDIDATE,keep for separate seed-bank QA; do not remove as unmatched v0.2,connector_choice,auto_core,connectors_time_seitdem,false,,"___ das Programm aktualisiert wurde, läuft es stabiler.",,"Since the program was updated, it runs more stably.",,Seitdem | bis,,Seitdem,,Temporal connectors introduce time relationships; subordinate temporal clauses send the finite verb to the end.,,,,no imported v0.2 sourceRowId/comparison match; likely seed/system/route-specific content,,,
content/b1-connectors.js,b1_connector_092,,,unmatched_current,Exception,manual review: no exact v0.2 source_row_id match,,,,LEGACY_SEED_SAFE_CANDIDATE,keep for separate seed-bank QA; do not remove as unmatched v0.2,word_order_cloze,,connectors_time_seitdem,false,,"Seitdem ich mehr übe, ___ ich mich sicherer.",,"Since I have been practising more, I feel more confident.",,,,fühle,,Temporal connectors introduce time relationships; subordinate temporal clauses send the finite verb to the end.,,,,no imported v0.2 sourceRowId/comparison match; likely seed/system/route-specific content,,,
content/b1-connectors.js,b1_connector_093,,,unmatched_current,Exception,manual review: no exact v0.2 source_row_id match,,,,LEGACY_SEED_SAFE_CANDIDATE,keep for separate seed-bank QA; do not remove as unmatched v0.2,word_order_cloze,,connectors_time_seitdem,false,,"Seitdem wir den Ablauf kennen, ___ wir schneller.",,"Since we know the process, we work faster.",,,,arbeiten,,Temporal connectors introduce time relationships; subordinate temporal clauses send the finite verb to the end.,,,,no imported v0.2 sourceRowId/comparison match; likely seed/system/route-specific content,,,
content/b1-connectors.js,b1_connector_094,,,unmatched_current,Exception,manual review: no exact v0.2 source_row_id match,,,,LEGACY_SEED_SAFE_CANDIDATE,keep for separate seed-bank QA; do not remove as unmatched v0.2,connector_choice,,connectors_time_seitdem,false,,"Bitte warten Sie, ___ wir die Bestellung geprüft haben.",,Please wait until we have checked the order.,,bis | seitdem,,bis,,Temporal connectors introduce time relationships; subordinate temporal clauses send the finite verb to the end.,,,,no imported v0.2 sourceRowId/comparison match; likely seed/system/route-specific content,,,
content/b1-connectors.js,b1_connector_095,,,unmatched_current,Exception,manual review: no exact v0.2 source_row_id match,,,,LEGACY_SEED_SAFE_CANDIDATE,keep for separate seed-bank QA; do not remove as unmatched v0.2,connector_choice,,connectors_time_seitdem,false,,"Ich bleibe im Büro, ___ die E-Mail fertig ist.",,I stay in the office until the email is finished.,,bis | seitdem,,bis,,Temporal connectors introduce time relationships; subordinate temporal clauses send the finite verb to the end.,,,,no imported v0.2 sourceRowId/comparison match; likely seed/system/route-specific content,,,
content/b1-connectors.js,b1_connector_096,,,unmatched_current,Exception,manual review: no exact v0.2 source_row_id match,,,,LEGACY_SEED_SAFE_CANDIDATE,keep for separate seed-bank QA; do not remove as unmatched v0.2,word_order_cloze,,connectors_time_seitdem,false,,"Wir warten, bis der Chef zurück ___.",,We wait until the boss is back.,,,,ist,,Temporal connectors introduce time relationships; subordinate temporal clauses send the finite verb to the end.,,,,no imported v0.2 sourceRowId/comparison match; likely seed/system/route-specific content,,,
content/b1-connectors.js,b1_connector_097,,,unmatched_current,Exception,manual review: no exact v0.2 source_row_id match,,,,LEGACY_SEED_SAFE_CANDIDATE,keep for separate seed-bank QA; do not remove as unmatched v0.2,word_order_cloze,,connectors_time_seitdem,false,,"Starten Sie das Gerät nicht, bis die Lampe grün ___.",,Do not start the device until the light is green.,,,,leuchtet,,Temporal connectors introduce time relationships; subordinate temporal clauses send the finite verb to the end.,,,,no imported v0.2 sourceRowId/comparison match; likely seed/system/route-specific content,,,
content/b1-connectors.js,b1_connector_098,,,unmatched_current,Exception,manual review: no exact v0.2 source_row_id match,,,,LEGACY_SEED_SAFE_CANDIDATE,keep for separate seed-bank QA; do not remove as unmatched v0.2,connector_choice,auto_core,connectors_time_während,false,,"___ die Maschine läuft, bleiben wir in der Nähe.",,"As long as the machine is running, we stay nearby.",,Solange | während,,Solange,,Temporal connectors introduce time relationships; subordinate temporal clauses send the finite verb to the end.,,,,no imported v0.2 sourceRowId/comparison match; likely seed/system/route-specific content,,,
content/b1-connectors.js,b1_connector_099,,,unmatched_current,Exception,manual review: no exact v0.2 source_row_id match,,,,LEGACY_SEED_SAFE_CANDIDATE,keep for separate seed-bank QA; do not remove as unmatched v0.2,connector_choice,auto_core,connectors_time_während,false,,"___ der Kunde wartet, sollten wir ihn informieren.",,"As long as the customer is waiting, we should inform him.",,Solange | während,,Solange,,Temporal connectors introduce time relationships; subordinate temporal clauses send the finite verb to the end.,,,,no imported v0.2 sourceRowId/comparison match; likely seed/system/route-specific content,,,
content/b1-connectors.js,b1_connector_100,,,unmatched_current,Exception,manual review: no exact v0.2 source_row_id match,,,,LEGACY_SEED_SAFE_CANDIDATE,keep for separate seed-bank QA; do not remove as unmatched v0.2,word_order_cloze,,connectors_time_während,false,,"Solange ich im Büro bin, ___ ich erreichbar.",,"As long as I am in the office, I am reachable.",,,,bin,,Temporal connectors introduce time relationships; subordinate temporal clauses send the finite verb to the end.,,,,no imported v0.2 sourceRowId/comparison match; likely seed/system/route-specific content,,,
content/b1-connectors.js,b1_connector_101,,,unmatched_current,Exception,manual review: no exact v0.2 source_row_id match,,,,LEGACY_SEED_SAFE_CANDIDATE,keep for separate seed-bank QA; do not remove as unmatched v0.2,Luecke,typed_short,connectors_reason_weil,false,,"Ich komme nicht, weil ich krank ___.",,Repair the sentence: I am not coming because I am ill.,,,,bin,,"Ich komme nicht, weil ich krank bin. After weil, the finite verb goes to the end.",,,,no imported v0.2 sourceRowId/comparison match; likely seed/system/route-specific content,,,
content/b1-connectors.js,b1_connector_102,,,unmatched_current,Exception,manual review: no exact v0.2 source_row_id match,,,,LEGACY_SEED_SAFE_CANDIDATE,keep for separate seed-bank QA; do not remove as unmatched v0.2,Luecke,typed_short,connectors_reason_weil,false,,"Ich komme nicht, denn ich ___ krank.",,Repair the sentence: I am not coming because I am ill.,,,,bin,,"Ich komme nicht, denn ich bin krank. After denn, the verb stays in position 2.",,,,no imported v0.2 sourceRowId/comparison match; likely seed/system/route-specific content,,,
content/b1-connectors.js,b1_connector_103,,,unmatched_current,Exception,manual review: no exact v0.2 source_row_id match,,,,LEGACY_SEED_SAFE_CANDIDATE,keep for separate seed-bank QA; do not remove as unmatched v0.2,Luecke,typed_short,connectors_reason_weil,false,,"Ich bin krank, deshalb ___ ich zu Hause.",,"Repair the sentence: I am ill, so I am staying home.",,,,bleibe,,"Ich bin krank, deshalb bleibe ich zu Hause. After deshalb, the finite verb comes directly after the connector.",,,,no imported v0.2 sourceRowId/comparison match; likely seed/system/route-specific content,,,
content/b1-connectors.js,b1_connector_104,,,unmatched_current,Exception,manual review: no exact v0.2 source_row_id match,,,,LEGACY_SEED_SAFE_CANDIDATE,keep for separate seed-bank QA; do not remove as unmatched v0.2,Luecke,typed_short,connectors_contrast_obwohl,false,,"Obwohl ich wenig Erfahrung ___, bewerbe ich mich.",,"Repair the sentence: Although I have little experience, I am applying.",,,,habe,,"Obwohl ich wenig Erfahrung habe, bewerbe ich mich. After obwohl, the finite verb goes to the end of the subordinate clause.",,,,no imported v0.2 sourceRowId/comparison match; likely seed/system/route-specific content,,,
content/b1-connectors.js,b1_connector_105,,,unmatched_current,Exception,manual review: no exact v0.2 source_row_id match,,,,LEGACY_SEED_SAFE_CANDIDATE,keep for separate seed-bank QA; do not remove as unmatched v0.2,Luecke,typed_short,connectors_contrast_obwohl,false,,"Ich habe wenig Erfahrung, trotzdem ___ ich mich.",,"Repair the sentence: I have little experience; nevertheless, I am applying.",,,,bewerbe,,"Ich habe wenig Erfahrung, trotzdem bewerbe ich mich. After trotzdem, the finite verb comes directly after the connector.",,,,no imported v0.2 sourceRowId/comparison match; likely seed/system/route-specific content,,,
content/b1-connectors.js,b1_connector_106,,,unmatched_current,Exception,manual review: no exact v0.2 source_row_id match,,,,LEGACY_SEED_SAFE_CANDIDATE,keep for separate seed-bank QA; do not remove as unmatched v0.2,Luecke,typed_short,connectors_purpose_damit,false,,"Wir senden eine Bestätigung, damit der Kunde Bescheid ___.",,Repair the sentence: We send a confirmation so that the customer knows.,,,,weiß,,"Wir senden eine Bestätigung, damit der Kunde Bescheid weiß. After damit, the finite verb goes to the end.",,,,no imported v0.2 sourceRowId/comparison match; likely seed/system/route-specific content,,,
content/b1-connectors.js,b1_connector_107,,,unmatched_current,Exception,manual review: no exact v0.2 source_row_id match,,,,LEGACY_SEED_SAFE_CANDIDATE,keep for separate seed-bank QA; do not remove as unmatched v0.2,Luecke,typed_short,connectors_purpose_damit,false,,"Ich rufe an, um den Termin zu ___.",,Repair the sentence: I am calling in order to postpone the appointment.,,,,verschieben,,"Ich rufe an, um den Termin zu verschieben. um ... zu uses the infinitive at the end.",,,,no imported v0.2 sourceRowId/comparison match; likely seed/system/route-specific content,,,
content/b1-connectors.js,b1_connector_108,,,unmatched_current,Exception,manual review: no exact v0.2 source_row_id match,,,,LEGACY_SEED_SAFE_CANDIDATE,keep for separate seed-bank QA; do not remove as unmatched v0.2,connector_choice,auto_core,connectors_time_wenn,false,,"___ ich neu in der Firma war, hatte ich viele Fragen.",,"When I was new at the company, I had many questions.",,wenn | Als,,Als,,Use als for a single event or period in the past.,,,,no imported v0.2 sourceRowId/comparison match; likely seed/system/route-specific content,,,
content/b1-connectors.js,b1_connector_109,,,unmatched_current,Exception,manual review: no exact v0.2 source_row_id match,,,,LEGACY_SEED_SAFE_CANDIDATE,keep for separate seed-bank QA; do not remove as unmatched v0.2,connector_choice,auto_core,connectors_time_wenn,false,,"___ ich morgen fertig bin, schicke ich Ihnen die Datei.",,"When I am finished tomorrow, I will send you the file.",,Wenn | als,,Wenn,,Use wenn for future or repeated situations.,,,,no imported v0.2 sourceRowId/comparison match; likely seed/system/route-specific content,,,
content/b1-connectors.js,b1_connector_110,,,unmatched_current,Exception,manual review: no exact v0.2 source_row_id match,,,,LEGACY_SEED_SAFE_CANDIDATE,keep for separate seed-bank QA; do not remove as unmatched v0.2,connector_choice,auto_core,connectors_time_bevor,false,,"___ ich die Bewerbung abschicke, kontrolliere ich die Anlagen.",,"Before I send the application, I check the attachments.",,Bevor | nachdem,,Bevor,,bevor = before; nachdem = after.,,,,no imported v0.2 sourceRowId/comparison match; likely seed/system/route-specific content,,,
content/b1-connectors.js,b1_connector_111,,,unmatched_current,Exception,manual review: no exact v0.2 source_row_id match,,,,LEGACY_SEED_SAFE_CANDIDATE,keep for separate seed-bank QA; do not remove as unmatched v0.2,connector_choice,auto_core,connectors_time_bevor,false,,"___ ich die Bewerbung abgeschickt habe, warte ich auf eine Antwort.",,"After I have sent the application, I wait for a reply.",,bevor | Nachdem,,Nachdem,,nachdem = after; bevor = before.,,,,no imported v0.2 sourceRowId/comparison match; likely seed/system/route-specific content,,,
content/b1-connectors.js,b1_connector_112,,,unmatched_current,Exception,manual review: no exact v0.2 source_row_id match,,,,LEGACY_SEED_SAFE_CANDIDATE,keep for separate seed-bank QA; do not remove as unmatched v0.2,connector_choice,auto_core,connectors_time_während,false,,"___ die Maschine läuft, bleiben wir in der Nähe.",,"As long as the machine is running, we stay nearby.",,während | Solange,,Solange,,solange stresses duration/condition; während stresses simultaneous actions.,,,,no imported v0.2 sourceRowId/comparison match; likely seed/system/route-specific content,,,
content/b1-connectors.js,b1_connector_113,,,unmatched_current,Exception,manual review: no exact v0.2 source_row_id match,,,,LEGACY_SEED_SAFE_CANDIDATE,keep for separate seed-bank QA; do not remove as unmatched v0.2,Luecke,typed_short,connectors_purpose_deshalb,false,,"Der Drucker ist kaputt, sodass wir ihn nicht benutzen ___.",,"Repair the result clause: The printer is broken, so we cannot use it.",,,,können,,"Der Drucker ist kaputt, sodass wir ihn nicht benutzen können. After sodass, the finite verb goes to the end.",,,,no imported v0.2 sourceRowId/comparison match; likely seed/system/route-specific content,,,
content/b1-connectors.js,b1_connector_114,,,unmatched_current,Exception,manual review: no exact v0.2 source_row_id match,,,,LEGACY_SEED_SAFE_CANDIDATE,keep for separate seed-bank QA; do not remove as unmatched v0.2,connector_choice,,connectors_reason_weil,false,,"Wir brauchen Hilfe, ___ der Computer startet nicht.",,We need help because the computer will not start.,,weil | denn,,denn,,Use denn before a main clause with verb in position 2.,,,,no imported v0.2 sourceRowId/comparison match; likely seed/system/route-specific content,,,
content/b1-connectors.js,b1_connector_115,,,unmatched_current,Exception,manual review: no exact v0.2 source_row_id match,,,,LEGACY_SEED_SAFE_CANDIDATE,keep for separate seed-bank QA; do not remove as unmatched v0.2,connector_choice,,connectors_reason_weil,false,,"Der Computer startet nicht, ___ brauchen wir Hilfe.",,"The computer will not start, so we need help.",,weil | denn | deshalb,,deshalb,,deshalb takes position 1; the finite verb follows immediately.,,,,no imported v0.2 sourceRowId/comparison match; likely seed/system/route-specific content,,,
content/b1-connectors.js,b1_connector_v084_reason_001,,,unmatched_current,Exception,manual review: no exact v0.2 source_row_id match,,,,LEGACY_SEED_SAFE_CANDIDATE,keep for separate seed-bank QA; do not remove as unmatched v0.2,connector_choice,,connectors_reason_weil_denn_deshalb,false,,Welche Verbindung passt?,,"The file is too large, so I am sending it as a link.",,weil | denn | deshalb,,deshalb,,Reason/result: deshalb starts a main clause; the finite verb comes next.,,,,no imported v0.2 sourceRowId/comparison match; likely seed/system/route-specific content,,,
content/b1-connectors.js,b1_connector_v084_reason_002,,,unmatched_current,Exception,manual review: no exact v0.2 source_row_id match,,,,LEGACY_SEED_SAFE_CANDIDATE,keep for separate seed-bank QA; do not remove as unmatched v0.2,word_order_cloze,,connectors_reason_weil_denn_deshalb,false,,"Ich rufe an, weil ich eine Frage ___.",,I am calling because I have a question.,,,,habe,,Reason: weil gives a reason and sends the finite verb to the end.,,,,no imported v0.2 sourceRowId/comparison match; likely seed/system/route-specific content,,,
content/b1-connectors.js,b1_connector_v084_reason_003,,,unmatched_current,Exception,manual review: no exact v0.2 source_row_id match,,,,LEGACY_SEED_SAFE_CANDIDATE,keep for separate seed-bank QA; do not remove as unmatched v0.2,error_repair,,connectors_reason_weil_denn_deshalb,false,,"Ich bin krank, deshalb ich bleibe zu Hause.",,"I am ill, so I am staying at home.",,,,"Ich bin krank, deshalb bleibe ich zu Hause.",,Result: deshalb starts a main clause; put the finite verb directly after deshalb.,,,,no imported v0.2 sourceRowId/comparison match; likely seed/system/route-specific content,,,
content/b1-connectors.js,b1_connector_v084_reason_004,,,unmatched_current,Exception,manual review: no exact v0.2 source_row_id match,,,,LEGACY_SEED_SAFE_CANDIDATE,keep for separate seed-bank QA; do not remove as unmatched v0.2,connector_choice,,connectors_reason_weil_denn_deshalb,false,,Welche Satzverbindung ist richtig?,,We need help because the computer will not start.,,"Wir brauchen Hilfe, denn der Computer startet nicht. | Wir brauchen Hilfe, weil der Computer startet nicht. | Der Computer startet nicht, deshalb wir brauchen Hilfe.",,"Wir brauchen Hilfe, denn der Computer startet nicht.",,Reason: denn connects two main clauses; the verb stays in position 2.,,,,no imported v0.2 sourceRowId/comparison match; likely seed/system/route-specific content,,,
content/b1-connectors.js,b1_connector_v084_contrast_001,,,unmatched_current,Exception,manual review: no exact v0.2 source_row_id match,,,,LEGACY_SEED_SAFE_CANDIDATE,keep for separate seed-bank QA; do not remove as unmatched v0.2,connector_choice,,connectors_contrast_obwohl_trotzdem_aber,false,,Welcher Konnektor passt?,,"The appointment is late, but I am coming.",,aber | obwohl | trotzdem,,aber,,Contrast: aber connects two main clauses; the normal word order stays.,,,,no imported v0.2 sourceRowId/comparison match; likely seed/system/route-specific content,,,
content/b1-connectors.js,b1_connector_v084_contrast_002,,,unmatched_current,Exception,manual review: no exact v0.2 source_row_id match,,,,LEGACY_SEED_SAFE_CANDIDATE,keep for separate seed-bank QA; do not remove as unmatched v0.2,word_order_cloze,,connectors_contrast_obwohl_trotzdem_aber,false,,"Der Kunde ist unzufrieden, trotzdem ___ er freundlich.",,"The customer is dissatisfied, but he remains friendly.",,,,bleibt,,Contrast: trotzdem starts a main clause; the finite verb comes directly after it.,,,,no imported v0.2 sourceRowId/comparison match; likely seed/system/route-specific content,,,
content/b1-connectors.js,b1_connector_v084_contrast_003,,,unmatched_current,Exception,manual review: no exact v0.2 source_row_id match,,,,LEGACY_SEED_SAFE_CANDIDATE,keep for separate seed-bank QA; do not remove as unmatched v0.2,error_repair,,connectors_contrast_obwohl_trotzdem_aber,false,,"Obwohl ich bin müde, gehe ich zum Kurs.",,"Although I am tired, I am going to the course.",,,,"Obwohl ich müde bin, gehe ich zum Kurs.",,Contrast: obwohl starts a subordinate clause; put the finite verb at the end of that clause.,,,,no imported v0.2 sourceRowId/comparison match; likely seed/system/route-specific content,,,
content/b1-connectors.js,b1_connector_v084_contrast_004,,,unmatched_current,Exception,manual review: no exact v0.2 source_row_id match,,,,LEGACY_SEED_SAFE_CANDIDATE,keep for separate seed-bank QA; do not remove as unmatched v0.2,connector_choice,,connectors_contrast_obwohl_trotzdem_aber,false,,Welche Version nutzt trotzdem richtig?,,"I am tired, nevertheless I am going to the course.",,"Ich bin müde, trotzdem gehe ich zum Kurs. | Ich bin müde, trotzdem ich gehe zum Kurs. | Trotzdem ich bin müde, gehe ich zum Kurs.",,"Ich bin müde, trotzdem gehe ich zum Kurs.",,Contrast: trotzdem takes position 1 in the second main clause; the finite verb follows.,,,,no imported v0.2 sourceRowId/comparison match; likely seed/system/route-specific content,,,
content/b1-connectors.js,b1_connector_v084_purpose_001,,,unmatched_current,Exception,manual review: no exact v0.2 source_row_id match,,,,LEGACY_SEED_SAFE_CANDIDATE,keep for separate seed-bank QA; do not remove as unmatched v0.2,connector_choice,,connectors_purpose_damit_umzu_sodass,false,,Welcher Konnektor passt?,,I am calling so that we can find an appointment.,,damit | um ... zu | sodass,,damit,,Purpose: use damit when the purpose clause has its own subject.,,,,no imported v0.2 sourceRowId/comparison match; likely seed/system/route-specific content,,,
content/b1-connectors.js,b1_connector_v084_purpose_002,,,unmatched_current,Exception,manual review: no exact v0.2 source_row_id match,,,,LEGACY_SEED_SAFE_CANDIDATE,keep for separate seed-bank QA; do not remove as unmatched v0.2,word_order_cloze,,connectors_purpose_damit_umzu_sodass,false,,"Ich rufe an, um einen Termin zu ___.",,I am calling in order to arrange an appointment.,,,,vereinbaren,,Purpose: um ... zu works when the subject stays the same; the infinitive comes after zu.,,,,no imported v0.2 sourceRowId/comparison match; likely seed/system/route-specific content,,,
content/b1-connectors.js,b1_connector_v084_purpose_003,,,unmatched_current,Exception,manual review: no exact v0.2 source_row_id match,,,,LEGACY_SEED_SAFE_CANDIDATE,keep for separate seed-bank QA; do not remove as unmatched v0.2,error_repair,,connectors_purpose_damit_umzu_sodass,false,,"Ich rufe an, um wir einen Termin finden.",,I am calling so that we can find an appointment.,,,,"Ich rufe an, damit wir einen Termin finden.",,"Purpose: um ... zu needs the same subject; with wir, use damit.",,,,no imported v0.2 sourceRowId/comparison match; likely seed/system/route-specific content,,,
content/b1-connectors.js,b1_connector_v084_purpose_004,,,unmatched_current,Exception,manual review: no exact v0.2 source_row_id match,,,,LEGACY_SEED_SAFE_CANDIDATE,keep for separate seed-bank QA; do not remove as unmatched v0.2,connector_choice,,connectors_purpose_damit_umzu_sodass,false,,"Welche Version passt, wenn das Subjekt gleich bleibt?",,I write down the number so I do not forget it.,,"Ich schreibe die Nummer auf, um sie nicht zu vergessen. | Ich schreibe die Nummer auf, damit ich sie nicht vergessen. | Ich schreibe die Nummer auf, sodass ich sie nicht vergesse.",,"Ich schreibe die Nummer auf, um sie nicht zu vergessen.",,"Purpose: with the same subject, use um ... zu plus infinitive.",,,,no imported v0.2 sourceRowId/comparison match; likely seed/system/route-specific content,,,
content/b1-connectors.js,b1_connector_v084_time_001,,,unmatched_current,Exception,manual review: no exact v0.2 source_row_id match,,,,LEGACY_SEED_SAFE_CANDIDATE,keep for separate seed-bank QA; do not remove as unmatched v0.2,connector_choice,,connectors_time_wenn_als_bevor_nachdem,false,,Welcher Konnektor passt?,,"When I was in the course yesterday, I asked a lot.",,wenn | als | bevor,,als,,Time: als is for a one-time event in the past.,,,,no imported v0.2 sourceRowId/comparison match; likely seed/system/route-specific content,,,
content/b1-connectors.js,b1_connector_v084_time_002,,,unmatched_current,Exception,manual review: no exact v0.2 source_row_id match,,,,LEGACY_SEED_SAFE_CANDIDATE,keep for separate seed-bank QA; do not remove as unmatched v0.2,word_order_cloze,,connectors_time_wenn_als_bevor_nachdem,false,,"Bevor ich die E-Mail schicke, ___ ich die Adresse.",,"Before I send the email, I check the address.",,,,prüfe,,"Time: after a fronted subordinate clause, the finite verb starts the main clause.",,,,no imported v0.2 sourceRowId/comparison match; likely seed/system/route-specific content,,,
content/b1-connectors.js,b1_connector_v084_time_003,,,unmatched_current,Exception,manual review: no exact v0.2 source_row_id match,,,,LEGACY_SEED_SAFE_CANDIDATE,keep for separate seed-bank QA; do not remove as unmatched v0.2,error_repair,,connectors_time_wenn_als_bevor_nachdem,false,,"Nachdem ich die Rechnung geprüft habe, ich schicke die Bestätigung.",,"After I have checked the invoice, I send the confirmation.",,,,"Nachdem ich die Rechnung geprüft habe, schicke ich die Bestätigung.",,"Time: if the subordinate clause comes first, the finite verb starts the main clause.",,,,no imported v0.2 sourceRowId/comparison match; likely seed/system/route-specific content,,,
content/b1-connectors.js,b1_connector_v084_time_004,,,unmatched_current,Exception,manual review: no exact v0.2 source_row_id match,,,,LEGACY_SEED_SAFE_CANDIDATE,keep for separate seed-bank QA; do not remove as unmatched v0.2,connector_choice,,connectors_time_wenn_als_bevor_nachdem,false,,Welche Version passt zu einer wiederholten Situation?,,"When I am ill, I call in the morning.",,"Wenn ich krank bin, rufe ich morgens an. | Als ich krank bin, rufe ich morgens an. | Nachdem ich krank bin, rufe ich morgens an.",,"Wenn ich krank bin, rufe ich morgens an.",,"Time: use wenn for repeated, future, or conditional situations; use als for one-time past events.",,,,no imported v0.2 sourceRowId/comparison match; likely seed/system/route-specific content,,,
content/b1-connectors.js,b1_connector_v084_sequence_001,,,unmatched_current,Exception,manual review: no exact v0.2 source_row_id match,,,,LEGACY_SEED_SAFE_CANDIDATE,keep for separate seed-bank QA; do not remove as unmatched v0.2,connector_choice,,connectors_sequence_addition_alternative,false,,Welche Verbindung passt?,,"First I check the address, then I send the order.",,und | oder | dann,,dann,,Sequence: dann shows the next step; the finite verb follows it in the main clause.,,,,no imported v0.2 sourceRowId/comparison match; likely seed/system/route-specific content,,,
content/b1-connectors.js,b1_connector_v084_sequence_002,,,unmatched_current,Exception,manual review: no exact v0.2 source_row_id match,,,,LEGACY_SEED_SAFE_CANDIDATE,keep for separate seed-bank QA; do not remove as unmatched v0.2,word_order_cloze,,connectors_sequence_addition_alternative,false,,"Ich fülle das Formular aus, danach ___ ich es ab.",,"I fill in the form, then I hand it in.",,,,gebe,,Sequence: danach starts a main clause; the finite verb comes directly after it.,,,,no imported v0.2 sourceRowId/comparison match; likely seed/system/route-specific content,,,
content/b1-connectors.js,b1_connector_v084_sequence_003,,,unmatched_current,Exception,manual review: no exact v0.2 source_row_id match,,,,LEGACY_SEED_SAFE_CANDIDATE,keep for separate seed-bank QA; do not remove as unmatched v0.2,error_repair,,connectors_sequence_addition_alternative,false,,Außerdem ich brauche eine Kopie.,,"In addition, I need a copy.",,,,Außerdem brauche ich eine Kopie.,,Addition: außerdem takes position 1; the finite verb follows immediately.,,,,no imported v0.2 sourceRowId/comparison match; likely seed/system/route-specific content,,,
content/b1-connectors.js,b1_connector_v084_sequence_004,,,unmatched_current,Exception,manual review: no exact v0.2 source_row_id match,,,,LEGACY_SEED_SAFE_CANDIDATE,keep for separate seed-bank QA; do not remove as unmatched v0.2,connector_choice,,connectors_sequence_addition_alternative,false,,Welche Version zeigt eine Alternative?,,We can speak on the phone today or tomorrow.,,Wir können heute oder morgen telefonieren. | Wir können heute und morgen telefonieren. | Wir können heute aber morgen telefonieren.,,Wir können heute oder morgen telefonieren.,,Alternative: oder gives a choice between two options.,,,,no imported v0.2 sourceRowId/comparison match; likely seed/system/route-specific content,,,
content/b1-connectors.js,b1_connector_v084_condition_001,,,unmatched_current,Exception,manual review: no exact v0.2 source_row_id match,,,,LEGACY_SEED_SAFE_CANDIDATE,keep for separate seed-bank QA; do not remove as unmatched v0.2,connector_choice,,connectors_condition_wenn_falls,false,,Welcher Konnektor passt am besten?,,"If the appointment is cancelled, we will call you immediately.",,falls | nachdem | obwohl,,falls,,Condition: falls means if / in case; the finite verb goes to the end of the falls-clause.,,,,no imported v0.2 sourceRowId/comparison match; likely seed/system/route-specific content,,,
content/b1-connectors.js,b1_connector_v084_condition_002,,,unmatched_current,Exception,manual review: no exact v0.2 source_row_id match,,,,LEGACY_SEED_SAFE_CANDIDATE,keep for separate seed-bank QA; do not remove as unmatched v0.2,word_order_cloze,,connectors_condition_wenn_falls,false,,"Wenn Sie Fragen haben, ___ Sie uns an.",,"If you have questions, call us.",,,,rufen,,"Condition: if the wenn-clause comes first, the finite verb starts the main clause.",,,,no imported v0.2 sourceRowId/comparison match; likely seed/system/route-specific content,,,
content/b1-connectors.js,b1_connector_v084_condition_003,,,unmatched_current,Exception,manual review: no exact v0.2 source_row_id match,,,,LEGACY_SEED_SAFE_CANDIDATE,keep for separate seed-bank QA; do not remove as unmatched v0.2,error_repair,,connectors_condition_wenn_falls,false,,"Falls Sie später kommen, bitte rufen Sie an.",,"If you come later, please call.",,,,"Falls Sie später kommen, rufen Sie bitte an.",,"Condition: after a fronted falls-clause, the finite verb starts the main clause.",,,,no imported v0.2 sourceRowId/comparison match; likely seed/system/route-specific content,,,
content/b1-connectors.js,b1_connector_v084_condition_004,,,unmatched_current,Exception,manual review: no exact v0.2 source_row_id match,,,,LEGACY_SEED_SAFE_CANDIDATE,keep for separate seed-bank QA; do not remove as unmatched v0.2,connector_choice,,connectors_condition_wenn_falls,false,,Welche Version ist natürlich?,,"If the form is missing, we will send it again.",,"Falls das Formular fehlt, schicken wir es noch einmal. | Falls fehlt das Formular, schicken wir es noch einmal. | Als das Formular fehlt, schicken wir es noch einmal.",,"Falls das Formular fehlt, schicken wir es noch einmal.",,Condition: falls starts a subordinate clause; the finite verb goes to the end.,,,,no imported v0.2 sourceRowId/comparison match; likely seed/system/route-specific content,,,
content/b1-connectors.js,b1_connector_v085_variable_weil_001,,,unmatched_current,Exception,manual review: no exact v0.2 source_row_id match,,,,LEGACY_SEED_SAFE_CANDIDATE,keep for separate seed-bank QA; do not remove as unmatched v0.2,Reparatur,edit_text,connectors_v085_repair_weil_word_order,false,,Korrigiere den Satz.,,I am staying at home because I am ill.,,,,"Ich bleibe zu Hause, weil ich krank bin.",,Connector: weil sends the finite verb to the end.,,,,no imported v0.2 sourceRowId/comparison match; likely seed/system/route-specific content,,,
content/b1-connectors.js,weil_comma,,,unmatched_current,,,,,,LEGACY_SEED_SAFE_CANDIDATE,keep for separate seed-bank QA; do not remove as unmatched v0.2,,,,false,,,,,,,,,,Use a comma before the weil-clause.,,,,no imported v0.2 sourceRowId/comparison match; likely seed/system/route-specific content,,,
content/b1-connectors.js,weil_verb_final,,,unmatched_current,,,,,,LEGACY_SEED_SAFE_CANDIDATE,keep for separate seed-bank QA; do not remove as unmatched v0.2,,,,false,,,,,,,,,,"After weil, the finite verb goes to the end.",,,,no imported v0.2 sourceRowId/comparison match; likely seed/system/route-specific content,,,
content/b1-connectors.js,b1_connector_v085_variable_deshalb_001,,,unmatched_current,Exception,manual review: no exact v0.2 source_row_id match,,,,LEGACY_SEED_SAFE_CANDIDATE,keep for separate seed-bank QA; do not remove as unmatched v0.2,Reparatur,edit_text,connectors_v085_repair_deshalb_v2,false,,Korrigiere den Satz.,,"I am ill, so I am staying at home.",,,,"Ich bin krank, deshalb bleibe ich zu Hause.",,Connector: deshalb starts the result; the finite verb is in position 2.,,,,no imported v0.2 sourceRowId/comparison match; likely seed/system/route-specific content,,,
content/b1-connectors.js,deshalb_comma,,,unmatched_current,,,,,,LEGACY_SEED_SAFE_CANDIDATE,keep for separate seed-bank QA; do not remove as unmatched v0.2,,,,false,,,,,,,,,,Separate the two main clauses with a comma before deshalb.,,,,no imported v0.2 sourceRowId/comparison match; likely seed/system/route-specific content,,,
content/b1-connectors.js,deshalb_v2,,,unmatched_current,,,,,,LEGACY_SEED_SAFE_CANDIDATE,keep for separate seed-bank QA; do not remove as unmatched v0.2,,,,false,,,,,,,,,,"After deshalb, the finite verb is in position 2.",,,,no imported v0.2 sourceRowId/comparison match; likely seed/system/route-specific content,,,
content/b1-connectors.js,b1_connector_v085_transform_weil_001,,,unmatched_current,Exception,manual review: no exact v0.2 source_row_id match,,,,LEGACY_SEED_SAFE_CANDIDATE,keep for separate seed-bank QA; do not remove as unmatched v0.2,Umformen,typed_text,connectors_v085_transform_weil,false,,Verbinde die Sätze mit weil: Ich bleibe zu Hause. Ich bin krank.,,Combine the two sentences with weil.,,,,"Ich bleibe zu Hause, weil ich krank bin.",,Connector: weil sends the finite verb to the end.,,,,no imported v0.2 sourceRowId/comparison match; likely seed/system/route-specific content,,,
content/b1-connectors.js,b1_connector_v085_transform_obwohl_001,,,unmatched_current,Exception,manual review: no exact v0.2 source_row_id match,,,,LEGACY_SEED_SAFE_CANDIDATE,keep for separate seed-bank QA; do not remove as unmatched v0.2,Umformen,typed_text,connectors_v085_transform_obwohl,false,,Verbinde die Sätze mit obwohl: Ich habe wenig Zeit. Ich helfe dir.,,Combine the two sentences with obwohl.,,,,"Ich helfe dir, obwohl ich wenig Zeit habe.",,Connector: obwohl starts a subordinate contrast clause.,,,,no imported v0.2 sourceRowId/comparison match; likely seed/system/route-specific content,,,
content/b1-connectors.js,b1_connector_v085_transform_umzu_001,,,unmatched_current,Exception,manual review: no exact v0.2 source_row_id match,,,,LEGACY_SEED_SAFE_CANDIDATE,keep for separate seed-bank QA; do not remove as unmatched v0.2,Umformen,typed_text,connectors_v085_transform_um_zu,false,,Schreibe den Satz mit um ... zu: Ich lerne Deutsch. Ich möchte im Büro sicherer sprechen.,,Use um ... zu for same-subject purpose.,,,,"Ich lerne Deutsch, um im Büro sicherer zu sprechen.",,um ... zu uses an infinitive when the subject is the same.,,,,no imported v0.2 sourceRowId/comparison match; likely seed/system/route-specific content,,,
content/b1-connectors.js,b1_connector_v085_transform_damit_001,,,unmatched_current,Exception,manual review: no exact v0.2 source_row_id match,,,,LEGACY_SEED_SAFE_CANDIDATE,keep for separate seed-bank QA; do not remove as unmatched v0.2,Umformen,typed_text,connectors_v085_transform_damit,false,,Verbinde die Sätze mit damit: Ich schreibe Ihnen. Sie können den Termin bestätigen.,,Use damit because the purpose clause has its own subject.,,,,"Ich schreibe Ihnen, damit Sie den Termin bestätigen können.",,damit can introduce a purpose clause with its own subject.,,,,no imported v0.2 sourceRowId/comparison match; likely seed/system/route-specific content,,,
content/b1-prepositions.js,b1_prepositions_fixed_dative_mit_bus_001,,,unmatched_current,Exception,manual review: no exact v0.2 source_row_id match,,,,LEGACY_SEED_SAFE_CANDIDATE,keep for separate seed-bank QA; do not remove as unmatched v0.2,Auswahl,selected_choice_value,prepositions_fixed_dative_mit_bus,false,,Welche Form passt?,,I travel by bus.,,Ich fahre mit dem Bus. | Ich fahre mit den Bus. | Ich fahre für den Bus.,,Ich fahre mit dem Bus.,,Case: mit is followed by dative: mit dem Bus.,,,,no imported v0.2 sourceRowId/comparison match; likely seed/system/route-specific content,,,
content/b1-prepositions.js,b1_prepositions_fixed_dative_mit_bus_002,,,unmatched_current,Exception,manual review: no exact v0.2 source_row_id match,,,,LEGACY_SEED_SAFE_CANDIDATE,keep for separate seed-bank QA; do not remove as unmatched v0.2,Luecke,typed,prepositions_fixed_dative_mit_bus,false,,Ich fahre mit ___ Bus zum Termin.,,I travel to the appointment by bus.,,,,dem,,mit takes dative: dem Bus.,,,,no imported v0.2 sourceRowId/comparison match; likely seed/system/route-specific content,,,
content/b1-prepositions.js,b1_prepositions_fixed_dative_mit_bus_003,,,unmatched_current,Exception,manual review: no exact v0.2 source_row_id match,,,,LEGACY_SEED_SAFE_CANDIDATE,keep for separate seed-bank QA; do not remove as unmatched v0.2,Reparatur,typed,prepositions_fixed_dative_mit_bus,false,,Ich fahre mit den Bus zum Termin.,,I travel to the appointment by bus.,,,,Ich fahre mit dem Bus zum Termin.,,"mit takes dative, not accusative.",,,,no imported v0.2 sourceRowId/comparison match; likely seed/system/route-specific content,,,
content/b1-prepositions.js,b1_prepositions_fixed_dative_mit_bus_004,,,unmatched_current,Exception,manual review: no exact v0.2 source_row_id match,,,,LEGACY_SEED_SAFE_CANDIDATE,keep for separate seed-bank QA; do not remove as unmatched v0.2,Kontrast,selected_choice_value,prepositions_fixed_dative_mit_bus,false,,Welche Phrase passt für Verkehrsmittel?,,by bus,,mit dem Bus | für den Bus | durch den Bus,,mit dem Bus,,Use mit + dative for means of transport.,,,,no imported v0.2 sourceRowId/comparison match; likely seed/system/route-specific content,,,
content/b1-prepositions.js,b1_prepositions_fixed_dative_bei_arztin_001,,,unmatched_current,Exception,manual review: no exact v0.2 source_row_id match,,,,LEGACY_SEED_SAFE_CANDIDATE,keep for separate seed-bank QA; do not remove as unmatched v0.2,Auswahl,selected_choice_value,prepositions_fixed_dative_bei_arztin,false,,Welche Form passt?,,I am at the doctor's.,,Ich bin bei der Ärztin. | Ich bin bei die Ärztin. | Ich gehe zu die Ärztin.,,Ich bin bei der Ärztin.,,bei is followed by dative: bei der Ärztin.,,,,no imported v0.2 sourceRowId/comparison match; likely seed/system/route-specific content,,,
content/b1-prepositions.js,b1_prepositions_fixed_dative_bei_arztin_002,,,unmatched_current,Exception,manual review: no exact v0.2 source_row_id match,,,,LEGACY_SEED_SAFE_CANDIDATE,keep for separate seed-bank QA; do not remove as unmatched v0.2,Luecke,typed,prepositions_fixed_dative_bei_arztin,false,,Ich bin heute bei ___ Ärztin.,,I am at the doctor's today.,,,,der,,bei takes dative: der Ärztin.,,,,no imported v0.2 sourceRowId/comparison match; likely seed/system/route-specific content,,,
content/b1-prepositions.js,b1_prepositions_fixed_dative_bei_arztin_003,,,unmatched_current,Exception,manual review: no exact v0.2 source_row_id match,,,,LEGACY_SEED_SAFE_CANDIDATE,keep for separate seed-bank QA; do not remove as unmatched v0.2,Reparatur,typed,prepositions_fixed_dative_bei_arztin,false,,Ich bin heute bei die Ärztin.,,I am at the doctor's today.,,,,Ich bin heute bei der Ärztin.,,bei takes dative.,,,,no imported v0.2 sourceRowId/comparison match; likely seed/system/route-specific content,,,
content/b1-prepositions.js,b1_prepositions_fixed_dative_bei_arztin_004,,,unmatched_current,Exception,manual review: no exact v0.2 source_row_id match,,,,LEGACY_SEED_SAFE_CANDIDATE,keep for separate seed-bank QA; do not remove as unmatched v0.2,Kontrast,selected_choice_value,prepositions_fixed_dative_bei_arztin,false,,Welche Phrase passt für einen Ort bei einer Person?,,at the doctor's,,bei der Ärztin | durch die Ärztin | gegen die Ärztin,,bei der Ärztin,,Use bei + dative for being at a person/institution.,,,,no imported v0.2 sourceRowId/comparison match; likely seed/system/route-specific content,,,
content/b1-prepositions.js,b1_prepositions_fixed_dative_nach_hause_001,,,unmatched_current,Exception,manual review: no exact v0.2 source_row_id match,,,,LEGACY_SEED_SAFE_CANDIDATE,keep for separate seed-bank QA; do not remove as unmatched v0.2,Auswahl,selected_choice_value,prepositions_fixed_dative_nach_hause,false,,Welche Version ist natürlich?,,I am going home.,,Ich gehe nach Hause. | Ich gehe zu Hause. | Ich gehe in Hause.,,Ich gehe nach Hause.,,Direction home is nach Hause.,,,,no imported v0.2 sourceRowId/comparison match; likely seed/system/route-specific content,,,
content/b1-prepositions.js,b1_prepositions_fixed_dative_nach_hause_002,,,unmatched_current,Exception,manual review: no exact v0.2 source_row_id match,,,,LEGACY_SEED_SAFE_CANDIDATE,keep for separate seed-bank QA; do not remove as unmatched v0.2,Luecke,typed,prepositions_fixed_dative_nach_hause,false,,Nach dem Termin gehe ich ___ Hause.,,"After the appointment, I go home.",,,,nach,,Use nach Hause for going home.,,,,no imported v0.2 sourceRowId/comparison match; likely seed/system/route-specific content,,,
content/b1-prepositions.js,b1_prepositions_fixed_dative_nach_hause_003,,,unmatched_current,Exception,manual review: no exact v0.2 source_row_id match,,,,LEGACY_SEED_SAFE_CANDIDATE,keep for separate seed-bank QA; do not remove as unmatched v0.2,Reparatur,typed,prepositions_fixed_dative_nach_hause,false,,Nach dem Termin gehe ich zu Hause.,,"After the appointment, I go home.",,,,Nach dem Termin gehe ich nach Hause.,,Movement home is nach Hause; zu Hause means at home.,,,,no imported v0.2 sourceRowId/comparison match; likely seed/system/route-specific content,,,
content/b1-prepositions.js,b1_prepositions_fixed_dative_nach_hause_004,,,unmatched_current,Exception,manual review: no exact v0.2 source_row_id match,,,,LEGACY_SEED_SAFE_CANDIDATE,keep for separate seed-bank QA; do not remove as unmatched v0.2,Kontrast,selected_choice_value,prepositions_fixed_dative_nach_hause,false,,Welche Phrase passt für Bewegung nach Hause?,,homeward,,nach Hause | zu Hause | aus Hause,,nach Hause,,Use nach Hause for direction.,,,,no imported v0.2 sourceRowId/comparison match; likely seed/system/route-specific content,,,
content/b1-prepositions.js,b1_prepositions_fixed_dative_von_krankenkasse_001,,,unmatched_current,Exception,manual review: no exact v0.2 source_row_id match,,,,LEGACY_SEED_SAFE_CANDIDATE,keep for separate seed-bank QA; do not remove as unmatched v0.2,Auswahl,selected_choice_value,prepositions_fixed_dative_von_krankenkasse,false,,Welche Form passt?,,The letter is from the health insurance provider.,,Der Brief ist von der Krankenkasse. | Der Brief ist von die Krankenkasse. | Der Brief ist für die Krankenkasse.,,Der Brief ist von der Krankenkasse.,,von is followed by dative: von der Krankenkasse.,,,,no imported v0.2 sourceRowId/comparison match; likely seed/system/route-specific content,,,
content/b1-prepositions.js,b1_prepositions_fixed_dative_von_krankenkasse_002,,,unmatched_current,Exception,manual review: no exact v0.2 source_row_id match,,,,LEGACY_SEED_SAFE_CANDIDATE,keep for separate seed-bank QA; do not remove as unmatched v0.2,Luecke,typed,prepositions_fixed_dative_von_krankenkasse,false,,Der Brief ist von ___ Krankenkasse.,,The letter is from the health insurance provider.,,,,der,,von takes dative: der Krankenkasse.,,,,no imported v0.2 sourceRowId/comparison match; likely seed/system/route-specific content,,,
content/b1-prepositions.js,b1_prepositions_fixed_dative_von_krankenkasse_003,,,unmatched_current,Exception,manual review: no exact v0.2 source_row_id match,,,,LEGACY_SEED_SAFE_CANDIDATE,keep for separate seed-bank QA; do not remove as unmatched v0.2,Reparatur,typed,prepositions_fixed_dative_von_krankenkasse,false,,Der Brief ist von die Krankenkasse.,,The letter is from the health insurance provider.,,,,Der Brief ist von der Krankenkasse.,,von takes dative.,,,,no imported v0.2 sourceRowId/comparison match; likely seed/system/route-specific content,,,
content/b1-prepositions.js,b1_prepositions_fixed_dative_von_krankenkasse_004,,,unmatched_current,Exception,manual review: no exact v0.2 source_row_id match,,,,LEGACY_SEED_SAFE_CANDIDATE,keep for separate seed-bank QA; do not remove as unmatched v0.2,Kontrast,selected_choice_value,prepositions_fixed_dative_von_krankenkasse,false,,Welche Phrase passt für Herkunft?,,from the health insurance provider,,von der Krankenkasse | für die Krankenkasse | durch die Krankenkasse,,von der Krankenkasse,,Use von + dative for source.,,,,no imported v0.2 sourceRowId/comparison match; likely seed/system/route-specific content,,,
content/b1-prepositions.js,b1_prepositions_fixed_dative_zu_termin_001,,,unmatched_current,Exception,manual review: no exact v0.2 source_row_id match,,,,LEGACY_SEED_SAFE_CANDIDATE,keep for separate seed-bank QA; do not remove as unmatched v0.2,Auswahl,selected_choice_value,prepositions_fixed_dative_zu_termin,false,,Welche Form passt?,,I am going to the appointment.,,Ich gehe zum Termin. | Ich gehe für den Termin. | Ich gehe zu den Termin.,,Ich gehe zum Termin.,,zu is followed by dative; zu dem becomes zum.,,,,no imported v0.2 sourceRowId/comparison match; likely seed/system/route-specific content,,,
content/b1-prepositions.js,b1_prepositions_fixed_dative_zu_termin_002,,,unmatched_current,Exception,manual review: no exact v0.2 source_row_id match,,,,LEGACY_SEED_SAFE_CANDIDATE,keep for separate seed-bank QA; do not remove as unmatched v0.2,Luecke,typed,prepositions_fixed_dative_zu_termin,false,,Ich gehe morgen zu ___ Termin.,,I am going to the appointment tomorrow.,,,,dem,,zu takes dative: zu dem Termin.,,,,no imported v0.2 sourceRowId/comparison match; likely seed/system/route-specific content,,,
content/b1-prepositions.js,b1_prepositions_fixed_dative_zu_termin_003,,,unmatched_current,Exception,manual review: no exact v0.2 source_row_id match,,,,LEGACY_SEED_SAFE_CANDIDATE,keep for separate seed-bank QA; do not remove as unmatched v0.2,Reparatur,typed,prepositions_fixed_dative_zu_termin,false,,Ich gehe morgen zu den Termin.,,I am going to the appointment tomorrow.,,,,Ich gehe morgen zu dem Termin.,,"zu takes dative, not accusative.",,,,no imported v0.2 sourceRowId/comparison match; likely seed/system/route-specific content,,,
content/b1-prepositions.js,b1_prepositions_fixed_dative_zu_termin_004,,,unmatched_current,Exception,manual review: no exact v0.2 source_row_id match,,,,LEGACY_SEED_SAFE_CANDIDATE,keep for separate seed-bank QA; do not remove as unmatched v0.2,Kontrast,selected_choice_value,prepositions_fixed_dative_zu_termin,false,,Welche Kurzform ist natürlich?,,to the appointment,,zum Termin | zu den Termin | für den Termin,,zum Termin,,zu dem is normally zum.,,,,no imported v0.2 sourceRowId/comparison match; likely seed/system/route-specific content,,,
content/b1-prepositions.js,b1_prepositions_fixed_dative_aus_praxis_001,,,unmatched_current,Exception,manual review: no exact v0.2 source_row_id match,,,,LEGACY_SEED_SAFE_CANDIDATE,keep for separate seed-bank QA; do not remove as unmatched v0.2,Auswahl,selected_choice_value,prepositions_fixed_dative_aus_praxis,false,,Welche Form passt?,,I am coming from the practice.,,Ich komme aus der Praxis. | Ich komme aus die Praxis. | Ich komme in die Praxis.,,Ich komme aus der Praxis.,,aus is followed by dative: aus der Praxis.,,,,no imported v0.2 sourceRowId/comparison match; likely seed/system/route-specific content,,,
content/b1-prepositions.js,b1_prepositions_fixed_dative_aus_praxis_002,,,unmatched_current,Exception,manual review: no exact v0.2 source_row_id match,,,,LEGACY_SEED_SAFE_CANDIDATE,keep for separate seed-bank QA; do not remove as unmatched v0.2,Luecke,typed,prepositions_fixed_dative_aus_praxis,false,,Ich komme gerade aus ___ Praxis.,,I have just come from the practice.,,,,der,,aus takes dative: der Praxis.,,,,no imported v0.2 sourceRowId/comparison match; likely seed/system/route-specific content,,,
content/b1-prepositions.js,b1_prepositions_fixed_dative_aus_praxis_003,,,unmatched_current,Exception,manual review: no exact v0.2 source_row_id match,,,,LEGACY_SEED_SAFE_CANDIDATE,keep for separate seed-bank QA; do not remove as unmatched v0.2,Reparatur,typed,prepositions_fixed_dative_aus_praxis,false,,Ich komme gerade aus die Praxis.,,I have just come from the practice.,,,,Ich komme gerade aus der Praxis.,,aus takes dative.,,,,no imported v0.2 sourceRowId/comparison match; likely seed/system/route-specific content,,,
content/b1-prepositions.js,b1_prepositions_fixed_dative_aus_praxis_004,,,unmatched_current,Exception,manual review: no exact v0.2 source_row_id match,,,,LEGACY_SEED_SAFE_CANDIDATE,keep for separate seed-bank QA; do not remove as unmatched v0.2,Kontrast,selected_choice_value,prepositions_fixed_dative_aus_praxis,false,,Welche Phrase passt für Herkunft aus einem Ort?,,from the practice,,aus der Praxis | in die Praxis | durch die Praxis,,aus der Praxis,,Use aus + dative for coming out of/from a place.,,,,no imported v0.2 sourceRowId/comparison match; likely seed/system/route-specific content,,,
content/b1-prepositions.js,b1_prepositions_fixed_dative_seit_kurs_001,,,unmatched_current,Exception,manual review: no exact v0.2 source_row_id match,,,,LEGACY_SEED_SAFE_CANDIDATE,keep for separate seed-bank QA; do not remove as unmatched v0.2,Auswahl,selected_choice_value,prepositions_fixed_dative_seit_kurs,false,,Welche Form passt?,,"Since the course, I study regularly.",,Seit dem Kurs lerne ich regelmäßig. | Seit den Kurs lerne ich regelmäßig. | Ab den Kurs lerne ich regelmäßig.,,Seit dem Kurs lerne ich regelmäßig.,,seit is followed by dative: seit dem Kurs.,,,,no imported v0.2 sourceRowId/comparison match; likely seed/system/route-specific content,,,
content/b1-prepositions.js,b1_prepositions_fixed_dative_seit_kurs_002,,,unmatched_current,Exception,manual review: no exact v0.2 source_row_id match,,,,LEGACY_SEED_SAFE_CANDIDATE,keep for separate seed-bank QA; do not remove as unmatched v0.2,Luecke,typed,prepositions_fixed_dative_seit_kurs,false,,Seit ___ Kurs lerne ich regelmäßig.,,"Since the course, I study regularly.",,,,dem,,seit takes dative: dem Kurs.,,,,no imported v0.2 sourceRowId/comparison match; likely seed/system/route-specific content,,,
content/b1-prepositions.js,b1_prepositions_fixed_dative_seit_kurs_003,,,unmatched_current,Exception,manual review: no exact v0.2 source_row_id match,,,,LEGACY_SEED_SAFE_CANDIDATE,keep for separate seed-bank QA; do not remove as unmatched v0.2,Reparatur,typed,prepositions_fixed_dative_seit_kurs,false,,Seit den Kurs lerne ich regelmäßig.,,"Since the course, I study regularly.",,,,Seit dem Kurs lerne ich regelmäßig.,,seit takes dative.,,,,no imported v0.2 sourceRowId/comparison match; likely seed/system/route-specific content,,,
content/b1-prepositions.js,b1_prepositions_fixed_dative_seit_kurs_004,,,unmatched_current,Exception,manual review: no exact v0.2 source_row_id match,,,,LEGACY_SEED_SAFE_CANDIDATE,keep for separate seed-bank QA; do not remove as unmatched v0.2,Kontrast,selected_choice_value,prepositions_fixed_dative_seit_kurs,false,,Welche Phrase passt für seit dem Kurs?,,since the course,,seit dem Kurs | seit den Kurs | um den Kurs,,seit dem Kurs,,Use seit + dative for since/for a period up to now.,,,,no imported v0.2 sourceRowId/comparison match; likely seed/system/route-specific content,,,
content/b1-prepositions.js,b1_prepositions_fixed_accusative_fuer_kurs_001,,,unmatched_current,Exception,manual review: no exact v0.2 source_row_id match,,,,LEGACY_SEED_SAFE_CANDIDATE,keep for separate seed-bank QA; do not remove as unmatched v0.2,Auswahl,selected_choice_value,prepositions_fixed_accusative_fuer_kurs,false,,Welche Form passt?,,The form is for the course.,,Das Formular ist für den Kurs. | Das Formular ist für dem Kurs. | Das Formular ist mit dem Kurs.,,Das Formular ist für den Kurs.,,für is followed by accusative: für den Kurs.,,,,no imported v0.2 sourceRowId/comparison match; likely seed/system/route-specific content,,,
content/b1-prepositions.js,b1_prepositions_fixed_accusative_fuer_kurs_002,,,unmatched_current,Exception,manual review: no exact v0.2 source_row_id match,,,,LEGACY_SEED_SAFE_CANDIDATE,keep for separate seed-bank QA; do not remove as unmatched v0.2,Luecke,typed,prepositions_fixed_accusative_fuer_kurs,false,,Das Formular ist für ___ Kurs.,,The form is for the course.,,,,den,,für takes accusative: den Kurs.,,,,no imported v0.2 sourceRowId/comparison match; likely seed/system/route-specific content,,,
content/b1-prepositions.js,b1_prepositions_fixed_accusative_fuer_kurs_003,,,unmatched_current,Exception,manual review: no exact v0.2 source_row_id match,,,,LEGACY_SEED_SAFE_CANDIDATE,keep for separate seed-bank QA; do not remove as unmatched v0.2,Reparatur,typed,prepositions_fixed_accusative_fuer_kurs,false,,Das Formular ist für dem Kurs.,,The form is for the course.,,,,Das Formular ist für den Kurs.,,"für takes accusative, not dative.",,,,no imported v0.2 sourceRowId/comparison match; likely seed/system/route-specific content,,,
content/b1-prepositions.js,b1_prepositions_fixed_accusative_fuer_kurs_004,,,unmatched_current,Exception,manual review: no exact v0.2 source_row_id match,,,,LEGACY_SEED_SAFE_CANDIDATE,keep for separate seed-bank QA; do not remove as unmatched v0.2,Kontrast,selected_choice_value,prepositions_fixed_accusative_fuer_kurs,false,,Welche Phrase passt zum Kurs?,,for the course,,für den Kurs | mit dem Kurs | bei dem Kurs,,für den Kurs,,Use für + accusative.,,,,no imported v0.2 sourceRowId/comparison match; likely seed/system/route-specific content,,,
content/b1-prepositions.js,b1_prepositions_fixed_accusative_ohne_unterlagen_001,,,unmatched_current,Exception,manual review: no exact v0.2 source_row_id match,,,,LEGACY_SEED_SAFE_CANDIDATE,keep for separate seed-bank QA; do not remove as unmatched v0.2,Auswahl,selected_choice_value,prepositions_fixed_accusative_ohne_unterlagen,false,,Welche Form passt?,,I am coming without the documents.,,Ich komme ohne die Unterlagen. | Ich komme ohne der Unterlagen. | Ich komme mit den Unterlagen.,,Ich komme ohne die Unterlagen.,,ohne is followed by accusative.,,,,no imported v0.2 sourceRowId/comparison match; likely seed/system/route-specific content,,,
content/b1-prepositions.js,b1_prepositions_fixed_accusative_ohne_unterlagen_002,,,unmatched_current,Exception,manual review: no exact v0.2 source_row_id match,,,,LEGACY_SEED_SAFE_CANDIDATE,keep for separate seed-bank QA; do not remove as unmatched v0.2,Luecke,typed,prepositions_fixed_accusative_ohne_unterlagen,false,,Ich komme ohne ___ Unterlagen.,,I am coming without the documents.,,,,die,,ohne takes accusative; plural article here is die.,,,,no imported v0.2 sourceRowId/comparison match; likely seed/system/route-specific content,,,
content/b1-prepositions.js,b1_prepositions_fixed_accusative_ohne_unterlagen_003,,,unmatched_current,Exception,manual review: no exact v0.2 source_row_id match,,,,LEGACY_SEED_SAFE_CANDIDATE,keep for separate seed-bank QA; do not remove as unmatched v0.2,Reparatur,typed,prepositions_fixed_accusative_ohne_unterlagen,false,,Ich komme ohne der Unterlagen.,,I am coming without the documents.,,,,Ich komme ohne die Unterlagen.,,"ohne takes accusative, not dative.",,,,no imported v0.2 sourceRowId/comparison match; likely seed/system/route-specific content,,,
content/b1-prepositions.js,b1_prepositions_fixed_accusative_ohne_unterlagen_004,,,unmatched_current,Exception,manual review: no exact v0.2 source_row_id match,,,,LEGACY_SEED_SAFE_CANDIDATE,keep for separate seed-bank QA; do not remove as unmatched v0.2,Kontrast,selected_choice_value,prepositions_fixed_accusative_ohne_unterlagen,false,,Welche Phrase bedeutet without the documents?,,without the documents,,ohne die Unterlagen | mit den Unterlagen | bei den Unterlagen,,ohne die Unterlagen,,Use ohne + accusative.,,,,no imported v0.2 sourceRowId/comparison match; likely seed/system/route-specific content,,,
content/b1-prepositions.js,b1_prepositions_fixed_accusative_durch_eingang_001,,,unmatched_current,Exception,manual review: no exact v0.2 source_row_id match,,,,LEGACY_SEED_SAFE_CANDIDATE,keep for separate seed-bank QA; do not remove as unmatched v0.2,Auswahl,selected_choice_value,prepositions_fixed_accusative_durch_eingang,false,,Welche Form passt?,,We go through the entrance.,,Wir gehen durch den Eingang. | Wir gehen durch dem Eingang. | Wir gehen bei dem Eingang.,,Wir gehen durch den Eingang.,,durch is followed by accusative: durch den Eingang.,,,,no imported v0.2 sourceRowId/comparison match; likely seed/system/route-specific content,,,
content/b1-prepositions.js,b1_prepositions_fixed_accusative_durch_eingang_002,,,unmatched_current,Exception,manual review: no exact v0.2 source_row_id match,,,,LEGACY_SEED_SAFE_CANDIDATE,keep for separate seed-bank QA; do not remove as unmatched v0.2,Luecke,typed,prepositions_fixed_accusative_durch_eingang,false,,Wir gehen durch ___ Eingang.,,We go through the entrance.,,,,den,,durch takes accusative: den Eingang.,,,,no imported v0.2 sourceRowId/comparison match; likely seed/system/route-specific content,,,
content/b1-prepositions.js,b1_prepositions_fixed_accusative_durch_eingang_003,,,unmatched_current,Exception,manual review: no exact v0.2 source_row_id match,,,,LEGACY_SEED_SAFE_CANDIDATE,keep for separate seed-bank QA; do not remove as unmatched v0.2,Reparatur,typed,prepositions_fixed_accusative_durch_eingang,false,,Wir gehen durch dem Eingang.,,We go through the entrance.,,,,Wir gehen durch den Eingang.,,durch takes accusative.,,,,no imported v0.2 sourceRowId/comparison match; likely seed/system/route-specific content,,,
content/b1-prepositions.js,b1_prepositions_fixed_accusative_durch_eingang_004,,,unmatched_current,Exception,manual review: no exact v0.2 source_row_id match,,,,LEGACY_SEED_SAFE_CANDIDATE,keep for separate seed-bank QA; do not remove as unmatched v0.2,Kontrast,selected_choice_value,prepositions_fixed_accusative_durch_eingang,false,,Welche Phrase passt für durch den Eingang?,,through the entrance,,durch den Eingang | bei dem Eingang | von dem Eingang,,durch den Eingang,,Use durch + accusative for through.,,,,no imported v0.2 sourceRowId/comparison match; likely seed/system/route-specific content,,,
content/b1-prepositions.js,b1_prepositions_fixed_accusative_gegen_husten_001,,,unmatched_current,Exception,manual review: no exact v0.2 source_row_id match,,,,LEGACY_SEED_SAFE_CANDIDATE,keep for separate seed-bank QA; do not remove as unmatched v0.2,Auswahl,selected_choice_value,prepositions_fixed_accusative_gegen_husten,false,,Welche Form passt?,,The medicine is for/against the cough.,,Das Mittel ist gegen den Husten. | Das Mittel ist gegen dem Husten. | Das Mittel ist mit dem Husten.,,Das Mittel ist gegen den Husten.,,gegen is followed by accusative: gegen den Husten.,,,,no imported v0.2 sourceRowId/comparison match; likely seed/system/route-specific content,,,
content/b1-prepositions.js,b1_prepositions_fixed_accusative_gegen_husten_002,,,unmatched_current,Exception,manual review: no exact v0.2 source_row_id match,,,,LEGACY_SEED_SAFE_CANDIDATE,keep for separate seed-bank QA; do not remove as unmatched v0.2,Luecke,typed,prepositions_fixed_accusative_gegen_husten,false,,Das Mittel ist gegen ___ Husten.,,The medicine is for/against the cough.,,,,den,,gegen takes accusative: den Husten.,,,,no imported v0.2 sourceRowId/comparison match; likely seed/system/route-specific content,,,
content/b1-prepositions.js,b1_prepositions_fixed_accusative_gegen_husten_003,,,unmatched_current,Exception,manual review: no exact v0.2 source_row_id match,,,,LEGACY_SEED_SAFE_CANDIDATE,keep for separate seed-bank QA; do not remove as unmatched v0.2,Reparatur,typed,prepositions_fixed_accusative_gegen_husten,false,,Das Mittel ist gegen dem Husten.,,The medicine is for/against the cough.,,,,Das Mittel ist gegen den Husten.,,gegen takes accusative.,,,,no imported v0.2 sourceRowId/comparison match; likely seed/system/route-specific content,,,
content/b1-prepositions.js,b1_prepositions_fixed_accusative_gegen_husten_004,,,unmatched_current,Exception,manual review: no exact v0.2 source_row_id match,,,,LEGACY_SEED_SAFE_CANDIDATE,keep for separate seed-bank QA; do not remove as unmatched v0.2,Kontrast,selected_choice_value,prepositions_fixed_accusative_gegen_husten,false,,Welche Phrase passt gegen Husten?,,against the cough,,gegen den Husten | mit dem Husten | bei dem Husten,,gegen den Husten,,Use gegen + accusative.,,,,no imported v0.2 sourceRowId/comparison match; likely seed/system/route-specific content,,,
content/b1-prepositions.js,b1_prepositions_fixed_accusative_um_platz_001,,,unmatched_current,Exception,manual review: no exact v0.2 source_row_id match,,,,LEGACY_SEED_SAFE_CANDIDATE,keep for separate seed-bank QA; do not remove as unmatched v0.2,Auswahl,selected_choice_value,prepositions_fixed_accusative_um_platz,false,,Welche Form passt?,,We walk around the square.,,Wir gehen um den Platz. | Wir gehen um dem Platz. | Wir gehen bei dem Platz.,,Wir gehen um den Platz.,,um is followed by accusative: um den Platz.,,,,no imported v0.2 sourceRowId/comparison match; likely seed/system/route-specific content,,,
content/b1-prepositions.js,b1_prepositions_fixed_accusative_um_platz_002,,,unmatched_current,Exception,manual review: no exact v0.2 source_row_id match,,,,LEGACY_SEED_SAFE_CANDIDATE,keep for separate seed-bank QA; do not remove as unmatched v0.2,Luecke,typed,prepositions_fixed_accusative_um_platz,false,,Wir gehen um ___ Platz.,,We walk around the square.,,,,den,,um takes accusative: den Platz.,,,,no imported v0.2 sourceRowId/comparison match; likely seed/system/route-specific content,,,
content/b1-prepositions.js,b1_prepositions_fixed_accusative_um_platz_003,,,unmatched_current,Exception,manual review: no exact v0.2 source_row_id match,,,,LEGACY_SEED_SAFE_CANDIDATE,keep for separate seed-bank QA; do not remove as unmatched v0.2,Reparatur,typed,prepositions_fixed_accusative_um_platz,false,,Wir gehen um dem Platz.,,We walk around the square.,,,,Wir gehen um den Platz.,,um takes accusative.,,,,no imported v0.2 sourceRowId/comparison match; likely seed/system/route-specific content,,,
content/b1-prepositions.js,b1_prepositions_fixed_accusative_um_platz_004,,,unmatched_current,Exception,manual review: no exact v0.2 source_row_id match,,,,LEGACY_SEED_SAFE_CANDIDATE,keep for separate seed-bank QA; do not remove as unmatched v0.2,Kontrast,selected_choice_value,prepositions_fixed_accusative_um_platz,false,,Welche Phrase passt für um den Platz?,,around the square,,um den Platz | bei dem Platz | von dem Platz,,um den Platz,,Use um + accusative for around.,,,,no imported v0.2 sourceRowId/comparison match; likely seed/system/route-specific content,,,
content/b1-prepositions.js,b1_prepositions_two_way_in_praxis_001,,,unmatched_current,Exception,manual review: no exact v0.2 source_row_id match,,,,LEGACY_SEED_SAFE_CANDIDATE,keep for separate seed-bank QA; do not remove as unmatched v0.2,Auswahl,selected_choice_value,prepositions_two_way_in_praxis,false,,Welche Version passt zu Wo?,,I am in the practice.,,Ich bin in der Praxis. | Ich bin in die Praxis. | Ich gehe in die Praxis.,,Ich bin in der Praxis.,,"Location answers wo, so the two-way preposition uses dative.",,,,no imported v0.2 sourceRowId/comparison match; likely seed/system/route-specific content,,,
content/b1-prepositions.js,b1_prepositions_two_way_in_praxis_002,,,unmatched_current,Exception,manual review: no exact v0.2 source_row_id match,,,,LEGACY_SEED_SAFE_CANDIDATE,keep for separate seed-bank QA; do not remove as unmatched v0.2,Luecke,typed,prepositions_two_way_in_praxis,false,,Ich bin in ___ Praxis.,,I am in the practice.,,,,der,,"Location answers wo, so use dative after in.",,,,no imported v0.2 sourceRowId/comparison match; likely seed/system/route-specific content,,,
content/b1-prepositions.js,b1_prepositions_two_way_in_praxis_003,,,unmatched_current,Exception,manual review: no exact v0.2 source_row_id match,,,,LEGACY_SEED_SAFE_CANDIDATE,keep for separate seed-bank QA; do not remove as unmatched v0.2,Reparatur,typed,prepositions_two_way_in_praxis,false,,Ich gehe in der Praxis.,,I am going into/to the practice.,,,,Ich gehe in die Praxis.,,"Direction answers wohin, so the two-way preposition uses accusative.",,,,no imported v0.2 sourceRowId/comparison match; likely seed/system/route-specific content,,,
content/b1-prepositions.js,b1_prepositions_two_way_in_praxis_004,,,unmatched_current,Exception,manual review: no exact v0.2 source_row_id match,,,,LEGACY_SEED_SAFE_CANDIDATE,keep for separate seed-bank QA; do not remove as unmatched v0.2,Kontrast,selected_choice_value,prepositions_two_way_in_praxis,false,,Wo oder wohin? Welche Version ist richtig?,,I am going into/to the practice.,,Ich bin in der Praxis. | Ich gehe in die Praxis. | Ich gehe in der Praxis.,,Ich gehe in die Praxis.,,"Direction to a destination answers wohin, so use accusative.",,,,no imported v0.2 sourceRowId/comparison match; likely seed/system/route-specific content,,,
content/b1-prepositions.js,b1_prepositions_two_way_auf_tisch_001,,,unmatched_current,Exception,manual review: no exact v0.2 source_row_id match,,,,LEGACY_SEED_SAFE_CANDIDATE,keep for separate seed-bank QA; do not remove as unmatched v0.2,Auswahl,selected_choice_value,prepositions_two_way_auf_tisch,false,,Welche Version passt zu Wo?,,The documents are lying on the table.,,Die Unterlagen liegen auf dem Tisch. | Die Unterlagen liegen auf den Tisch. | Ich lege die Unterlagen auf den Tisch.,,Die Unterlagen liegen auf dem Tisch.,,"Location answers wo, so the two-way preposition uses dative.",,,,no imported v0.2 sourceRowId/comparison match; likely seed/system/route-specific content,,,
content/b1-prepositions.js,b1_prepositions_two_way_auf_tisch_002,,,unmatched_current,Exception,manual review: no exact v0.2 source_row_id match,,,,LEGACY_SEED_SAFE_CANDIDATE,keep for separate seed-bank QA; do not remove as unmatched v0.2,Luecke,typed,prepositions_two_way_auf_tisch,false,,Die Unterlagen liegen auf ___ Tisch.,,The documents are lying on the table.,,,,dem,,"Location answers wo, so use dative after auf.",,,,no imported v0.2 sourceRowId/comparison match; likely seed/system/route-specific content,,,
content/b1-prepositions.js,b1_prepositions_two_way_auf_tisch_003,,,unmatched_current,Exception,manual review: no exact v0.2 source_row_id match,,,,LEGACY_SEED_SAFE_CANDIDATE,keep for separate seed-bank QA; do not remove as unmatched v0.2,Reparatur,typed,prepositions_two_way_auf_tisch,false,,Ich lege die Unterlagen auf dem Tisch.,,I put the documents onto the table.,,,,Ich lege die Unterlagen auf den Tisch.,,"Direction answers wohin, so the two-way preposition uses accusative.",,,,no imported v0.2 sourceRowId/comparison match; likely seed/system/route-specific content,,,
content/b1-prepositions.js,b1_prepositions_two_way_auf_tisch_004,,,unmatched_current,Exception,manual review: no exact v0.2 source_row_id match,,,,LEGACY_SEED_SAFE_CANDIDATE,keep for separate seed-bank QA; do not remove as unmatched v0.2,Kontrast,selected_choice_value,prepositions_two_way_auf_tisch,false,,Wo oder wohin? Welche Version ist richtig?,,I put the documents onto the table.,,Die Unterlagen liegen auf dem Tisch. | Ich lege die Unterlagen auf den Tisch. | Ich lege die Unterlagen auf dem Tisch.,,Ich lege die Unterlagen auf den Tisch.,,"Direction to a destination answers wohin, so use accusative.",,,,no imported v0.2 sourceRowId/comparison match; likely seed/system/route-specific content,,,
content/b1-prepositions.js,b1_prepositions_two_way_an_tuer_001,,,unmatched_current,Exception,manual review: no exact v0.2 source_row_id match,,,,LEGACY_SEED_SAFE_CANDIDATE,keep for separate seed-bank QA; do not remove as unmatched v0.2,Auswahl,selected_choice_value,prepositions_two_way_an_tuer,false,,Welche Version passt zu Wo?,,The notice is hanging on the door.,,Der Aushang hängt an der Tür. | Der Aushang hängt an die Tür. | Ich hänge den Aushang an die Tür.,,Der Aushang hängt an der Tür.,,"Location answers wo, so the two-way preposition uses dative.",,,,no imported v0.2 sourceRowId/comparison match; likely seed/system/route-specific content,,,
content/b1-prepositions.js,b1_prepositions_two_way_an_tuer_002,,,unmatched_current,Exception,manual review: no exact v0.2 source_row_id match,,,,LEGACY_SEED_SAFE_CANDIDATE,keep for separate seed-bank QA; do not remove as unmatched v0.2,Luecke,typed,prepositions_two_way_an_tuer,false,,Der Aushang hängt an ___ Tür.,,The notice is hanging on the door.,,,,der,,"Location answers wo, so use dative after an.",,,,no imported v0.2 sourceRowId/comparison match; likely seed/system/route-specific content,,,
content/b1-prepositions.js,b1_prepositions_two_way_an_tuer_003,,,unmatched_current,Exception,manual review: no exact v0.2 source_row_id match,,,,LEGACY_SEED_SAFE_CANDIDATE,keep for separate seed-bank QA; do not remove as unmatched v0.2,Reparatur,typed,prepositions_two_way_an_tuer,false,,Ich hänge den Aushang an der Tür.,,I hang the notice on the door.,,,,Ich hänge den Aushang an die Tür.,,"Direction answers wohin, so the two-way preposition uses accusative.",,,,no imported v0.2 sourceRowId/comparison match; likely seed/system/route-specific content,,,
content/b1-prepositions.js,b1_prepositions_two_way_an_tuer_004,,,unmatched_current,Exception,manual review: no exact v0.2 source_row_id match,,,,LEGACY_SEED_SAFE_CANDIDATE,keep for separate seed-bank QA; do not remove as unmatched v0.2,Kontrast,selected_choice_value,prepositions_two_way_an_tuer,false,,Wo oder wohin? Welche Version ist richtig?,,I hang the notice on the door.,,Der Aushang hängt an der Tür. | Ich hänge den Aushang an die Tür. | Ich hänge den Aushang an der Tür.,,Ich hänge den Aushang an die Tür.,,"Direction to a destination answers wohin, so use accusative.",,,,no imported v0.2 sourceRowId/comparison match; likely seed/system/route-specific content,,,
content/b1-prepositions.js,b1_prepositions_two_way_unter_tisch_001,,,unmatched_current,Exception,manual review: no exact v0.2 source_row_id match,,,,LEGACY_SEED_SAFE_CANDIDATE,keep for separate seed-bank QA; do not remove as unmatched v0.2,Auswahl,selected_choice_value,prepositions_two_way_unter_tisch,false,,Welche Version passt zu Wo?,,The bag is under the table.,,Die Tasche steht unter dem Tisch. | Die Tasche steht unter den Tisch. | Ich stelle die Tasche unter den Tisch.,,Die Tasche steht unter dem Tisch.,,"Location answers wo, so the two-way preposition uses dative.",,,,no imported v0.2 sourceRowId/comparison match; likely seed/system/route-specific content,,,
content/b1-prepositions.js,b1_prepositions_two_way_unter_tisch_002,,,unmatched_current,Exception,manual review: no exact v0.2 source_row_id match,,,,LEGACY_SEED_SAFE_CANDIDATE,keep for separate seed-bank QA; do not remove as unmatched v0.2,Luecke,typed,prepositions_two_way_unter_tisch,false,,Die Tasche steht unter ___ Tisch.,,The bag is under the table.,,,,dem,,"Location answers wo, so use dative after unter.",,,,no imported v0.2 sourceRowId/comparison match; likely seed/system/route-specific content,,,
content/b1-prepositions.js,b1_prepositions_two_way_unter_tisch_003,,,unmatched_current,Exception,manual review: no exact v0.2 source_row_id match,,,,LEGACY_SEED_SAFE_CANDIDATE,keep for separate seed-bank QA; do not remove as unmatched v0.2,Reparatur,typed,prepositions_two_way_unter_tisch,false,,Ich stelle die Tasche unter dem Tisch.,,I put the bag under the table.,,,,Ich stelle die Tasche unter den Tisch.,,"Direction answers wohin, so the two-way preposition uses accusative.",,,,no imported v0.2 sourceRowId/comparison match; likely seed/system/route-specific content,,,
content/b1-prepositions.js,b1_prepositions_two_way_unter_tisch_004,,,unmatched_current,Exception,manual review: no exact v0.2 source_row_id match,,,,LEGACY_SEED_SAFE_CANDIDATE,keep for separate seed-bank QA; do not remove as unmatched v0.2,Kontrast,selected_choice_value,prepositions_two_way_unter_tisch,false,,Wo oder wohin? Welche Version ist richtig?,,I put the bag under the table.,,Die Tasche steht unter dem Tisch. | Ich stelle die Tasche unter den Tisch. | Ich stelle die Tasche unter dem Tisch.,,Ich stelle die Tasche unter den Tisch.,,"Direction to a destination answers wohin, so use accusative.",,,,no imported v0.2 sourceRowId/comparison match; likely seed/system/route-specific content,,,
content/b1-prepositions.js,b1_prepositions_two_way_ueber_tuer_001,,,unmatched_current,Exception,manual review: no exact v0.2 source_row_id match,,,,LEGACY_SEED_SAFE_CANDIDATE,keep for separate seed-bank QA; do not remove as unmatched v0.2,Auswahl,selected_choice_value,prepositions_two_way_ueber_tuer,false,,Welche Version passt zu Wo?,,The sign is hanging above the door.,,Das Schild hängt über der Tür. | Das Schild hängt über die Tür. | Ich hänge das Schild über die Tür.,,Das Schild hängt über der Tür.,,"Location answers wo, so the two-way preposition uses dative.",,,,no imported v0.2 sourceRowId/comparison match; likely seed/system/route-specific content,,,
content/b1-prepositions.js,b1_prepositions_two_way_ueber_tuer_002,,,unmatched_current,Exception,manual review: no exact v0.2 source_row_id match,,,,LEGACY_SEED_SAFE_CANDIDATE,keep for separate seed-bank QA; do not remove as unmatched v0.2,Luecke,typed,prepositions_two_way_ueber_tuer,false,,Das Schild hängt über ___ Tür.,,The sign is hanging above the door.,,,,der,,"Location answers wo, so use dative after über.",,,,no imported v0.2 sourceRowId/comparison match; likely seed/system/route-specific content,,,
content/b1-prepositions.js,b1_prepositions_two_way_ueber_tuer_003,,,unmatched_current,Exception,manual review: no exact v0.2 source_row_id match,,,,LEGACY_SEED_SAFE_CANDIDATE,keep for separate seed-bank QA; do not remove as unmatched v0.2,Reparatur,typed,prepositions_two_way_ueber_tuer,false,,Ich hänge das Schild über der Tür.,,I hang the sign above the door.,,,,Ich hänge das Schild über die Tür.,,"Direction answers wohin, so the two-way preposition uses accusative.",,,,no imported v0.2 sourceRowId/comparison match; likely seed/system/route-specific content,,,
content/b1-prepositions.js,b1_prepositions_two_way_ueber_tuer_004,,,unmatched_current,Exception,manual review: no exact v0.2 source_row_id match,,,,LEGACY_SEED_SAFE_CANDIDATE,keep for separate seed-bank QA; do not remove as unmatched v0.2,Kontrast,selected_choice_value,prepositions_two_way_ueber_tuer,false,,Wo oder wohin? Welche Version ist richtig?,,I hang the sign above the door.,,Das Schild hängt über der Tür. | Ich hänge das Schild über die Tür. | Ich hänge das Schild über der Tür.,,Ich hänge das Schild über die Tür.,,"Direction to a destination answers wohin, so use accusative.",,,,no imported v0.2 sourceRowId/comparison match; likely seed/system/route-specific content,,,
content/b1-prepositions.js,b1_prepositions_two_way_vor_eingang_001,,,unmatched_current,Exception,manual review: no exact v0.2 source_row_id match,,,,LEGACY_SEED_SAFE_CANDIDATE,keep for separate seed-bank QA; do not remove as unmatched v0.2,Auswahl,selected_choice_value,prepositions_two_way_vor_eingang,false,,Welche Version passt zu Wo?,,We meet in front of the entrance.,,Wir treffen uns vor dem Eingang. | Wir treffen uns vor den Eingang. | Ich stelle mich vor den Eingang.,,Wir treffen uns vor dem Eingang.,,"Location answers wo, so the two-way preposition uses dative.",,,,no imported v0.2 sourceRowId/comparison match; likely seed/system/route-specific content,,,
content/b1-prepositions.js,b1_prepositions_two_way_vor_eingang_002,,,unmatched_current,Exception,manual review: no exact v0.2 source_row_id match,,,,LEGACY_SEED_SAFE_CANDIDATE,keep for separate seed-bank QA; do not remove as unmatched v0.2,Luecke,typed,prepositions_two_way_vor_eingang,false,,Wir treffen uns vor ___ Eingang.,,We meet in front of the entrance.,,,,dem,,"Location answers wo, so use dative after vor.",,,,no imported v0.2 sourceRowId/comparison match; likely seed/system/route-specific content,,,
content/b1-prepositions.js,b1_prepositions_two_way_vor_eingang_003,,,unmatched_current,Exception,manual review: no exact v0.2 source_row_id match,,,,LEGACY_SEED_SAFE_CANDIDATE,keep for separate seed-bank QA; do not remove as unmatched v0.2,Reparatur,typed,prepositions_two_way_vor_eingang,false,,Ich stelle mich vor dem Eingang.,,I position myself in front of the entrance.,,,,Ich stelle mich vor den Eingang.,,"Direction answers wohin, so the two-way preposition uses accusative.",,,,no imported v0.2 sourceRowId/comparison match; likely seed/system/route-specific content,,,
content/b1-prepositions.js,b1_prepositions_two_way_vor_eingang_004,,,unmatched_current,Exception,manual review: no exact v0.2 source_row_id match,,,,LEGACY_SEED_SAFE_CANDIDATE,keep for separate seed-bank QA; do not remove as unmatched v0.2,Kontrast,selected_choice_value,prepositions_two_way_vor_eingang,false,,Wo oder wohin? Welche Version ist richtig?,,I position myself in front of the entrance.,,Wir treffen uns vor dem Eingang. | Ich stelle mich vor den Eingang. | Ich stelle mich vor dem Eingang.,,Ich stelle mich vor den Eingang.,,"Direction to a destination answers wohin, so use accusative.",,,,no imported v0.2 sourceRowId/comparison match; likely seed/system/route-specific content,,,
content/b1-prepositions.js,b1_prepositions_two_way_hinter_schrank_001,,,unmatched_current,Exception,manual review: no exact v0.2 source_row_id match,,,,LEGACY_SEED_SAFE_CANDIDATE,keep for separate seed-bank QA; do not remove as unmatched v0.2,Auswahl,selected_choice_value,prepositions_two_way_hinter_schrank,false,,Welche Version passt zu Wo?,,The box is behind the cupboard.,,Die Kiste steht hinter dem Schrank. | Die Kiste steht hinter den Schrank. | Ich stelle die Kiste hinter den Schrank.,,Die Kiste steht hinter dem Schrank.,,"Location answers wo, so the two-way preposition uses dative.",,,,no imported v0.2 sourceRowId/comparison match; likely seed/system/route-specific content,,,
content/b1-prepositions.js,b1_prepositions_two_way_hinter_schrank_002,,,unmatched_current,Exception,manual review: no exact v0.2 source_row_id match,,,,LEGACY_SEED_SAFE_CANDIDATE,keep for separate seed-bank QA; do not remove as unmatched v0.2,Luecke,typed,prepositions_two_way_hinter_schrank,false,,Die Kiste steht hinter ___ Schrank.,,The box is behind the cupboard.,,,,dem,,"Location answers wo, so use dative after hinter.",,,,no imported v0.2 sourceRowId/comparison match; likely seed/system/route-specific content,,,
content/b1-prepositions.js,b1_prepositions_two_way_hinter_schrank_003,,,unmatched_current,Exception,manual review: no exact v0.2 source_row_id match,,,,LEGACY_SEED_SAFE_CANDIDATE,keep for separate seed-bank QA; do not remove as unmatched v0.2,Reparatur,typed,prepositions_two_way_hinter_schrank,false,,Ich stelle die Kiste hinter dem Schrank.,,I put the box behind the cupboard.,,,,Ich stelle die Kiste hinter den Schrank.,,"Direction answers wohin, so the two-way preposition uses accusative.",,,,no imported v0.2 sourceRowId/comparison match; likely seed/system/route-specific content,,,
content/b1-prepositions.js,b1_prepositions_two_way_hinter_schrank_004,,,unmatched_current,Exception,manual review: no exact v0.2 source_row_id match,,,,LEGACY_SEED_SAFE_CANDIDATE,keep for separate seed-bank QA; do not remove as unmatched v0.2,Kontrast,selected_choice_value,prepositions_two_way_hinter_schrank,false,,Wo oder wohin? Welche Version ist richtig?,,I put the box behind the cupboard.,,Die Kiste steht hinter dem Schrank. | Ich stelle die Kiste hinter den Schrank. | Ich stelle die Kiste hinter dem Schrank.,,Ich stelle die Kiste hinter den Schrank.,,"Direction to a destination answers wohin, so use accusative.",,,,no imported v0.2 sourceRowId/comparison match; likely seed/system/route-specific content,,,
content/b1-prepositions.js,b1_prepositions_two_way_neben_schreibtisch_001,,,unmatched_current,Exception,manual review: no exact v0.2 source_row_id match,,,,LEGACY_SEED_SAFE_CANDIDATE,keep for separate seed-bank QA; do not remove as unmatched v0.2,Auswahl,selected_choice_value,prepositions_two_way_neben_schreibtisch,false,,Welche Version passt zu Wo?,,The chair is beside the desk.,,Der Stuhl steht neben dem Schreibtisch. | Der Stuhl steht neben den Schreibtisch. | Ich stelle den Stuhl neben den Schreibtisch.,,Der Stuhl steht neben dem Schreibtisch.,,"Location answers wo, so the two-way preposition uses dative.",,,,no imported v0.2 sourceRowId/comparison match; likely seed/system/route-specific content,,,
content/b1-prepositions.js,b1_prepositions_two_way_neben_schreibtisch_002,,,unmatched_current,Exception,manual review: no exact v0.2 source_row_id match,,,,LEGACY_SEED_SAFE_CANDIDATE,keep for separate seed-bank QA; do not remove as unmatched v0.2,Luecke,typed,prepositions_two_way_neben_schreibtisch,false,,Der Stuhl steht neben ___ Schreibtisch.,,The chair is beside the desk.,,,,dem,,"Location answers wo, so use dative after neben.",,,,no imported v0.2 sourceRowId/comparison match; likely seed/system/route-specific content,,,
content/b1-prepositions.js,b1_prepositions_two_way_neben_schreibtisch_003,,,unmatched_current,Exception,manual review: no exact v0.2 source_row_id match,,,,LEGACY_SEED_SAFE_CANDIDATE,keep for separate seed-bank QA; do not remove as unmatched v0.2,Reparatur,typed,prepositions_two_way_neben_schreibtisch,false,,Ich stelle den Stuhl neben dem Schreibtisch.,,I put the chair beside the desk.,,,,Ich stelle den Stuhl neben den Schreibtisch.,,"Direction answers wohin, so the two-way preposition uses accusative.",,,,no imported v0.2 sourceRowId/comparison match; likely seed/system/route-specific content,,,
content/b1-prepositions.js,b1_prepositions_two_way_neben_schreibtisch_004,,,unmatched_current,Exception,manual review: no exact v0.2 source_row_id match,,,,LEGACY_SEED_SAFE_CANDIDATE,keep for separate seed-bank QA; do not remove as unmatched v0.2,Kontrast,selected_choice_value,prepositions_two_way_neben_schreibtisch,false,,Wo oder wohin? Welche Version ist richtig?,,I put the chair beside the desk.,,Der Stuhl steht neben dem Schreibtisch. | Ich stelle den Stuhl neben den Schreibtisch. | Ich stelle den Stuhl neben dem Schreibtisch.,,Ich stelle den Stuhl neben den Schreibtisch.,,"Direction to a destination answers wohin, so use accusative.",,,,no imported v0.2 sourceRowId/comparison match; likely seed/system/route-specific content,,,
content/b1-prepositions.js,b1_prepositions_two_way_zwischen_fenster_001,,,unmatched_current,Exception,manual review: no exact v0.2 source_row_id match,,,,LEGACY_SEED_SAFE_CANDIDATE,keep for separate seed-bank QA; do not remove as unmatched v0.2,Auswahl,selected_choice_value,prepositions_two_way_zwischen_fenster,false,,Welche Version passt zu Wo?,,The calendar is hanging between the windows.,,Der Kalender hängt zwischen den Fenstern. | Der Kalender hängt zwischen die Fenster. | Ich hänge den Kalender zwischen die Fenster.,,Der Kalender hängt zwischen den Fenstern.,,"Location answers wo, so the two-way preposition uses dative.",,,,no imported v0.2 sourceRowId/comparison match; likely seed/system/route-specific content,,,
content/b1-prepositions.js,b1_prepositions_two_way_zwischen_fenster_002,,,unmatched_current,Exception,manual review: no exact v0.2 source_row_id match,,,,LEGACY_SEED_SAFE_CANDIDATE,keep for separate seed-bank QA; do not remove as unmatched v0.2,Luecke,typed,prepositions_two_way_zwischen_fenster,false,,Der Kalender hängt zwischen ___ Fenstern.,,The calendar is hanging between the windows.,,,,den,,"Location answers wo, so use dative after zwischen.",,,,no imported v0.2 sourceRowId/comparison match; likely seed/system/route-specific content,,,
content/b1-prepositions.js,b1_prepositions_two_way_zwischen_fenster_003,,,unmatched_current,Exception,manual review: no exact v0.2 source_row_id match,,,,LEGACY_SEED_SAFE_CANDIDATE,keep for separate seed-bank QA; do not remove as unmatched v0.2,Reparatur,typed,prepositions_two_way_zwischen_fenster,false,,Ich hänge den Kalender zwischen den Fenstern.,,I hang the calendar between the windows.,,,,Ich hänge den Kalender zwischen die Fenster.,,"Direction answers wohin, so the two-way preposition uses accusative.",,,,no imported v0.2 sourceRowId/comparison match; likely seed/system/route-specific content,,,
content/b1-prepositions.js,b1_prepositions_two_way_zwischen_fenster_004,,,unmatched_current,Exception,manual review: no exact v0.2 source_row_id match,,,,LEGACY_SEED_SAFE_CANDIDATE,keep for separate seed-bank QA; do not remove as unmatched v0.2,Kontrast,selected_choice_value,prepositions_two_way_zwischen_fenster,false,,Wo oder wohin? Welche Version ist richtig?,,I hang the calendar between the windows.,,Der Kalender hängt zwischen den Fenstern. | Ich hänge den Kalender zwischen die Fenster. | Ich hänge den Kalender zwischen den Fenstern.,,Ich hänge den Kalender zwischen die Fenster.,,"Direction to a destination answers wohin, so use accusative.",,,,no imported v0.2 sourceRowId/comparison match; likely seed/system/route-specific content,,,
content/b1-prepositions.js,b1_prepositions_temporal_appointments_001,,,unmatched_current,Exception,manual review: no exact v0.2 source_row_id match,,,,LEGACY_SEED_SAFE_CANDIDATE,keep for separate seed-bank QA; do not remove as unmatched v0.2,Auswahl,selected_choice_value,prepositions_temporal_appointments,false,,Welche Zeitangabe passt für einen Tag?,,on Monday,,am Montag | um Montag | im Montag,,am Montag,,Use am for days: am Montag.,,,,no imported v0.2 sourceRowId/comparison match; likely seed/system/route-specific content,,,
content/b1-prepositions.js,b1_prepositions_temporal_appointments_002,,,unmatched_current,Exception,manual review: no exact v0.2 source_row_id match,,,,LEGACY_SEED_SAFE_CANDIDATE,keep for separate seed-bank QA; do not remove as unmatched v0.2,Luecke,typed,prepositions_temporal_appointments,false,,Der Termin ist ___ acht Uhr.,,The appointment is at eight o'clock.,,,,um,,Use um for clock times.,,,,no imported v0.2 sourceRowId/comparison match; likely seed/system/route-specific content,,,
content/b1-prepositions.js,b1_prepositions_temporal_appointments_003,,,unmatched_current,Exception,manual review: no exact v0.2 source_row_id match,,,,LEGACY_SEED_SAFE_CANDIDATE,keep for separate seed-bank QA; do not remove as unmatched v0.2,Kontrast,selected_choice_value,prepositions_temporal_appointments,false,,Welche Zeitangabe passt für einen Monat?,,in June,,im Juni | am Juni | um Juni,,im Juni,,Use im for months: im Juni.,,,,no imported v0.2 sourceRowId/comparison match; likely seed/system/route-specific content,,,
content/b1-prepositions.js,b1_prepositions_temporal_appointments_004,,,unmatched_current,Exception,manual review: no exact v0.2 source_row_id match,,,,LEGACY_SEED_SAFE_CANDIDATE,keep for separate seed-bank QA; do not remove as unmatched v0.2,Reparatur,typed,prepositions_temporal_appointments,false,,Ich warte seit den Termin.,,I have been waiting since the appointment.,,,,Ich warte seit dem Termin.,,seit is followed by dative: seit dem Termin.,,,,no imported v0.2 sourceRowId/comparison match; likely seed/system/route-specific content,,,
content/b1-prepositions.js,b1_prepositions_temporal_appointments_005,,,unmatched_current,Exception,manual review: no exact v0.2 source_row_id match,,,,LEGACY_SEED_SAFE_CANDIDATE,keep for separate seed-bank QA; do not remove as unmatched v0.2,Kontrast,selected_choice_value,prepositions_temporal_appointments,false,,Welche Zeitangabe passt für ab nächster Woche?,,from next week,,ab nächster Woche | seit nächster Woche | um nächster Woche,,ab nächster Woche,,Use ab for a starting point in the future.,,,,no imported v0.2 sourceRowId/comparison match; likely seed/system/route-specific content,,,
content/b1-prepositions.js,b1_prepositions_temporal_appointments_006,,,unmatched_current,Exception,manual review: no exact v0.2 source_row_id match,,,,LEGACY_SEED_SAFE_CANDIDATE,keep for separate seed-bank QA; do not remove as unmatched v0.2,Luecke,typed,prepositions_temporal_appointments,false,,Bitte kommen Sie ___ dem Termin zehn Minuten früher.,,Please come ten minutes earlier before the appointment.,,,,vor,,Use vor for before an event.,,,,no imported v0.2 sourceRowId/comparison match; likely seed/system/route-specific content,,,
content/b1-prepositions.js,b1_prepositions_temporal_appointments_007,,,unmatched_current,Exception,manual review: no exact v0.2 source_row_id match,,,,LEGACY_SEED_SAFE_CANDIDATE,keep for separate seed-bank QA; do not remove as unmatched v0.2,Luecke,typed,prepositions_temporal_appointments,false,,Ich rufe Sie ___ dem Kurs an.,,I will call you after the course.,,,,nach,,Use nach for after an event.,,,,no imported v0.2 sourceRowId/comparison match; likely seed/system/route-specific content,,,
content/b1-prepositions.js,b1_prepositions_temporal_appointments_008,,,unmatched_current,Exception,manual review: no exact v0.2 source_row_id match,,,,LEGACY_SEED_SAFE_CANDIDATE,keep for separate seed-bank QA; do not remove as unmatched v0.2,Kontrast,selected_choice_value,prepositions_temporal_appointments,false,,Welche Zeitangabe passt für bis Freitag?,,until Friday,,bis Freitag | seit Freitag | ab Freitag,,bis Freitag,,Use bis for until a deadline.,,,,no imported v0.2 sourceRowId/comparison match; likely seed/system/route-specific content,,,
content/b1-prepositions.js,b1_prepositions_v085_variable_001,,,unmatched_current,Exception,manual review: no exact v0.2 source_row_id match,,,,LEGACY_SEED_SAFE_CANDIDATE,keep for separate seed-bank QA; do not remove as unmatched v0.2,Reparatur,edit_text,prepositions_v085_variable_fixed_dative_route,false,,Korrigiere den Satz.,,I travel to the appointment by bus.,,,,Ich fahre mit dem Bus zu dem Termin.,,Repair the selected preposition-case errors.,,,,no imported v0.2 sourceRowId/comparison match; likely seed/system/route-specific content,,,
content/b1-prepositions.js,mit_dative_bus,,,unmatched_current,,,,,,LEGACY_SEED_SAFE_CANDIDATE,keep for separate seed-bank QA; do not remove as unmatched v0.2,,,,false,,,,,,,,,,mit takes dative: mit dem Bus.,,,,no imported v0.2 sourceRowId/comparison match; likely seed/system/route-specific content,,,
content/b1-prepositions.js,zu_dative_termin,,,unmatched_current,,,,,,LEGACY_SEED_SAFE_CANDIDATE,keep for separate seed-bank QA; do not remove as unmatched v0.2,,,,false,,,,,,,,,,zu takes dative: zu dem Termin.,,,,no imported v0.2 sourceRowId/comparison match; likely seed/system/route-specific content,,,
content/b1-prepositions.js,b1_prepositions_v085_variable_002,,,unmatched_current,Exception,manual review: no exact v0.2 source_row_id match,,,,LEGACY_SEED_SAFE_CANDIDATE,keep for separate seed-bank QA; do not remove as unmatched v0.2,Reparatur,edit_text,prepositions_v085_variable_two_way_location_direction,false,,Korrigiere den Satz.,,I go into the practice and wait in front of the entrance.,,,,Ich gehe in die Praxis und warte vor dem Eingang.,,Repair the selected two-way preposition errors.,,,,no imported v0.2 sourceRowId/comparison match; likely seed/system/route-specific content,,,
content/b1-prepositions.js,direction_in_accusative,,,unmatched_current,,,,,,LEGACY_SEED_SAFE_CANDIDATE,keep for separate seed-bank QA; do not remove as unmatched v0.2,,,,false,,,,,,,,,,Movement into a place answers wohin: in die Praxis.,,,,no imported v0.2 sourceRowId/comparison match; likely seed/system/route-specific content,,,
content/b1-prepositions.js,location_vor_dative,,,unmatched_current,,,,,,LEGACY_SEED_SAFE_CANDIDATE,keep for separate seed-bank QA; do not remove as unmatched v0.2,,,,false,,,,,,,,,,Location answers wo: vor dem Eingang.,,,,no imported v0.2 sourceRowId/comparison match; likely seed/system/route-specific content,,,
content/b1-redemittel.js,b1_redemittel_001,,,unmatched_current,Exception,manual review: no exact v0.2 source_row_id match,,,,LEGACY_SEED_SAFE_CANDIDATE,keep for separate seed-bank QA; do not remove as unmatched v0.2,redemittel_cloze,,,false,,Vielen Dank ___ Ihre Nachricht.,,Thank you for your message.,,,,für,,vielen Dank für + Akkusativ is a standard formal phrase.,,,,no imported v0.2 sourceRowId/comparison match; likely seed/system/route-specific content,,,
content/b1-redemittel.js,b1_redemittel_002,,,unmatched_current,Exception,manual review: no exact v0.2 source_row_id match,,,,LEGACY_SEED_SAFE_CANDIDATE,keep for separate seed-bank QA; do not remove as unmatched v0.2,redemittel_cloze,,,false,,"Ich schreibe Ihnen, ___ ich eine Frage habe.",,I am writing because I have a question.,,,,weil,,"In formal email, Ich schreibe Ihnen, weil ... is clear and polite.",,,,no imported v0.2 sourceRowId/comparison match; likely seed/system/route-specific content,,,
content/b1-redemittel.js,b1_redemittel_003,,,unmatched_current,Exception,manual review: no exact v0.2 source_row_id match,,,,LEGACY_SEED_SAFE_CANDIDATE,keep for separate seed-bank QA; do not remove as unmatched v0.2,redemittel_cloze,,,false,,Ich freue mich ___ Ihre Antwort.,,I look forward to your reply.,,,,auf,,sich freuen auf + Akkusativ.,,,,no imported v0.2 sourceRowId/comparison match; likely seed/system/route-specific content,,,
content/b1-redemittel.js,b1_redemittel_004,,,unmatched_current,Exception,manual review: no exact v0.2 source_row_id match,,,,LEGACY_SEED_SAFE_CANDIDATE,keep for separate seed-bank QA; do not remove as unmatched v0.2,redemittel_cloze,,,false,,___ freundlichen Grüßen,,Kind regards.,,,,Mit,,Formal closing starts with Mit.,,,,no imported v0.2 sourceRowId/comparison match; likely seed/system/route-specific content,,,
content/b1-redemittel.js,b1_redemittel_005,,,unmatched_current,Exception,manual review: no exact v0.2 source_row_id match,,,,LEGACY_SEED_SAFE_CANDIDATE,keep for separate seed-bank QA; do not remove as unmatched v0.2,redemittel_cloze,,,false,,"Sehr geehrte ___ Müller,",,"Dear Ms Müller,",,,,Frau,,Use Frau with the feminine formal greeting.,,,,no imported v0.2 sourceRowId/comparison match; likely seed/system/route-specific content,,,
content/b1-redemittel.js,b1_redemittel_006,,,unmatched_current,Exception,manual review: no exact v0.2 source_row_id match,,,,LEGACY_SEED_SAFE_CANDIDATE,keep for separate seed-bank QA; do not remove as unmatched v0.2,redemittel_cloze,,,false,,"Sehr geehrter ___ Schneider,",,"Dear Mr Schneider,",,,,Herr,,Use Herr with the masculine formal greeting.,,,,no imported v0.2 sourceRowId/comparison match; likely seed/system/route-specific content,,,
content/b1-redemittel.js,b1_redemittel_007,,,unmatched_current,Exception,manual review: no exact v0.2 source_row_id match,,,,LEGACY_SEED_SAFE_CANDIDATE,keep for separate seed-bank QA; do not remove as unmatched v0.2,redemittel_cloze,,,false,,Ich möchte mich ___ die Informationen bedanken.,,I would like to thank you for the information.,,,,für,,sich bedanken für is the useful pattern.,,,,no imported v0.2 sourceRowId/comparison match; likely seed/system/route-specific content,,,
content/b1-redemittel.js,b1_redemittel_008,,,unmatched_current,Exception,manual review: no exact v0.2 source_row_id match,,,,LEGACY_SEED_SAFE_CANDIDATE,keep for separate seed-bank QA; do not remove as unmatched v0.2,redemittel_cloze,,,false,,Könnten Sie mir bitte ___ Informationen schicken?,,Could you please send me more information?,,,,weitere,,weitere Informationen is a common formal request.,,,,no imported v0.2 sourceRowId/comparison match; likely seed/system/route-specific content,,,
content/b1-redemittel.js,b1_redemittel_009,,,unmatched_current,Exception,manual review: no exact v0.2 source_row_id match,,,,LEGACY_SEED_SAFE_CANDIDATE,keep for separate seed-bank QA; do not remove as unmatched v0.2,phrase_choice,,,false,,Formelle Anrede:,,Choose the formal opening.,,"Hallo Frau Müller, | Sehr geehrte Frau Müller, | Liebe Frau Müller,",,"Sehr geehrte Frau Müller,",,Sehr geehrte/r is the safest formal email opening.,,,,no imported v0.2 sourceRowId/comparison match; likely seed/system/route-specific content,,,
content/b1-redemittel.js,b1_redemittel_010,,,unmatched_current,Exception,manual review: no exact v0.2 source_row_id match,,,,LEGACY_SEED_SAFE_CANDIDATE,keep for separate seed-bank QA; do not remove as unmatched v0.2,phrase_choice,,,false,,Formeller Schluss:,,Choose the formal closing.,,Viele Grüße | Mit freundlichen Grüßen | Freundlichen Gruß,,Mit freundlichen Grüßen,,Mit freundlichen Grüßen is neutral and formal.,,,,no imported v0.2 sourceRowId/comparison match; likely seed/system/route-specific content,,,
content/b1-redemittel.js,b1_redemittel_011,,,unmatched_current,Exception,manual review: no exact v0.2 source_row_id match,,,,LEGACY_SEED_SAFE_CANDIDATE,keep for separate seed-bank QA; do not remove as unmatched v0.2,Kontrast,selected_choice_value,,false,,Welche formelle Schlussform passt am besten?,,Make the request polite and formal.,,Schreib mir schnell. | Ich freue mich auf Ihre Antwort. | Antworten Sie bitte bis morgen.,,Ich freue mich auf Ihre Antwort.,,Neutral closing expectation; the other options sound too informal or too commanding.,,,,no imported v0.2 sourceRowId/comparison match; likely seed/system/route-specific content,,,
content/b1-redemittel.js,b1_redemittel_012,,,unmatched_current,Exception,manual review: no exact v0.2 source_row_id match,,,,LEGACY_SEED_SAFE_CANDIDATE,keep for separate seed-bank QA; do not remove as unmatched v0.2,Kontrast,selected_choice_value,,false,,Welche Einleitung ist vollständig und höflich?,,Choose the natural formal sentence.,,"Ich schreibe Ihnen, weil ich eine Frage habe. | Ich habe eine Frage. | Ich will etwas fragen.",,"Ich schreibe Ihnen, weil ich eine Frage habe.",,Complete formal email frame; the other options are incomplete or too direct.,,,,no imported v0.2 sourceRowId/comparison match; likely seed/system/route-specific content,,,
content/b1-redemittel.js,b1_redemittel_013,,,unmatched_current,Exception,manual review: no exact v0.2 source_row_id match,,,,LEGACY_SEED_SAFE_CANDIDATE,keep for separate seed-bank QA; do not remove as unmatched v0.2,redemittel_cloze,,,false,,Ich ___ Ihnen für Ihre Hilfe.,,I thank you for your help.,,,,danke,,Ich danke Ihnen is formal and direct.,,,,no imported v0.2 sourceRowId/comparison match; likely seed/system/route-specific content,,,
content/b1-redemittel.js,b1_redemittel_014,,,unmatched_current,Exception,manual review: no exact v0.2 source_row_id match,,,,LEGACY_SEED_SAFE_CANDIDATE,keep for separate seed-bank QA; do not remove as unmatched v0.2,redemittel_cloze,,,false,,Ich habe Ihre Anzeige ___ Interesse gelesen.,,I read your advert with interest.,,,,mit,,mit Interesse gelesen is a useful formal phrase.,,,,no imported v0.2 sourceRowId/comparison match; likely seed/system/route-specific content,,,
content/b1-redemittel.js,b1_redemittel_015,,,unmatched_current,Exception,manual review: no exact v0.2 source_row_id match,,,,LEGACY_SEED_SAFE_CANDIDATE,keep for separate seed-bank QA; do not remove as unmatched v0.2,redemittel_cloze,,,false,,Über eine Antwort würde ich mich sehr ___.,,I would be very pleased to receive a reply.,,,,freuen,,würde mich freuen is polite B1 writing language.,,,,no imported v0.2 sourceRowId/comparison match; likely seed/system/route-specific content,,,
content/b1-redemittel.js,b1_redemittel_016,,,unmatched_current,Exception,manual review: no exact v0.2 source_row_id match,,,,LEGACY_SEED_SAFE_CANDIDATE,keep for separate seed-bank QA; do not remove as unmatched v0.2,redemittel_cloze,,,false,,Ich möchte einen Termin ___.,,I would like to arrange an appointment.,,,,vereinbaren,,einen Termin vereinbaren is the standard phrase.,,,,no imported v0.2 sourceRowId/comparison match; likely seed/system/route-specific content,,,
content/b1-redemittel.js,b1_redemittel_017,,,unmatched_current,Exception,manual review: no exact v0.2 source_row_id match,,,,LEGACY_SEED_SAFE_CANDIDATE,keep for separate seed-bank QA; do not remove as unmatched v0.2,redemittel_cloze,,,false,,Ich muss den Termin leider ___.,,I unfortunately have to move the appointment.,,,,verschieben,,verschieben means move/postpone an appointment.,,,,no imported v0.2 sourceRowId/comparison match; likely seed/system/route-specific content,,,
content/b1-redemittel.js,b1_redemittel_018,,,unmatched_current,Exception,manual review: no exact v0.2 source_row_id match,,,,LEGACY_SEED_SAFE_CANDIDATE,keep for separate seed-bank QA; do not remove as unmatched v0.2,redemittel_cloze,,,false,,Ich möchte den Termin am Freitag ___.,,I would like to cancel the appointment on Friday.,,,,absagen,,absagen is used for cancelling appointments.,,,,no imported v0.2 sourceRowId/comparison match; likely seed/system/route-specific content,,,
content/b1-redemittel.js,b1_redemittel_019,,,unmatched_current,Exception,manual review: no exact v0.2 source_row_id match,,,,LEGACY_SEED_SAFE_CANDIDATE,keep for separate seed-bank QA; do not remove as unmatched v0.2,redemittel_cloze,,,false,,Der Termin passt mir leider ___.,,The appointment unfortunately does not suit me.,,,,nicht,,passt mir nicht is natural for scheduling.,,,,no imported v0.2 sourceRowId/comparison match; likely seed/system/route-specific content,,,
content/b1-redemittel.js,b1_redemittel_020,,,unmatched_current,Exception,manual review: no exact v0.2 source_row_id match,,,,LEGACY_SEED_SAFE_CANDIDATE,keep for separate seed-bank QA; do not remove as unmatched v0.2,redemittel_cloze,,,false,,Hätten Sie vielleicht einen ___ Termin?,,Would you perhaps have another appointment time?,,,,anderen,,einen anderen Termin is the useful replacement phrase.,,,,no imported v0.2 sourceRowId/comparison match; likely seed/system/route-specific content,,,
content/b1-redemittel.js,b1_redemittel_021,,,unmatched_current,Exception,manual review: no exact v0.2 source_row_id match,,,,LEGACY_SEED_SAFE_CANDIDATE,keep for separate seed-bank QA; do not remove as unmatched v0.2,redemittel_cloze,,,false,,Könnten wir den Termin auf Montag ___?,,Could we move the appointment to Monday?,,,,verschieben,,auf + day is used for moving to a date.,,,,no imported v0.2 sourceRowId/comparison match; likely seed/system/route-specific content,,,
content/b1-redemittel.js,b1_redemittel_022,,,unmatched_current,Exception,manual review: no exact v0.2 source_row_id match,,,,LEGACY_SEED_SAFE_CANDIDATE,keep for separate seed-bank QA; do not remove as unmatched v0.2,redemittel_cloze,,,false,,Ich habe am Dienstag leider keine ___.,,I unfortunately have no time on Tuesday.,,,,Zeit,,keine Zeit is simple and acceptable B1 language.,,,,no imported v0.2 sourceRowId/comparison match; likely seed/system/route-specific content,,,
content/b1-redemittel.js,b1_redemittel_023,,,unmatched_current,Exception,manual review: no exact v0.2 source_row_id match,,,,LEGACY_SEED_SAFE_CANDIDATE,keep for separate seed-bank QA; do not remove as unmatched v0.2,phrase_choice,,,false,,Beste Formulierung für Terminvereinbarung:,,Choose the natural scheduling phrase.,,einen Termin bekommen | einen Termin vereinbaren | einen Termin machen,,einen Termin vereinbaren,,vereinbaren is the standard verb for appointments.,,,,no imported v0.2 sourceRowId/comparison match; likely seed/system/route-specific content,,,
content/b1-redemittel.js,b1_redemittel_024,,,unmatched_current,Exception,manual review: no exact v0.2 source_row_id match,,,,LEGACY_SEED_SAFE_CANDIDATE,keep for separate seed-bank QA; do not remove as unmatched v0.2,phrase_choice,,,false,,Höfliche Alternative:,,Choose the polite request.,,Haben Sie noch einen Termin? | Hätten Sie vielleicht einen anderen Termin? | Ich möchte einen anderen Termin.,,Hätten Sie vielleicht einen anderen Termin?,,Hätten Sie vielleicht ...? sounds polite and test-safe.,,,,no imported v0.2 sourceRowId/comparison match; likely seed/system/route-specific content,,,
content/b1-redemittel.js,b1_redemittel_025,,,unmatched_current,Exception,manual review: no exact v0.2 source_row_id match,,,,LEGACY_SEED_SAFE_CANDIDATE,keep for separate seed-bank QA; do not remove as unmatched v0.2,Kontrast,selected_choice_value,,false,,Welche Form passt für eine höfliche Terminvereinbarung?,,Make the appointment request polite.,,Ich will einen Termin bekommen. | Ich möchte gern einen Termin vereinbaren. | Ich mache Termin.,,Ich möchte gern einen Termin vereinbaren.,,„Ich möchte gern ... vereinbaren“ is polite and natural; „will“ is direct and „Ich mache Termin“ is non-standard.,,,,no imported v0.2 sourceRowId/comparison match; likely seed/system/route-specific content,,,
content/b1-redemittel.js,b1_redemittel_026,,,unmatched_current,Exception,manual review: no exact v0.2 source_row_id match,,,,LEGACY_SEED_SAFE_CANDIDATE,keep for separate seed-bank QA; do not remove as unmatched v0.2,Kontrast,selected_choice_value,,false,,"Welche Form sagt höflich, dass der Termin nicht passt?",,Explain a scheduling problem politely.,,"Der Termin ist schlecht. | Der Termin passt mir leider nicht. | Ich komme nicht, egal.",,Der Termin passt mir leider nicht.,,„Leider“ softens the refusal and „passt mir nicht“ is the useful appointment phrase.,,,,no imported v0.2 sourceRowId/comparison match; likely seed/system/route-specific content,,,
content/b1-redemittel.js,b1_redemittel_027,,,unmatched_current,Exception,manual review: no exact v0.2 source_row_id match,,,,LEGACY_SEED_SAFE_CANDIDATE,keep for separate seed-bank QA; do not remove as unmatched v0.2,redemittel_cloze,,,false,,Ich kann leider erst ___ 14 Uhr kommen.,,I unfortunately can only come at 2 p.m.,,,,um,,Use um for clock time.,,,,no imported v0.2 sourceRowId/comparison match; likely seed/system/route-specific content,,,
content/b1-redemittel.js,b1_redemittel_028,,,unmatched_current,Exception,manual review: no exact v0.2 source_row_id match,,,,LEGACY_SEED_SAFE_CANDIDATE,keep for separate seed-bank QA; do not remove as unmatched v0.2,redemittel_cloze,,,false,,Könnten Sie mir bitte ___?,,Could you please help me?,,,,helfen,,Könnten Sie ...? is a polite request.,,,,no imported v0.2 sourceRowId/comparison match; likely seed/system/route-specific content,,,
content/b1-redemittel.js,b1_redemittel_029,,,unmatched_current,Exception,manual review: no exact v0.2 source_row_id match,,,,LEGACY_SEED_SAFE_CANDIDATE,keep for separate seed-bank QA; do not remove as unmatched v0.2,redemittel_cloze,,,false,,Ich brauche Hilfe ___ dem Formular.,,I need help with the form.,,,,bei,,Hilfe bei + Dativ is the useful pattern.,,,,no imported v0.2 sourceRowId/comparison match; likely seed/system/route-specific content,,,
content/b1-redemittel.js,b1_redemittel_030,,,unmatched_current,Exception,manual review: no exact v0.2 source_row_id match,,,,LEGACY_SEED_SAFE_CANDIDATE,keep for separate seed-bank QA; do not remove as unmatched v0.2,redemittel_cloze,,,false,,Könnten Sie mich bitte ___?,,Could you please call me back?,,,,zurückrufen,,zurückrufen is the standard callback verb.,,,,no imported v0.2 sourceRowId/comparison match; likely seed/system/route-specific content,,,
content/b1-redemittel.js,b1_redemittel_031,,,unmatched_current,Exception,manual review: no exact v0.2 source_row_id match,,,,LEGACY_SEED_SAFE_CANDIDATE,keep for separate seed-bank QA; do not remove as unmatched v0.2,redemittel_cloze,,,false,,Ich hätte gern eine ___ Auskunft.,,I would like a brief piece of information.,,,,kurze,,Ich hätte gern is polite service language.,,,,no imported v0.2 sourceRowId/comparison match; likely seed/system/route-specific content,,,
content/b1-redemittel.js,b1_redemittel_032,,,unmatched_current,Exception,manual review: no exact v0.2 source_row_id match,,,,LEGACY_SEED_SAFE_CANDIDATE,keep for separate seed-bank QA; do not remove as unmatched v0.2,redemittel_cloze,,,false,,"Ich möchte mich erkundigen, ___ der Kurs noch frei ist.",,I would like to ask whether the course still has places.,,,,ob,,"sich erkundigen, ob ... is formal and useful.",,,,no imported v0.2 sourceRowId/comparison match; likely seed/system/route-specific content,,,
content/b1-redemittel.js,b1_redemittel_033,,,unmatched_current,Exception,manual review: no exact v0.2 source_row_id match,,,,LEGACY_SEED_SAFE_CANDIDATE,keep for separate seed-bank QA; do not remove as unmatched v0.2,redemittel_cloze,,,false,,Könnten Sie mir bitte die Unterlagen ___?,,Could you please send me the documents?,,,,schicken,,schicken is clear and neutral for documents.,,,,no imported v0.2 sourceRowId/comparison match; likely seed/system/route-specific content,,,
content/b1-redemittel.js,b1_redemittel_034,,,unmatched_current,Exception,manual review: no exact v0.2 source_row_id match,,,,LEGACY_SEED_SAFE_CANDIDATE,keep for separate seed-bank QA; do not remove as unmatched v0.2,redemittel_cloze,,,false,,Ich hätte gern einen ___ über die Kosten.,,I would like an overview of the costs.,,,,Überblick,,einen Überblick über is useful formal vocabulary.,,,,no imported v0.2 sourceRowId/comparison match; likely seed/system/route-specific content,,,
content/b1-redemittel.js,b1_redemittel_035,,,unmatched_current,Exception,manual review: no exact v0.2 source_row_id match,,,,LEGACY_SEED_SAFE_CANDIDATE,keep for separate seed-bank QA; do not remove as unmatched v0.2,phrase_choice,,,false,,Höfliche Bitte:,,Choose the polite form.,,Können Sie mir helfen? | Könnten Sie mir bitte helfen? | Bitte helfen Sie mir.,,Könnten Sie mir bitte helfen?,,Könnten Sie bitte ... is test-safe.,,,,no imported v0.2 sourceRowId/comparison match; likely seed/system/route-specific content,,,
content/b1-redemittel.js,b1_redemittel_036,,,unmatched_current,Exception,manual review: no exact v0.2 source_row_id match,,,,LEGACY_SEED_SAFE_CANDIDATE,keep for separate seed-bank QA; do not remove as unmatched v0.2,phrase_choice,,,false,,Formulierung für Rückruf:,,Choose the natural callback request.,,Können Sie mich zurückrufen? | Könnten Sie mich bitte zurückrufen? | Rufen Sie mich bitte zurück.,,Könnten Sie mich bitte zurückrufen?,,mich zurückrufen is correct.,,,,no imported v0.2 sourceRowId/comparison match; likely seed/system/route-specific content,,,
content/b1-redemittel.js,b1_redemittel_037,,,unmatched_current,Exception,manual review: no exact v0.2 source_row_id match,,,,LEGACY_SEED_SAFE_CANDIDATE,keep for separate seed-bank QA; do not remove as unmatched v0.2,Kontrast,selected_choice_value,,false,,Welche Form passt für eine formelle Nachfrage zur Stelle?,,Make the question formal and complete.,,"Ich will wissen, ist die Stelle frei? | Ich möchte mich erkundigen, ob die Stelle noch frei ist. | Sagen Sie mir, ob die Stelle frei ist.",,"Ich möchte mich erkundigen, ob die Stelle noch frei ist.",,"„Ich möchte mich erkundigen, ob ...“ is formal and uses an indirect question.",,,,no imported v0.2 sourceRowId/comparison match; likely seed/system/route-specific content,,,
content/b1-redemittel.js,b1_redemittel_038,,,unmatched_current,Exception,manual review: no exact v0.2 source_row_id match,,,,LEGACY_SEED_SAFE_CANDIDATE,keep for separate seed-bank QA; do not remove as unmatched v0.2,Kontrast,selected_choice_value,,false,,Welche Bitte ist am höflichsten und noch natürlich?,,Use a polite request pattern.,,Können Sie mir die Adresse schicken? | Könnten Sie mir bitte die Adresse schicken? | Bitte schicken Sie mir die Adresse.,,Könnten Sie mir bitte die Adresse schicken?,,„Könnten Sie mir bitte ...?“ is softer than a direct request.,,,,no imported v0.2 sourceRowId/comparison match; likely seed/system/route-specific content,,,
content/b1-redemittel.js,b1_redemittel_039,,,unmatched_current,Exception,manual review: no exact v0.2 source_row_id match,,,,LEGACY_SEED_SAFE_CANDIDATE,keep for separate seed-bank QA; do not remove as unmatched v0.2,redemittel_cloze,,,false,,Ich hätte gern ___ Informationen.,,I would like more information.,,,,mehr,,mehr Informationen is a simple useful phrase.,,,,no imported v0.2 sourceRowId/comparison match; likely seed/system/route-specific content,,,
content/b1-redemittel.js,b1_redemittel_040,,,unmatched_current,Exception,manual review: no exact v0.2 source_row_id match,,,,LEGACY_SEED_SAFE_CANDIDATE,keep for separate seed-bank QA; do not remove as unmatched v0.2,redemittel_cloze,,,false,,Leider gibt es ein Problem ___ der Lieferung.,,Unfortunately there is a problem with the delivery.,,,,mit,,ein Problem mit + Dativ is standard.,,,,no imported v0.2 sourceRowId/comparison match; likely seed/system/route-specific content,,,
content/b1-redemittel.js,b1_redemittel_041,,,unmatched_current,Exception,manual review: no exact v0.2 source_row_id match,,,,LEGACY_SEED_SAFE_CANDIDATE,keep for separate seed-bank QA; do not remove as unmatched v0.2,redemittel_cloze,,,false,,Ich möchte mich ___.,,I would like to complain.,,,,beschweren,,sich beschweren is the basic complaint phrase.,,,,no imported v0.2 sourceRowId/comparison match; likely seed/system/route-specific content,,,
content/b1-redemittel.js,b1_redemittel_042,,,unmatched_current,Exception,manual review: no exact v0.2 source_row_id match,,,,LEGACY_SEED_SAFE_CANDIDATE,keep for separate seed-bank QA; do not remove as unmatched v0.2,redemittel_cloze,,,false,,Die Lieferung ist noch nicht ___.,,The delivery has not arrived yet.,,,,angekommen,,angekommen is the natural result verb.,,,,no imported v0.2 sourceRowId/comparison match; likely seed/system/route-specific content,,,
content/b1-redemittel.js,b1_redemittel_043,,,unmatched_current,Exception,manual review: no exact v0.2 source_row_id match,,,,LEGACY_SEED_SAFE_CANDIDATE,keep for separate seed-bank QA; do not remove as unmatched v0.2,redemittel_cloze,,,false,,Das Gerät funktioniert ___.,,The device does not work.,,,,nicht,,funktioniert nicht is direct and neutral.,,,,no imported v0.2 sourceRowId/comparison match; likely seed/system/route-specific content,,,
content/b1-redemittel.js,b1_redemittel_044,,,unmatched_current,Exception,manual review: no exact v0.2 source_row_id match,,,,LEGACY_SEED_SAFE_CANDIDATE,keep for separate seed-bank QA; do not remove as unmatched v0.2,redemittel_cloze,,,false,,Ich bitte Sie um eine schnelle ___.,,I ask you for a quick solution.,,,,Lösung,,um eine Lösung bitten is formal enough for B1.,,,,no imported v0.2 sourceRowId/comparison match; likely seed/system/route-specific content,,,
content/b1-redemittel.js,b1_redemittel_045,,,unmatched_current,Exception,manual review: no exact v0.2 source_row_id match,,,,LEGACY_SEED_SAFE_CANDIDATE,keep for separate seed-bank QA; do not remove as unmatched v0.2,redemittel_cloze,,,false,,Könnten Sie das bitte ___?,,Could you please check that?,,,,prüfen,,prüfen is useful formal service vocabulary.,,,,no imported v0.2 sourceRowId/comparison match; likely seed/system/route-specific content,,,
content/b1-redemittel.js,b1_redemittel_046,,,unmatched_current,Exception,manual review: no exact v0.2 source_row_id match,,,,LEGACY_SEED_SAFE_CANDIDATE,keep for separate seed-bank QA; do not remove as unmatched v0.2,redemittel_cloze,,,false,,Ich habe die Ware noch nicht ___.,,I have not received the goods yet.,,,,erhalten,,erhalten is formal and useful in complaints.,,,,no imported v0.2 sourceRowId/comparison match; likely seed/system/route-specific content,,,
content/b1-redemittel.js,b1_redemittel_047,,,unmatched_current,Exception,manual review: no exact v0.2 source_row_id match,,,,LEGACY_SEED_SAFE_CANDIDATE,keep for separate seed-bank QA; do not remove as unmatched v0.2,Kontrast,selected_choice_value,,false,,Welche Beschwerde ist formell und sachlich?,,Choose the formal problem statement.,,Es gibt ein Problem mit der Lieferung. | Leider gibt es ein Problem mit der Lieferung. | Die Lieferung ist total schlecht.,,Leider gibt es ein Problem mit der Lieferung.,,„Leider“ makes the complaint clear but less abrupt.,,,,no imported v0.2 sourceRowId/comparison match; likely seed/system/route-specific content,,,
content/b1-redemittel.js,b1_redemittel_048,,,unmatched_current,Exception,manual review: no exact v0.2 source_row_id match,,,,LEGACY_SEED_SAFE_CANDIDATE,keep for separate seed-bank QA; do not remove as unmatched v0.2,phrase_choice,,,false,,Beste Bitte um Lösung:,,Choose the formal solution request.,,Bitte finden Sie eine Lösung. | Ich bitte Sie um eine schnelle Lösung. | Könnten Sie eine Lösung prüfen?,,Ich bitte Sie um eine schnelle Lösung.,,Ich bitte Sie um ... is direct but polite.,,,,no imported v0.2 sourceRowId/comparison match; likely seed/system/route-specific content,,,
content/b1-redemittel.js,b1_redemittel_049,,,unmatched_current,Exception,manual review: no exact v0.2 source_row_id match,,,,LEGACY_SEED_SAFE_CANDIDATE,keep for separate seed-bank QA; do not remove as unmatched v0.2,Kontrast,selected_choice_value,,false,,Welche Form passt für eine sachliche Beschwerde?,,Use neutral complaint language.,,Ich will meckern. | Ich möchte mich beschweren. | Ich bin sauer.,,Ich möchte mich beschweren.,,„Sich beschweren“ is neutral enough for a formal complaint; „meckern“ and „sauer“ are too informal.,,,,no imported v0.2 sourceRowId/comparison match; likely seed/system/route-specific content,,,
content/b1-redemittel.js,b1_redemittel_050,,,unmatched_current,Exception,manual review: no exact v0.2 source_row_id match,,,,LEGACY_SEED_SAFE_CANDIDATE,keep for separate seed-bank QA; do not remove as unmatched v0.2,Kontrast,selected_choice_value,,false,,Welche Bitte passt in einer Beschwerde am besten?,,Make the request polite.,,Prüfen Sie das bitte. | Könnten Sie das bitte prüfen? | Kümmern Sie sich darum.,,Könnten Sie das bitte prüfen?,,The Konjunktiv-II frame softens the complaint without hiding the problem.,,,,no imported v0.2 sourceRowId/comparison match; likely seed/system/route-specific content,,,
content/b1-redemittel.js,b1_redemittel_051,,,unmatched_current,Exception,manual review: no exact v0.2 source_row_id match,,,,LEGACY_SEED_SAFE_CANDIDATE,keep for separate seed-bank QA; do not remove as unmatched v0.2,redemittel_cloze,,,false,,Ich warte noch ___ meine Bestellung.,,I am still waiting for my order.,,,,auf,,warten auf + Akkusativ is the phrase.,,,,no imported v0.2 sourceRowId/comparison match; likely seed/system/route-specific content,,,
content/b1-redemittel.js,b1_redemittel_052,,,unmatched_current,Exception,manual review: no exact v0.2 source_row_id match,,,,LEGACY_SEED_SAFE_CANDIDATE,keep for separate seed-bank QA; do not remove as unmatched v0.2,redemittel_cloze,,,false,,Hiermit bewerbe ich mich ___ die Stelle.,,I hereby apply for the position.,,,,um,,sich bewerben um + Akkusativ.,,,,no imported v0.2 sourceRowId/comparison match; likely seed/system/route-specific content,,,
content/b1-redemittel.js,b1_redemittel_053,,,unmatched_current,Exception,manual review: no exact v0.2 source_row_id match,,,,LEGACY_SEED_SAFE_CANDIDATE,keep for separate seed-bank QA; do not remove as unmatched v0.2,redemittel_cloze,,,false,,Ich interessiere mich ___ die Ausbildung.,,I am interested in the training position.,,,,für,,sich interessieren für is the pattern.,,,,no imported v0.2 sourceRowId/comparison match; likely seed/system/route-specific content,,,
content/b1-redemittel.js,b1_redemittel_054,,,unmatched_current,Exception,manual review: no exact v0.2 source_row_id match,,,,LEGACY_SEED_SAFE_CANDIDATE,keep for separate seed-bank QA; do not remove as unmatched v0.2,redemittel_cloze,,,false,,Ich habe Erfahrung ___ Kundenkontakt.,,I have experience with customer contact.,,,,mit,,Erfahrung mit is useful job language.,,,,no imported v0.2 sourceRowId/comparison match; likely seed/system/route-specific content,,,
content/b1-redemittel.js,b1_redemittel_055,,,unmatched_current,Exception,manual review: no exact v0.2 source_row_id match,,,,LEGACY_SEED_SAFE_CANDIDATE,keep for separate seed-bank QA; do not remove as unmatched v0.2,redemittel_cloze,,,false,,Ich würde gern bei Ihnen ___.,,I would like to work for you.,,,,arbeiten,,würde gern is polite and appropriate.,,,,no imported v0.2 sourceRowId/comparison match; likely seed/system/route-specific content,,,
content/b1-redemittel.js,b1_redemittel_056,,,unmatched_current,Exception,manual review: no exact v0.2 source_row_id match,,,,LEGACY_SEED_SAFE_CANDIDATE,keep for separate seed-bank QA; do not remove as unmatched v0.2,redemittel_cloze,,,false,,Über eine Einladung zum Gespräch würde ich mich ___.,,I would be pleased about an invitation to an interview.,,,,freuen,,This is a standard application closing.,,,,no imported v0.2 sourceRowId/comparison match; likely seed/system/route-specific content,,,
content/b1-redemittel.js,b1_redemittel_057,,,unmatched_current,Exception,manual review: no exact v0.2 source_row_id match,,,,LEGACY_SEED_SAFE_CANDIDATE,keep for separate seed-bank QA; do not remove as unmatched v0.2,redemittel_cloze,,,false,,Ich habe Ihre Anzeige mit Interesse ___.,,I read your advertisement with interest.,,,,gelesen,,mit Interesse gelesen is formal application language.,,,,no imported v0.2 sourceRowId/comparison match; likely seed/system/route-specific content,,,
content/b1-redemittel.js,b1_redemittel_058,,,unmatched_current,Exception,manual review: no exact v0.2 source_row_id match,,,,LEGACY_SEED_SAFE_CANDIDATE,keep for separate seed-bank QA; do not remove as unmatched v0.2,redemittel_cloze,,,false,,Meine Stärken sind Zuverlässigkeit und ___.,,My strengths are reliability and teamwork.,,,,Teamfähigkeit,,Teamfähigkeit is high-yield job vocabulary.,,,,no imported v0.2 sourceRowId/comparison match; likely seed/system/route-specific content,,,
content/b1-redemittel.js,b1_redemittel_059,,,unmatched_current,Exception,manual review: no exact v0.2 source_row_id match,,,,LEGACY_SEED_SAFE_CANDIDATE,keep for separate seed-bank QA; do not remove as unmatched v0.2,phrase_choice,,,false,,Beste Bewerbungsformulierung:,,Choose the formal application phrase.,,Ich interessiere mich für die Stelle. | Hiermit bewerbe ich mich um die Stelle. | Ich möchte mich auf die Stelle melden.,,Hiermit bewerbe ich mich um die Stelle.,,Hiermit bewerbe ich mich um ... is standard.,,,,no imported v0.2 sourceRowId/comparison match; likely seed/system/route-specific content,,,
content/b1-redemittel.js,b1_redemittel_060,,,unmatched_current,Exception,manual review: no exact v0.2 source_row_id match,,,,LEGACY_SEED_SAFE_CANDIDATE,keep for separate seed-bank QA; do not remove as unmatched v0.2,phrase_choice,,,false,,Höflicher Schluss für Bewerbung:,,Choose the polite closing.,,Ich freue mich über ein Gespräch. | Über eine Einladung zum Gespräch würde ich mich freuen. | Ich hoffe auf ein Gespräch.,,Über eine Einladung zum Gespräch würde ich mich freuen.,,würde ich mich freuen is formal and polite.,,,,no imported v0.2 sourceRowId/comparison match; likely seed/system/route-specific content,,,
content/b1-redemittel.js,b1_redemittel_061,,,unmatched_current,Exception,manual review: no exact v0.2 source_row_id match,,,,LEGACY_SEED_SAFE_CANDIDATE,keep for separate seed-bank QA; do not remove as unmatched v0.2,Kontrast,selected_choice_value,,false,,Welche Form passt in einer Bewerbung?,,Use formal interest language.,,Ich finde die Stelle okay. | Ich interessiere mich für die Stelle. | Ich will diese Arbeit.,,Ich interessiere mich für die Stelle.,,„Sich interessieren für“ is the useful neutral application phrase.,,,,no imported v0.2 sourceRowId/comparison match; likely seed/system/route-specific content,,,
content/b1-redemittel.js,b1_redemittel_062,,,unmatched_current,Exception,manual review: no exact v0.2 source_row_id match,,,,LEGACY_SEED_SAFE_CANDIDATE,keep for separate seed-bank QA; do not remove as unmatched v0.2,Kontrast,selected_choice_value,,false,,Welche Form beschreibt Berufserfahrung natürlich?,,Name experience clearly.,,Ich kann Büro. | Ich habe Erfahrung mit Büroarbeit. | Büro ist gut.,,Ich habe Erfahrung mit Büroarbeit.,,„Erfahrung mit ...“ is the application phrase; the other options are incomplete or vague.,,,,no imported v0.2 sourceRowId/comparison match; likely seed/system/route-specific content,,,
content/b1-redemittel.js,b1_redemittel_063,,,unmatched_current,Exception,manual review: no exact v0.2 source_row_id match,,,,LEGACY_SEED_SAFE_CANDIDATE,keep for separate seed-bank QA; do not remove as unmatched v0.2,redemittel_cloze,,,false,,Ich bin motiviert und ___.,,I am motivated and reliable.,,,,zuverlässig,,zuverlässig is useful B1 job vocabulary.,,,,no imported v0.2 sourceRowId/comparison match; likely seed/system/route-specific content,,,
content/b1-redemittel.js,b1_redemittel_064,,,unmatched_current,Exception,manual review: no exact v0.2 source_row_id match,,,,LEGACY_SEED_SAFE_CANDIDATE,keep for separate seed-bank QA; do not remove as unmatched v0.2,redemittel_cloze,,,false,,Ich bin krank und kann heute nicht ___.,,I am ill and cannot come today.,,,,kommen,,Simple absence sentence; clear and polite.,,,,no imported v0.2 sourceRowId/comparison match; likely seed/system/route-specific content,,,
content/b1-redemittel.js,b1_redemittel_065,,,unmatched_current,Exception,manual review: no exact v0.2 source_row_id match,,,,LEGACY_SEED_SAFE_CANDIDATE,keep for separate seed-bank QA; do not remove as unmatched v0.2,redemittel_cloze,,,false,,Ich brauche eine ___.,,I need a sick note.,,,,Krankmeldung,,Krankmeldung is useful admin vocabulary.,,,,no imported v0.2 sourceRowId/comparison match; likely seed/system/route-specific content,,,
content/b1-redemittel.js,b1_redemittel_066,,,unmatched_current,Exception,manual review: no exact v0.2 source_row_id match,,,,LEGACY_SEED_SAFE_CANDIDATE,keep for separate seed-bank QA; do not remove as unmatched v0.2,redemittel_cloze,,,false,,Ich habe einen ___.,,I have a doctor's appointment.,,,,Arzttermin,,Arzttermin is common and useful.,,,,no imported v0.2 sourceRowId/comparison match; likely seed/system/route-specific content,,,
content/b1-redemittel.js,b1_redemittel_067,,,unmatched_current,Exception,manual review: no exact v0.2 source_row_id match,,,,LEGACY_SEED_SAFE_CANDIDATE,keep for separate seed-bank QA; do not remove as unmatched v0.2,redemittel_cloze,,,false,,Ich bin versichert ___ der AOK.,,I am insured with AOK.,,,,bei,,versichert bei is the useful pattern.,,,,no imported v0.2 sourceRowId/comparison match; likely seed/system/route-specific content,,,
content/b1-redemittel.js,b1_redemittel_068,,,unmatched_current,Exception,manual review: no exact v0.2 source_row_id match,,,,LEGACY_SEED_SAFE_CANDIDATE,keep for separate seed-bank QA; do not remove as unmatched v0.2,redemittel_cloze,,,false,,Ich kann erst morgen wieder ___.,,I can only come again tomorrow.,,,,kommen,,erst morgen wieder is useful absence language.,,,,no imported v0.2 sourceRowId/comparison match; likely seed/system/route-specific content,,,
content/b1-redemittel.js,b1_redemittel_069,,,unmatched_current,Exception,manual review: no exact v0.2 source_row_id match,,,,LEGACY_SEED_SAFE_CANDIDATE,keep for separate seed-bank QA; do not remove as unmatched v0.2,redemittel_cloze,,,false,,Ich muss mich leider krank ___.,,I unfortunately have to call in sick.,,,,melden,,sich krank melden is the workplace phrase.,,,,no imported v0.2 sourceRowId/comparison match; likely seed/system/route-specific content,,,
content/b1-redemittel.js,b1_redemittel_070,,,unmatched_current,Exception,manual review: no exact v0.2 source_row_id match,,,,LEGACY_SEED_SAFE_CANDIDATE,keep for separate seed-bank QA; do not remove as unmatched v0.2,phrase_choice,,,false,,Beste Formulierung für Abwesenheit:,,Choose the workplace phrase.,,Ich bin heute krank. | Ich muss mich leider krank melden. | Ich kann heute nicht kommen.,,Ich muss mich leider krank melden.,,sich krank melden is natural.,,,,no imported v0.2 sourceRowId/comparison match; likely seed/system/route-specific content,,,
content/b1-redemittel.js,b1_redemittel_071,,,unmatched_current,Exception,manual review: no exact v0.2 source_row_id match,,,,LEGACY_SEED_SAFE_CANDIDATE,keep for separate seed-bank QA; do not remove as unmatched v0.2,phrase_choice,,,false,,Formulierung zur Versicherung:,,Choose the natural insurance sentence.,,Ich bin bei der AOK versichert. | Ich habe eine Versicherung bei der AOK. | Meine Krankenkasse ist die AOK.,,Ich bin bei der AOK versichert.,,bei der AOK versichert is the pattern.,,,,no imported v0.2 sourceRowId/comparison match; likely seed/system/route-specific content,,,
content/b1-redemittel.js,b1_redemittel_072,,,unmatched_current,Exception,manual review: no exact v0.2 source_row_id match,,,,LEGACY_SEED_SAFE_CANDIDATE,keep for separate seed-bank QA; do not remove as unmatched v0.2,Kontrast,selected_choice_value,,false,,Welche Form passt für einen Termin beim Arzt?,,Use the standard noun Arzttermin.,,Ich habe Doktorzeit. | Ich habe einen Arzttermin. | Ich bin bei Arztzeit.,,Ich habe einen Arzttermin.,,„Der Arzttermin“ is the compact natural noun.,,,,no imported v0.2 sourceRowId/comparison match; likely seed/system/route-specific content,,,
content/b1-redemittel.js,b1_redemittel_073,,,unmatched_current,Exception,manual review: no exact v0.2 source_row_id match,,,,LEGACY_SEED_SAFE_CANDIDATE,keep for separate seed-bank QA; do not remove as unmatched v0.2,Kontrast,selected_choice_value,,false,,"Welche Form sagt klar, wann Sie wiederkommen können?",,Make the return time clear.,,"Ich komme morgen vielleicht wieder. | Ich kann erst morgen wiederkommen. | Heute nein, morgen ja.",,Ich kann erst morgen wiederkommen.,,„Erst morgen wieder“ states the earliest possible return clearly.,,,,no imported v0.2 sourceRowId/comparison match; likely seed/system/route-specific content,,,
content/b1-redemittel.js,b1_redemittel_074,,,unmatched_current,Exception,manual review: no exact v0.2 source_row_id match,,,,LEGACY_SEED_SAFE_CANDIDATE,keep for separate seed-bank QA; do not remove as unmatched v0.2,redemittel_cloze,,,false,,Ich ___ gern einen Termin vereinbaren.,,I would like to arrange an appointment.,,,,würde,,würde gern is polite B1 language.,,,,no imported v0.2 sourceRowId/comparison match; likely seed/system/route-specific content,,,
content/b1-redemittel.js,b1_redemittel_075,,,unmatched_current,Exception,manual review: no exact v0.2 source_row_id match,,,,LEGACY_SEED_SAFE_CANDIDATE,keep for separate seed-bank QA; do not remove as unmatched v0.2,redemittel_cloze,,,false,,Ich ___ gern weitere Informationen.,,I would like more information.,,,,hätte,,hätte gern is useful service language.,,,,no imported v0.2 sourceRowId/comparison match; likely seed/system/route-specific content,,,
content/b1-redemittel.js,b1_redemittel_076,,,unmatched_current,Exception,manual review: no exact v0.2 source_row_id match,,,,LEGACY_SEED_SAFE_CANDIDATE,keep for separate seed-bank QA; do not remove as unmatched v0.2,redemittel_cloze,,,false,,___ Sie mir bitte helfen?,,Could you please help me?,,,,Könnten,,Könnten Sie bitte ... is polite.,,,,no imported v0.2 sourceRowId/comparison match; likely seed/system/route-specific content,,,
content/b1-redemittel.js,b1_redemittel_077,,,unmatched_current,Exception,manual review: no exact v0.2 source_row_id match,,,,LEGACY_SEED_SAFE_CANDIDATE,keep for separate seed-bank QA; do not remove as unmatched v0.2,redemittel_cloze,,,false,,"___ es möglich, den Termin zu verschieben?",,Would it be possible to move the appointment?,,,,Wäre,,Wäre es möglich ... is very useful and polite.,,,,no imported v0.2 sourceRowId/comparison match; likely seed/system/route-specific content,,,
content/b1-redemittel.js,b1_redemittel_078,,,unmatched_current,Exception,manual review: no exact v0.2 source_row_id match,,,,LEGACY_SEED_SAFE_CANDIDATE,keep for separate seed-bank QA; do not remove as unmatched v0.2,redemittel_cloze,,,false,,___ ich kurz etwas fragen?,,May I ask something briefly?,,,,Dürfte,,Dürfte ich ... is polite but still B1-usable.,,,,no imported v0.2 sourceRowId/comparison match; likely seed/system/route-specific content,,,
content/b1-redemittel.js,b1_redemittel_079,,,unmatched_current,Exception,manual review: no exact v0.2 source_row_id match,,,,LEGACY_SEED_SAFE_CANDIDATE,keep for separate seed-bank QA; do not remove as unmatched v0.2,phrase_choice,,,false,,Höflichste Bitte:,,Choose the polite formal request.,,Können Sie mir bitte helfen? | Könnten Sie mir bitte helfen? | Bitte helfen Sie mir kurz.,,Könnten Sie mir bitte helfen?,,Könnten Sie bitte ... is the safest form.,,,,no imported v0.2 sourceRowId/comparison match; likely seed/system/route-specific content,,,
content/b1-redemittel.js,b1_redemittel_080,,,unmatched_current,Exception,manual review: no exact v0.2 source_row_id match,,,,LEGACY_SEED_SAFE_CANDIDATE,keep for separate seed-bank QA; do not remove as unmatched v0.2,phrase_choice,,,false,,Höfliche Terminformulierung:,,Choose the polite indirect question.,,"Können wir den Termin verschieben? | Wäre es möglich, den Termin zu verschieben? | Ich möchte den Termin verschieben.",,"Wäre es möglich, den Termin zu verschieben?",,Wäre es möglich ... is formal and soft.,,,,no imported v0.2 sourceRowId/comparison match; likely seed/system/route-specific content,,,
content/b1-redemittel.js,b1_redemittel_081,,,unmatched_current,Exception,manual review: no exact v0.2 source_row_id match,,,,LEGACY_SEED_SAFE_CANDIDATE,keep for separate seed-bank QA; do not remove as unmatched v0.2,Kontrast,selected_choice_value,,false,,Welche Form passt für einen höflichen Beratungstermin?,,Use polite service language.,,Ich will Beratung. | Ich hätte gern einen Beratungstermin. | Geben Sie mir Beratung.,,Ich hätte gern einen Beratungstermin.,,„Ich hätte gern ...“ is softer and suitable for service/admin contexts.,,,,no imported v0.2 sourceRowId/comparison match; likely seed/system/route-specific content,,,
content/b1-redemittel.js,b1_redemittel_082,,,unmatched_current,Exception,manual review: no exact v0.2 source_row_id match,,,,LEGACY_SEED_SAFE_CANDIDATE,keep for separate seed-bank QA; do not remove as unmatched v0.2,Kontrast,selected_choice_value,,false,,Welche Bitte ist am höflichsten und noch natürlich?,,Make the request formal and polite.,,Können Sie mir eine Bestätigung schicken? | Könnten Sie mir bitte eine Bestätigung schicken? | Bitte schicken Sie mir eine Bestätigung.,,Könnten Sie mir bitte eine Bestätigung schicken?,,„Könnten Sie mir bitte ...?“ is a reliable polite request frame.,,,,no imported v0.2 sourceRowId/comparison match; likely seed/system/route-specific content,,,
content/b1-redemittel.js,b1_redemittel_083,,,unmatched_current,Exception,manual review: no exact v0.2 source_row_id match,,,,LEGACY_SEED_SAFE_CANDIDATE,keep for separate seed-bank QA; do not remove as unmatched v0.2,redemittel_cloze,,,false,,"Ich würde gern ___, ob noch ein Platz frei ist.",,I would like to ask whether a place is still free.,,,,fragen,,"würde gern fragen, ob ... is polite and clear.",,,,no imported v0.2 sourceRowId/comparison match; likely seed/system/route-specific content,,,
content/b1-word-order.js,b1_word_order_main_clause_v2_time_001,,,unmatched_current,Exception,manual review: no exact v0.2 source_row_id match,,,,LEGACY_SEED_SAFE_CANDIDATE,keep for separate seed-bank QA; do not remove as unmatched v0.2,Auswahl,selected_choice_value,word_order_main_clause_v2_time,false,,Welche Reihenfolge ist richtig?,,Tomorrow I will call the practice.,,Morgen rufe ich die Praxis an. | Morgen ich rufe die Praxis an. | Ich morgen rufe die Praxis an.,,Morgen rufe ich die Praxis an.,,Main clause: the finite verb is in position 2.,,,,no imported v0.2 sourceRowId/comparison match; likely seed/system/route-specific content,,,
content/b1-word-order.js,b1_word_order_main_clause_v2_time_002,,,unmatched_current,Exception,manual review: no exact v0.2 source_row_id match,,,,LEGACY_SEED_SAFE_CANDIDATE,keep for separate seed-bank QA; do not remove as unmatched v0.2,Satzbau,typed,word_order_main_clause_v2_time,false,,Bringe die Wörter in eine natürliche Reihenfolge: Morgen · rufe · ich · die Praxis · an ___,,Morgen · rufe · ich · die Praxis · an,,,,Morgen rufe ich die Praxis an.,,"If a time phrase starts the sentence, the finite verb still comes second.",,,,no imported v0.2 sourceRowId/comparison match; likely seed/system/route-specific content,,,
content/b1-word-order.js,b1_word_order_main_clause_v2_time_003,,,unmatched_current,Exception,manual review: no exact v0.2 source_row_id match,,,,LEGACY_SEED_SAFE_CANDIDATE,keep for separate seed-bank QA; do not remove as unmatched v0.2,Reparatur,typed,word_order_main_clause_v2_time,false,,Morgen ich rufe die Praxis an.,,Tomorrow I will call the practice.,,,,Morgen rufe ich die Praxis an.,,"After a fronted time phrase, put the finite verb before the subject.",,,,no imported v0.2 sourceRowId/comparison match; likely seed/system/route-specific content,,,
content/b1-word-order.js,b1_word_order_main_clause_v2_time_004,,,unmatched_current,Exception,manual review: no exact v0.2 source_row_id match,,,,LEGACY_SEED_SAFE_CANDIDATE,keep for separate seed-bank QA; do not remove as unmatched v0.2,Kontrast,selected_choice_value,word_order_main_clause_v2_time,false,,Welche Version hat das Verb in Position 2?,,Today I am bringing the documents.,,Heute bringe ich die Unterlagen mit. | Heute ich bringe die Unterlagen mit. | Heute die Unterlagen bringe ich mit.,,Heute bringe ich die Unterlagen mit.,,"Main clause: Heute counts as position 1, so bringe is position 2.",,,,no imported v0.2 sourceRowId/comparison match; likely seed/system/route-specific content,,,
content/b1-word-order.js,b1_word_order_separable_verb_bracket_001,,,unmatched_current,Exception,manual review: no exact v0.2 source_row_id match,,,,LEGACY_SEED_SAFE_CANDIDATE,keep for separate seed-bank QA; do not remove as unmatched v0.2,Auswahl,selected_choice_value,word_order_separable_verb_bracket,false,,Welche Version klingt natürlich?,,I will call you back tomorrow.,,Ich rufe Sie morgen zurück. | Ich zurückrufe Sie morgen. | Ich rufe zurück Sie morgen.,,Ich rufe Sie morgen zurück.,,Separable verb: the prefix goes to the end in a main clause.,,,,no imported v0.2 sourceRowId/comparison match; likely seed/system/route-specific content,,,
content/b1-word-order.js,b1_word_order_separable_verb_bracket_002,,,unmatched_current,Exception,manual review: no exact v0.2 source_row_id match,,,,LEGACY_SEED_SAFE_CANDIDATE,keep for separate seed-bank QA; do not remove as unmatched v0.2,Satzbau,typed,word_order_separable_verb_bracket,false,,Bringe die Wörter in eine natürliche Reihenfolge: Ich · rufe · Sie · morgen · zurück ___,,Ich · rufe · Sie · morgen · zurück,,,,Ich rufe Sie morgen zurück.,,Sentence bracket: rufe is position 2 and zurück closes the sentence.,,,,no imported v0.2 sourceRowId/comparison match; likely seed/system/route-specific content,,,
content/b1-word-order.js,b1_word_order_separable_verb_bracket_003,,,unmatched_current,Exception,manual review: no exact v0.2 source_row_id match,,,,LEGACY_SEED_SAFE_CANDIDATE,keep for separate seed-bank QA; do not remove as unmatched v0.2,Reparatur,typed,word_order_separable_verb_bracket,false,,Ich zurückrufe Sie morgen.,,I will call you back tomorrow.,,,,Ich rufe Sie morgen zurück.,,Use rufe in position 2 and put zurück at the end.,,,,no imported v0.2 sourceRowId/comparison match; likely seed/system/route-specific content,,,
content/b1-word-order.js,b1_word_order_separable_verb_bracket_004,,,unmatched_current,Exception,manual review: no exact v0.2 source_row_id match,,,,LEGACY_SEED_SAFE_CANDIDATE,keep for separate seed-bank QA; do not remove as unmatched v0.2,Kontrast,selected_choice_value,word_order_separable_verb_bracket,false,,Welche Version ist richtig?,,We will register later.,,Wir melden uns später an. | Wir anmelden uns später. | Wir melden an uns später.,,Wir melden uns später an.,,"With separable verbs, the prefix stands at the end.",,,,no imported v0.2 sourceRowId/comparison match; likely seed/system/route-specific content,,,
content/b1-word-order.js,b1_word_order_modal_verb_bracket_001,,,unmatched_current,Exception,manual review: no exact v0.2 source_row_id match,,,,LEGACY_SEED_SAFE_CANDIDATE,keep for separate seed-bank QA; do not remove as unmatched v0.2,Auswahl,selected_choice_value,word_order_modal_verb_bracket,false,,Welche Reihenfolge ist richtig?,,I have to bring the documents.,,Ich muss die Unterlagen mitbringen. | Ich muss mitbringen die Unterlagen. | Ich die Unterlagen muss mitbringen.,,Ich muss die Unterlagen mitbringen.,,Modal bracket: the modal verb is in position 2; the second verb goes to the end.,,,,no imported v0.2 sourceRowId/comparison match; likely seed/system/route-specific content,,,
content/b1-word-order.js,b1_word_order_modal_verb_bracket_002,,,unmatched_current,Exception,manual review: no exact v0.2 source_row_id match,,,,LEGACY_SEED_SAFE_CANDIDATE,keep for separate seed-bank QA; do not remove as unmatched v0.2,Satzbau,typed,word_order_modal_verb_bracket,false,,Bringe die Wörter in eine natürliche Reihenfolge: Ich · muss · die Unterlagen · mitbringen ___,,Ich · muss · die Unterlagen · mitbringen,,,,Ich muss die Unterlagen mitbringen.,,"With a modal verb, the infinitive comes at the end.",,,,no imported v0.2 sourceRowId/comparison match; likely seed/system/route-specific content,,,
content/b1-word-order.js,b1_word_order_modal_verb_bracket_003,,,unmatched_current,Exception,manual review: no exact v0.2 source_row_id match,,,,LEGACY_SEED_SAFE_CANDIDATE,keep for separate seed-bank QA; do not remove as unmatched v0.2,Reparatur,typed,word_order_modal_verb_bracket,false,,Ich muss mitbringen die Unterlagen.,,I have to bring the documents.,,,,Ich muss die Unterlagen mitbringen.,,The infinitive mitbringen goes to the end.,,,,no imported v0.2 sourceRowId/comparison match; likely seed/system/route-specific content,,,
content/b1-word-order.js,b1_word_order_modal_verb_bracket_004,,,unmatched_current,Exception,manual review: no exact v0.2 source_row_id match,,,,LEGACY_SEED_SAFE_CANDIDATE,keep for separate seed-bank QA; do not remove as unmatched v0.2,Kontrast,selected_choice_value,word_order_modal_verb_bracket,false,,Welche Frage ist richtig?,,Can you call me back?,,Können Sie mich zurückrufen? | Können zurückrufen Sie mich? | Sie können mich zurückrufen?,,Können Sie mich zurückrufen?,,Yes/no question: the finite verb comes first; the second verb stays at the end.,,,,no imported v0.2 sourceRowId/comparison match; likely seed/system/route-specific content,,,
content/b1-word-order.js,b1_word_order_perfect_verb_bracket_001,,,unmatched_current,Exception,manual review: no exact v0.2 source_row_id match,,,,LEGACY_SEED_SAFE_CANDIDATE,keep for separate seed-bank QA; do not remove as unmatched v0.2,Auswahl,selected_choice_value,word_order_perfect_verb_bracket,false,,Welche Version ist richtig?,,I brought the documents.,,Ich habe die Unterlagen mitgebracht. | Ich habe mitgebracht die Unterlagen. | Ich die Unterlagen habe mitgebracht.,,Ich habe die Unterlagen mitgebracht.,,Perfect tense: the helper verb is in position 2; the participle goes to the end.,,,,no imported v0.2 sourceRowId/comparison match; likely seed/system/route-specific content,,,
content/b1-word-order.js,b1_word_order_perfect_verb_bracket_002,,,unmatched_current,Exception,manual review: no exact v0.2 source_row_id match,,,,LEGACY_SEED_SAFE_CANDIDATE,keep for separate seed-bank QA; do not remove as unmatched v0.2,Satzbau,typed,word_order_perfect_verb_bracket,false,,Bringe die Wörter in eine natürliche Reihenfolge: Ich · habe · die Unterlagen · mitgebracht ___,,Ich · habe · die Unterlagen · mitgebracht,,,,Ich habe die Unterlagen mitgebracht.,,Perfect tense: habe opens the bracket and mitgebracht closes it.,,,,no imported v0.2 sourceRowId/comparison match; likely seed/system/route-specific content,,,
content/b1-word-order.js,b1_word_order_perfect_verb_bracket_003,,,unmatched_current,Exception,manual review: no exact v0.2 source_row_id match,,,,LEGACY_SEED_SAFE_CANDIDATE,keep for separate seed-bank QA; do not remove as unmatched v0.2,Reparatur,typed,word_order_perfect_verb_bracket,false,,Ich habe mitgebracht die Unterlagen.,,I brought the documents.,,,,Ich habe die Unterlagen mitgebracht.,,The past participle goes to the end.,,,,no imported v0.2 sourceRowId/comparison match; likely seed/system/route-specific content,,,
content/b1-word-order.js,b1_word_order_perfect_verb_bracket_004,,,unmatched_current,Exception,manual review: no exact v0.2 source_row_id match,,,,LEGACY_SEED_SAFE_CANDIDATE,keep for separate seed-bank QA; do not remove as unmatched v0.2,Kontrast,selected_choice_value,word_order_perfect_verb_bracket,false,,Welche Version ist natürlich?,,We postponed the appointment.,,Wir haben den Termin verschoben. | Wir haben verschoben den Termin. | Wir den Termin haben verschoben.,,Wir haben den Termin verschoben.,,Perfect tense: the participle stands at the end.,,,,no imported v0.2 sourceRowId/comparison match; likely seed/system/route-specific content,,,
content/b1-word-order.js,b1_word_order_subordinate_weil_final_001,,,unmatched_current,Exception,manual review: no exact v0.2 source_row_id match,,,,LEGACY_SEED_SAFE_CANDIDATE,keep for separate seed-bank QA; do not remove as unmatched v0.2,Auswahl,selected_choice_value,word_order_subordinate_weil_final,false,,Welche Version hat die richtige Verbposition?,,I am staying at home because I am ill.,,"Ich bleibe zu Hause, weil ich krank bin. | Ich bleibe zu Hause, weil ich bin krank. | Weil ich krank bin, ich bleibe zu Hause.",,"Ich bleibe zu Hause, weil ich krank bin.",,"Subordinate clause: after weil, the finite verb goes to the end.",,,,no imported v0.2 sourceRowId/comparison match; likely seed/system/route-specific content,,,
content/b1-word-order.js,b1_word_order_subordinate_weil_final_002,,,unmatched_current,Exception,manual review: no exact v0.2 source_row_id match,,,,LEGACY_SEED_SAFE_CANDIDATE,keep for separate seed-bank QA; do not remove as unmatched v0.2,Satzbau,typed,word_order_subordinate_weil_final,false,,"Bringe die Wörter in eine natürliche Reihenfolge: Ich bleibe zu Hause, weil · ich · krank · bin ___",,"Ich bleibe zu Hause, weil · ich · krank · bin",,,,"Ich bleibe zu Hause, weil ich krank bin.",,"After weil, the finite verb goes to the end of the subordinate clause.",,,,no imported v0.2 sourceRowId/comparison match; likely seed/system/route-specific content,,,
content/b1-word-order.js,b1_word_order_subordinate_weil_final_003,,,unmatched_current,Exception,manual review: no exact v0.2 source_row_id match,,,,LEGACY_SEED_SAFE_CANDIDATE,keep for separate seed-bank QA; do not remove as unmatched v0.2,Reparatur,typed,word_order_subordinate_weil_final,false,,"Ich bleibe zu Hause, weil ich bin krank.",,I am staying at home because I am ill.,,,,"Ich bleibe zu Hause, weil ich krank bin.",,Move bin to the end after weil.,,,,no imported v0.2 sourceRowId/comparison match; likely seed/system/route-specific content,,,
content/b1-word-order.js,b1_word_order_subordinate_weil_final_004,,,unmatched_current,Exception,manual review: no exact v0.2 source_row_id match,,,,LEGACY_SEED_SAFE_CANDIDATE,keep for separate seed-bank QA; do not remove as unmatched v0.2,Kontrast,selected_choice_value,word_order_subordinate_weil_final,false,,Welche Version ist richtig?,,I am calling because the bus is late.,,"Ich rufe an, weil der Bus spät kommt. | Ich rufe an, weil kommt der Bus spät. | Ich rufe an, weil der Bus kommt spät.",,"Ich rufe an, weil der Bus spät kommt.",,"After weil, the finite verb comes at the end.",,,,no imported v0.2 sourceRowId/comparison match; likely seed/system/route-specific content,,,
content/b1-word-order.js,b1_word_order_fronted_subordinate_inversion_001,,,unmatched_current,Exception,manual review: no exact v0.2 source_row_id match,,,,LEGACY_SEED_SAFE_CANDIDATE,keep for separate seed-bank QA; do not remove as unmatched v0.2,Auswahl,selected_choice_value,word_order_fronted_subordinate_inversion,false,,Welche Version ist richtig?,,"If I have time, I will call back.",,"Wenn ich Zeit habe, rufe ich zurück. | Wenn ich Zeit habe, ich rufe zurück. | Wenn ich habe Zeit, rufe ich zurück.",,"Wenn ich Zeit habe, rufe ich zurück.",,"Fronted clause: after a wenn-clause, the main verb comes next.",,,,no imported v0.2 sourceRowId/comparison match; likely seed/system/route-specific content,,,
content/b1-word-order.js,b1_word_order_fronted_subordinate_inversion_002,,,unmatched_current,Exception,manual review: no exact v0.2 source_row_id match,,,,LEGACY_SEED_SAFE_CANDIDATE,keep for separate seed-bank QA; do not remove as unmatched v0.2,Satzbau,typed,word_order_fronted_subordinate_inversion,false,,"Bringe die Wörter in eine natürliche Reihenfolge: Wenn ich Zeit habe, · rufe · ich · zurück ___",,"Wenn ich Zeit habe, · rufe · ich · zurück",,,,"Wenn ich Zeit habe, rufe ich zurück.",,"After the subordinate clause, put the finite main verb immediately after the comma.",,,,no imported v0.2 sourceRowId/comparison match; likely seed/system/route-specific content,,,
content/b1-word-order.js,b1_word_order_fronted_subordinate_inversion_003,,,unmatched_current,Exception,manual review: no exact v0.2 source_row_id match,,,,LEGACY_SEED_SAFE_CANDIDATE,keep for separate seed-bank QA; do not remove as unmatched v0.2,Reparatur,typed,word_order_fronted_subordinate_inversion,false,,"Wenn ich Zeit habe, ich rufe zurück.",,"If I have time, I will call back.",,,,"Wenn ich Zeit habe, rufe ich zurück.",,"After a fronted subordinate clause, the main verb comes before the subject.",,,,no imported v0.2 sourceRowId/comparison match; likely seed/system/route-specific content,,,
content/b1-word-order.js,b1_word_order_fronted_subordinate_inversion_004,,,unmatched_current,Exception,manual review: no exact v0.2 source_row_id match,,,,LEGACY_SEED_SAFE_CANDIDATE,keep for separate seed-bank QA; do not remove as unmatched v0.2,Kontrast,selected_choice_value,word_order_fronted_subordinate_inversion,false,,Welche Version ist natürlich?,,"Because I am ill, I am staying at home.",,"Weil ich krank bin, bleibe ich zu Hause. | Weil ich krank bin, ich bleibe zu Hause. | Weil ich bin krank, bleibe ich zu Hause.",,"Weil ich krank bin, bleibe ich zu Hause.",,Fronted subordinate clause: the main clause begins with the finite verb.,,,,no imported v0.2 sourceRowId/comparison match; likely seed/system/route-specific content,,,
content/b1-word-order.js,b1_word_order_question_order_001,,,unmatched_current,Exception,manual review: no exact v0.2 source_row_id match,,,,LEGACY_SEED_SAFE_CANDIDATE,keep for separate seed-bank QA; do not remove as unmatched v0.2,Auswahl,selected_choice_value,word_order_question_order,false,,Welche Frage ist richtig?,,When does the course begin?,,Wann beginnt der Kurs? | Wann der Kurs beginnt? | Der Kurs beginnt wann?,,Wann beginnt der Kurs?,,W-question: question word + finite verb + subject.,,,,no imported v0.2 sourceRowId/comparison match; likely seed/system/route-specific content,,,
content/b1-word-order.js,b1_word_order_question_order_002,,,unmatched_current,Exception,manual review: no exact v0.2 source_row_id match,,,,LEGACY_SEED_SAFE_CANDIDATE,keep for separate seed-bank QA; do not remove as unmatched v0.2,Satzbau,typed,word_order_question_order,false,,Bringe die Wörter in eine natürliche Reihenfolge: Wann · beginnt · der Kurs ___,,Wann · beginnt · der Kurs,,,,Wann beginnt der Kurs?,,"In a W-question, the finite verb comes directly after the question word.",,,,no imported v0.2 sourceRowId/comparison match; likely seed/system/route-specific content,,,
content/b1-word-order.js,b1_word_order_question_order_003,,,unmatched_current,Exception,manual review: no exact v0.2 source_row_id match,,,,LEGACY_SEED_SAFE_CANDIDATE,keep for separate seed-bank QA; do not remove as unmatched v0.2,Reparatur,typed,word_order_question_order,false,,Wann der Kurs beginnt?,,When does the course begin?,,,,Wann beginnt der Kurs?,,Put the finite verb directly after the W-word.,,,,no imported v0.2 sourceRowId/comparison match; likely seed/system/route-specific content,,,
content/b1-word-order.js,b1_word_order_question_order_004,,,unmatched_current,Exception,manual review: no exact v0.2 source_row_id match,,,,LEGACY_SEED_SAFE_CANDIDATE,keep for separate seed-bank QA; do not remove as unmatched v0.2,Kontrast,selected_choice_value,word_order_question_order,false,,Welche Ja/Nein-Frage ist richtig?,,Do you have time tomorrow?,,Haben Sie morgen Zeit? | Sie haben morgen Zeit? | Morgen Sie haben Zeit?,,Haben Sie morgen Zeit?,,Yes/no question: the finite verb comes first.,,,,no imported v0.2 sourceRowId/comparison match; likely seed/system/route-specific content,,,
content/b1-word-order.js,b1_word_order_negation_position_001,,,unmatched_current,Exception,manual review: no exact v0.2 source_row_id match,,,,LEGACY_SEED_SAFE_CANDIDATE,keep for separate seed-bank QA; do not remove as unmatched v0.2,Auswahl,selected_choice_value,word_order_negation_position,false,,Welche Version ist natürlich?,,I cannot come tomorrow.,,Ich kann morgen nicht kommen. | Ich kann morgen kommen nicht. | Ich nicht kann morgen kommen.,,Ich kann morgen nicht kommen.,,Simple B1 negation: nicht usually stands before the final verb part.,,,,no imported v0.2 sourceRowId/comparison match; likely seed/system/route-specific content,,,
content/b1-word-order.js,b1_word_order_negation_position_002,,,unmatched_current,Exception,manual review: no exact v0.2 source_row_id match,,,,LEGACY_SEED_SAFE_CANDIDATE,keep for separate seed-bank QA; do not remove as unmatched v0.2,Satzbau,typed,word_order_negation_position,false,,Bringe die Wörter in eine natürliche Reihenfolge: Ich · kann · morgen · nicht · kommen ___,,Ich · kann · morgen · nicht · kommen,,,,Ich kann morgen nicht kommen.,,"With a modal verb, nicht stands before the final infinitive.",,,,no imported v0.2 sourceRowId/comparison match; likely seed/system/route-specific content,,,
content/b1-word-order.js,b1_word_order_negation_position_003,,,unmatched_current,Exception,manual review: no exact v0.2 source_row_id match,,,,LEGACY_SEED_SAFE_CANDIDATE,keep for separate seed-bank QA; do not remove as unmatched v0.2,Reparatur,typed,word_order_negation_position,false,,Ich kann morgen kommen nicht.,,I cannot come tomorrow.,,,,Ich kann morgen nicht kommen.,,Place nicht before the final infinitive.,,,,no imported v0.2 sourceRowId/comparison match; likely seed/system/route-specific content,,,
content/b1-word-order.js,b1_word_order_negation_position_004,,,unmatched_current,Exception,manual review: no exact v0.2 source_row_id match,,,,LEGACY_SEED_SAFE_CANDIDATE,keep for separate seed-bank QA; do not remove as unmatched v0.2,Kontrast,selected_choice_value,word_order_negation_position,false,,Welche Version ist richtig?,,The appointment is not on Monday.,,Der Termin ist nicht am Montag. | Der Termin nicht ist am Montag. | Nicht der Termin ist am Montag.,,Der Termin ist nicht am Montag.,,"For a date or time phrase, nicht usually stands before that phrase.",,,,no imported v0.2 sourceRowId/comparison match; likely seed/system/route-specific content,,,
content/b1-word-order.js,b1_word_order_tekamolo_basic_001,,,unmatched_current,Exception,manual review: no exact v0.2 source_row_id match,,,,LEGACY_SEED_SAFE_CANDIDATE,keep for separate seed-bank QA; do not remove as unmatched v0.2,Auswahl,selected_choice_value,word_order_tekamolo_basic,false,,Welche Reihenfolge klingt natürlich?,,We are meeting at eight o'clock in the office.,,Wir treffen uns um acht Uhr im Büro. | Wir treffen um acht Uhr uns im Büro. | Wir im Büro treffen uns um acht Uhr.,,Wir treffen uns um acht Uhr im Büro.,,Keep the finite verb in position 2; time often comes before place.,,,,no imported v0.2 sourceRowId/comparison match; likely seed/system/route-specific content,,,
content/b1-word-order.js,b1_word_order_tekamolo_basic_002,,,unmatched_current,Exception,manual review: no exact v0.2 source_row_id match,,,,LEGACY_SEED_SAFE_CANDIDATE,keep for separate seed-bank QA; do not remove as unmatched v0.2,Satzbau,typed,word_order_tekamolo_basic,false,,Bringe die Wörter in eine natürliche Reihenfolge: Wir · treffen · uns · um acht Uhr · im Büro ___,,Wir · treffen · uns · um acht Uhr · im Büro,,,,Wir treffen uns um acht Uhr im Büro.,,"B1 word order: verb in position 2, then the rest in a natural time-place order.",,,,no imported v0.2 sourceRowId/comparison match; likely seed/system/route-specific content,,,
content/b1-word-order.js,b1_word_order_tekamolo_basic_003,,,unmatched_current,Exception,manual review: no exact v0.2 source_row_id match,,,,LEGACY_SEED_SAFE_CANDIDATE,keep for separate seed-bank QA; do not remove as unmatched v0.2,Reparatur,typed,word_order_tekamolo_basic,false,,Wir treffen um acht Uhr uns im Büro.,,We are meeting at eight o'clock in the office.,,,,Wir treffen uns um acht Uhr im Büro.,,Do not split treffen uns; keep the reflexive pronoun close to the verb.,,,,no imported v0.2 sourceRowId/comparison match; likely seed/system/route-specific content,,,
content/b1-word-order.js,b1_word_order_tekamolo_basic_004,,,unmatched_current,Exception,manual review: no exact v0.2 source_row_id match,,,,LEGACY_SEED_SAFE_CANDIDATE,keep for separate seed-bank QA; do not remove as unmatched v0.2,Kontrast,selected_choice_value,word_order_tekamolo_basic,false,,Welche Version ist besser?,,I am bringing the documents to the practice tomorrow.,,Ich bringe morgen die Unterlagen zur Praxis. | Ich bringe zur Praxis morgen die Unterlagen. | Morgen die Unterlagen bringe ich zur Praxis.,,Ich bringe morgen die Unterlagen zur Praxis.,,A simple B1 main clause often uses time before object/place information.,,,,no imported v0.2 sourceRowId/comparison match; likely seed/system/route-specific content,,,
content/b1-word-order.js,b1_word_order_v085_variable_001,,,unmatched_current,Exception,manual review: no exact v0.2 source_row_id match,,,,LEGACY_SEED_SAFE_CANDIDATE,keep for separate seed-bank QA; do not remove as unmatched v0.2,Reparatur,edit_text,word_order_v085_variable_main_clause_v2,false,,Korrigiere den Satz.,,Tomorrow I will call the practice.,,,,Morgen rufe ich die Praxis an.,,Repair the selected word-order errors.,,,,no imported v0.2 sourceRowId/comparison match; likely seed/system/route-specific content,,,
content/b1-word-order.js,fronted_time_v2,,,unmatched_current,,,,,,LEGACY_SEED_SAFE_CANDIDATE,keep for separate seed-bank QA; do not remove as unmatched v0.2,,,,false,,,,,,,,,,"After a fronted time phrase, the finite verb stays in position 2.",,,,no imported v0.2 sourceRowId/comparison match; likely seed/system/route-specific content,,,
content/b1-word-order.js,separable_prefix_final,,,unmatched_current,,,,,,LEGACY_SEED_SAFE_CANDIDATE,keep for separate seed-bank QA; do not remove as unmatched v0.2,,,,false,,,,,,,,,,"With anrufen, the separable prefix goes to the end.",,,,no imported v0.2 sourceRowId/comparison match; likely seed/system/route-specific content,,,
content/b1-word-order.js,b1_word_order_v085_variable_002,,,unmatched_current,Exception,manual review: no exact v0.2 source_row_id match,,,,LEGACY_SEED_SAFE_CANDIDATE,keep for separate seed-bank QA; do not remove as unmatched v0.2,Reparatur,edit_text,word_order_v085_variable_subordinate_inversion,false,,Korrigiere den Satz.,,"If I have time, I will call back.",,,,"Wenn ich Zeit habe, rufe ich zurück.",,Repair the selected subordinate-clause word-order errors.,,,,no imported v0.2 sourceRowId/comparison match; likely seed/system/route-specific content,,,
content/b1-word-order.js,subordinate_verb_final,,,unmatched_current,,,,,,LEGACY_SEED_SAFE_CANDIDATE,keep for separate seed-bank QA; do not remove as unmatched v0.2,,,,false,,,,,,,,,,"In a wenn-clause, the finite verb goes to the end.",,,,no imported v0.2 sourceRowId/comparison match; likely seed/system/route-specific content,,,
content/b1-word-order.js,fronted_clause_inversion,,,unmatched_current,,,,,,LEGACY_SEED_SAFE_CANDIDATE,keep for separate seed-bank QA; do not remove as unmatched v0.2,,,,false,,,,,,,,,,"After a fronted subordinate clause, the main verb comes before the subject.",,,,no imported v0.2 sourceRowId/comparison match; likely seed/system/route-specific content,,,
content/b1-word-order.js,b1_word_order_v085_transform_question_001,,,unmatched_current,Exception,manual review: no exact v0.2 source_row_id match,,,,LEGACY_SEED_SAFE_CANDIDATE,keep for separate seed-bank QA; do not remove as unmatched v0.2,Umformen,typed_text,word_order_v085_transform_question_order,false,,Mache daraus eine Frage: Sie können mich morgen zurückrufen.,,Turn the statement into a yes/no question.,,,,Können Sie mich morgen zurückrufen?,,Question: a yes/no question starts with the finite verb.,,,,no imported v0.2 sourceRowId/comparison match; likely seed/system/route-specific content,,,
content/b1-word-order.js,b1_word_order_v085_transform_fronted_v2_001,,,unmatched_current,Exception,manual review: no exact v0.2 source_row_id match,,,,LEGACY_SEED_SAFE_CANDIDATE,keep for separate seed-bank QA; do not remove as unmatched v0.2,Umformen,typed_text,word_order_v085_transform_fronted_v2,false,,Beginne mit Morgen: Ich bringe die Unterlagen morgen mit.,,Start the sentence with Morgen and keep a normal main-clause order.,,,,Morgen bringe ich die Unterlagen mit.,,"V2: Morgen is position 1, so bringe is position 2.",,,,no imported v0.2 sourceRowId/comparison match; likely seed/system/route-specific content,,,
content/b1-wortschatz.js,b1_vocab_termin_001,,,unmatched_current,Exception,manual review: no exact v0.2 source_row_id match,,,,LEGACY_SEED_SAFE_CANDIDATE,keep for separate seed-bank QA; do not remove as unmatched v0.2,,,,false,,Ich möchte einen ___ vereinbaren.,,,,,,Termin,,,,,,no imported v0.2 sourceRowId/comparison match; likely seed/system/route-specific content,,,
content/b1-wortschatz.js,b1_vocab_termin_002,,,unmatched_current,Exception,manual review: no exact v0.2 source_row_id match,,,,LEGACY_SEED_SAFE_CANDIDATE,keep for separate seed-bank QA; do not remove as unmatched v0.2,,,,false,,Leider muss ich den Termin ___.,,,,,,absagen,,,,,,no imported v0.2 sourceRowId/comparison match; likely seed/system/route-specific content,,,
content/b1-wortschatz.js,b1_vocab_termin_003,,,unmatched_current,Exception,manual review: no exact v0.2 source_row_id match,,,,LEGACY_SEED_SAFE_CANDIDATE,keep for separate seed-bank QA; do not remove as unmatched v0.2,,,,false,,Sie können morgen nicht. Welche Formulierung verschiebt den Termin?,,Which phrase fits if you want to change an appointment?,,Könnten wir den Termin verschieben? | Könnten wir den Termin absagen? | Könnten wir einen neuen Termin vereinbaren?,,Könnten wir den Termin verschieben?,,,,,,no imported v0.2 sourceRowId/comparison match; likely seed/system/route-specific content,,,
content/b1-wortschatz.js,b1_vocab_termin_004,,,unmatched_current,Exception,manual review: no exact v0.2 source_row_id match,,,,LEGACY_SEED_SAFE_CANDIDATE,keep for separate seed-bank QA; do not remove as unmatched v0.2,,,,false,,Welche Form ist in Praxis/Büro standardsprachlich besser?,,,,Ich mache einen Termin beim Arzt. | Ich vereinbare einen Termin beim Arzt. | Ich bekomme einen Termin beim Arzt.,,Ich vereinbare einen Termin beim Arzt.,,,,,,no imported v0.2 sourceRowId/comparison match; likely seed/system/route-specific content,,,
content/b1-wortschatz.js,b1_vocab_termin_005,,,unmatched_current,Exception,manual review: no exact v0.2 source_row_id match,,,,LEGACY_SEED_SAFE_CANDIDATE,keep for separate seed-bank QA; do not remove as unmatched v0.2,,,,false,,Schreibe einen höflichen Satz: Du möchtest einen Termin verschieben.,,,,,,Könnten wir den Termin bitte verschieben? Leider kann ich an diesem Tag nicht. Am Montag hätte ich Zeit.,,,,,,no imported v0.2 sourceRowId/comparison match; likely seed/system/route-specific content,,,
content/b1-wortschatz.js,b1_vocab_bestaetigung_001,,,unmatched_current,Exception,manual review: no exact v0.2 source_row_id match,,,,LEGACY_SEED_SAFE_CANDIDATE,keep for separate seed-bank QA; do not remove as unmatched v0.2,,,,false,,Könnten Sie mir bitte eine ___ per E-Mail schicken?,,,,,,Bestätigung,,,,,,no imported v0.2 sourceRowId/comparison match; likely seed/system/route-specific content,,,
content/b1-wortschatz.js,b1_vocab_bestaetigung_002,,,unmatched_current,Exception,manual review: no exact v0.2 source_row_id match,,,,LEGACY_SEED_SAFE_CANDIDATE,keep for separate seed-bank QA; do not remove as unmatched v0.2,,,,false,,Ich möchte den Termin schriftlich ___.,,,,,,bestätigen,,,,,,no imported v0.2 sourceRowId/comparison match; likely seed/system/route-specific content,,,
content/b1-wortschatz.js,b1_vocab_bestaetigung_003,,,unmatched_current,Exception,manual review: no exact v0.2 source_row_id match,,,,LEGACY_SEED_SAFE_CANDIDATE,keep for separate seed-bank QA; do not remove as unmatched v0.2,,,,false,,Sie haben noch keine Bestätigung bekommen. Welche Formulierung passt?,,Which phrase fits if you have not received a reply yet?,,Ich habe noch keine Bestätigung erhalten. | Ich habe die Bestätigung schon erhalten. | Könnten Sie mir die Rechnung schicken?,,Ich habe noch keine Bestätigung erhalten.,,,,,,no imported v0.2 sourceRowId/comparison match; likely seed/system/route-specific content,,,
content/b1-wortschatz.js,b1_vocab_bestaetigung_004,,,unmatched_current,Exception,manual review: no exact v0.2 source_row_id match,,,,LEGACY_SEED_SAFE_CANDIDATE,keep for separate seed-bank QA; do not remove as unmatched v0.2,,,,false,,Korrigiere: Ich brauche ein Bestätigung.,,,,,,Ich brauche eine Bestätigung.,,,,,,no imported v0.2 sourceRowId/comparison match; likely seed/system/route-specific content,,,
content/b1-wortschatz.js,b1_vocab_bestaetigung_005,,,unmatched_current,Exception,manual review: no exact v0.2 source_row_id match,,,,LEGACY_SEED_SAFE_CANDIDATE,keep for separate seed-bank QA; do not remove as unmatched v0.2,,,,false,,Schreibe einen höflichen Satz: Du möchtest eine schriftliche Bestätigung.,,,,,,Könnten Sie mir bitte eine schriftliche Bestätigung per E-Mail schicken?,,,,,,no imported v0.2 sourceRowId/comparison match; likely seed/system/route-specific content,,,
content/b1-wortschatz.js,b1_vocab_unterlagen_001,,,unmatched_current,Exception,manual review: no exact v0.2 source_row_id match,,,,LEGACY_SEED_SAFE_CANDIDATE,keep for separate seed-bank QA; do not remove as unmatched v0.2,,,,false,,Bitte schicken Sie mir die ___ bis Freitag.,,,,,,Unterlagen,,,,,,no imported v0.2 sourceRowId/comparison match; likely seed/system/route-specific content,,,
content/b1-wortschatz.js,b1_vocab_unterlagen_002,,,unmatched_current,Exception,manual review: no exact v0.2 source_row_id match,,,,LEGACY_SEED_SAFE_CANDIDATE,keep for separate seed-bank QA; do not remove as unmatched v0.2,,,,false,,Ich habe die Unterlagen als PDF ___.,,,,,,geschickt,,,,,,no imported v0.2 sourceRowId/comparison match; likely seed/system/route-specific content,,,
content/b1-wortschatz.js,b1_vocab_unterlagen_003,,,unmatched_current,Exception,manual review: no exact v0.2 source_row_id match,,,,LEGACY_SEED_SAFE_CANDIDATE,keep for separate seed-bank QA; do not remove as unmatched v0.2,,,,false,,Dokumente fehlen noch. Welche Formulierung passt?,,Which phrase fits if documents are still missing?,,Mir fehlen noch die Unterlagen. | Ich habe alle Unterlagen dabei. | Ich brauche keine Unterlagen mehr.,,Mir fehlen noch die Unterlagen.,,,,,,no imported v0.2 sourceRowId/comparison match; likely seed/system/route-specific content,,,
content/b1-wortschatz.js,b1_vocab_unterlagen_004,,,unmatched_current,Exception,manual review: no exact v0.2 source_row_id match,,,,LEGACY_SEED_SAFE_CANDIDATE,keep for separate seed-bank QA; do not remove as unmatched v0.2,,,,false,,Korrigiere im Bewerbungskontext: Ich schicke Ihnen die Unterlage für die Bewerbung.,,,,,,Ich schicke Ihnen die Unterlagen für die Bewerbung.,,,,,,no imported v0.2 sourceRowId/comparison match; likely seed/system/route-specific content,,,
content/b1-wortschatz.js,b1_vocab_unterlagen_005,,,unmatched_current,Exception,manual review: no exact v0.2 source_row_id match,,,,LEGACY_SEED_SAFE_CANDIDATE,keep for separate seed-bank QA; do not remove as unmatched v0.2,,,,false,,Schreibe einen höflichen Satz: Du fragst nach fehlenden Unterlagen.,,,,,,"Mir fehlen noch einige Unterlagen. Könnten Sie mir bitte sagen, welche Unterlagen ich noch brauche?",,,,,,no imported v0.2 sourceRowId/comparison match; likely seed/system/route-specific content,,,
content/b1-wortschatz.js,b1_vocab_formular_001,,,unmatched_current,Exception,manual review: no exact v0.2 source_row_id match,,,,LEGACY_SEED_SAFE_CANDIDATE,keep for separate seed-bank QA; do not remove as unmatched v0.2,,,,false,,Bitte füllen Sie das ___ vollständig aus.,,,,,,Formular,,,,,,no imported v0.2 sourceRowId/comparison match; likely seed/system/route-specific content,,,
content/b1-wortschatz.js,b1_vocab_formular_002,,,unmatched_current,Exception,manual review: no exact v0.2 source_row_id match,,,,LEGACY_SEED_SAFE_CANDIDATE,keep for separate seed-bank QA; do not remove as unmatched v0.2,,,,false,,Das Formular muss ich noch ___.,,,,,,ausfüllen,,,,,,no imported v0.2 sourceRowId/comparison match; likely seed/system/route-specific content,,,
content/b1-wortschatz.js,b1_vocab_formular_003,,,unmatched_current,Exception,manual review: no exact v0.2 source_row_id match,,,,LEGACY_SEED_SAFE_CANDIDATE,keep for separate seed-bank QA; do not remove as unmatched v0.2,,,,false,,Angaben fehlen im Formular. Welche Formulierung passt?,,Which phrase fits if information is missing?,,Das Formular ist noch nicht vollständig. | Das Formular ist schon unterschrieben. | Das Formular ist angekommen.,,Das Formular ist noch nicht vollständig.,,,,,,no imported v0.2 sourceRowId/comparison match; likely seed/system/route-specific content,,,
content/b1-wortschatz.js,b1_vocab_formular_004,,,unmatched_current,Exception,manual review: no exact v0.2 source_row_id match,,,,LEGACY_SEED_SAFE_CANDIDATE,keep for separate seed-bank QA; do not remove as unmatched v0.2,,,,false,,Korrigiere: Ich habe den Formular ausgefüllt.,,,,,,Ich habe das Formular ausgefüllt.,,,,,,no imported v0.2 sourceRowId/comparison match; likely seed/system/route-specific content,,,
content/b1-wortschatz.js,b1_vocab_formular_005,,,unmatched_current,Exception,manual review: no exact v0.2 source_row_id match,,,,LEGACY_SEED_SAFE_CANDIDATE,keep for separate seed-bank QA; do not remove as unmatched v0.2,,,,false,,Schreibe einen Satz: Du hast das Formular ausgefüllt und schickst es mit.,,,,,,Ich habe das Formular ausgefüllt und schicke es Ihnen im Anhang.,,,,,,no imported v0.2 sourceRowId/comparison match; likely seed/system/route-specific content,,,
content/b1-wortschatz.js,b1_vocab_beschwerde_001,,,unmatched_current,Exception,manual review: no exact v0.2 source_row_id match,,,,LEGACY_SEED_SAFE_CANDIDATE,keep for separate seed-bank QA; do not remove as unmatched v0.2,,,,false,,Der Kunde ist unzufrieden und schreibt eine ___.,,,,,,Beschwerde,,,,,,no imported v0.2 sourceRowId/comparison match; likely seed/system/route-specific content,,,
content/b1-wortschatz.js,b1_vocab_beschwerde_002,,,unmatched_current,Exception,manual review: no exact v0.2 source_row_id match,,,,LEGACY_SEED_SAFE_CANDIDATE,keep for separate seed-bank QA; do not remove as unmatched v0.2,,,,false,,Ich möchte eine Beschwerde ___.,,,,,,einreichen,,,,,,no imported v0.2 sourceRowId/comparison match; likely seed/system/route-specific content,,,
content/b1-wortschatz.js,b1_vocab_beschwerde_003,,,unmatched_current,Exception,manual review: no exact v0.2 source_row_id match,,,,LEGACY_SEED_SAFE_CANDIDATE,keep for separate seed-bank QA; do not remove as unmatched v0.2,,,,false,,Welche Formulierung ist höflich und passend für eine Beschwerde?,,Which phrase is polite and suitable for a complaint?,,Ich möchte mich über die Lieferung beschweren. | Die Lieferung ist total schlecht. | Ihre Lieferung ist unmöglich.,,Ich möchte mich über die Lieferung beschweren.,,,,,,no imported v0.2 sourceRowId/comparison match; likely seed/system/route-specific content,,,
content/b1-wortschatz.js,b1_vocab_beschwerde_004,,,unmatched_current,Exception,manual review: no exact v0.2 source_row_id match,,,,LEGACY_SEED_SAFE_CANDIDATE,keep for separate seed-bank QA; do not remove as unmatched v0.2,,,,false,,Korrigiere: Ich habe ein Beschwerde geschrieben.,,,,,,Ich habe eine Beschwerde geschrieben.,,,,,,no imported v0.2 sourceRowId/comparison match; likely seed/system/route-specific content,,,
content/b1-wortschatz.js,b1_vocab_beschwerde_005,,,unmatched_current,Exception,manual review: no exact v0.2 source_row_id match,,,,LEGACY_SEED_SAFE_CANDIDATE,keep for separate seed-bank QA; do not remove as unmatched v0.2,,,,false,,Schreibe zwei höfliche Sätze: Du beschwerst dich über eine verspätete Lieferung.,,,,,,Ich möchte mich über die verspätete Lieferung beschweren. Könnten Sie das bitte prüfen und mir eine Lösung anbieten?,,,,,,no imported v0.2 sourceRowId/comparison match; likely seed/system/route-specific content,,,
content/b1-wortschatz.js,b1_vocab_lieferung_001,,,unmatched_current,Exception,manual review: no exact v0.2 source_row_id match,,,,LEGACY_SEED_SAFE_CANDIDATE,keep for separate seed-bank QA; do not remove as unmatched v0.2,,,,false,,Die ___ kommt leider erst morgen an.,,,,,,Lieferung,,,,,,no imported v0.2 sourceRowId/comparison match; likely seed/system/route-specific content,,,
content/b1-wortschatz.js,b1_vocab_lieferung_002,,,unmatched_current,Exception,manual review: no exact v0.2 source_row_id match,,,,LEGACY_SEED_SAFE_CANDIDATE,keep for separate seed-bank QA; do not remove as unmatched v0.2,,,,false,,Die Lieferung wurde gestern ___.,,,,,,verschickt,,,,,,no imported v0.2 sourceRowId/comparison match; likely seed/system/route-specific content,,,
content/b1-wortschatz.js,b1_vocab_lieferung_003,,,unmatched_current,Exception,manual review: no exact v0.2 source_row_id match,,,,LEGACY_SEED_SAFE_CANDIDATE,keep for separate seed-bank QA; do not remove as unmatched v0.2,,,,false,,Die Ware ist noch nicht da. Welche Formulierung passt?,,Which phrase fits if the delivery has not arrived yet?,,Die Lieferung ist noch nicht angekommen. | Die Bestellung ist schon bestätigt. | Die Rechnung ist noch offen.,,Die Lieferung ist noch nicht angekommen.,,,,,,no imported v0.2 sourceRowId/comparison match; likely seed/system/route-specific content,,,
content/b1-wortschatz.js,b1_vocab_lieferung_004,,,unmatched_current,Exception,manual review: no exact v0.2 source_row_id match,,,,LEGACY_SEED_SAFE_CANDIDATE,keep for separate seed-bank QA; do not remove as unmatched v0.2,,,,false,,Korrigiere: Die Lieferung sind verspätet.,,,,,,Die Lieferung ist verspätet.,,,,,,no imported v0.2 sourceRowId/comparison match; likely seed/system/route-specific content,,,
content/b1-wortschatz.js,b1_vocab_lieferung_005,,,unmatched_current,Exception,manual review: no exact v0.2 source_row_id match,,,,LEGACY_SEED_SAFE_CANDIDATE,keep for separate seed-bank QA; do not remove as unmatched v0.2,,,,false,,Schreibe einen höflichen Satz: Deine Lieferung ist noch nicht angekommen.,,,,,,"Die Lieferung ist leider noch nicht angekommen. Können Sie bitte prüfen, wann sie kommt?",,,,,,no imported v0.2 sourceRowId/comparison match; likely seed/system/route-specific content,,,
content/b1-wortschatz.js,b1_vocab_bestellung_001,,,unmatched_current,Exception,manual review: no exact v0.2 source_row_id match,,,,LEGACY_SEED_SAFE_CANDIDATE,keep for separate seed-bank QA; do not remove as unmatched v0.2,,,,false,,Ich möchte meine ___ ändern.,,,,,,Bestellung,,,,,,no imported v0.2 sourceRowId/comparison match; likely seed/system/route-specific content,,,
content/b1-wortschatz.js,b1_vocab_bestellung_002,,,unmatched_current,Exception,manual review: no exact v0.2 source_row_id match,,,,LEGACY_SEED_SAFE_CANDIDATE,keep for separate seed-bank QA; do not remove as unmatched v0.2,,,,false,,Ich habe die Bestellung online ___.,,,,,,aufgegeben,,,,,,no imported v0.2 sourceRowId/comparison match; likely seed/system/route-specific content,,,
content/b1-wortschatz.js,b1_vocab_bestellung_003,,,unmatched_current,Exception,manual review: no exact v0.2 source_row_id match,,,,LEGACY_SEED_SAFE_CANDIDATE,keep for separate seed-bank QA; do not remove as unmatched v0.2,,,,false,,Sie haben den falschen Artikel bekommen. Welche Formulierung passt?,,Which phrase fits if you received something different?,,Ich habe die falsche Bestellung erhalten. | Die Bestellung ist vollständig. | Ich habe die Rechnung bezahlt.,,Ich habe die falsche Bestellung erhalten.,,,,,,no imported v0.2 sourceRowId/comparison match; likely seed/system/route-specific content,,,
content/b1-wortschatz.js,b1_vocab_bestellung_004,,,unmatched_current,Exception,manual review: no exact v0.2 source_row_id match,,,,LEGACY_SEED_SAFE_CANDIDATE,keep for separate seed-bank QA; do not remove as unmatched v0.2,,,,false,,Korrigiere: Ich möchte der Bestellung ändern.,,,,,,Ich möchte die Bestellung ändern.,,,,,,no imported v0.2 sourceRowId/comparison match; likely seed/system/route-specific content,,,
content/b1-wortschatz.js,b1_vocab_bestellung_005,,,unmatched_current,Exception,manual review: no exact v0.2 source_row_id match,,,,LEGACY_SEED_SAFE_CANDIDATE,keep for separate seed-bank QA; do not remove as unmatched v0.2,,,,false,,Schreibe einen höflichen Satz: Du hast die falsche Bestellung bekommen.,,,,,,Ich habe leider die falsche Bestellung erhalten. Könnten Sie das bitte prüfen und mir die richtige Bestellung schicken?,,,,,,no imported v0.2 sourceRowId/comparison match; likely seed/system/route-specific content,,,
content/b1-wortschatz.js,b1_vocab_rechnung_001,,,unmatched_current,Exception,manual review: no exact v0.2 source_row_id match,,,,LEGACY_SEED_SAFE_CANDIDATE,keep for separate seed-bank QA; do not remove as unmatched v0.2,,,,false,,Bitte schicken Sie mir die ___ noch einmal.,,,,,,Rechnung,,,,,,no imported v0.2 sourceRowId/comparison match; likely seed/system/route-specific content,,,
content/b1-wortschatz.js,b1_vocab_rechnung_002,,,unmatched_current,Exception,manual review: no exact v0.2 source_row_id match,,,,LEGACY_SEED_SAFE_CANDIDATE,keep for separate seed-bank QA; do not remove as unmatched v0.2,,,,false,,Ich habe die Rechnung schon ___.,,,,,,bezahlt,,,,,,no imported v0.2 sourceRowId/comparison match; likely seed/system/route-specific content,,,
content/b1-wortschatz.js,b1_vocab_rechnung_003,,,unmatched_current,Exception,manual review: no exact v0.2 source_row_id match,,,,LEGACY_SEED_SAFE_CANDIDATE,keep for separate seed-bank QA; do not remove as unmatched v0.2,,,,false,,Der Preis ist falsch. Welche Formulierung passt?,,Which phrase fits if the price is wrong?,,Der Betrag auf der Rechnung stimmt nicht. | Die Rechnung ist schon bezahlt. | Die Bestellung ist noch nicht angekommen.,,Der Betrag auf der Rechnung stimmt nicht.,,,,,,no imported v0.2 sourceRowId/comparison match; likely seed/system/route-specific content,,,
content/b1-wortschatz.js,b1_vocab_rechnung_004,,,unmatched_current,Exception,manual review: no exact v0.2 source_row_id match,,,,LEGACY_SEED_SAFE_CANDIDATE,keep for separate seed-bank QA; do not remove as unmatched v0.2,,,,false,,Korrigiere: Ich habe den Rechnung bezahlt.,,,,,,Ich habe die Rechnung bezahlt.,,,,,,no imported v0.2 sourceRowId/comparison match; likely seed/system/route-specific content,,,
content/b1-wortschatz.js,b1_vocab_rechnung_005,,,unmatched_current,Exception,manual review: no exact v0.2 source_row_id match,,,,LEGACY_SEED_SAFE_CANDIDATE,keep for separate seed-bank QA; do not remove as unmatched v0.2,,,,false,,Schreibe einen höflichen Satz: Du brauchst die Rechnung noch einmal.,,,,,,Könnten Sie mir die Rechnung bitte noch einmal schicken?,,,,,,no imported v0.2 sourceRowId/comparison match; likely seed/system/route-specific content,,,
content/b1-wortschatz.js,b1_vocab_geraet_001,,,unmatched_current,Exception,manual review: no exact v0.2 source_row_id match,,,,LEGACY_SEED_SAFE_CANDIDATE,keep for separate seed-bank QA; do not remove as unmatched v0.2,,,,false,,Das ___ funktioniert nicht.,,,,,,Gerät,,,,,,no imported v0.2 sourceRowId/comparison match; likely seed/system/route-specific content,,,
content/b1-wortschatz.js,b1_vocab_geraet_002,,,unmatched_current,Exception,manual review: no exact v0.2 source_row_id match,,,,LEGACY_SEED_SAFE_CANDIDATE,keep for separate seed-bank QA; do not remove as unmatched v0.2,,,,false,,Ich habe ein Problem mit dem ___.,,,,,,Gerät,,,,,,no imported v0.2 sourceRowId/comparison match; likely seed/system/route-specific content,,,
content/b1-wortschatz.js,b1_vocab_geraet_003,,,unmatched_current,Exception,manual review: no exact v0.2 source_row_id match,,,,LEGACY_SEED_SAFE_CANDIDATE,keep for separate seed-bank QA; do not remove as unmatched v0.2,,,,false,,Ein Gerät geht nicht an. Welche Formulierung passt?,,Which phrase fits if a device will not turn on?,,Das Gerät lässt sich nicht einschalten. | Das Gerät ist eingeschaltet. | Der Stecker ist in Ordnung.,,Das Gerät lässt sich nicht einschalten.,,,,,,no imported v0.2 sourceRowId/comparison match; likely seed/system/route-specific content,,,
content/b1-wortschatz.js,b1_vocab_geraet_004,,,unmatched_current,Exception,manual review: no exact v0.2 source_row_id match,,,,LEGACY_SEED_SAFE_CANDIDATE,keep for separate seed-bank QA; do not remove as unmatched v0.2,,,,false,,Korrigiere: Der Gerät ist kaputt.,,,,,,Das Gerät ist kaputt.,,,,,,no imported v0.2 sourceRowId/comparison match; likely seed/system/route-specific content,,,
content/b1-wortschatz.js,b1_vocab_geraet_005,,,unmatched_current,Exception,manual review: no exact v0.2 source_row_id match,,,,LEGACY_SEED_SAFE_CANDIDATE,keep for separate seed-bank QA; do not remove as unmatched v0.2,,,,false,,Schreibe zwei Sätze: Das Gerät funktioniert nicht und du bittest um Hilfe.,,,,,,Das Gerät funktioniert leider nicht. Es lässt sich nicht einschalten. Könnten Sie mir bitte helfen?,,,,,,no imported v0.2 sourceRowId/comparison match; likely seed/system/route-specific content,,,
content/b1-wortschatz.js,b1_vocab_rueckmeldung_001,,,unmatched_current,Exception,manual review: no exact v0.2 source_row_id match,,,,LEGACY_SEED_SAFE_CANDIDATE,keep for separate seed-bank QA; do not remove as unmatched v0.2,,,,false,,Vielen Dank für Ihre ___.,,,,,,Rückmeldung,,,,,,no imported v0.2 sourceRowId/comparison match; likely seed/system/route-specific content,,,
content/b1-wortschatz.js,b1_vocab_rueckmeldung_002,,,unmatched_current,Exception,manual review: no exact v0.2 source_row_id match,,,,LEGACY_SEED_SAFE_CANDIDATE,keep for separate seed-bank QA; do not remove as unmatched v0.2,,,,false,,Ich warte noch auf Ihre ___.,,,,,,Rückmeldung,,,,,,no imported v0.2 sourceRowId/comparison match; likely seed/system/route-specific content,,,
content/b1-wortschatz.js,b1_vocab_rueckmeldung_003,,,unmatched_current,Exception,manual review: no exact v0.2 source_row_id match,,,,LEGACY_SEED_SAFE_CANDIDATE,keep for separate seed-bank QA; do not remove as unmatched v0.2,,,,false,,Welche Formulierung passt gut am Ende einer höflichen E-Mail?,,Which phrase fits well at the end of a polite email?,,Ich freue mich auf Ihre Rückmeldung. | Ich warte auf Ihre Rechnung. | Ich schicke Ihnen meine Rückmeldung.,,Ich freue mich auf Ihre Rückmeldung.,,,,,,no imported v0.2 sourceRowId/comparison match; likely seed/system/route-specific content,,,
content/b1-wortschatz.js,b1_vocab_rueckmeldung_004,,,unmatched_current,Exception,manual review: no exact v0.2 source_row_id match,,,,LEGACY_SEED_SAFE_CANDIDATE,keep for separate seed-bank QA; do not remove as unmatched v0.2,,,,false,,Korrigiere: Vielen Dank für Ihren Rückmeldung.,,,,,,Vielen Dank für Ihre Rückmeldung.,,,,,,no imported v0.2 sourceRowId/comparison match; likely seed/system/route-specific content,,,
content/b1-wortschatz.js,b1_vocab_rueckmeldung_005,,,unmatched_current,Exception,manual review: no exact v0.2 source_row_id match,,,,LEGACY_SEED_SAFE_CANDIDATE,keep for separate seed-bank QA; do not remove as unmatched v0.2,,,,false,,Schreibe einen höflichen Schlusssatz mit Rückmeldung.,,,,,,Ich freue mich auf Ihre Rückmeldung.,,,,,,no imported v0.2 sourceRowId/comparison match; likely seed/system/route-specific content,,,
content/b1-wortschatz.js,b1_vocab_krankheit_001,,,unmatched_current,Exception,manual review: no exact v0.2 source_row_id match,,,,LEGACY_SEED_SAFE_CANDIDATE,keep for separate seed-bank QA; do not remove as unmatched v0.2,,,,false,,Ich bin heute ___ und kann nicht zum Kurs kommen.,,,,,,krank,,,,,,no imported v0.2 sourceRowId/comparison match; likely seed/system/route-specific content,,,
content/b1-wortschatz.js,b1_vocab_krankheit_002,,,unmatched_current,Exception,manual review: no exact v0.2 source_row_id match,,,,LEGACY_SEED_SAFE_CANDIDATE,keep for separate seed-bank QA; do not remove as unmatched v0.2,,,,false,,Wegen meiner ___ kann ich heute nicht arbeiten.,,,,,,Krankheit,,,,,,no imported v0.2 sourceRowId/comparison match; likely seed/system/route-specific content,,,
content/b1-wortschatz.js,b1_vocab_krankheit_003,,,unmatched_current,Exception,manual review: no exact v0.2 source_row_id match,,,,LEGACY_SEED_SAFE_CANDIDATE,keep for separate seed-bank QA; do not remove as unmatched v0.2,,,,false,,Sie schreiben dem Kurs wegen Krankheit. Welche Formulierung passt?,,Which phrase fits in a short message to the course?,,Ich bin leider krank und kann heute nicht kommen. | Ich habe heute einen Termin und komme später. | Ich bin im Urlaub und komme nächste Woche.,,Ich bin leider krank und kann heute nicht kommen.,,,,,,no imported v0.2 sourceRowId/comparison match; likely seed/system/route-specific content,,,
content/b1-wortschatz.js,b1_vocab_krankheit_004,,,unmatched_current,Exception,manual review: no exact v0.2 source_row_id match,,,,LEGACY_SEED_SAFE_CANDIDATE,keep for separate seed-bank QA; do not remove as unmatched v0.2,,,,false,,Korrigiere: Ich habe krank und kann nicht kommen.,,,,,,Ich bin krank und kann nicht kommen.,,,,,,no imported v0.2 sourceRowId/comparison match; likely seed/system/route-specific content,,,
content/b1-wortschatz.js,b1_vocab_krankheit_005,,,unmatched_current,Exception,manual review: no exact v0.2 source_row_id match,,,,LEGACY_SEED_SAFE_CANDIDATE,keep for separate seed-bank QA; do not remove as unmatched v0.2,,,,false,,Schreibe eine kurze Nachricht: Du bist krank und kannst heute nicht zum Kurs kommen.,,,,,,"Guten Morgen, ich bin leider krank und kann heute nicht zum Kurs kommen. Ich melde mich morgen wieder.",,,,,,no imported v0.2 sourceRowId/comparison match; likely seed/system/route-specific content,,,
content/b1-wortschatz.js,b1_vocab_krankmeldung_001,,,unmatched_current,Exception,manual review: no exact v0.2 source_row_id match,,,,LEGACY_SEED_SAFE_CANDIDATE,keep for separate seed-bank QA; do not remove as unmatched v0.2,,,,false,,Ich schicke Ihnen die ___ per E-Mail.,,,,,,Krankmeldung,,,,,,no imported v0.2 sourceRowId/comparison match; likely seed/system/route-specific content,,,
content/b1-wortschatz.js,b1_vocab_krankmeldung_002,,,unmatched_current,Exception,manual review: no exact v0.2 source_row_id match,,,,LEGACY_SEED_SAFE_CANDIDATE,keep for separate seed-bank QA; do not remove as unmatched v0.2,,,,false,,Ich muss mich heute leider ___.,,,,,,krankmelden,,,,,,no imported v0.2 sourceRowId/comparison match; likely seed/system/route-specific content,,,
content/b1-wortschatz.js,b1_vocab_krankmeldung_003,,,unmatched_current,Exception,manual review: no exact v0.2 source_row_id match,,,,LEGACY_SEED_SAFE_CANDIDATE,keep for separate seed-bank QA; do not remove as unmatched v0.2,,,,false,,Der Kurs braucht den Krankmeldungsnachweis. Welche Formulierung passt?,,Which phrase fits if the course needs a sickness notification?,,Ich gebe die Krankmeldung morgen ab. | Ich melde mich morgen krank. | Ich habe morgen einen Arzttermin.,,Ich gebe die Krankmeldung morgen ab.,,,,,,no imported v0.2 sourceRowId/comparison match; likely seed/system/route-specific content,,,
content/b1-wortschatz.js,b1_vocab_krankmeldung_004,,,unmatched_current,Exception,manual review: no exact v0.2 source_row_id match,,,,LEGACY_SEED_SAFE_CANDIDATE,keep for separate seed-bank QA; do not remove as unmatched v0.2,,,,false,,Korrigiere: Ich muss krankmelden.,,,,,,Ich muss mich krankmelden.,,,,,,no imported v0.2 sourceRowId/comparison match; likely seed/system/route-specific content,,,
content/b1-wortschatz.js,b1_vocab_krankmeldung_005,,,unmatched_current,Exception,manual review: no exact v0.2 source_row_id match,,,,LEGACY_SEED_SAFE_CANDIDATE,keep for separate seed-bank QA; do not remove as unmatched v0.2,,,,false,,Schreibe eine kurze formelle Nachricht: Du schickst deine Krankmeldung morgen.,,,,,,"Guten Morgen, ich bin leider krank und kann heute nicht kommen. Ich schicke Ihnen die Krankmeldung morgen. Vielen Dank für Ihr Verständnis.",,,,,,no imported v0.2 sourceRowId/comparison match; likely seed/system/route-specific content,,,
content/b1-wortschatz.js,b1_vocab_arzttermin_001,,,unmatched_current,Exception,manual review: no exact v0.2 source_row_id match,,,,LEGACY_SEED_SAFE_CANDIDATE,keep for separate seed-bank QA; do not remove as unmatched v0.2,,,,false,,Ich habe morgen einen ___ um 10 Uhr.,,,,,,Arzttermin,,,,,,no imported v0.2 sourceRowId/comparison match; likely seed/system/route-specific content,,,
content/b1-wortschatz.js,b1_vocab_arzttermin_002,,,unmatched_current,Exception,manual review: no exact v0.2 source_row_id match,,,,LEGACY_SEED_SAFE_CANDIDATE,keep for separate seed-bank QA; do not remove as unmatched v0.2,,,,false,,Ich möchte einen Arzttermin ___.,,,,,,vereinbaren,,,,,,no imported v0.2 sourceRowId/comparison match; likely seed/system/route-specific content,,,
content/b1-wortschatz.js,b1_vocab_arzttermin_003,,,unmatched_current,Exception,manual review: no exact v0.2 source_row_id match,,,,LEGACY_SEED_SAFE_CANDIDATE,keep for separate seed-bank QA; do not remove as unmatched v0.2,,,,false,,Sie kommen wegen eines Arzttermins später. Welche Formulierung passt?,,Which phrase fits if you are coming later because of a doctor's appointment?,,"Ich komme später, weil ich einen Arzttermin habe. | Ich komme später, weil die Lieferung fehlt. | Ich komme später, obwohl ich pünktlich bin.",,"Ich komme später, weil ich einen Arzttermin habe.",,,,,,no imported v0.2 sourceRowId/comparison match; likely seed/system/route-specific content,,,
content/b1-wortschatz.js,b1_vocab_arzttermin_004,,,unmatched_current,Exception,manual review: no exact v0.2 source_row_id match,,,,LEGACY_SEED_SAFE_CANDIDATE,keep for separate seed-bank QA; do not remove as unmatched v0.2,,,,false,,Korrigiere: Ich habe morgen ein Arzttermin.,,,,,,Ich habe morgen einen Arzttermin.,,,,,,no imported v0.2 sourceRowId/comparison match; likely seed/system/route-specific content,,,
content/b1-wortschatz.js,b1_vocab_arzttermin_005,,,unmatched_current,Exception,manual review: no exact v0.2 source_row_id match,,,,LEGACY_SEED_SAFE_CANDIDATE,keep for separate seed-bank QA; do not remove as unmatched v0.2,,,,false,,"Schreibe einen Satz: Du kommst morgen später, weil du einen Arzttermin hast.",,,,,,"Ich komme morgen etwas später, weil ich einen Arzttermin habe.",,,,,,no imported v0.2 sourceRowId/comparison match; likely seed/system/route-specific content,,,
content/b1-wortschatz.js,b1_vocab_krankenkasse_001,,,unmatched_current,Exception,manual review: no exact v0.2 source_row_id match,,,,LEGACY_SEED_SAFE_CANDIDATE,keep for separate seed-bank QA; do not remove as unmatched v0.2,,,,false,,Ich muss meine ___ anrufen.,,,,,,Krankenkasse,,,,,,no imported v0.2 sourceRowId/comparison match; likely seed/system/route-specific content,,,
content/b1-wortschatz.js,b1_vocab_krankenkasse_002,,,unmatched_current,Exception,manual review: no exact v0.2 source_row_id match,,,,LEGACY_SEED_SAFE_CANDIDATE,keep for separate seed-bank QA; do not remove as unmatched v0.2,,,,false,,Die Unterlagen schicke ich an die ___.,,,,,,Krankenkasse,,,,,,no imported v0.2 sourceRowId/comparison match; likely seed/system/route-specific content,,,
content/b1-wortschatz.js,b1_vocab_krankenkasse_003,,,unmatched_current,Exception,manual review: no exact v0.2 source_row_id match,,,,LEGACY_SEED_SAFE_CANDIDATE,keep for separate seed-bank QA; do not remove as unmatched v0.2,,,,false,,Sie brauchen Informationen von der Krankenkasse. Welche Bitte passt?,,Which question fits if you need information from the health insurance provider?,,Könnten Sie mir bitte die Informationen schicken? | Übernimmt die Krankenkasse die Kosten? | Könnten Sie mir bitte einen Termin verschieben?,,Könnten Sie mir bitte die Informationen schicken?,,,,,,no imported v0.2 sourceRowId/comparison match; likely seed/system/route-specific content,,,
content/b1-wortschatz.js,b1_vocab_krankenkasse_004,,,unmatched_current,Exception,manual review: no exact v0.2 source_row_id match,,,,LEGACY_SEED_SAFE_CANDIDATE,keep for separate seed-bank QA; do not remove as unmatched v0.2,,,,false,,Korrigiere: Ich rufe den Krankenkasse an.,,,,,,Ich rufe die Krankenkasse an.,,,,,,no imported v0.2 sourceRowId/comparison match; likely seed/system/route-specific content,,,
content/b1-wortschatz.js,b1_vocab_krankenkasse_005,,,unmatched_current,Exception,manual review: no exact v0.2 source_row_id match,,,,LEGACY_SEED_SAFE_CANDIDATE,keep for separate seed-bank QA; do not remove as unmatched v0.2,,,,false,,Schreibe einen Satz: Du brauchst Informationen von deiner Krankenkasse.,,,,,,"Ich brauche Informationen von meiner Krankenkasse. Könnten Sie mir bitte erklären, welche Unterlagen ich brauche?",,,,,,no imported v0.2 sourceRowId/comparison match; likely seed/system/route-specific content,,,
content/b1-wortschatz.js,b1_vocab_versicherung_001,,,unmatched_current,Exception,manual review: no exact v0.2 source_row_id match,,,,LEGACY_SEED_SAFE_CANDIDATE,keep for separate seed-bank QA; do not remove as unmatched v0.2,,,,false,,Ich habe eine Frage zu meiner ___.,,,,,,Versicherung,,,,,,no imported v0.2 sourceRowId/comparison match; likely seed/system/route-specific content,,,
content/b1-wortschatz.js,b1_vocab_versicherung_002,,,unmatched_current,Exception,manual review: no exact v0.2 source_row_id match,,,,LEGACY_SEED_SAFE_CANDIDATE,keep for separate seed-bank QA; do not remove as unmatched v0.2,,,,false,,Ich bin bei dieser Krankenkasse ___.,,,,,,versichert,,,,,,no imported v0.2 sourceRowId/comparison match; likely seed/system/route-specific content,,,
content/b1-wortschatz.js,b1_vocab_versicherung_003,,,unmatched_current,Exception,manual review: no exact v0.2 source_row_id match,,,,LEGACY_SEED_SAFE_CANDIDATE,keep for separate seed-bank QA; do not remove as unmatched v0.2,,,,false,,"Sie möchten wissen, ob die Versicherung bezahlt. Welche Frage passt?",,Which question fits if you want to know whether the insurance pays?,,Übernimmt die Versicherung die Kosten? | Wann ist der Termin bei der Versicherung? | Kann ich die Unterlagen einreichen?,,Übernimmt die Versicherung die Kosten?,,,,,,no imported v0.2 sourceRowId/comparison match; likely seed/system/route-specific content,,,
content/b1-wortschatz.js,b1_vocab_versicherung_004,,,unmatched_current,Exception,manual review: no exact v0.2 source_row_id match,,,,LEGACY_SEED_SAFE_CANDIDATE,keep for separate seed-bank QA; do not remove as unmatched v0.2,,,,false,,Korrigiere: Der Versicherung bezahlt die Kosten.,,,,,,Die Versicherung bezahlt die Kosten.,,,,,,no imported v0.2 sourceRowId/comparison match; likely seed/system/route-specific content,,,
content/b1-wortschatz.js,b1_vocab_versicherung_005,,,unmatched_current,Exception,manual review: no exact v0.2 source_row_id match,,,,LEGACY_SEED_SAFE_CANDIDATE,keep for separate seed-bank QA; do not remove as unmatched v0.2,,,,false,,"Schreibe eine höfliche Frage: Du möchtest wissen, ob die Versicherung die Kosten übernimmt.",,,,,,"Könnten Sie mir bitte sagen, ob die Versicherung die Kosten übernimmt?",,,,,,no imported v0.2 sourceRowId/comparison match; likely seed/system/route-specific content,,,
content/b1-wortschatz.js,b1_vocab_gesundheitskarte_001,,,unmatched_current,Exception,manual review: no exact v0.2 source_row_id match,,,,LEGACY_SEED_SAFE_CANDIDATE,keep for separate seed-bank QA; do not remove as unmatched v0.2,,,,false,,Bitte bringen Sie Ihre ___ zum Termin mit.,,,,,,Gesundheitskarte,,,,,,no imported v0.2 sourceRowId/comparison match; likely seed/system/route-specific content,,,
content/b1-wortschatz.js,b1_vocab_gesundheitskarte_002,,,unmatched_current,Exception,manual review: no exact v0.2 source_row_id match,,,,LEGACY_SEED_SAFE_CANDIDATE,keep for separate seed-bank QA; do not remove as unmatched v0.2,,,,false,,Ich habe meine Gesundheitskarte leider ___.,,,,,,vergessen,,,,,,no imported v0.2 sourceRowId/comparison match; likely seed/system/route-specific content,,,
content/b1-wortschatz.js,b1_vocab_gesundheitskarte_003,,,unmatched_current,Exception,manual review: no exact v0.2 source_row_id match,,,,LEGACY_SEED_SAFE_CANDIDATE,keep for separate seed-bank QA; do not remove as unmatched v0.2,,,,false,,Die Praxis braucht Ihre Gesundheitskarte. Welche Aufforderung passt?,,Which phrase fits at the doctor's office?,,Bitte zeigen Sie Ihre Gesundheitskarte vor. | Bitte füllen Sie das Formular aus. | Bitte nehmen Sie im Wartezimmer Platz.,,Bitte zeigen Sie Ihre Gesundheitskarte vor.,,,,,,no imported v0.2 sourceRowId/comparison match; likely seed/system/route-specific content,,,
content/b1-wortschatz.js,b1_vocab_gesundheitskarte_004,,,unmatched_current,Exception,manual review: no exact v0.2 source_row_id match,,,,LEGACY_SEED_SAFE_CANDIDATE,keep for separate seed-bank QA; do not remove as unmatched v0.2,,,,false,,Korrigiere: Ich habe mein Gesundheitskarte vergessen.,,,,,,Ich habe meine Gesundheitskarte vergessen.,,,,,,no imported v0.2 sourceRowId/comparison match; likely seed/system/route-specific content,,,
content/b1-wortschatz.js,b1_vocab_gesundheitskarte_005,,,unmatched_current,Exception,manual review: no exact v0.2 source_row_id match,,,,LEGACY_SEED_SAFE_CANDIDATE,keep for separate seed-bank QA; do not remove as unmatched v0.2,,,,false,,Schreibe einen Satz: Du hast deine Gesundheitskarte vergessen.,,,,,,Ich habe meine Gesundheitskarte leider vergessen.,,,,,,no imported v0.2 sourceRowId/comparison match; likely seed/system/route-specific content,,,
content/b1-wortschatz.js,b1_vocab_rezept_001,,,unmatched_current,Exception,manual review: no exact v0.2 source_row_id match,,,,LEGACY_SEED_SAFE_CANDIDATE,keep for separate seed-bank QA; do not remove as unmatched v0.2,,,,false,,Der Arzt gibt mir ein ___ für das Medikament.,,,,,,Rezept,,,,,,no imported v0.2 sourceRowId/comparison match; likely seed/system/route-specific content,,,
content/b1-wortschatz.js,b1_vocab_rezept_002,,,unmatched_current,Exception,manual review: no exact v0.2 source_row_id match,,,,LEGACY_SEED_SAFE_CANDIDATE,keep for separate seed-bank QA; do not remove as unmatched v0.2,,,,false,,Für dieses Medikament brauche ich ein ___.,,,,,,Rezept,,,,,,no imported v0.2 sourceRowId/comparison match; likely seed/system/route-specific content,,,
content/b1-wortschatz.js,b1_vocab_rezept_003,,,unmatched_current,Exception,manual review: no exact v0.2 source_row_id match,,,,LEGACY_SEED_SAFE_CANDIDATE,keep for separate seed-bank QA; do not remove as unmatched v0.2,,,,false,,Sie möchten ein Rezept in der Apotheke nutzen. Welche Formulierung passt?,,Which phrase fits in the pharmacy?,,Ich möchte dieses Rezept einlösen. | Ich brauche ein neues Rezept. | Ich habe mein Rezept vergessen.,,Ich möchte dieses Rezept einlösen.,,,,,,no imported v0.2 sourceRowId/comparison match; likely seed/system/route-specific content,,,
content/b1-wortschatz.js,b1_vocab_rezept_004,,,unmatched_current,Exception,manual review: no exact v0.2 source_row_id match,,,,LEGACY_SEED_SAFE_CANDIDATE,keep for separate seed-bank QA; do not remove as unmatched v0.2,,,,false,,Korrigiere: Ich brauche eine Rezept.,,,,,,Ich brauche ein Rezept.,,,,,,no imported v0.2 sourceRowId/comparison match; likely seed/system/route-specific content,,,
content/b1-wortschatz.js,b1_vocab_rezept_005,,,unmatched_current,Exception,manual review: no exact v0.2 source_row_id match,,,,LEGACY_SEED_SAFE_CANDIDATE,keep for separate seed-bank QA; do not remove as unmatched v0.2,,,,false,,Schreibe einen Satz: Du brauchst ein Rezept für ein Medikament.,,,,,,Ich brauche ein Rezept für dieses Medikament.,,,,,,no imported v0.2 sourceRowId/comparison match; likely seed/system/route-specific content,,,
content/b1-wortschatz.js,b1_vocab_apotheke_001,,,unmatched_current,Exception,manual review: no exact v0.2 source_row_id match,,,,LEGACY_SEED_SAFE_CANDIDATE,keep for separate seed-bank QA; do not remove as unmatched v0.2,,,,false,,Ich kaufe das Medikament in der ___.,,,,,,Apotheke,,,,,,no imported v0.2 sourceRowId/comparison match; likely seed/system/route-specific content,,,
content/b1-wortschatz.js,b1_vocab_apotheke_002,,,unmatched_current,Exception,manual review: no exact v0.2 source_row_id match,,,,LEGACY_SEED_SAFE_CANDIDATE,keep for separate seed-bank QA; do not remove as unmatched v0.2,,,,false,,Ist das Medikament in der Apotheke ___?,,,,,,vorrätig,,,,,,no imported v0.2 sourceRowId/comparison match; likely seed/system/route-specific content,,,
content/b1-wortschatz.js,b1_vocab_apotheke_003,,,unmatched_current,Exception,manual review: no exact v0.2 source_row_id match,,,,LEGACY_SEED_SAFE_CANDIDATE,keep for separate seed-bank QA; do not remove as unmatched v0.2,,,,false,,Sie bekommen ein Medikament in der Apotheke. Welche Formulierung passt?,,Which phrase fits if you collect medicine at the pharmacy?,,Ich hole das Medikament in der Apotheke ab. | Ich habe einen Termin beim Arzt. | Ich reiche die Unterlagen ein.,,Ich hole das Medikament in der Apotheke ab.,,,,,,no imported v0.2 sourceRowId/comparison match; likely seed/system/route-specific content,,,
content/b1-wortschatz.js,b1_vocab_apotheke_004,,,unmatched_current,Exception,manual review: no exact v0.2 source_row_id match,,,,LEGACY_SEED_SAFE_CANDIDATE,keep for separate seed-bank QA; do not remove as unmatched v0.2,,,,false,,Korrigiere: Ich gehe zur Apotheker.,,,,,,Ich gehe zur Apotheke.,,,,,,no imported v0.2 sourceRowId/comparison match; likely seed/system/route-specific content,,,
content/b1-wortschatz.js,b1_vocab_apotheke_005,,,unmatched_current,Exception,manual review: no exact v0.2 source_row_id match,,,,LEGACY_SEED_SAFE_CANDIDATE,keep for separate seed-bank QA; do not remove as unmatched v0.2,,,,false,,"Schreibe eine Frage: Du möchtest wissen, ob ein Medikament in der Apotheke da ist.",,,,,,Ist das Medikament in Ihrer Apotheke vorrätig?,,,,,,no imported v0.2 sourceRowId/comparison match; likely seed/system/route-specific content,,,
content/b1-wortschatz.js,b1_vocab_untersuchung_001,,,unmatched_current,Exception,manual review: no exact v0.2 source_row_id match,,,,LEGACY_SEED_SAFE_CANDIDATE,keep for separate seed-bank QA; do not remove as unmatched v0.2,,,,false,,Die ___ dauert ungefähr zwanzig Minuten.,,,,,,Untersuchung,,,,,,no imported v0.2 sourceRowId/comparison match; likely seed/system/route-specific content,,,
content/b1-wortschatz.js,b1_vocab_untersuchung_002,,,unmatched_current,Exception,manual review: no exact v0.2 source_row_id match,,,,LEGACY_SEED_SAFE_CANDIDATE,keep for separate seed-bank QA; do not remove as unmatched v0.2,,,,false,,Die Ärztin möchte mich ___.,,,,,,untersuchen,,,,,,no imported v0.2 sourceRowId/comparison match; likely seed/system/route-specific content,,,
content/b1-wortschatz.js,b1_vocab_untersuchung_003,,,unmatched_current,Exception,manual review: no exact v0.2 source_row_id match,,,,LEGACY_SEED_SAFE_CANDIDATE,keep for separate seed-bank QA; do not remove as unmatched v0.2,,,,false,,Sie haben einen Termin für eine medizinische Prüfung. Welche Formulierung passt?,,Which phrase fits at the doctor's office?,,Ich komme zur Untersuchung. | Ich komme zur Besprechung. | Ich komme zum Vorstellungsgespräch.,,Ich komme zur Untersuchung.,,,,,,no imported v0.2 sourceRowId/comparison match; likely seed/system/route-specific content,,,
content/b1-wortschatz.js,b1_vocab_untersuchung_004,,,unmatched_current,Exception,manual review: no exact v0.2 source_row_id match,,,,LEGACY_SEED_SAFE_CANDIDATE,keep for separate seed-bank QA; do not remove as unmatched v0.2,,,,false,,Korrigiere: Der Untersuchung dauert lange.,,,,,,Die Untersuchung dauert lange.,,,,,,no imported v0.2 sourceRowId/comparison match; likely seed/system/route-specific content,,,
content/b1-wortschatz.js,b1_vocab_untersuchung_005,,,unmatched_current,Exception,manual review: no exact v0.2 source_row_id match,,,,LEGACY_SEED_SAFE_CANDIDATE,keep for separate seed-bank QA; do not remove as unmatched v0.2,,,,false,,Schreibe einen Satz: Du hast morgen eine Untersuchung beim Arzt.,,,,,,Ich habe morgen eine Untersuchung beim Arzt.,,,,,,no imported v0.2 sourceRowId/comparison match; likely seed/system/route-specific content,,,
content/b1-wortschatz.js,b1_vocab_beschwerden_001,,,unmatched_current,Exception,manual review: no exact v0.2 source_row_id match,,,,LEGACY_SEED_SAFE_CANDIDATE,keep for separate seed-bank QA; do not remove as unmatched v0.2,,,,false,,Welche ___ haben Sie?,,,,,,Beschwerden,,,,,,no imported v0.2 sourceRowId/comparison match; likely seed/system/route-specific content,,,
content/b1-wortschatz.js,b1_vocab_beschwerden_002,,,unmatched_current,Exception,manual review: no exact v0.2 source_row_id match,,,,LEGACY_SEED_SAFE_CANDIDATE,keep for separate seed-bank QA; do not remove as unmatched v0.2,,,,false,,Ich habe seit drei Tagen ___.,,,,,,Beschwerden,,,,,,no imported v0.2 sourceRowId/comparison match; likely seed/system/route-specific content,,,
content/b1-wortschatz.js,b1_vocab_beschwerden_003,,,unmatched_current,Exception,manual review: no exact v0.2 source_row_id match,,,,LEGACY_SEED_SAFE_CANDIDATE,keep for separate seed-bank QA; do not remove as unmatched v0.2,,,,false,,Welche Frage fragt nach Symptomen?,,Which question does a doctor ask?,,Welche Beschwerden haben Sie? | Welche Medikamente nehmen Sie? | Welche Krankenkasse haben Sie?,,Welche Beschwerden haben Sie?,,,,,,no imported v0.2 sourceRowId/comparison match; likely seed/system/route-specific content,,,
content/b1-wortschatz.js,b1_vocab_beschwerden_004,,,unmatched_current,Exception,manual review: no exact v0.2 source_row_id match,,,,LEGACY_SEED_SAFE_CANDIDATE,keep for separate seed-bank QA; do not remove as unmatched v0.2,,,,false,,Korrigiere: Ich habe seit gestern eine Beschwerden.,,,,,,Ich habe seit gestern Beschwerden.,,,,,,no imported v0.2 sourceRowId/comparison match; likely seed/system/route-specific content,,,
content/b1-wortschatz.js,b1_vocab_beschwerden_005,,,unmatched_current,Exception,manual review: no exact v0.2 source_row_id match,,,,LEGACY_SEED_SAFE_CANDIDATE,keep for separate seed-bank QA; do not remove as unmatched v0.2,,,,false,,Schreibe einen Satz: Du hast seit drei Tagen Beschwerden.,,,,,,Ich habe seit drei Tagen Beschwerden.,,,,,,no imported v0.2 sourceRowId/comparison match; likely seed/system/route-specific content,,,
content/b1-wortschatz.js,b1_vocab_bewerbung_001,,,unmatched_current,Exception,manual review: no exact v0.2 source_row_id match,,,,LEGACY_SEED_SAFE_CANDIDATE,keep for separate seed-bank QA; do not remove as unmatched v0.2,,,,false,,Ich schicke Ihnen meine ___ per E-Mail.,,,,,,Bewerbung,,,,,,no imported v0.2 sourceRowId/comparison match; likely seed/system/route-specific content,,,
content/b1-wortschatz.js,b1_vocab_bewerbung_002,,,unmatched_current,Exception,manual review: no exact v0.2 source_row_id match,,,,LEGACY_SEED_SAFE_CANDIDATE,keep for separate seed-bank QA; do not remove as unmatched v0.2,,,,false,,Ich möchte mich um die Stelle ___.,,,,,,bewerben,,,,,,no imported v0.2 sourceRowId/comparison match; likely seed/system/route-specific content,,,
content/b1-wortschatz.js,b1_vocab_bewerbung_003,,,unmatched_current,Exception,manual review: no exact v0.2 source_row_id match,,,,LEGACY_SEED_SAFE_CANDIDATE,keep for separate seed-bank QA; do not remove as unmatched v0.2,,,,false,,Welche Formulierung passt in eine Bewerbungsmail mit Anlagen?,,Which phrase fits in an application email?,,Im Anhang finden Sie meine Bewerbungsunterlagen. | Im Anhang finden Sie meine Krankmeldung. | Im Anhang ist die Lieferung.,,Im Anhang finden Sie meine Bewerbungsunterlagen.,,,,,,no imported v0.2 sourceRowId/comparison match; likely seed/system/route-specific content,,,
content/b1-wortschatz.js,b1_vocab_bewerbung_004,,,unmatched_current,Exception,manual review: no exact v0.2 source_row_id match,,,,LEGACY_SEED_SAFE_CANDIDATE,keep for separate seed-bank QA; do not remove as unmatched v0.2,,,,false,,Korrigiere: Ich möchte um die Stelle bewerben.,,,,,,Ich möchte mich um die Stelle bewerben.,,,,,,no imported v0.2 sourceRowId/comparison match; likely seed/system/route-specific content,,,
content/b1-wortschatz.js,b1_vocab_bewerbung_005,,,unmatched_current,Exception,manual review: no exact v0.2 source_row_id match,,,,LEGACY_SEED_SAFE_CANDIDATE,keep for separate seed-bank QA; do not remove as unmatched v0.2,,,,false,,Schreibe einen höflichen Satz: Du schickst deine Bewerbung im Anhang.,,,,,,Im Anhang finden Sie meine Bewerbung und meine Unterlagen.,,,,,,no imported v0.2 sourceRowId/comparison match; likely seed/system/route-specific content,,,
content/b1-wortschatz.js,b1_vocab_lebenslauf_001,,,unmatched_current,Exception,manual review: no exact v0.2 source_row_id match,,,,LEGACY_SEED_SAFE_CANDIDATE,keep for separate seed-bank QA; do not remove as unmatched v0.2,,,,false,,Mein ___ ist im Anhang.,,,,,,Lebenslauf,,,,,,no imported v0.2 sourceRowId/comparison match; likely seed/system/route-specific content,,,
content/b1-wortschatz.js,b1_vocab_lebenslauf_002,,,unmatched_current,Exception,manual review: no exact v0.2 source_row_id match,,,,LEGACY_SEED_SAFE_CANDIDATE,keep for separate seed-bank QA; do not remove as unmatched v0.2,,,,false,,Ich muss meinen Lebenslauf noch ___.,,,,,,aktualisieren,,,,,,no imported v0.2 sourceRowId/comparison match; likely seed/system/route-specific content,,,
content/b1-wortschatz.js,b1_vocab_lebenslauf_003,,,unmatched_current,Exception,manual review: no exact v0.2 source_row_id match,,,,LEGACY_SEED_SAFE_CANDIDATE,keep for separate seed-bank QA; do not remove as unmatched v0.2,,,,false,,Sie schicken Ihren CV mit. Welche Formulierung passt?,,Which phrase fits if you are sending your CV with the email?,,Ich habe meinen Lebenslauf angehängt. | Ich habe meinen Lebenslauf ausgefüllt. | Ich habe meinen Lebenslauf verschoben.,,Ich habe meinen Lebenslauf angehängt.,,,,,,no imported v0.2 sourceRowId/comparison match; likely seed/system/route-specific content,,,
content/b1-wortschatz.js,b1_vocab_lebenslauf_004,,,unmatched_current,Exception,manual review: no exact v0.2 source_row_id match,,,,LEGACY_SEED_SAFE_CANDIDATE,keep for separate seed-bank QA; do not remove as unmatched v0.2,,,,false,,Korrigiere: Die Lebenslauf ist im Anhang.,,,,,,Der Lebenslauf ist im Anhang.,,,,,,no imported v0.2 sourceRowId/comparison match; likely seed/system/route-specific content,,,
content/b1-wortschatz.js,b1_vocab_lebenslauf_005,,,unmatched_current,Exception,manual review: no exact v0.2 source_row_id match,,,,LEGACY_SEED_SAFE_CANDIDATE,keep for separate seed-bank QA; do not remove as unmatched v0.2,,,,false,,Schreibe einen Satz: Dein Lebenslauf ist im Anhang.,,,,,,Im Anhang finden Sie meinen Lebenslauf.,,,,,,no imported v0.2 sourceRowId/comparison match; likely seed/system/route-specific content,,,
content/b1-wortschatz.js,b1_vocab_stelle_001,,,unmatched_current,Exception,manual review: no exact v0.2 source_row_id match,,,,LEGACY_SEED_SAFE_CANDIDATE,keep for separate seed-bank QA; do not remove as unmatched v0.2,,,,false,,Ich interessiere mich für die ___.,,,,,,Stelle,,,,,,no imported v0.2 sourceRowId/comparison match; likely seed/system/route-specific content,,,
content/b1-wortschatz.js,b1_vocab_stelle_002,,,unmatched_current,Exception,manual review: no exact v0.2 source_row_id match,,,,LEGACY_SEED_SAFE_CANDIDATE,keep for separate seed-bank QA; do not remove as unmatched v0.2,,,,false,,Gibt es in Ihrer Firma eine freie ___?,,,,,,Stelle,,,,,,no imported v0.2 sourceRowId/comparison match; likely seed/system/route-specific content,,,
content/b1-wortschatz.js,b1_vocab_stelle_003,,,unmatched_current,Exception,manual review: no exact v0.2 source_row_id match,,,,LEGACY_SEED_SAFE_CANDIDATE,keep for separate seed-bank QA; do not remove as unmatched v0.2,,,,false,,"Sie sagen, dass Sie sich auf die Stelle bewerben. Welche Formulierung passt?",,Which phrase fits in a job application?,,Ich bewerbe mich um die Stelle als Verkäufer. | Ich interessiere mich für die Stelle als Verkäufer. | Ich beschwere mich über die Stelle als Verkäufer.,,Ich bewerbe mich um die Stelle als Verkäufer.,,,,,,no imported v0.2 sourceRowId/comparison match; likely seed/system/route-specific content,,,
content/b1-wortschatz.js,b1_vocab_stelle_004,,,unmatched_current,Exception,manual review: no exact v0.2 source_row_id match,,,,LEGACY_SEED_SAFE_CANDIDATE,keep for separate seed-bank QA; do not remove as unmatched v0.2,,,,false,,Korrigiere: Ich interessiere mich für der Stelle.,,,,,,Ich interessiere mich für die Stelle.,,,,,,no imported v0.2 sourceRowId/comparison match; likely seed/system/route-specific content,,,
content/b1-wortschatz.js,b1_vocab_stelle_005,,,unmatched_current,Exception,manual review: no exact v0.2 source_row_id match,,,,LEGACY_SEED_SAFE_CANDIDATE,keep for separate seed-bank QA; do not remove as unmatched v0.2,,,,false,,Schreibe einen Satz: Du interessierst dich für eine Stelle.,,,,,,Ich interessiere mich für die Stelle in Ihrer Firma.,,,,,,no imported v0.2 sourceRowId/comparison match; likely seed/system/route-specific content,,,
content/b1-wortschatz.js,b1_vocab_vorstellungsgespraech_001,,,unmatched_current,Exception,manual review: no exact v0.2 source_row_id match,,,,LEGACY_SEED_SAFE_CANDIDATE,keep for separate seed-bank QA; do not remove as unmatched v0.2,,,,false,,Ich habe morgen ein ___.,,,,,,Vorstellungsgespräch,,,,,,no imported v0.2 sourceRowId/comparison match; likely seed/system/route-specific content,,,
content/b1-wortschatz.js,b1_vocab_vorstellungsgespraech_002,,,unmatched_current,Exception,manual review: no exact v0.2 source_row_id match,,,,LEGACY_SEED_SAFE_CANDIDATE,keep for separate seed-bank QA; do not remove as unmatched v0.2,,,,false,,Ich möchte den Termin für das Vorstellungsgespräch ___.,,,,,,bestätigen,,,,,,no imported v0.2 sourceRowId/comparison match; likely seed/system/route-specific content,,,
content/b1-wortschatz.js,b1_vocab_vorstellungsgespraech_003,,,unmatched_current,Exception,manual review: no exact v0.2 source_row_id match,,,,LEGACY_SEED_SAFE_CANDIDATE,keep for separate seed-bank QA; do not remove as unmatched v0.2,,,,false,,Sie antworten auf eine Einladung. Welche Formulierung passt?,,Which phrase fits if you are replying to an invitation?,,Vielen Dank für die Einladung zum Vorstellungsgespräch. | Vielen Dank für Ihre Bewerbung. | Vielen Dank für die Krankmeldung.,,Vielen Dank für die Einladung zum Vorstellungsgespräch.,,,,,,no imported v0.2 sourceRowId/comparison match; likely seed/system/route-specific content,,,
content/b1-wortschatz.js,b1_vocab_vorstellungsgespraech_004,,,unmatched_current,Exception,manual review: no exact v0.2 source_row_id match,,,,LEGACY_SEED_SAFE_CANDIDATE,keep for separate seed-bank QA; do not remove as unmatched v0.2,,,,false,,Korrigiere: Ich habe morgen einen Vorstellungsgespräch.,,,,,,Ich habe morgen ein Vorstellungsgespräch.,,,,,,no imported v0.2 sourceRowId/comparison match; likely seed/system/route-specific content,,,
content/b1-wortschatz.js,b1_vocab_vorstellungsgespraech_005,,,unmatched_current,Exception,manual review: no exact v0.2 source_row_id match,,,,LEGACY_SEED_SAFE_CANDIDATE,keep for separate seed-bank QA; do not remove as unmatched v0.2,,,,false,,Schreibe einen höflichen Satz: Du bestätigst den Termin für ein Vorstellungsgespräch.,,,,,,Vielen Dank für die Einladung. Ich bestätige den Termin für das Vorstellungsgespräch und freue mich auf das Gespräch.,,,,,,no imported v0.2 sourceRowId/comparison match; likely seed/system/route-specific content,,,
content/b1-wortschatz.js,b1_vocab_erfahrung_001,,,unmatched_current,Exception,manual review: no exact v0.2 source_row_id match,,,,LEGACY_SEED_SAFE_CANDIDATE,keep for separate seed-bank QA; do not remove as unmatched v0.2,,,,false,,Ich habe viel ___ im Verkauf.,,,,,,Erfahrung,,,,,,no imported v0.2 sourceRowId/comparison match; likely seed/system/route-specific content,,,
content/b1-wortschatz.js,b1_vocab_erfahrung_002,,,unmatched_current,Exception,manual review: no exact v0.2 source_row_id match,,,,LEGACY_SEED_SAFE_CANDIDATE,keep for separate seed-bank QA; do not remove as unmatched v0.2,,,,false,,Ich habe zwei Jahre ___ in diesem Bereich.,,,,,,Berufserfahrung,,,,,,no imported v0.2 sourceRowId/comparison match; likely seed/system/route-specific content,,,
content/b1-wortschatz.js,b1_vocab_erfahrung_003,,,unmatched_current,Exception,manual review: no exact v0.2 source_row_id match,,,,LEGACY_SEED_SAFE_CANDIDATE,keep for separate seed-bank QA; do not remove as unmatched v0.2,,,,false,,Welche Formulierung passt in eine Bewerbung?,,Which phrase fits in a job application?,,Ich habe Erfahrung im Umgang mit Kunden. | Ich habe ein Vorstellungsgespräch mit Kunden. | Ich habe Unterlagen im Umgang mit Kunden.,,Ich habe Erfahrung im Umgang mit Kunden.,,,,,,no imported v0.2 sourceRowId/comparison match; likely seed/system/route-specific content,,,
content/b1-wortschatz.js,b1_vocab_erfahrung_004,,,unmatched_current,Exception,manual review: no exact v0.2 source_row_id match,,,,LEGACY_SEED_SAFE_CANDIDATE,keep for separate seed-bank QA; do not remove as unmatched v0.2,,,,false,,Korrigiere: Ich bin Erfahrung im Büro.,,,,,,Ich habe Erfahrung im Büro.,,,,,,no imported v0.2 sourceRowId/comparison match; likely seed/system/route-specific content,,,
content/b1-wortschatz.js,b1_vocab_erfahrung_005,,,unmatched_current,Exception,manual review: no exact v0.2 source_row_id match,,,,LEGACY_SEED_SAFE_CANDIDATE,keep for separate seed-bank QA; do not remove as unmatched v0.2,,,,false,,Schreibe einen Satz: Du hast Erfahrung im Büro oder im Verkauf.,,,,,,Ich habe Erfahrung im Büro und im Umgang mit Kunden.,,,,,,no imported v0.2 sourceRowId/comparison match; likely seed/system/route-specific content,,,
content/b1-wortschatz.js,b1_vocab_aufgabe_001,,,unmatched_current,Exception,manual review: no exact v0.2 source_row_id match,,,,LEGACY_SEED_SAFE_CANDIDATE,keep for separate seed-bank QA; do not remove as unmatched v0.2,,,,false,,Ich habe die ___ noch nicht verstanden.,,,,,,Aufgabe,,,,,,no imported v0.2 sourceRowId/comparison match; likely seed/system/route-specific content,,,
content/b1-wortschatz.js,b1_vocab_aufgabe_002,,,unmatched_current,Exception,manual review: no exact v0.2 source_row_id match,,,,LEGACY_SEED_SAFE_CANDIDATE,keep for separate seed-bank QA; do not remove as unmatched v0.2,,,,false,,Ich muss diese Aufgabe bis morgen ___.,,,,,,erledigen,,,,,,no imported v0.2 sourceRowId/comparison match; likely seed/system/route-specific content,,,
content/b1-wortschatz.js,b1_vocab_aufgabe_003,,,unmatched_current,Exception,manual review: no exact v0.2 source_row_id match,,,,LEGACY_SEED_SAFE_CANDIDATE,keep for separate seed-bank QA; do not remove as unmatched v0.2,,,,false,,Sie verstehen eine Aufgabe nicht. Welche Frage passt?,,Which question fits if you do not understand a task?,,Könnten Sie die Aufgabe bitte noch einmal erklären? | Könnten Sie die Aufgabe bitte bis morgen abgeben? | Könnten Sie die Aufgabe bitte unterschreiben?,,Könnten Sie die Aufgabe bitte noch einmal erklären?,,,,,,no imported v0.2 sourceRowId/comparison match; likely seed/system/route-specific content,,,
content/b1-wortschatz.js,b1_vocab_aufgabe_004,,,unmatched_current,Exception,manual review: no exact v0.2 source_row_id match,,,,LEGACY_SEED_SAFE_CANDIDATE,keep for separate seed-bank QA; do not remove as unmatched v0.2,,,,false,,Korrigiere: Der Aufgabe ist schwierig.,,,,,,Die Aufgabe ist schwierig.,,,,,,no imported v0.2 sourceRowId/comparison match; likely seed/system/route-specific content,,,
content/b1-wortschatz.js,b1_vocab_aufgabe_005,,,unmatched_current,Exception,manual review: no exact v0.2 source_row_id match,,,,LEGACY_SEED_SAFE_CANDIDATE,keep for separate seed-bank QA; do not remove as unmatched v0.2,,,,false,,Schreibe eine höfliche Frage: Du verstehst die Aufgabe nicht.,,,,,,Ich verstehe die Aufgabe leider nicht. Könnten Sie sie bitte noch einmal erklären?,,,,,,no imported v0.2 sourceRowId/comparison match; likely seed/system/route-specific content,,,
content/b1-wortschatz.js,b1_vocab_besprechung_001,,,unmatched_current,Exception,manual review: no exact v0.2 source_row_id match,,,,LEGACY_SEED_SAFE_CANDIDATE,keep for separate seed-bank QA; do not remove as unmatched v0.2,,,,false,,Die ___ beginnt um neun Uhr.,,,,,,Besprechung,,,,,,no imported v0.2 sourceRowId/comparison match; likely seed/system/route-specific content,,,
content/b1-wortschatz.js,b1_vocab_besprechung_002,,,unmatched_current,Exception,manual review: no exact v0.2 source_row_id match,,,,LEGACY_SEED_SAFE_CANDIDATE,keep for separate seed-bank QA; do not remove as unmatched v0.2,,,,false,,Ich nehme morgen an einer Besprechung ___.,,,,,,teil,,,,,,no imported v0.2 sourceRowId/comparison match; likely seed/system/route-specific content,,,
content/b1-wortschatz.js,b1_vocab_besprechung_003,,,unmatched_current,Exception,manual review: no exact v0.2 source_row_id match,,,,LEGACY_SEED_SAFE_CANDIDATE,keep for separate seed-bank QA; do not remove as unmatched v0.2,,,,false,,Das Meeting soll später stattfinden. Welche Formulierung passt?,,Which phrase fits if a meeting should take place later?,,Können wir die Besprechung auf morgen verschieben? | Können wir die Besprechung morgen beginnen? | Können wir die Besprechung absagen?,,Können wir die Besprechung auf morgen verschieben?,,,,,,no imported v0.2 sourceRowId/comparison match; likely seed/system/route-specific content,,,
content/b1-wortschatz.js,b1_vocab_besprechung_004,,,unmatched_current,Exception,manual review: no exact v0.2 source_row_id match,,,,LEGACY_SEED_SAFE_CANDIDATE,keep for separate seed-bank QA; do not remove as unmatched v0.2,,,,false,,Korrigiere: Das Besprechung beginnt um neun Uhr.,,,,,,Die Besprechung beginnt um neun Uhr.,,,,,,no imported v0.2 sourceRowId/comparison match; likely seed/system/route-specific content,,,
content/b1-wortschatz.js,b1_vocab_besprechung_005,,,unmatched_current,Exception,manual review: no exact v0.2 source_row_id match,,,,LEGACY_SEED_SAFE_CANDIDATE,keep for separate seed-bank QA; do not remove as unmatched v0.2,,,,false,,"Schreibe einen Satz: Du fragst, ob die Besprechung verschoben werden kann.",,,,,,"Wäre es möglich, die Besprechung auf morgen zu verschieben? Ich hätte am Nachmittag Zeit.",,,,,,no imported v0.2 sourceRowId/comparison match; likely seed/system/route-specific content,,,
content/b1-wortschatz.js,b1_vocab_anmeldung_001,,,unmatched_current,Exception,manual review: no exact v0.2 source_row_id match,,,,LEGACY_SEED_SAFE_CANDIDATE,keep for separate seed-bank QA; do not remove as unmatched v0.2,,,,false,,Die ___ für den Kurs ist online möglich.,,,,,,Anmeldung,,,,,,no imported v0.2 sourceRowId/comparison match; likely seed/system/route-specific content,,,
content/b1-wortschatz.js,b1_vocab_anmeldung_002,,,unmatched_current,Exception,manual review: no exact v0.2 source_row_id match,,,,LEGACY_SEED_SAFE_CANDIDATE,keep for separate seed-bank QA; do not remove as unmatched v0.2,,,,false,,Ich möchte mich für den Kurs ___.,,,,,,anmelden,,,,,,no imported v0.2 sourceRowId/comparison match; likely seed/system/route-specific content,,,
content/b1-wortschatz.js,b1_vocab_anmeldung_003,,,unmatched_current,Exception,manual review: no exact v0.2 source_row_id match,,,,LEGACY_SEED_SAFE_CANDIDATE,keep for separate seed-bank QA; do not remove as unmatched v0.2,,,,false,,Sie brauchen eine Bestätigung Ihrer Anmeldung. Welche Bitte passt?,,Which phrase fits if you need confirmation of your registration?,,Könnten Sie mir meine Anmeldung bestätigen? | Könnten Sie mir die Anmeldung schicken? | Könnten Sie die Anmeldung absagen?,,Könnten Sie mir meine Anmeldung bestätigen?,,,,,,no imported v0.2 sourceRowId/comparison match; likely seed/system/route-specific content,,,
content/b1-wortschatz.js,b1_vocab_anmeldung_004,,,unmatched_current,Exception,manual review: no exact v0.2 source_row_id match,,,,LEGACY_SEED_SAFE_CANDIDATE,keep for separate seed-bank QA; do not remove as unmatched v0.2,,,,false,,Korrigiere: Ich möchte für den Kurs anmelden.,,,,,,Ich möchte mich für den Kurs anmelden.,,,,,,no imported v0.2 sourceRowId/comparison match; likely seed/system/route-specific content,,,
content/b1-wortschatz.js,b1_vocab_anmeldung_005,,,unmatched_current,Exception,manual review: no exact v0.2 source_row_id match,,,,LEGACY_SEED_SAFE_CANDIDATE,keep for separate seed-bank QA; do not remove as unmatched v0.2,,,,false,,Schreibe einen höflichen Satz: Du möchtest dich für einen Kurs anmelden.,,,,,,Ich möchte mich gern für den Kurs anmelden.,,,,,,no imported v0.2 sourceRowId/comparison match; likely seed/system/route-specific content,,,
content/b1-wortschatz.js,b1_vocab_zugangsdaten_001,,,unmatched_current,Exception,manual review: no exact v0.2 source_row_id match,,,,LEGACY_SEED_SAFE_CANDIDATE,keep for separate seed-bank QA; do not remove as unmatched v0.2,,,,false,,Ich habe meine ___ noch nicht bekommen.,,,,,,Zugangsdaten,,,,,,no imported v0.2 sourceRowId/comparison match; likely seed/system/route-specific content,,,
content/b1-wortschatz.js,b1_vocab_zugangsdaten_002,,,unmatched_current,Exception,manual review: no exact v0.2 source_row_id match,,,,LEGACY_SEED_SAFE_CANDIDATE,keep for separate seed-bank QA; do not remove as unmatched v0.2,,,,false,,Ich kann mich nicht ___.,,,,,,einloggen,,,,,,no imported v0.2 sourceRowId/comparison match; likely seed/system/route-specific content,,,
content/b1-wortschatz.js,b1_vocab_zugangsdaten_003,,,unmatched_current,Exception,manual review: no exact v0.2 source_row_id match,,,,LEGACY_SEED_SAFE_CANDIDATE,keep for separate seed-bank QA; do not remove as unmatched v0.2,,,,false,,Sie brauchen Ihre Login-Daten noch einmal. Welche Bitte passt?,,Which phrase fits if you need your login details?,,Könnten Sie mir die Zugangsdaten bitte noch einmal schicken? | Könnten Sie mein Passwort bitte ändern? | Könnten Sie den Termin bitte verschieben?,,Könnten Sie mir die Zugangsdaten bitte noch einmal schicken?,,,,,,no imported v0.2 sourceRowId/comparison match; likely seed/system/route-specific content,,,
content/b1-wortschatz.js,b1_vocab_zugangsdaten_004,,,unmatched_current,Exception,manual review: no exact v0.2 source_row_id match,,,,LEGACY_SEED_SAFE_CANDIDATE,keep for separate seed-bank QA; do not remove as unmatched v0.2,,,,false,,Korrigiere: Der Zugangsdaten funktionieren nicht.,,,,,,Die Zugangsdaten funktionieren nicht.,,,,,,no imported v0.2 sourceRowId/comparison match; likely seed/system/route-specific content,,,
content/b1-wortschatz.js,b1_vocab_zugangsdaten_005,,,unmatched_current,Exception,manual review: no exact v0.2 source_row_id match,,,,LEGACY_SEED_SAFE_CANDIDATE,keep for separate seed-bank QA; do not remove as unmatched v0.2,,,,false,,Schreibe eine höfliche Nachricht: Du hast deine Zugangsdaten nicht bekommen.,,,,,,Ich habe meine Zugangsdaten noch nicht bekommen. Könnten Sie mir diese bitte noch einmal schicken?,,,,,,no imported v0.2 sourceRowId/comparison match; likely seed/system/route-specific content,,,
content/b1-wortschatz.js,b1_vocab_fehlermeldung_001,,,unmatched_current,Exception,manual review: no exact v0.2 source_row_id match,,,,LEGACY_SEED_SAFE_CANDIDATE,keep for separate seed-bank QA; do not remove as unmatched v0.2,,,,false,,Auf dem Bildschirm erscheint eine ___.,,,,,,Fehlermeldung,,,,,,no imported v0.2 sourceRowId/comparison match; likely seed/system/route-specific content,,,
content/b1-wortschatz.js,b1_vocab_fehlermeldung_002,,,unmatched_current,Exception,manual review: no exact v0.2 source_row_id match,,,,LEGACY_SEED_SAFE_CANDIDATE,keep for separate seed-bank QA; do not remove as unmatched v0.2,,,,false,,Ich bekomme immer wieder eine ___.,,,,,,Fehlermeldung,,,,,,no imported v0.2 sourceRowId/comparison match; likely seed/system/route-specific content,,,
content/b1-wortschatz.js,b1_vocab_fehlermeldung_003,,,unmatched_current,Exception,manual review: no exact v0.2 source_row_id match,,,,LEGACY_SEED_SAFE_CANDIDATE,keep for separate seed-bank QA; do not remove as unmatched v0.2,,,,false,,Sie beschreiben eine Fehlermeldung beim Login. Welche Formulierung passt?,,Which phrase fits if you are describing a problem to support?,,"Ich bekomme eine Fehlermeldung, wenn ich mich einlogge. | Ich kann mich nicht einloggen, aber es gibt keine Meldung. | Ich habe meine Zugangsdaten vergessen.",,"Ich bekomme eine Fehlermeldung, wenn ich mich einlogge.",,,,,,no imported v0.2 sourceRowId/comparison match; likely seed/system/route-specific content,,,
content/b1-wortschatz.js,b1_vocab_fehlermeldung_004,,,unmatched_current,Exception,manual review: no exact v0.2 source_row_id match,,,,LEGACY_SEED_SAFE_CANDIDATE,keep for separate seed-bank QA; do not remove as unmatched v0.2,,,,false,,Korrigiere: Ich bekomme ein Fehlermeldung.,,,,,,Ich bekomme eine Fehlermeldung.,,,,,,no imported v0.2 sourceRowId/comparison match; likely seed/system/route-specific content,,,
content/b1-wortschatz.js,b1_vocab_fehlermeldung_005,,,unmatched_current,Exception,manual review: no exact v0.2 source_row_id match,,,,LEGACY_SEED_SAFE_CANDIDATE,keep for separate seed-bank QA; do not remove as unmatched v0.2,,,,false,,Schreibe zwei Sätze: Du bekommst eine Fehlermeldung und brauchst Hilfe.,,,,,,"Ich bekomme eine Fehlermeldung, wenn ich mich einlogge. Könnten Sie das bitte prüfen?",,,,,,no imported v0.2 sourceRowId/comparison match; likely seed/system/route-specific content,,,
