currentSourceFile,currentItemId,currentSourceRowId,v02RowId,matchStatus,oldManifestBucket,oldManifestAction,v02Decision,comparisonDecision,recoveryDecision,proposedBucket,proposedAction,currentTaskType,currentResponseSurface,targetFamily,hasV02ReplacementFields,replacementFieldList,currentPrompt,v02Prompt,currentStimulus,v02Stimulus,currentOptions,v02Options,currentAnswer,v02Answer,currentExplain,v02Explain,quarantineReason,productionReason,legacySeedReason,duplicateLineageStatus,riskFlag,notes
content/b1-m01-variant-families.js,v080149_cat02_collocation_cat02_coll_008,cat02-coll-008,cat02-coll-008,matched_replacement_layer,Core Safe,keep current row unchanged,revise_light,revise_light,direct_recover_from_v02,CORE_SAFE_V02_REPLACEMENT,future apply patch may replace schema-compatible learner-facing fields from v0.2/recovery while preserving current item ID,Auswahl,selected_choice_value,CAT02-collocation-cat02_coll_008,true,prompt; stimulus/learnerCue; microRule/explainText,Welche Kollokation passt? ask someone to repeat/explain/spell,Welche Kollokation passt? ask someone to repeat/explain/spell,Choose the best German option.,Choose the best German option.,"etwas bitte wiederholen / erklären / buchstabieren | fragen | zeigen | wrong function verb, e.g. `buchstabieren` when the learner needs repetition",,etwas bitte wiederholen / erklären / buchstabieren,etwas bitte wiederholen / erklären / buchstabieren,"Choose the help verb by function: `wiederholen` = say again, `erklären` = explain, `buchstabieren` = spell letters.","Choose the help verb by function: `wiederholen` = say again, `erklären` = explain, `buchstabieren` = spell letters.",,,,duplicate_v02_lineage_resolved,duplicate_v02_lineage_resolved,
content/b1-m01-variant-families.js,v080149_cat02_contrast_cat02_cs_001,cat02-cs-001,cat02-cs-001,matched_replacement_layer,Core Safe,keep current row unchanged,revise_light,revise_light,direct_recover_from_v02,CORE_SAFE_V02_REPLACEMENT,future apply patch may replace schema-compatible learner-facing fields from v0.2/recovery while preserving current item ID,Auswahl,selected_choice_value,CAT02-contrast-cat02_cs_001,true,prompt; stimulus/learnerCue; microRule/explainText,Welche Form passt zu `Kurs vs Unterricht`?,Welche Form passt zu `Kurs vs Unterricht`?,Kurs vs Unterricht,Kurs vs Unterricht,Kurs | Unterricht | Aufgabe | Termin,Kurs | Unterricht | Aufgabe | Termin,Kurs,Kurs,"`Kurs` is the whole course. Check the nearby contrast, not just a related word.","`Kurs` is the whole course. Check the nearby contrast, not just a related word.",,,,duplicate_v02_lineage_resolved,duplicate_v02_lineage_resolved,
content/b1-m01-variant-families.js,v080149_cat02_contrast_cat02_cs_002,cat02-cs-002,cat02-cs-002,matched_replacement_layer,Core Safe,keep current row unchanged,revise_light,revise_light,direct_recover_from_v02,CORE_SAFE_V02_REPLACEMENT,future apply patch may replace schema-compatible learner-facing fields from v0.2/recovery while preserving current item ID,Auswahl,selected_choice_value,CAT02-contrast-cat02_cs_002,true,prompt; stimulus/learnerCue; microRule/explainText,Welche Form passt zu `course people`?,Welche Form passt zu `course people`?,course people,course people,Kursleiterin | Teilnehmerin | Kollegin | Ansprechpartnerin,Kursleiterin | Teilnehmerin | Kollegin | Ansprechpartnerin,Kursleiterin,Kursleiterin,"The course leader leads the course. Check the nearby contrast, not just a related word.","The course leader leads the course. Check the nearby contrast, not just a related word.",,,,duplicate_v02_lineage_resolved,duplicate_v02_lineage_resolved,
content/b1-m01-variant-families.js,v080149_cat02_contrast_cat02_cs_003,cat02-cs-003,cat02-cs-003,matched_replacement_layer,Core Safe,keep current row unchanged,revise_light,revise_light,direct_recover_from_v02,CORE_SAFE_V02_REPLACEMENT,future apply patch may replace schema-compatible learner-facing fields from v0.2/recovery while preserving current item ID,Auswahl,selected_choice_value,CAT02-contrast-cat02_cs_003,true,prompt; stimulus/learnerCue; microRule/explainText,Welche Form passt zu `workplace people`?,Welche Form passt zu `workplace people`?,workplace people,workplace people,Kollege | Chef | Kunde | Teilnehmer,Kollege | Chef | Kunde | Teilnehmer,Kollege,Kollege,"A colleague is a workplace peer. Check the nearby contrast, not just a related word.","A colleague is a workplace peer. Check the nearby contrast, not just a related word.",,,,duplicate_v02_lineage_resolved,duplicate_v02_lineage_resolved,
content/b1-m01-variant-families.js,v080149_cat02_contrast_cat02_cs_004,cat02-cs-004,cat02-cs-004,matched_replacement_layer,Core Safe,keep current row unchanged,revise_light,revise_light,direct_recover_from_v02,CORE_SAFE_V02_REPLACEMENT,future apply patch may replace schema-compatible learner-facing fields from v0.2/recovery while preserving current item ID,Auswahl,selected_choice_value,CAT02-contrast-cat02_cs_004,true,prompt; stimulus/learnerCue; microRule/explainText,Welche Form passt zu `reception vs entrance`?,Welche Form passt zu `reception vs entrance`?,reception vs entrance,reception vs entrance,Empfang | Eingang | Anmeldung | Sekretariat,Empfang | Eingang | Anmeldung | Sekretariat,Empfang,Empfang,"`Empfang` is the reception desk. Check the nearby contrast, not just a related word.","`Empfang` is the reception desk. Check the nearby contrast, not just a related word.",,,,duplicate_v02_lineage_resolved,duplicate_v02_lineage_resolved,
content/b1-m01-variant-families.js,v080149_cat02_contrast_cat02_cs_005,cat02-cs-005,cat02-cs-005,matched_replacement_layer,Core Safe,keep current row unchanged,revise_light,revise_light,direct_recover_from_v02,CORE_SAFE_V02_REPLACEMENT,future apply patch may replace schema-compatible learner-facing fields from v0.2/recovery while preserving current item ID,Auswahl,selected_choice_value,CAT02-contrast-cat02_cs_005,true,prompt; stimulus/learnerCue; microRule/explainText,Welche Form passt zu `entrance and exit`?,Welche Form passt zu `entrance and exit`?,entrance and exit,entrance and exit,Eingang | Ausgang | Aufzug | Flur,Eingang | Ausgang | Aufzug | Flur,Eingang,Eingang,"`Eingang` is entrance. Check the nearby contrast, not just a related word.","`Eingang` is entrance. Check the nearby contrast, not just a related word.",,,,duplicate_v02_lineage_resolved,duplicate_v02_lineage_resolved,
content/b1-m01-variant-families.js,v080149_cat02_contrast_cat02_cs_006,cat02-cs-006,cat02-cs-006,matched_replacement_layer,Core Safe,keep current row unchanged,revise_light,revise_light,direct_recover_from_v02,CORE_SAFE_V02_REPLACEMENT,future apply patch may replace schema-compatible learner-facing fields from v0.2/recovery while preserving current item ID,Auswahl,selected_choice_value,CAT02-contrast-cat02_cs_006,true,prompt; stimulus/learnerCue; microRule/explainText,Welche Form passt zu `room words`?,Welche Form passt zu `room words`?,room words,room words,Kursraum | Pausenraum | Besprechungsraum | Büro,Kursraum | Pausenraum | Besprechungsraum | Büro,Kursraum,Kursraum,"The course room is for the course. Check the nearby contrast, not just a related word.","The course room is for the course. Check the nearby contrast, not just a related word.",,,,duplicate_v02_lineage_resolved,duplicate_v02_lineage_resolved,
content/b1-m01-variant-families.js,v080149_cat02_contrast_cat02_cs_007,cat02-cs-007,cat02-cs-007,matched_replacement_layer,Core Safe,keep current row unchanged,revise_light,revise_light,direct_recover_from_v02,CORE_SAFE_V02_REPLACEMENT,future apply patch may replace schema-compatible learner-facing fields from v0.2/recovery while preserving current item ID,Auswahl,selected_choice_value,CAT02-contrast-cat02_cs_007,true,prompt; stimulus/learnerCue; microRule/explainText,Welche Form passt zu `ask vs ask again`?,Welche Form passt zu `ask vs ask again`?,ask vs ask again,ask vs ask again,nachfragen | fragen | erklären | wiederholen,nachfragen | fragen | erklären | wiederholen,nachfragen,nachfragen,"`nachfragen` means ask/check again. Check the nearby contrast, not just a related word.","`nachfragen` means ask/check again. Check the nearby contrast, not just a related word.",,,,duplicate_v02_lineage_resolved,duplicate_v02_lineage_resolved,
content/b1-m01-variant-families.js,v080149_cat02_contrast_cat02_cs_008,cat02-cs-008,cat02-cs-008,matched_replacement_layer,Core Safe,keep current row unchanged,revise_light,revise_light,direct_recover_from_v02,CORE_SAFE_V02_REPLACEMENT,future apply patch may replace schema-compatible learner-facing fields from v0.2/recovery while preserving current item ID,Auswahl,selected_choice_value,CAT02-contrast-cat02_cs_008,true,prompt; stimulus/learnerCue; microRule/explainText,Welche Form passt zu `repeat/explain/spell`?,Welche Form passt zu `repeat/explain/spell`?,repeat/explain/spell,repeat/explain/spell,wiederholen | erklären | buchstabieren | zeigen,wiederholen | erklären | buchstabieren | zeigen,wiederholen,wiederholen,"Repeat means say it again. Check the nearby contrast, not just a related word.","Repeat means say it again. Check the nearby contrast, not just a related word.",,,,duplicate_v02_lineage_resolved,duplicate_v02_lineage_resolved,
content/b1-m01-variant-families.js,v080149_cat02_contrast_cat02_cs_009,cat02-cs-009,cat02-cs-009,matched_replacement_layer,Core Safe,keep current row unchanged,revise_light,revise_light,direct_recover_from_v02,CORE_SAFE_V02_REPLACEMENT,future apply patch may replace schema-compatible learner-facing fields from v0.2/recovery while preserving current item ID,Auswahl,selected_choice_value,CAT02-contrast-cat02_cs_009,true,prompt; stimulus/learnerCue; microRule/explainText,Welche Form passt zu `bring vs hand in`?,Welche Form passt zu `bring vs hand in`?,bring vs hand in,bring vs hand in,mitbringen | abgeben | ausfüllen | ankreuzen,mitbringen | abgeben | ausfüllen | ankreuzen,mitbringen,mitbringen,"Bring along to the place. Check the nearby contrast, not just a related word.","Bring along to the place. Check the nearby contrast, not just a related word.",,,,duplicate_v02_lineage_resolved,duplicate_v02_lineage_resolved,
content/b1-m01-variant-families.js,v080149_cat02_contrast_cat02_cs_010,cat02-cs-010,cat02-cs-010,matched_replacement_layer,Core Safe,keep current row unchanged,revise_light,revise_light,direct_recover_from_v02,CORE_SAFE_V02_REPLACEMENT,future apply patch may replace schema-compatible learner-facing fields from v0.2/recovery while preserving current item ID,Auswahl,selected_choice_value,CAT02-contrast-cat02_cs_010,true,prompt; stimulus/learnerCue; microRule/explainText,Welche Form passt zu `fill vs tick`?,Welche Form passt zu `fill vs tick`?,fill vs tick,fill vs tick,ausfüllen | ankreuzen | unterschreiben | abgeben,ausfüllen | ankreuzen | unterschreiben | abgeben,ausfüllen,ausfüllen,"Fill in a whole form/field. Check the nearby contrast, not just a related word.","Fill in a whole form/field. Check the nearby contrast, not just a related word.",,,,duplicate_v02_lineage_resolved,duplicate_v02_lineage_resolved,
content/b1-m01-variant-families.js,v080149_cat02_contrast_cat02_cs_011,cat02-cs-011,cat02-cs-011,matched_replacement_layer,Core Safe,keep current row unchanged,revise_light,revise_light,direct_recover_from_v02,CORE_SAFE_V02_REPLACEMENT,future apply patch may replace schema-compatible learner-facing fields from v0.2/recovery while preserving current item ID,Auswahl,selected_choice_value,CAT02-contrast-cat02_cs_011,true,prompt; stimulus/learnerCue; microRule/explainText,Welche Form passt zu `register vs participate`?,Welche Form passt zu `register vs participate`?,register vs participate,register vs participate,teilnehmen | sich anmelden | sich einloggen | mitbringen,teilnehmen | sich anmelden | sich einloggen | mitbringen,teilnehmen,teilnehmen,"Participate in the course/activity. Check the nearby contrast, not just a related word.","Participate in the course/activity. Check the nearby contrast, not just a related word.",,,,duplicate_v02_lineage_resolved,duplicate_v02_lineage_resolved,
content/b1-m01-variant-families.js,v080149_cat02_contrast_cat02_cs_012,cat02-cs-012,cat02-cs-012,matched_replacement_layer,Core Safe,keep current row unchanged,revise_light,revise_light,direct_recover_from_v02,CORE_SAFE_V02_REPLACEMENT,future apply patch may replace schema-compatible learner-facing fields from v0.2/recovery while preserving current item ID,Auswahl,selected_choice_value,CAT02-contrast-cat02_cs_012,true,prompt; stimulus/learnerCue; microRule/explainText,Welche Form passt zu `brauchen vs haben`?,Welche Form passt zu `brauchen vs haben`?,brauchen vs haben,brauchen vs haben,Ich brauche einen Stift. | Ich habe einen Stift. | Ich bin einen Stift. | Ich brauche ein Stift.,Ich brauche einen Stift. | Ich habe einen Stift. | Ich bin einen Stift. | Ich brauche ein Stift.,Ich brauche einen Stift.,Ich brauche einen Stift.,"Need states a requirement. Check the nearby contrast, not just a related word.","Need states a requirement. Check the nearby contrast, not just a related word.",,,,duplicate_v02_lineage_resolved,duplicate_v02_lineage_resolved,
content/b1-m01-variant-families.js,v080149_cat02_contrast_cat02_cs_014,cat02-cs-014,cat02-cs-014,matched_replacement_layer,Core Safe,keep current row unchanged,revise_light,revise_light,direct_recover_from_v02,CORE_SAFE_V02_REPLACEMENT,future apply patch may replace schema-compatible learner-facing fields from v0.2/recovery while preserving current item ID,Auswahl,selected_choice_value,CAT02-contrast-cat02_cs_014,true,prompt; stimulus/learnerCue; microRule/explainText,Welche Form passt zu `finished vs still need time`?,Welche Form passt zu `finished vs still need time`?,finished vs still need time,finished vs still need time,Ich bin fertig. | Ich brauche noch Zeit. | Ich bin neu. | Ich bin angemeldet.,Ich bin fertig. | Ich brauche noch Zeit. | Ich bin neu. | Ich bin angemeldet.,Ich bin fertig.,Ich bin fertig.,"Finished means task is done. Check the nearby contrast, not just a related word.","Finished means task is done. Check the nearby contrast, not just a related word.",,,,duplicate_v02_lineage_resolved,duplicate_v02_lineage_resolved,
content/b1-m01-variant-families.js,v080149_cat02_contrast_cat02_cs_015,cat02-cs-015,cat02-cs-015,matched_replacement_layer,Core Safe,keep current row unchanged,revise_light,revise_light,direct_recover_from_v02,CORE_SAFE_V02_REPLACEMENT,future apply patch may replace schema-compatible learner-facing fields from v0.2/recovery while preserving current item ID,Auswahl,selected_choice_value,CAT02-contrast-cat02_cs_015,true,prompt; stimulus/learnerCue; microRule/explainText,Welche Form passt zu `Deutschkenntnisse vs Deutschniveau`?,Welche Form passt zu `Deutschkenntnisse vs Deutschniveau`?,Deutschkenntnisse vs Deutschniveau,Deutschkenntnisse vs Deutschniveau,Deutschkenntnisse | Deutschniveau | Deutschunterricht | Vokabel,Deutschkenntnisse | Deutschniveau | Deutschunterricht | Vokabel,Deutschkenntnisse,Deutschkenntnisse,"Skills/knowledge of German. Check the nearby contrast, not just a related word.","Skills/knowledge of German. Check the nearby contrast, not just a related word.",,,,duplicate_v02_lineage_resolved,duplicate_v02_lineage_resolved,
content/b1-m01-variant-families.js,v080149_cat02_contrast_cat02_cs_016,cat02-cs-016,cat02-cs-016,matched_replacement_layer,Core Safe,keep current row unchanged,revise_light,revise_light,direct_recover_from_v02,CORE_SAFE_V02_REPLACEMENT,future apply patch may replace schema-compatible learner-facing fields from v0.2/recovery while preserving current item ID,Auswahl,selected_choice_value,CAT02-contrast-cat02_cs_016,true,prompt; stimulus/learnerCue; microRule/explainText,Welche Form passt zu `Unterlagen vs Formular vs Arbeitsblatt`?,Welche Form passt zu `Unterlagen vs Formular vs Arbeitsblatt`?,Unterlagen vs Formular vs Arbeitsblatt,Unterlagen vs Formular vs Arbeitsblatt,Unterlagen | Formular | Arbeitsblatt | Lehrbuch,Unterlagen | Formular | Arbeitsblatt | Lehrbuch,Unterlagen,Unterlagen,"Documents/materials as a set. Check the nearby contrast, not just a related word.","Documents/materials as a set. Check the nearby contrast, not just a related word.",,,,duplicate_v02_lineage_resolved,duplicate_v02_lineage_resolved,
content/b1-m01-variant-families.js,v080149_cat02_contrast_cat02_cs_017,cat02-cs-017,cat02-cs-017,matched_replacement_layer,Core Safe,keep current row unchanged,revise_light,revise_light,direct_recover_from_v02,CORE_SAFE_V02_REPLACEMENT,future apply patch may replace schema-compatible learner-facing fields from v0.2/recovery while preserving current item ID,Auswahl,selected_choice_value,CAT02-contrast-cat02_cs_017,true,prompt; stimulus/learnerCue; microRule/explainText,Welche Form passt zu `App vs Lernportal vs Datei`?,Welche Form passt zu `App vs Lernportal vs Datei`?,App vs Lernportal vs Datei,App vs Lernportal vs Datei,App | Lernportal | Datei | Passwort,App | Lernportal | Datei | Passwort,App,App,"An app is a program. Check the nearby contrast, not just a related word.","An app is a program. Check the nearby contrast, not just a related word.",,,,duplicate_v02_lineage_resolved,duplicate_v02_lineage_resolved,
content/b1-m01-variant-families.js,v080149_cat02_contrast_cat02_cs_018,cat02-cs-018,cat02-cs-018,matched_replacement_layer,Core Safe,keep current row unchanged,revise_light,revise_light,direct_recover_from_v02,CORE_SAFE_V02_REPLACEMENT,future apply patch may replace schema-compatible learner-facing fields from v0.2/recovery while preserving current item ID,Auswahl,selected_choice_value,CAT02-contrast-cat02_cs_018,true,prompt; stimulus/learnerCue; microRule/explainText,Welche Form passt zu `team/group/alone`?,Welche Form passt zu `team/group/alone`?,team/group/alone,team/group/alone,in der Gruppe | im Team | allein | am Empfang,in der Gruppe | im Team | allein | am Empfang,in der Gruppe,in der Gruppe,"Group work in a course. Check the nearby contrast, not just a related word.","Group work in a course. Check the nearby contrast, not just a related word.",,,,duplicate_v02_lineage_resolved,duplicate_v02_lineage_resolved,
content/b1-m01-variant-families.js,v080149_cat02_contrast_cat02_cs_020,cat02-cs-020,cat02-cs-020,matched_replacement_layer,Core Safe,keep current row unchanged,revise_light,revise_light,direct_recover_from_v02,CORE_SAFE_V02_REPLACEMENT,future apply patch may replace schema-compatible learner-facing fields from v0.2/recovery while preserving current item ID,Auswahl,selected_choice_value,CAT02-contrast-cat02_cs_020,true,prompt; stimulus/learnerCue; microRule/explainText,Welche Form passt zu `help request polite/direct`?,Welche Form passt zu `help request polite/direct`?,help request polite/direct,help request polite/direct,Könnten Sie bitte langsamer sprechen? | Sprich langsamer. | Ich will langsam. | Langsam bitte du.,Könnten Sie bitte langsamer sprechen? | Sprich langsamer. | Ich will langsam. | Langsam bitte du.,Könnten Sie bitte langsamer sprechen?,Könnten Sie bitte langsamer sprechen?,"Polite Sie-request for course/work. Check the nearby contrast, not just a related word.","Polite Sie-request for course/work. Check the nearby contrast, not just a related word.",,,,duplicate_v02_lineage_resolved,duplicate_v02_lineage_resolved,
content/b1-m01-variant-families.js,v080149_cat02_practice_family_cat02_pf_013,cat02-pf-013,cat02-pf-013,matched_replacement_layer,Core Safe,keep current row unchanged,rewrite_heavy,rewrite_heavy,direct_recover_from_v02,CORE_SAFE_V02_REPLACEMENT,future apply patch may replace schema-compatible learner-facing fields from v0.2/recovery while preserving current item ID,Auswahl,selected_choice_value,CAT02-practice_family-cat02_pf_013,true,prompt; stimulus/learnerCue; microRule/explainText,Sie stehen vor einem Raum. Welche Frage passt?,Sie stehen vor einem Raum. Welche Frage passt?,A Wo ist der richtige Raum? / B Ist das der richtige Raum? / C Wann ist der richtige Raum?,A Wo ist der richtige Raum? / B Ist das der richtige Raum? / C Wann ist der richtige Raum?,B | A Wo ist der richtige Raum? | B Ist das der richtige Raum? | C Wann ist der richtige Raum?,,B,B,"For checking this room, ask: `Ist das der richtige Raum?`","For checking this room, ask: `Ist das der richtige Raum?`",,,,duplicate_v02_lineage_resolved,duplicate_v02_lineage_resolved,
content/b1-m01-variant-families.js,v080149_cat02_practice_family_cat02_pf_052,cat02-pf-052,cat02-pf-052,matched_replacement_layer,Core Safe,keep current row unchanged,revise_light,revise_light,direct_recover_from_v02,CORE_SAFE_V02_REPLACEMENT,future apply patch may replace schema-compatible learner-facing fields from v0.2/recovery while preserving current item ID,Reparatur,typed,CAT02-practice_family-cat02_pf_052,true,prompt; stimulus/learnerCue,Ich brauche ein Stift für den Kurs.,Korrigiere den Satz.,Korrigiere den Satz.,Ich brauche ein Stift für den Kurs.,,,Ich brauche einen Stift für den Kurs.,Ich brauche einen Stift für den Kurs.,`brauchen` takes an accusative object: `einen Stift`.,`brauchen` takes an accusative object: `einen Stift`.,,,,duplicate_v02_lineage_resolved,duplicate_v02_lineage_resolved,
content/b1-m01-variant-families.js,v080149_cat02_practice_family_cat02_pf_058,cat02-pf-058,cat02-pf-058,matched_replacement_layer,Core Safe,keep current row unchanged,rewrite_heavy,rewrite_heavy,direct_recover_from_v02,CORE_SAFE_V02_REPLACEMENT,future apply patch may replace schema-compatible learner-facing fields from v0.2/recovery while preserving current item ID,Reparatur,typed,CAT02-practice_family-cat02_pf_058,true,prompt; stimulus/learnerCue,Ich suche das Kursraum.,Korrigiere den Satz.,Korrigiere den Satz.,Ich suche das Kursraum.,,,Ich suche den Kursraum.,Ich suche den Kursraum.,`suchen` takes accusative; `der Kursraum` becomes `den Kursraum`.,`suchen` takes accusative; `der Kursraum` becomes `den Kursraum`.,,,,duplicate_v02_lineage_resolved,duplicate_v02_lineage_resolved,
content/b1-m01-variant-families.js,v080149_cat02_practice_family_cat02_pf_059,cat02-pf-059,cat02-pf-059,matched_replacement_layer,Core Safe,keep current row unchanged,convert_task_shape,convert_task_shape,direct_recover_from_v02,CORE_SAFE_V02_REPLACEMENT,future apply patch may replace schema-compatible learner-facing fields from v0.2/recovery while preserving current item ID,Reparatur,typed,CAT02-practice_family-cat02_pf_059,true,prompt; stimulus/learnerCue,Die Pause ist bei zehn Uhr.,Korrigiere den Satz.,Korrigiere den Satz.,Die Pause ist bei zehn Uhr.,,,Die Pause ist um zehn Uhr.,Die Pause ist um zehn Uhr.,Exact clock time uses `um`: `um zehn Uhr`.,Exact clock time uses `um`: `um zehn Uhr`.,,,,duplicate_v02_lineage_resolved,duplicate_v02_lineage_resolved,
content/b1-m01-variant-families.js,v080149_cat02_practice_family_cat02_pf_061,cat02-pf-061,cat02-pf-061,matched_replacement_layer,Core Safe,keep current row unchanged,rewrite_heavy,rewrite_heavy,direct_recover_from_v02,CORE_SAFE_V02_REPLACEMENT,future apply patch may replace schema-compatible learner-facing fields from v0.2/recovery while preserving current item ID,Auswahl,selected_choice_value,CAT02-practice_family-cat02_pf_061,true,prompt; stimulus/learnerCue; microRule/explainText,Die Lehrerin spricht zu schnell. Welche Bitte passt?,Die Lehrerin spricht zu schnell. Welche Bitte passt?,A Können Sie kurz helfen? / B Könnten Sie bitte langsamer sprechen? / C Können Sie das bitte buchstabieren?,A Können Sie kurz helfen? / B Könnten Sie bitte langsamer sprechen? / C Können Sie das bitte buchstabieren?,B | A Können Sie kurz helfen? | B Könnten Sie bitte langsamer sprechen? | C Können Sie das bitte buchstabieren?,,B,B,"For slower speech, use `Könnten Sie bitte langsamer sprechen?`","For slower speech, use `Könnten Sie bitte langsamer sprechen?`",,,,duplicate_v02_lineage_resolved,duplicate_v02_lineage_resolved,
content/b1-m01-variant-families.js,v080149_cat02_practice_family_cat02_pf_062,cat02-pf-062,cat02-pf-062,matched_replacement_layer,Core Safe,keep current row unchanged,rewrite_heavy,rewrite_heavy,direct_recover_from_v02,CORE_SAFE_V02_REPLACEMENT,future apply patch may replace schema-compatible learner-facing fields from v0.2/recovery while preserving current item ID,Auswahl,selected_choice_value,CAT02-practice_family-cat02_pf_062,true,prompt; stimulus/learnerCue; microRule/explainText,Das Arbeitsblatt ist fertig. Welche Aktion passt?,Das Arbeitsblatt ist fertig. Welche Aktion passt?,A ausfüllen / B mitbringen / C abgeben,A ausfüllen / B mitbringen / C abgeben,C | A ausfüllen | B mitbringen | C abgeben,,C,C,`abgeben` means hand in something that is finished.,`abgeben` means hand in something that is finished.,,,,duplicate_v02_lineage_resolved,duplicate_v02_lineage_resolved,
content/b1-m01-variant-families.js,v080149_cat02_practice_family_cat02_pf_063,cat02-pf-063,cat02-pf-063,matched_replacement_layer,Core Safe,keep current row unchanged,rewrite_heavy,rewrite_heavy,direct_recover_from_v02,CORE_SAFE_V02_REPLACEMENT,future apply patch may replace schema-compatible learner-facing fields from v0.2/recovery while preserving current item ID,Auswahl,selected_choice_value,CAT02-practice_family-cat02_pf_063,true,prompt; stimulus/learnerCue; microRule/explainText,Sie haben es akustisch nicht verstanden. Welche Bitte passt?,Sie haben es akustisch nicht verstanden. Welche Bitte passt?,A Können Sie das bitte erklären? / B Können Sie das bitte wiederholen? / C Können Sie das bitte zeigen?,A Können Sie das bitte erklären? / B Können Sie das bitte wiederholen? / C Können Sie das bitte zeigen?,B | A Können Sie das bitte erklären? | B Können Sie das bitte wiederholen? | C Können Sie das bitte zeigen?,,B,B,"If you did not hear it clearly, ask someone to `wiederholen` it.","If you did not hear it clearly, ask someone to `wiederholen` it.",,,,duplicate_v02_lineage_resolved,duplicate_v02_lineage_resolved,
content/b1-m01-variant-families.js,v080149_cat02_practice_family_cat02_pf_064,cat02-pf-064,cat02-pf-064,matched_replacement_layer,Core Safe,keep current row unchanged,rewrite_heavy,rewrite_heavy,direct_recover_from_v02,CORE_SAFE_V02_REPLACEMENT,future apply patch may replace schema-compatible learner-facing fields from v0.2/recovery while preserving current item ID,Auswahl,selected_choice_value,CAT02-practice_family-cat02_pf_064,true,prompt; stimulus/learnerCue; microRule/explainText,Sie brauchen die Buchstaben eines Namens. Welche Bitte passt?,Sie brauchen die Buchstaben eines Namens. Welche Bitte passt?,A Können Sie das bitte erklären? / B Können Sie das bitte wiederholen? / C Können Sie das bitte buchstabieren?,A Können Sie das bitte erklären? / B Können Sie das bitte wiederholen? / C Können Sie das bitte buchstabieren?,C | A Können Sie das bitte erklären? | B Können Sie das bitte wiederholen? | C Können Sie das bitte buchstabieren?,,C,C,"For letters, use `buchstabieren`.","For letters, use `buchstabieren`.",,,,duplicate_v02_lineage_resolved,duplicate_v02_lineage_resolved,
content/b1-m01-variant-families.js,v080149_cat02_practice_family_cat02_pf_065,cat02-pf-065,cat02-pf-065,matched_replacement_layer,Core Safe,keep current row unchanged,rewrite_heavy,rewrite_heavy,direct_recover_from_v02,CORE_SAFE_V02_REPLACEMENT,future apply patch may replace schema-compatible learner-facing fields from v0.2/recovery while preserving current item ID,Auswahl,selected_choice_value,CAT02-practice_family-cat02_pf_065,true,prompt; stimulus/learnerCue; microRule/explainText,Sie machen bei einer Kursaktivität mit. Welche Form passt?,Sie machen bei einer Kursaktivität mit. Welche Form passt?,A Ich nehme an der Übung teil. / B Ich melde die Übung an. / C Ich fülle die Übung aus.,A Ich nehme an der Übung teil. / B Ich melde die Übung an. / C Ich fülle die Übung aus.,A | A Ich nehme an der Übung teil. | B Ich melde die Übung an. | C Ich fülle die Übung aus.,,A,A,Participation uses `an ... teilnehmen`.,Participation uses `an ... teilnehmen`.,,,,duplicate_v02_lineage_resolved,duplicate_v02_lineage_resolved,
content/b1-m01-variant-families.js,v080149_cat02_practice_family_cat02_pf_066,cat02-pf-066,cat02-pf-066,matched_replacement_layer,Core Safe,keep current row unchanged,rewrite_heavy,rewrite_heavy,direct_recover_from_v02,CORE_SAFE_V02_REPLACEMENT,future apply patch may replace schema-compatible learner-facing fields from v0.2/recovery while preserving current item ID,Auswahl,selected_choice_value,CAT02-practice_family-cat02_pf_066,true,prompt; stimulus/learnerCue; microRule/explainText,Sie öffnen ein Lernprogramm auf dem Handy. Welches Wort passt?,Sie öffnen ein Lernprogramm auf dem Handy. Welches Wort passt?,A die Datei / B die App / C der Zugang,A die Datei / B die App / C der Zugang,A die Datei | B die App | C der Zugang,,B,B,A phone learning program is an `App`; a `Datei` is a file.,A phone learning program is an `App`; a `Datei` is a file.,,,,duplicate_v02_lineage_resolved,duplicate_v02_lineage_resolved,
content/b1-m01-variant-families.js,v080149_cat02_practice_family_cat02_pf_067,cat02-pf-067,cat02-pf-067,matched_replacement_layer,Core Safe,keep current row unchanged,rewrite_heavy,rewrite_heavy,direct_recover_from_v02,CORE_SAFE_V02_REPLACEMENT,future apply patch may replace schema-compatible learner-facing fields from v0.2/recovery while preserving current item ID,Auswahl,selected_choice_value,CAT02-practice_family-cat02_pf_067,true,prompt; stimulus/learnerCue; microRule/explainText,Sie warten an der vorderen Stelle im Gebäude. Welche Form passt?,Sie warten an der vorderen Stelle im Gebäude. Welche Form passt?,A am Empfang / B im Kursraum / C am Ausgang,A am Empfang / B im Kursraum / C am Ausgang,A | A am Empfang | B im Kursraum | C am Ausgang,,A,A,`am Empfang` means at reception.,`am Empfang` means at reception.,,,,duplicate_v02_lineage_resolved,duplicate_v02_lineage_resolved,
content/b1-m01-variant-families.js,v080149_cat02_practice_family_cat02_pf_068,cat02-pf-068,cat02-pf-068,matched_replacement_layer,Core Safe,keep current row unchanged,rewrite_heavy,rewrite_heavy,direct_recover_from_v02,CORE_SAFE_V02_REPLACEMENT,future apply patch may replace schema-compatible learner-facing fields from v0.2/recovery while preserving current item ID,Auswahl,selected_choice_value,CAT02-practice_family-cat02_pf_068,true,prompt; stimulus/learnerCue; microRule/explainText,Die Lehrerin sagt: Arbeiten Sie zusammen. Welche Form passt?,Die Lehrerin sagt: Arbeiten Sie zusammen. Welche Form passt?,A in der Gruppe arbeiten / B am Empfang warten / C ein Formular ausfüllen,A in der Gruppe arbeiten / B am Empfang warten / C ein Formular ausfüllen,A | A in der Gruppe arbeiten | B am Empfang warten | C ein Formular ausfüllen,,A,A,"For working together in class, use `in der Gruppe arbeiten`.","For working together in class, use `in der Gruppe arbeiten`.",,,,duplicate_v02_lineage_resolved,duplicate_v02_lineage_resolved,
content/b1-m01-variant-families.js,v080149_cat02_practice_family_cat02_pf_069,cat02-pf-069,cat02-pf-069,matched_replacement_layer,Core Safe,keep current row unchanged,rewrite_heavy,rewrite_heavy,direct_recover_from_v02,CORE_SAFE_V02_REPLACEMENT,future apply patch may replace schema-compatible learner-facing fields from v0.2/recovery while preserving current item ID,Auswahl,selected_choice_value,CAT02-practice_family-cat02_pf_069,true,prompt; stimulus/learnerCue; microRule/explainText,Sie sprechen über Ihr Lernziel. Welche Formulierung passt?,Sie sprechen über Ihr Lernziel. Welche Formulierung passt?,A Deutschunterricht verbessern / B Deutschkenntnisse verbessern / C Deutschniveau verbessern,A Deutschunterricht verbessern / B Deutschkenntnisse verbessern / C Deutschniveau verbessern,B | A Deutschunterricht verbessern | B Deutschkenntnisse verbessern | C Deutschniveau verbessern,,B,B,Collocation: `Deutschkenntnisse verbessern`.,Collocation: `Deutschkenntnisse verbessern`.,,,,duplicate_v02_lineage_resolved,duplicate_v02_lineage_resolved,
content/b1-m01-variant-families.js,v080149_cat02_practice_family_cat02_pf_070,cat02-pf-070,cat02-pf-070,matched_replacement_layer,Core Safe,keep current row unchanged,rewrite_heavy,rewrite_heavy,direct_recover_from_v02,CORE_SAFE_V02_REPLACEMENT,future apply patch may replace schema-compatible learner-facing fields from v0.2/recovery while preserving current item ID,Auswahl,selected_choice_value,CAT02-practice_family-cat02_pf_070,true,prompt; stimulus/learnerCue; microRule/explainText,Sie bekommen mehrere Dokumente für den Kurs. Welches Wort passt?,Sie bekommen mehrere Dokumente für den Kurs. Welches Wort passt?,A das Formular / B die Unterlagen / C das Arbeitsblatt,A das Formular / B die Unterlagen / C das Arbeitsblatt,A das Formular | B die Unterlagen | C das Arbeitsblatt,,B,B,`Unterlagen` is a plural set of documents/materials.,`Unterlagen` is a plural set of documents/materials.,,,,duplicate_v02_lineage_resolved,duplicate_v02_lineage_resolved,
content/b1-m02-appointments-callbacks.js,v080149_cat01_redemittel_cat01_r_037,cat01-r-037,cat01-r-037,matched_replacement_layer,Core Safe,keep current row unchanged,revise_light,revise_light,direct_recover_from_v02,CORE_SAFE_V02_REPLACEMENT,future apply patch may replace schema-compatible learner-facing fields from v0.2/recovery while preserving current item ID,Auswahl,selected_choice_value,CAT01-redemittel-cat01_r_037,true,prompt; stimulus/learnerCue; microRule/explainText,Welche Form passt? email,Welche Form passt? email,Formal opening,Formal opening,"Sehr geehrte Frau Müller, | Guten Tag Frau Müller, | Liebe Praxis, | Ich möchte gern einen Termin vereinbaren.",,"Sehr geehrte Frau Müller,","Sehr geehrte Frau Müller,",Watch: register mismatch,Watch: register mismatch,,,,duplicate_v02_lineage_resolved,duplicate_v02_lineage_resolved,
content/b1-m02-appointments-callbacks.js,v080149_cat01_redemittel_cat01_r_040,cat01-r-040,cat01-r-040,matched_replacement_layer,Core Safe,keep current row unchanged,revise_light,revise_light,direct_recover_from_v02,CORE_SAFE_V02_REPLACEMENT,future apply patch may replace schema-compatible learner-facing fields from v0.2/recovery while preserving current item ID,Auswahl,selected_choice_value,CAT01-redemittel-cat01_r_040,true,prompt; stimulus/learnerCue; microRule/explainText,Welche Form passt? email,Welche Form passt? email,Formal close,Formal close,Mit freundlichen Grüßen | Viele Grüße | Tschüss | Ich möchte gern einen Termin vereinbaren.,,Mit freundlichen Grüßen,Mit freundlichen Grüßen,Watch: register mismatch,Watch: register mismatch,,,,duplicate_v02_lineage_resolved,duplicate_v02_lineage_resolved,
content/b1-m02-appointments-callbacks.js,v080149_cat01_wortschatz_cat01_w_052,cat01-w-052,cat01-w-052,matched_replacement_layer,Core Safe,keep current row unchanged,revise_light,revise_light,direct_recover_from_v02,CORE_SAFE_V02_REPLACEMENT,future apply patch may replace schema-compatible learner-facing fields from v0.2/recovery while preserving current item ID,Auswahl,selected_choice_value,CAT01-wortschatz-cat01_w_052,true,prompt; stimulus/learnerCue; microRule/explainText,Welches Wort passt? free/available,Welches Wort passt? free/available,Availability,Availability,frei | erreichbar | verfügbar | der Termin,,frei,frei,literal free confusion,literal free confusion,,,,duplicate_v02_lineage_resolved,duplicate_v02_lineage_resolved,
content/b1-m02-appointments-callbacks.js,v080149_cat01_wortschatz_cat01_w_053,cat01-w-053,cat01-w-053,matched_replacement_layer,Core Safe,keep current row unchanged,revise_light,revise_light,direct_recover_from_v02,CORE_SAFE_V02_REPLACEMENT,future apply patch may replace schema-compatible learner-facing fields from v0.2/recovery while preserving current item ID,Auswahl,selected_choice_value,CAT01-wortschatz-cat01_w_053,true,prompt; stimulus/learnerCue; microRule/explainText,Welches Wort passt? reachable/available,Welches Wort passt? reachable/available,Availability,Availability,erreichbar | erreichen | frei | besetzt,,erreichbar,erreichbar,erreichen sein,erreichen sein,,,,duplicate_v02_lineage_resolved,duplicate_v02_lineage_resolved,
content/b1-m02-appointments-callbacks.js,v080149_cat01_wortschatz_cat01_w_054,cat01-w-054,cat01-w-054,matched_replacement_layer,Core Safe,keep current row unchanged,revise_light,revise_light,direct_recover_from_v02,CORE_SAFE_V02_REPLACEMENT,future apply patch may replace schema-compatible learner-facing fields from v0.2/recovery while preserving current item ID,Auswahl,selected_choice_value,CAT01-wortschatz-cat01_w_054,true,prompt; stimulus/learnerCue; microRule/explainText,Welches Wort passt? unavailable/prevented,Welches Wort passt? unavailable/prevented,Availability,Availability,verhindert | besetzt | nicht erreichbar | der Termin,,verhindert,verhindert,verhindert haben,verhindert haben,,,,duplicate_v02_lineage_resolved,duplicate_v02_lineage_resolved,
content/b1-m02-appointments-callbacks.js,v080149_cat01_wortschatz_cat01_w_055,cat01-w-055,cat01-w-055,matched_replacement_layer,Core Safe,keep current row unchanged,revise_light,revise_light,direct_recover_from_v02,CORE_SAFE_V02_REPLACEMENT,future apply patch may replace schema-compatible learner-facing fields from v0.2/recovery while preserving current item ID,Auswahl,selected_choice_value,CAT01-wortschatz-cat01_w_055,true,prompt; stimulus/learnerCue; microRule/explainText,Welches Wort passt? punctual/on time,Welches Wort passt? punctual/on time,Time,Time,pünktlich | später | verspätet | der Termin,,pünktlich,pünktlich,spät vs später,spät vs später,,,,duplicate_v02_lineage_resolved,duplicate_v02_lineage_resolved,
content/b1-m02-appointments-callbacks.js,v080149_cat01_wortschatz_cat01_w_056,cat01-w-056,cat01-w-056,matched_replacement_layer,Core Safe,keep current row unchanged,revise_light,revise_light,direct_recover_from_v02,CORE_SAFE_V02_REPLACEMENT,future apply patch may replace schema-compatible learner-facing fields from v0.2/recovery while preserving current item ID,Auswahl,selected_choice_value,CAT01-wortschatz-cat01_w_056,true,prompt; stimulus/learnerCue; microRule/explainText,Welches Wort passt? delayed/late,Welches Wort passt? delayed/late,Delay,Delay,verspätet | später | pünktlich | der Termin,,verspätet,verspätet,wrong phrase for minutes later,wrong phrase for minutes later,,,,duplicate_v02_lineage_resolved,duplicate_v02_lineage_resolved,
content/b1-m02-appointments-callbacks.js,v080149_cat01_wortschatz_cat01_w_057,cat01-w-057,cat01-w-057,matched_replacement_layer,Core Safe,keep current row unchanged,revise_light,revise_light,direct_recover_from_v02,CORE_SAFE_V02_REPLACEMENT,future apply patch may replace schema-compatible learner-facing fields from v0.2/recovery while preserving current item ID,Auswahl,selected_choice_value,CAT01-wortschatz-cat01_w_057,true,prompt; stimulus/learnerCue; microRule/explainText,Welches Wort passt? at short notice,Welches Wort passt? at short notice,Timing,Timing,kurzfristig | dringend | pünktlich | der Termin,,kurzfristig,kurzfristig,register nuance,register nuance,,,,duplicate_v02_lineage_resolved,duplicate_v02_lineage_resolved,
content/b1-m02-appointments-callbacks.js,v080149_cat01_wortschatz_cat01_w_058,cat01-w-058,cat01-w-058,matched_replacement_layer,Core Safe,keep current row unchanged,revise_light,revise_light,direct_recover_from_v02,CORE_SAFE_V02_REPLACEMENT,future apply patch may replace schema-compatible learner-facing fields from v0.2/recovery while preserving current item ID,Auswahl,selected_choice_value,CAT01-wortschatz-cat01_w_058,true,prompt; stimulus/learnerCue; microRule/explainText,Welches Wort passt? urgent,Welches Wort passt? urgent,Urgency,Urgency,dringend | kurzfristig | der Termin | der Arzttermin,,dringend,dringend,overclaiming urgency,overclaiming urgency,,,,duplicate_v02_lineage_resolved,duplicate_v02_lineage_resolved,
content/b1-m02-appointments-callbacks.js,v080149_cat01_wortschatz_cat01_w_059,cat01-w-059,cat01-w-059,matched_replacement_layer,Core Safe,keep current row unchanged,revise_light,revise_light,direct_recover_from_v02,CORE_SAFE_V02_REPLACEMENT,future apply patch may replace schema-compatible learner-facing fields from v0.2/recovery while preserving current item ID,Auswahl,selected_choice_value,CAT01-wortschatz-cat01_w_059,true,prompt; stimulus/learnerCue; microRule/explainText,Welches Wort passt? by phone,Welches Wort passt? by phone,Channel,Channel,telefonisch | mündlich | schriftlich | der Termin,,telefonisch,telefonisch,confusing with phone noun,confusing with phone noun,,,,duplicate_v02_lineage_resolved,duplicate_v02_lineage_resolved,
content/b1-m02-appointments-callbacks.js,v080149_cat01_wortschatz_cat01_w_060,cat01-w-060,cat01-w-060,matched_replacement_layer,Core Safe,keep current row unchanged,revise_light,revise_light,direct_recover_from_v02,CORE_SAFE_V02_REPLACEMENT,future apply patch may replace schema-compatible learner-facing fields from v0.2/recovery while preserving current item ID,Auswahl,selected_choice_value,CAT01-wortschatz-cat01_w_060,true,prompt; stimulus/learnerCue; microRule/explainText,Welches Wort passt? in writing,Welches Wort passt? in writing,Channel,Channel,schriftlich | schriftliche | der Termin | der Arzttermin,,schriftlich,schriftlich,adjective/adverb ending confusion,adjective/adverb ending confusion,,,,duplicate_v02_lineage_resolved,duplicate_v02_lineage_resolved,
content/b1-m02-appointments-callbacks.js,v080149_cat01_wortschatz_cat01_w_061,cat01-w-061,cat01-w-061,matched_replacement_layer,Core Safe,keep current row unchanged,revise_light,revise_light,direct_recover_from_v02,CORE_SAFE_V02_REPLACEMENT,future apply patch may replace schema-compatible learner-facing fields from v0.2/recovery while preserving current item ID,Auswahl,selected_choice_value,CAT01-wortschatz-cat01_w_061,true,prompt; stimulus/learnerCue; microRule/explainText,Welches Wort passt? in person/personally,Welches Wort passt? in person/personally,Channel,Channel,persönlich | schriftlich | telefonisch | der Termin,,persönlich,persönlich,personal vs in person,personal vs in person,,,,duplicate_v02_lineage_resolved,duplicate_v02_lineage_resolved,
content/b1-m02-appointments-callbacks.js,v080149_cat01_wortschatz_cat01_w_062,cat01-w-062,cat01-w-062,matched_replacement_layer,Core Safe,keep current row unchanged,revise_light,revise_light,direct_recover_from_v02,CORE_SAFE_V02_REPLACEMENT,future apply patch may replace schema-compatible learner-facing fields from v0.2/recovery while preserving current item ID,Auswahl,selected_choice_value,CAT01-wortschatz-cat01_w_062,true,prompt; stimulus/learnerCue; microRule/explainText,Welches Wort passt? online,Welches Wort passt? online,Channel,Channel,online | telefonisch | der Termin | der Arzttermin,,online,online,English-like but accepted,English-like but accepted,,,,duplicate_v02_lineage_resolved,duplicate_v02_lineage_resolved,
content/b1-m02-appointments-callbacks.js,v080149_cat01_wortschatz_cat01_w_063,cat01-w-063,cat01-w-063,matched_replacement_layer,Core Safe,keep current row unchanged,revise_light,revise_light,direct_recover_from_v02,CORE_SAFE_V02_REPLACEMENT,future apply patch may replace schema-compatible learner-facing fields from v0.2/recovery while preserving current item ID,Auswahl,selected_choice_value,CAT01-wortschatz-cat01_w_063,true,prompt; stimulus/learnerCue; microRule/explainText,Welches Wort passt? arrange,Welches Wort passt? arrange,Appointment verb,Appointment verb,vereinbaren | ausmachen | buchen | der Termin,,vereinbaren,vereinbaren,einen Termin vereinbaren,einen Termin vereinbaren,,,,duplicate_v02_lineage_resolved,duplicate_v02_lineage_resolved,
content/b1-m02-appointments-callbacks.js,v080149_cat01_wortschatz_cat01_w_064,cat01-w-064,cat01-w-064,matched_replacement_layer,Core Safe,keep current row unchanged,revise_light,revise_light,direct_recover_from_v02,CORE_SAFE_V02_REPLACEMENT,future apply patch may replace schema-compatible learner-facing fields from v0.2/recovery while preserving current item ID,Auswahl,selected_choice_value,CAT01-wortschatz-cat01_w_064,true,prompt; stimulus/learnerCue; microRule/explainText,Welches Wort passt? arrange/set up,Welches Wort passt? arrange/set up,Appointment verb,Appointment verb,ausmachen | vereinbaren | machen | der Termin,,ausmachen,ausmachen,einen Termin ausmachen,einen Termin ausmachen,,,,duplicate_v02_lineage_resolved,duplicate_v02_lineage_resolved,
content/b1-m02-appointments-callbacks.js,v080149_cat01_wortschatz_cat01_w_065,cat01-w-065,cat01-w-065,matched_replacement_layer,Core Safe,keep current row unchanged,revise_light,revise_light,direct_recover_from_v02,CORE_SAFE_V02_REPLACEMENT,future apply patch may replace schema-compatible learner-facing fields from v0.2/recovery while preserving current item ID,Auswahl,selected_choice_value,CAT01-wortschatz-cat01_w_065,true,prompt; stimulus/learnerCue; microRule/explainText,Welches Wort passt? book,Welches Wort passt? book,Appointment verb,Appointment verb,buchen | reservieren | vereinbaren | der Termin,,buchen,buchen,einen Termin buchen,einen Termin buchen,,,,duplicate_v02_lineage_resolved,duplicate_v02_lineage_resolved,
content/b1-m02-appointments-callbacks.js,v080149_cat01_wortschatz_cat01_w_066,cat01-w-066,cat01-w-066,matched_replacement_layer,Core Safe,keep current row unchanged,revise_light,revise_light,direct_recover_from_v02,CORE_SAFE_V02_REPLACEMENT,future apply patch may replace schema-compatible learner-facing fields from v0.2/recovery while preserving current item ID,Auswahl,selected_choice_value,CAT01-wortschatz-cat01_w_066,true,prompt; stimulus/learnerCue; microRule/explainText,Welches Wort passt? reschedule/postpone,Welches Wort passt? reschedule/postpone,Change verb,Change verb,verschieben | absagen | verlegen | der Termin,,verschieben,verschieben,den Termin auf Freitag verschieben,den Termin auf Freitag verschieben,,,,duplicate_v02_lineage_resolved,duplicate_v02_lineage_resolved,
content/b1-m02-appointments-callbacks.js,v080149_cat01_wortschatz_cat01_w_067,cat01-w-067,cat01-w-067,matched_replacement_layer,Core Safe,keep current row unchanged,revise_light,revise_light,direct_recover_from_v02,CORE_SAFE_V02_REPLACEMENT,future apply patch may replace schema-compatible learner-facing fields from v0.2/recovery while preserving current item ID,Auswahl,selected_choice_value,CAT01-wortschatz-cat01_w_067,true,prompt; stimulus/learnerCue; microRule/explainText,Welches Wort passt? cancel,Welches Wort passt? cancel,Cancel verb,Cancel verb,absagen | kündigen | stornieren | der Termin,,absagen,absagen,den Termin absagen,den Termin absagen,,,,duplicate_v02_lineage_resolved,duplicate_v02_lineage_resolved,
content/b1-m02-appointments-callbacks.js,v080149_cat01_wortschatz_cat01_w_068,cat01-w-068,cat01-w-068,matched_replacement_layer,Core Safe,keep current row unchanged,revise_light,revise_light,direct_recover_from_v02,CORE_SAFE_V02_REPLACEMENT,future apply patch may replace schema-compatible learner-facing fields from v0.2/recovery while preserving current item ID,Auswahl,selected_choice_value,CAT01-wortschatz-cat01_w_068,true,prompt; stimulus/learnerCue; microRule/explainText,Welches Wort passt? confirm,Welches Wort passt? confirm,Confirm verb,Confirm verb,bestätigen | bekommen | bitten um | der Termin,,bestätigen,bestätigen,den Termin bestätigen,den Termin bestätigen,,,,duplicate_v02_lineage_resolved,duplicate_v02_lineage_resolved,
content/b1-m02-appointments-callbacks.js,v080149_cat01_wortschatz_cat01_w_069,cat01-w-069,cat01-w-069,matched_replacement_layer,Core Safe,keep current row unchanged,revise_light,revise_light,direct_recover_from_v02,CORE_SAFE_V02_REPLACEMENT,future apply patch may replace schema-compatible learner-facing fields from v0.2/recovery while preserving current item ID,Auswahl,selected_choice_value,CAT01-wortschatz-cat01_w_069,true,prompt; stimulus/learnerCue; microRule/explainText,Welches Wort passt? ask/check again,Welches Wort passt? ask/check again,Clarify verb,Clarify verb,nachfragen | fragen | bitten | der Termin,,nachfragen,nachfragen,wegen/zu etwas nachfragen,wegen/zu etwas nachfragen,,,,duplicate_v02_lineage_resolved,duplicate_v02_lineage_resolved,
content/b1-m02-appointments-callbacks.js,v080149_cat01_wortschatz_cat01_w_070,cat01-w-070,cat01-w-070,matched_replacement_layer,Core Safe,keep current row unchanged,revise_light,revise_light,direct_recover_from_v02,CORE_SAFE_V02_REPLACEMENT,future apply patch may replace schema-compatible learner-facing fields from v0.2/recovery while preserving current item ID,Auswahl,selected_choice_value,CAT01-wortschatz-cat01_w_070,true,prompt; stimulus/learnerCue; microRule/explainText,Welches Wort passt? call back,Welches Wort passt? call back,Phone verb,Phone verb,zurückrufen | anrufen | erreichen | der Termin,,zurückrufen,zurückrufen,jemanden zurückrufen,jemanden zurückrufen,,,,duplicate_v02_lineage_resolved,duplicate_v02_lineage_resolved,
content/b1-m02-appointments-callbacks.js,v080149_cat01_wortschatz_cat01_w_071,cat01-w-071,cat01-w-071,matched_replacement_layer,Core Safe,keep current row unchanged,revise_light,revise_light,direct_recover_from_v02,CORE_SAFE_V02_REPLACEMENT,future apply patch may replace schema-compatible learner-facing fields from v0.2/recovery while preserving current item ID,Auswahl,selected_choice_value,CAT01-wortschatz-cat01_w_071,true,prompt; stimulus/learnerCue; microRule/explainText,Welches Wort passt? reach/contact,Welches Wort passt? reach/contact,Phone verb,Phone verb,erreichen | erreichbar | anrufen | der Termin,,erreichen,erreichen,jemanden erreichen,jemanden erreichen,,,,duplicate_v02_lineage_resolved,duplicate_v02_lineage_resolved,
content/b1-m02-appointments-callbacks.js,v080149_cat01_wortschatz_cat01_w_072,cat01-w-072,cat01-w-072,matched_replacement_layer,Core Safe,keep current row unchanged,revise_light,revise_light,direct_recover_from_v02,CORE_SAFE_V02_REPLACEMENT,future apply patch may replace schema-compatible learner-facing fields from v0.2/recovery while preserving current item ID,Auswahl,selected_choice_value,CAT01-wortschatz-cat01_w_072,true,prompt; stimulus/learnerCue; microRule/explainText,Welches Wort passt? leave,Welches Wort passt? leave,Message verb,Message verb,hinterlassen | lassen | weiterleiten | der Termin,,hinterlassen,hinterlassen,eine Nachricht hinterlassen,eine Nachricht hinterlassen,,,,duplicate_v02_lineage_resolved,duplicate_v02_lineage_resolved,
content/b1-m02-appointments-callbacks.js,v080149_cat01_wortschatz_cat01_w_073,cat01-w-073,cat01-w-073,matched_replacement_layer,Core Safe,keep current row unchanged,revise_light,revise_light,direct_recover_from_v02,CORE_SAFE_V02_REPLACEMENT,future apply patch may replace schema-compatible learner-facing fields from v0.2/recovery while preserving current item ID,Auswahl,selected_choice_value,CAT01-wortschatz-cat01_w_073,true,prompt; stimulus/learnerCue; microRule/explainText,Welches Wort passt? forward/pass on,Welches Wort passt? forward/pass on,Phone/admin verb,Phone/admin verb,weiterleiten | weitergeben | durchstellen | der Termin,,weiterleiten,weiterleiten,eine Nachricht weiterleiten,eine Nachricht weiterleiten,,,,duplicate_v02_lineage_resolved,duplicate_v02_lineage_resolved,
content/b1-m02-appointments-callbacks.js,v080149_cat01_wortschatz_cat01_w_074,cat01-w-074,cat01-w-074,matched_replacement_layer,Core Safe,keep current row unchanged,revise_light,revise_light,direct_recover_from_v02,CORE_SAFE_V02_REPLACEMENT,future apply patch may replace schema-compatible learner-facing fields from v0.2/recovery while preserving current item ID,Auswahl,selected_choice_value,CAT01-wortschatz-cat01_w_074,true,prompt; stimulus/learnerCue; microRule/explainText,Welches Wort passt? put through,Welches Wort passt? put through,Phone/admin verb,Phone/admin verb,durchstellen | verbinden | weiterleiten | der Termin,,durchstellen,durchstellen,jemanden durchstellen,jemanden durchstellen,,,,duplicate_v02_lineage_resolved,duplicate_v02_lineage_resolved,
content/b1-m02-appointments-callbacks.js,v080149_cat01_wortschatz_cat01_w_075,cat01-w-075,cat01-w-075,matched_replacement_layer,Core Safe,keep current row unchanged,revise_light,revise_light,direct_recover_from_v02,CORE_SAFE_V02_REPLACEMENT,future apply patch may replace schema-compatible learner-facing fields from v0.2/recovery while preserving current item ID,Auswahl,selected_choice_value,CAT01-wortschatz-cat01_w_075,true,prompt; stimulus/learnerCue; microRule/explainText,Welches Wort passt? get in touch,Welches Wort passt? get in touch,Contact verb,Contact verb,sich melden | anrufen | antworten | der Termin,,sich melden,sich melden,sich bei jemandem melden,sich bei jemandem melden,,,,duplicate_v02_lineage_resolved,duplicate_v02_lineage_resolved,
content/b1-m02-appointments-callbacks.js,v080149_cat01_wortschatz_cat01_w_076,cat01-w-076,cat01-w-076,matched_replacement_layer,Core Safe,keep current row unchanged,revise_light,revise_light,direct_recover_from_v02,CORE_SAFE_V02_REPLACEMENT,future apply patch may replace schema-compatible learner-facing fields from v0.2/recovery while preserving current item ID,Auswahl,selected_choice_value,CAT01-wortschatz-cat01_w_076,true,prompt; stimulus/learnerCue; microRule/explainText,Welches Wort passt? take place,Welches Wort passt? take place,Appointment verb,Appointment verb,stattfinden | sein | stehen statt | der Termin,,stattfinden,stattfinden,Der Termin findet statt.,Der Termin findet statt.,,,,duplicate_v02_lineage_resolved,duplicate_v02_lineage_resolved,
content/b1-m03-job-search-offices.js,v080149_cat03_collocation_cat03_coll_001,cat03-coll-001,cat03-coll-001,matched_replacement_layer,Core Safe,keep current row unchanged,revise_light,revise_light,direct_recover_from_v02,CORE_SAFE_V02_REPLACEMENT,future apply patch may replace schema-compatible learner-facing fields from v0.2/recovery while preserving current item ID,Auswahl,selected_choice_value,CAT03-collocation-cat03_coll_001,true,prompt; stimulus/learnerCue; microRule/explainText,Welche Kollokation passt? submit/make an official application/request,Welche Kollokation passt? submit/make an official application/request,Choose the best German option.,Choose the best German option.,einen Antrag stellen | Bewerbung schreiben | Formular ausfüllen | einen Antrag machen,,einen Antrag stellen,einen Antrag stellen,"Collocation: use `einen Antrag stellen`, not `machen`.","Collocation: use `einen Antrag stellen`, not `machen`.",,,,duplicate_v02_lineage_resolved,duplicate_v02_lineage_resolved,
content/b1-m03-job-search-offices.js,v080149_cat03_collocation_cat03_coll_002,cat03-coll-002,cat03-coll-002,matched_replacement_layer,Core Safe,keep current row unchanged,revise_light,revise_light,direct_recover_from_v02,CORE_SAFE_V02_REPLACEMENT,future apply patch may replace schema-compatible learner-facing fields from v0.2/recovery while preserving current item ID,Auswahl,selected_choice_value,CAT03-collocation-cat03_coll_002,true,prompt; stimulus/learnerCue; microRule/explainText,Welche Kollokation passt? fill in a form,Welche Kollokation passt? fill in a form,Choose the best German option.,Choose the best German option.,ein Formular ausfüllen | Antrag stellen | Formular abgeben | ein Formular machen,,ein Formular ausfüllen,ein Formular ausfüllen,Use `ausfüllen` for filling in a form.,Use `ausfüllen` for filling in a form.,,,,duplicate_v02_lineage_resolved,duplicate_v02_lineage_resolved,
content/b1-m03-job-search-offices.js,v080149_cat03_collocation_cat03_coll_003,cat03-coll-003,cat03-coll-003,matched_replacement_layer,Core Safe,keep current row unchanged,revise_light,revise_light,direct_recover_from_v02,CORE_SAFE_V02_REPLACEMENT,future apply patch may replace schema-compatible learner-facing fields from v0.2/recovery while preserving current item ID,Auswahl,selected_choice_value,CAT03-collocation-cat03_coll_003,true,prompt; stimulus/learnerCue; microRule/explainText,Welche Kollokation passt? sign a form,Welche Kollokation passt? sign a form,Choose the best German option.,Choose the best German option.,ein Formular unterschreiben | Formular ausfüllen | Antrag stellen | Formular schreiben,,ein Formular unterschreiben,ein Formular unterschreiben,Use `unterschreiben` when signing a form.,Use `unterschreiben` when signing a form.,,,,duplicate_v02_lineage_resolved,duplicate_v02_lineage_resolved,
content/b1-m03-job-search-offices.js,v080149_cat03_collocation_cat03_coll_004,cat03-coll-004,cat03-coll-004,matched_replacement_layer,Core Safe,keep current row unchanged,revise_light,revise_light,,CORE_SAFE_V02_REPLACEMENT,future apply patch may replace schema-compatible learner-facing fields from v0.2/recovery while preserving current item ID,Auswahl,selected_choice_value,CAT03-collocation-cat03_coll_004,true,microRule/explainText,Welche Kollokation passt? submit documents,,Choose the best German option.,,Unterlagen einreichen | Unterlagen mitbringen | Unterlagen nachreichen | Unterlagen bringen ein,,Unterlagen einreichen,Unterlagen einreichen,Collocation: use `Unterlagen einreichen` for formal document submission.,Collocation: use `Unterlagen einreichen` for formal document submission.,,,,duplicate_v02_lineage_resolved,duplicate_v02_lineage_resolved,
content/b1-m03-job-search-offices.js,v080149_cat03_collocation_cat03_coll_005,cat03-coll-005,cat03-coll-005,matched_replacement_layer,Core Safe,keep current row unchanged,revise_light,revise_light,,CORE_SAFE_V02_REPLACEMENT,future apply patch may replace schema-compatible learner-facing fields from v0.2/recovery while preserving current item ID,Auswahl,selected_choice_value,CAT03-collocation-cat03_coll_005,true,microRule/explainText,Welche Kollokation passt? submit documents later,,Choose the best German option.,,Unterlagen nachreichen | Unterlagen einreichen | Unterlagen mitbringen | Unterlagen später bringen,,Unterlagen nachreichen,Unterlagen nachreichen,`nachreichen` means submit something later or additionally.,`nachreichen` means submit something later or additionally.,,,,duplicate_v02_lineage_resolved,duplicate_v02_lineage_resolved,
content/b1-m03-job-search-offices.js,v080149_cat03_collocation_cat03_coll_006,cat03-coll-006,cat03-coll-006,matched_replacement_layer,Core Safe,keep current row unchanged,revise_light,revise_light,,CORE_SAFE_V02_REPLACEMENT,future apply patch may replace schema-compatible learner-facing fields from v0.2/recovery while preserving current item ID,Auswahl,selected_choice_value,CAT03-collocation-cat03_coll_006,true,microRule/explainText,Welche Kollokation passt? present proof/supporting evidence,,Choose the best German option.,,einen Nachweis vorlegen | Nachweis nachreichen | Bescheinigung mitbringen | einen Nachweis zeigen,,einen Nachweis vorlegen,einen Nachweis vorlegen,Formal office phrase: `einen Nachweis vorlegen`.,Formal office phrase: `einen Nachweis vorlegen`.,,,,duplicate_v02_lineage_resolved,duplicate_v02_lineage_resolved,
content/b1-m03-job-search-offices.js,v080149_cat03_collocation_cat03_coll_007,cat03-coll-007,cat03-coll-007,matched_replacement_layer,Core Safe,keep current row unchanged,revise_light,revise_light,,CORE_SAFE_V02_REPLACEMENT,future apply patch may replace schema-compatible learner-facing fields from v0.2/recovery while preserving current item ID,Auswahl,selected_choice_value,CAT03-collocation-cat03_coll_007,true,microRule/explainText,Welche Kollokation passt? present the original document,,Choose the best German option.,,das Original vorlegen | Kopie abgeben | Original dabei haben | das Original zeigen,,das Original vorlegen,das Original vorlegen,`nachreichen` means submitting a missing document later.,`nachreichen` means submitting a missing document later.,,,,duplicate_v02_lineage_resolved,duplicate_v02_lineage_resolved,
content/b1-m03-job-search-offices.js,v080149_cat03_collocation_cat03_coll_008,cat03-coll-008,cat03-coll-008,matched_replacement_layer,Core Safe,keep current row unchanged,revise_light,revise_light,,CORE_SAFE_V02_REPLACEMENT,future apply patch may replace schema-compatible learner-facing fields from v0.2/recovery while preserving current item ID,Auswahl,selected_choice_value,CAT03-collocation-cat03_coll_008,true,microRule/explainText,Welche Kollokation passt? need a certificate/confirmation,,Choose the best German option.,,eine Bescheinigung brauchen | Nachweis | Bestätigung | Bescheinigung haben brauchen,,eine Bescheinigung brauchen,eine Bescheinigung brauchen,Use `eine Bescheinigung brauchen` for needing a certificate.,Use `eine Bescheinigung brauchen` for needing a certificate.,,,,duplicate_v02_lineage_resolved,duplicate_v02_lineage_resolved,
content/b1-m03-job-search-offices.js,v080149_cat03_collocation_cat03_coll_013,cat03-coll-013,cat03-coll-013,matched_replacement_layer,Core Safe,keep current row unchanged,revise_light,revise_light,,CORE_SAFE_V02_REPLACEMENT,future apply patch may replace schema-compatible learner-facing fields from v0.2/recovery while preserving current item ID,Auswahl,selected_choice_value,CAT03-collocation-cat03_coll_013,true,microRule/explainText,Welche Kollokation passt? contact/report to the employment agency,,Choose the best German option.,,sich bei der Arbeitsagentur melden | beim Jobcenter melden | Termin vereinbaren | an der Arbeitsagentur melden,,sich bei der Arbeitsagentur melden,sich bei der Arbeitsagentur melden,Use `bei der Arbeitsagentur` for the institution.,Use `bei der Arbeitsagentur` for the institution.,,,,duplicate_v02_lineage_resolved,duplicate_v02_lineage_resolved,
content/b1-m03-job-search-offices.js,v080149_cat03_collocation_cat03_coll_015,cat03-coll-015,cat03-coll-015,matched_replacement_layer,Core Safe,keep current row unchanged,revise_light,revise_light,,CORE_SAFE_V02_REPLACEMENT,future apply patch may replace schema-compatible learner-facing fields from v0.2/recovery while preserving current item ID,Auswahl,selected_choice_value,CAT03-collocation-cat03_coll_015,true,microRule/explainText,Welche Kollokation passt? arrange an advice appointment,,Choose the best German option.,,einen Beratungstermin vereinbaren | Termin vereinbaren | Beratungsgespräch führen | Beratungstermin machen,,einen Beratungstermin vereinbaren,einen Beratungstermin vereinbaren,Use `vereinbaren` for arranging an appointment.,Use `vereinbaren` for arranging an appointment.,,,,duplicate_v02_lineage_resolved,duplicate_v02_lineage_resolved,
content/b1-m03-job-search-offices.js,v080149_cat03_collocation_cat03_coll_016,cat03-coll-016,cat03-coll-016,matched_replacement_layer,Core Safe,keep current row unchanged,revise_light,revise_light,,CORE_SAFE_V02_REPLACEMENT,future apply patch may replace schema-compatible learner-facing fields from v0.2/recovery while preserving current item ID,Auswahl,selected_choice_value,CAT03-collocation-cat03_coll_016,true,microRule/explainText,Welche Kollokation passt? look for a job/position,,Choose the best German option.,,eine Stelle suchen | eine Stelle finden | sich bewerben | eine Arbeit suchen as sole default,,eine Stelle suchen,eine Stelle suchen,Use `eine Stelle suchen` for job-search statements.,Use `eine Stelle suchen` for job-search statements.,,,,duplicate_v02_lineage_resolved,duplicate_v02_lineage_resolved,
content/b1-m03-job-search-offices.js,v080149_cat03_collocation_cat03_coll_017,cat03-coll-017,cat03-coll-017,matched_replacement_layer,Core Safe,keep current row unchanged,revise_light,revise_light,,CORE_SAFE_V02_REPLACEMENT,future apply patch may replace schema-compatible learner-facing fields from v0.2/recovery while preserving current item ID,Auswahl,selected_choice_value,CAT03-collocation-cat03_coll_017,true,microRule/explainText,Welche Kollokation passt? find a job/position,,Choose the best German option.,,eine Stelle finden | eine Stelle suchen | Stellenangebot prüfen | eine Stelle bekommen always,,eine Stelle finden,eine Stelle finden,`suchen` is the process; `finden` is the result.,`suchen` is the process; `finden` is the result.,,,,duplicate_v02_lineage_resolved,duplicate_v02_lineage_resolved,
content/b1-m03-job-search-offices.js,v080149_cat03_collocation_cat03_coll_018,cat03-coll-018,cat03-coll-018,matched_replacement_layer,Core Safe,keep current row unchanged,revise_light,revise_light,,CORE_SAFE_V02_REPLACEMENT,future apply patch may replace schema-compatible learner-facing fields from v0.2/recovery while preserving current item ID,Auswahl,selected_choice_value,CAT03-collocation-cat03_coll_018,true,microRule/explainText,Welche Kollokation passt? check a vacancy/job offer,,Choose the best German option.,,ein Stellenangebot prüfen | Stellenanzeige lesen | Stelle suchen | Stellenangebot kontrollieren,,ein Stellenangebot prüfen,ein Stellenangebot prüfen,Use `prüfen` for checking whether a job offer/listing fits.,Use `prüfen` for checking whether a job offer/listing fits.,,,,duplicate_v02_lineage_resolved,duplicate_v02_lineage_resolved,
content/b1-m03-job-search-offices.js,v080149_cat03_collocation_cat03_coll_020,cat03-coll-020,cat03-coll-020,matched_replacement_layer,Core Safe,keep current row unchanged,revise_light,revise_light,,CORE_SAFE_V02_REPLACEMENT,future apply patch may replace schema-compatible learner-facing fields from v0.2/recovery while preserving current item ID,Auswahl,selected_choice_value,CAT03-collocation-cat03_coll_020,true,microRule/explainText,Welche Kollokation passt? meet a deadline,,Choose the best German option.,,eine Frist einhalten | Frist verpassen | Termin wahrnehmen | eine Frist halten,,eine Frist einhalten,eine Frist einhalten,Use `eine Frist einhalten` for meeting a deadline.,Use `eine Frist einhalten` for meeting a deadline.,,,,duplicate_v02_lineage_resolved,duplicate_v02_lineage_resolved,
content/b1-m03-job-search-offices.js,v080149_cat03_collocation_cat03_coll_021,cat03-coll-021,cat03-coll-021,matched_replacement_layer,Core Safe,keep current row unchanged,revise_light,revise_light,,CORE_SAFE_V02_REPLACEMENT,future apply patch may replace schema-compatible learner-facing fields from v0.2/recovery while preserving current item ID,Auswahl,selected_choice_value,CAT03-collocation-cat03_coll_021,true,microRule/explainText,Welche Kollokation passt? be responsible for that,,Choose the best German option.,,dafür zuständig sein | erreichbar sein | berechtigt sein | dafür verantwortlich office-only,,dafür zuständig sein,dafür zuständig sein,`zuständig` means responsible/competent for a matter or office.,`zuständig` means responsible/competent for a matter or office.,,,,duplicate_v02_lineage_resolved,duplicate_v02_lineage_resolved,
content/b1-m03-job-search-offices.js,v080149_cat03_collocation_cat03_coll_022,cat03-coll-022,cat03-coll-022,matched_replacement_layer,Core Safe,keep current row unchanged,revise_light,revise_light,,CORE_SAFE_V02_REPLACEMENT,future apply patch may replace schema-compatible learner-facing fields from v0.2/recovery while preserving current item ID,Auswahl,selected_choice_value,CAT03-collocation-cat03_coll_022,true,microRule/explainText,Welche Kollokation passt? do further training,,Choose the best German option.,,eine Weiterbildung machen | eine Umschulung machen | Ausbildung machen | Weiterbildung gehen,,eine Weiterbildung machen,eine Weiterbildung machen,Use `eine Weiterbildung machen`; funding/process details need review if added.,Use `eine Weiterbildung machen`; funding/process details need review if added.,,,,duplicate_v02_lineage_resolved,duplicate_v02_lineage_resolved,
content/b1-m03-job-search-offices.js,v080149_cat03_collocation_cat03_coll_024,cat03-coll-024,cat03-coll-024,matched_replacement_layer,Core Safe,keep current row unchanged,revise_light,revise_light,,CORE_SAFE_V02_REPLACEMENT,future apply patch may replace schema-compatible learner-facing fields from v0.2/recovery while preserving current item ID,Auswahl,selected_choice_value,CAT03-collocation-cat03_coll_024,true,microRule/explainText,Welche Kollokation passt? receive an appointment invitation/letter,,Choose the best German option.,,eine Einladung bekommen | Bescheid | Bestätigung | Einladung kriegen as formal default,,eine Einladung bekommen,eine Einladung bekommen,`Einladung` can be an appointment letter in office contexts.,`Einladung` can be an appointment letter in office contexts.,,,,duplicate_v02_lineage_resolved,duplicate_v02_lineage_resolved,
content/b1-m03-job-search-offices.js,v080149_cat03_collocation_cat03_coll_025,cat03-coll-025,cat03-coll-025,matched_replacement_layer,Core Safe,keep current row unchanged,revise_light,revise_light,,CORE_SAFE_V02_REPLACEMENT,future apply patch may replace schema-compatible learner-facing fields from v0.2/recovery while preserving current item ID,Auswahl,selected_choice_value,CAT03-collocation-cat03_coll_025,true,microRule/explainText,Welche Kollokation passt? give the customer/client number,,Choose the best German option.,,die Kundennummer angeben | Aktenzeichen angeben | Telefonnummer angeben | Kundennummer sagen only,,die Kundennummer angeben,die Kundennummer angeben,Use `angeben` for giving official reference details.,Use `angeben` for giving official reference details.,,,,duplicate_v02_lineage_resolved,duplicate_v02_lineage_resolved,
content/b1-m03-job-search-offices.js,v080149_cat03_collocation_cat03_coll_026,cat03-coll-026,cat03-coll-026,matched_replacement_layer,Core Safe,keep current row unchanged,revise_light,revise_light,,CORE_SAFE_V02_REPLACEMENT,future apply patch may replace schema-compatible learner-facing fields from v0.2/recovery while preserving current item ID,Auswahl,selected_choice_value,CAT03-collocation-cat03_coll_026,true,microRule/explainText,Welche Kollokation passt? give the case/reference number,,Choose the best German option.,,das Aktenzeichen angeben | Kundennummer | Vorgang | Aktenzeichen geben,,das Aktenzeichen angeben,das Aktenzeichen angeben,`Aktenzeichen` is the case/reference number; use `angeben`.,`Aktenzeichen` is the case/reference number; use `angeben`.,,,,duplicate_v02_lineage_resolved,duplicate_v02_lineage_resolved,
content/b1-m03-job-search-offices.js,v080149_cat03_contrast_cat03_cs_003,cat03-cs-003,cat03-cs-003,matched_replacement_layer,Core Safe,keep current row unchanged,revise_light,revise_light,,CORE_SAFE_V02_REPLACEMENT,future apply patch may replace schema-compatible learner-facing fields from v0.2/recovery while preserving current item ID,Auswahl,selected_choice_value,CAT03-contrast-cat03_cs_003,true,prompt; microRule/explainText,Sie wollen offiziell etwas beantragen. Welche Form passt?,Sie wollen offiziell etwas beantragen. Welche Form passt?,Antrag vs Bewerbung vs Formular,,Antrag | Bewerbung | Formular | Lebenslauf,Antrag | Bewerbung | Formular | Lebenslauf,Antrag,Antrag,`Antrag` belongs to official requests; `Bewerbung` belongs to applying for a job.,`Antrag` belongs to official requests; `Bewerbung` belongs to applying for a job.,,,,duplicate_v02_lineage_resolved,duplicate_v02_lineage_resolved,
content/b1-m03-job-search-offices.js,v080149_cat03_contrast_cat03_cs_004,cat03-cs-004,cat03-cs-004,matched_replacement_layer,Core Safe,keep current row unchanged,revise_light,revise_light,,CORE_SAFE_V02_REPLACEMENT,future apply patch may replace schema-compatible learner-facing fields from v0.2/recovery while preserving current item ID,Auswahl,selected_choice_value,CAT03-contrast-cat03_cs_004,true,prompt; microRule/explainText,Das Büro fragt nach Dokumenten. Welche Form passt?,Das Büro fragt nach Dokumenten. Welche Form passt?,Unterlagen vs Nachweis vs Bescheinigung,,Unterlagen | Nachweis | Bescheinigung | Bestätigung,Unterlagen | Nachweis | Bescheinigung | Bestätigung,Unterlagen,Unterlagen,`Unterlagen` is the document set; `Nachweis` is proof for one point.,`Unterlagen` is the document set; `Nachweis` is proof for one point.,,,,duplicate_v02_lineage_resolved,duplicate_v02_lineage_resolved,
content/b1-m03-job-search-offices.js,v080149_cat03_contrast_cat03_cs_006,cat03-cs-006,cat03-cs-006,matched_replacement_layer,Core Safe,keep current row unchanged,revise_light,revise_light,,CORE_SAFE_V02_REPLACEMENT,future apply patch may replace schema-compatible learner-facing fields from v0.2/recovery while preserving current item ID,Auswahl,selected_choice_value,CAT03-contrast-cat03_cs_006,true,prompt; microRule/explainText,Ein Dokument kommt später. Welche Handlung passt?,Ein Dokument kommt später. Welche Handlung passt?,einreichen vs nachreichen vs mitbringen,,einreichen | nachreichen | mitbringen | vorlegen,einreichen | nachreichen | mitbringen | vorlegen,einreichen,einreichen,`nachreichen` means submitting something later; `einreichen` is the general submission action.,`nachreichen` means submitting something later; `einreichen` is the general submission action.,,,,duplicate_v02_lineage_resolved,duplicate_v02_lineage_resolved,
content/b1-m03-job-search-offices.js,v080149_cat03_contrast_cat03_cs_007,cat03-cs-007,cat03-cs-007,matched_replacement_layer,Core Safe,keep current row unchanged,revise_light,revise_light,,CORE_SAFE_V02_REPLACEMENT,future apply patch may replace schema-compatible learner-facing fields from v0.2/recovery while preserving current item ID,Auswahl,selected_choice_value,CAT03-contrast-cat03_cs_007,true,prompt; microRule/explainText,"Es gibt ein Datum, bis wann etwas da sein muss. Welche Form passt?","Es gibt ein Datum, bis wann etwas da sein muss. Welche Form passt?",Frist vs Termin vs Zeitraum,,Frist | Termin | Zeitraum | Uhrzeit,Frist | Termin | Zeitraum | Uhrzeit,Frist,Frist,A `Frist` is a deadline; a `Termin` is an appointment.,A `Frist` is a deadline; a `Termin` is an appointment.,,,,duplicate_v02_lineage_resolved,duplicate_v02_lineage_resolved,
content/b1-m03-job-search-offices.js,v080149_cat03_contrast_cat03_cs_008,cat03-cs-008,cat03-cs-008,matched_replacement_layer,Core Safe,keep current row unchanged,revise_light,revise_light,,CORE_SAFE_V02_REPLACEMENT,future apply patch may replace schema-compatible learner-facing fields from v0.2/recovery while preserving current item ID,Auswahl,selected_choice_value,CAT03-contrast-cat03_cs_008,true,prompt; microRule/explainText,Es geht um Arbeitszeit. Welche Form passt?,Es geht um Arbeitszeit. Welche Form passt?,Vollzeit vs Teilzeit vs Minijob,,Vollzeit | Teilzeit | Minijob | Aushilfe,Vollzeit | Teilzeit | Minijob | Aushilfe,Vollzeit,Vollzeit,`Teilzeit` and `Vollzeit` describe working hours; `Minijob` is a specific employment type.,`Teilzeit` and `Vollzeit` describe working hours; `Minijob` is a specific employment type.,,,,duplicate_v02_lineage_resolved,duplicate_v02_lineage_resolved,
content/b1-m03-job-search-offices.js,v080149_cat03_contrast_cat03_cs_010,cat03-cs-010,cat03-cs-010,matched_replacement_layer,Core Safe,keep current row unchanged,revise_light,revise_light,,CORE_SAFE_V02_REPLACEMENT,future apply patch may replace schema-compatible learner-facing fields from v0.2/recovery while preserving current item ID,Auswahl,selected_choice_value,CAT03-contrast-cat03_cs_010,true,prompt; microRule/explainText,"Sie fragen, welche Stelle das macht. Welches Wort passt?","Sie fragen, welche Stelle das macht. Welches Wort passt?",zuständig vs erreichbar vs berechtigt,,zuständig | erreichbar | berechtigt | vollständig,zuständig | erreichbar | berechtigt | vollständig,zuständig,zuständig,`zuständig` means responsible for the matter.,`zuständig` means responsible for the matter.,,,,duplicate_v02_lineage_resolved,duplicate_v02_lineage_resolved,
content/b1-m03-job-search-offices.js,v080149_cat03_contrast_cat03_cs_012,cat03-cs-012,cat03-cs-012,matched_replacement_layer,Core Safe,keep current row unchanged,revise_light,revise_light,,CORE_SAFE_V02_REPLACEMENT,future apply patch may replace schema-compatible learner-facing fields from v0.2/recovery while preserving current item ID,Auswahl,selected_choice_value,CAT03-contrast-cat03_cs_012,true,prompt; microRule/explainText,Sie wollen das Formular online abgeben. Welche Handlung passt?,Sie wollen das Formular online abgeben. Welche Handlung passt?,Kopie vs Original vs Scan,,Kopie | Original | Scan | Ausweis,Kopie | Original | Scan | Ausweis,Kopie,Kopie,`online stellen`/`einreichen` fits online submission; exact system wording may vary.,`online stellen`/`einreichen` fits online submission; exact system wording may vary.,,,,duplicate_v02_lineage_resolved,duplicate_v02_lineage_resolved,
content/b1-m03-job-search-offices.js,v080149_cat03_contrast_cat03_cs_014,cat03-cs-014,cat03-cs-014,matched_replacement_layer,Core Safe,keep current row unchanged,revise_light,revise_light,,CORE_SAFE_V02_REPLACEMENT,future apply patch may replace schema-compatible learner-facing fields from v0.2/recovery while preserving current item ID,Auswahl,selected_choice_value,CAT03-contrast-cat03_cs_014,true,prompt; microRule/explainText,Welche Form passt in dieser CAT03-Situation? (Weiterbildung vs Umschulung vs Ausbildung),Welche Form passt in dieser CAT03-Situation? (Weiterbildung vs Umschulung vs Ausbildung),Weiterbildung vs Umschulung vs Ausbildung,,Weiterbildung | Umschulung | Ausbildung | Praktikum,Weiterbildung | Umschulung | Ausbildung | Praktikum,Weiterbildung,Weiterbildung,Separate job-search training terms.,Separate job-search training terms.,,,,duplicate_v02_lineage_resolved,duplicate_v02_lineage_resolved,
content/b1-m03-job-search-offices.js,v080149_cat03_contrast_cat03_cs_015,cat03-cs-015,cat03-cs-015,matched_replacement_layer,Core Safe,keep current row unchanged,revise_light,revise_light,,CORE_SAFE_V02_REPLACEMENT,future apply patch may replace schema-compatible learner-facing fields from v0.2/recovery while preserving current item ID,Auswahl,selected_choice_value,CAT03-contrast-cat03_cs_015,true,prompt; microRule/explainText,Welche Form passt in dieser CAT03-Situation? (Stelle vs Beruf vs Branche),Welche Form passt in dieser CAT03-Situation? (Stelle vs Beruf vs Branche),Stelle vs Beruf vs Branche,,Stelle | Beruf | Branche | Bereich,Stelle | Beruf | Branche | Bereich,Stelle,Stelle,`Stelle` is the job you apply for or search for.,`Stelle` is the job you apply for or search for.,,,,duplicate_v02_lineage_resolved,duplicate_v02_lineage_resolved,
content/b1-m03-job-search-offices.js,v080149_cat03_contrast_cat03_cs_022,cat03-cs-022,cat03-cs-022,matched_replacement_layer,Core Safe,keep current row unchanged,revise_light,revise_light,,CORE_SAFE_V02_REPLACEMENT,future apply patch may replace schema-compatible learner-facing fields from v0.2/recovery while preserving current item ID,Auswahl,selected_choice_value,CAT03-contrast-cat03_cs_022,true,prompt; microRule/explainText,Welche Form passt in dieser CAT03-Situation? (Rückmeldung vs Bescheid vs Mitteilung),Welche Form passt in dieser CAT03-Situation? (Rückmeldung vs Bescheid vs Mitteilung),Rückmeldung vs Bescheid vs Mitteilung,,Rückmeldung | Bescheid | Mitteilung | Einladung,Rückmeldung | Bescheid | Mitteilung | Einladung,Rückmeldung,Rückmeldung,Choose the word by the type of response.,Choose the word by the type of response.,,,,duplicate_v02_lineage_resolved,duplicate_v02_lineage_resolved,
content/b1-m03-job-search-offices.js,v080149_cat03_practice_family_cat03_pf_037,cat03-pf-037,cat03-pf-037,matched_replacement_layer,Core Safe,keep current row unchanged,revise_light,revise_light,,CORE_SAFE_V02_REPLACEMENT,future apply patch may replace schema-compatible learner-facing fields from v0.2/recovery while preserving current item ID,Auswahl,selected_choice_value,CAT03-practice_family-cat03_pf_037,true,prompt; stimulus/learnerCue; microRule/explainText,Sie möchten offiziell Hilfe beantragen. Welche Formulierung passt?,Sie möchten offiziell Hilfe beantragen. Welche Formulierung passt?,A Ich möchte einen Antrag stellen. / B Ich möchte eine Bewerbung schreiben. / C Ich möchte einen Lebenslauf mitschicken.,A Ich möchte einen Antrag stellen. / B Ich möchte eine Bewerbung schreiben. / C Ich möchte einen Lebenslauf mitschicken.,A | A Ich möchte einen Antrag stellen. | B Ich möchte eine Bewerbung schreiben. | C Ich möchte einen Lebenslauf mitschicken.,,A,A,"For official requests, use the collocation `einen Antrag stellen`.","For official requests, use the collocation `einen Antrag stellen`.",,,,duplicate_v02_lineage_resolved,duplicate_v02_lineage_resolved,
content/b1-m03-job-search-offices.js,v080149_cat03_practice_family_cat03_pf_038,cat03-pf-038,cat03-pf-038,matched_replacement_layer,Core Safe,keep current row unchanged,revise_light,revise_light,,CORE_SAFE_V02_REPLACEMENT,future apply patch may replace schema-compatible learner-facing fields from v0.2/recovery while preserving current item ID,Auswahl,selected_choice_value,CAT03-practice_family-cat03_pf_038,true,prompt; stimulus/learnerCue; microRule/explainText,Das Amt fragt nach allen Dokumenten zusammen. Welche Form passt?,Das Amt fragt nach allen Dokumenten zusammen. Welche Form passt?,A die Unterlagen / B der Nachweis / C das Formular,A die Unterlagen / B der Nachweis / C das Formular,A | A die Unterlagen | B der Nachweis | C das Formular,,A,A,`Unterlagen` means the documents as a set; `Nachweis` is one proof document.,`Unterlagen` means the documents as a set; `Nachweis` is one proof document.,,,,duplicate_v02_lineage_resolved,duplicate_v02_lineage_resolved,
content/b1-m03-job-search-offices.js,v080149_cat03_practice_family_cat03_pf_040,cat03-pf-040,cat03-pf-040,matched_replacement_layer,Core Safe,keep current row unchanged,revise_light,revise_light,,CORE_SAFE_V02_REPLACEMENT,future apply patch may replace schema-compatible learner-facing fields from v0.2/recovery while preserving current item ID,Auswahl,selected_choice_value,CAT03-practice_family-cat03_pf_040,true,prompt; stimulus/learnerCue; microRule/explainText,Ein Nachweis fehlt und kommt morgen. Welche Handlung passt?,Ein Nachweis fehlt und kommt morgen. Welche Handlung passt?,A nachreichen / B vorlegen / C unterschreiben,A nachreichen / B vorlegen / C unterschreiben,A | A nachreichen | B vorlegen | C unterschreiben,,A,A,`nachreichen` means submitting a missing document later.,`nachreichen` means submitting a missing document later.,,,,duplicate_v02_lineage_resolved,duplicate_v02_lineage_resolved,
content/b1-m03-job-search-offices.js,v080149_cat03_practice_family_cat03_pf_041,cat03-pf-041,cat03-pf-041,matched_replacement_layer,Core Safe,keep current row unchanged,revise_light,revise_light,,CORE_SAFE_V02_REPLACEMENT,future apply patch may replace schema-compatible learner-facing fields from v0.2/recovery while preserving current item ID,Auswahl,selected_choice_value,CAT03-practice_family-cat03_pf_041,true,prompt; stimulus/learnerCue; microRule/explainText,Sie müssen Unterlagen bis Freitag abgeben. Welches Wort passt?,Sie müssen Unterlagen bis Freitag abgeben. Welches Wort passt?,A Frist / B Termin / C Zeitraum,A Frist / B Termin / C Zeitraum,A Frist | B Termin | C Zeitraum,,A,A,A `Frist` is a deadline; a `Termin` is an appointment.,A `Frist` is a deadline; a `Termin` is an appointment.,,,,duplicate_v02_lineage_resolved,duplicate_v02_lineage_resolved,
content/b1-m03-job-search-offices.js,v080149_cat03_practice_family_cat03_pf_042,cat03-pf-042,cat03-pf-042,matched_replacement_layer,Core Safe,keep current row unchanged,revise_light,revise_light,,CORE_SAFE_V02_REPLACEMENT,future apply patch may replace schema-compatible learner-facing fields from v0.2/recovery while preserving current item ID,Auswahl,selected_choice_value,CAT03-practice_family-cat03_pf_042,true,prompt; stimulus/learnerCue; microRule/explainText,Die Stelle hat 20 Stunden pro Woche. Welche Form passt?,Die Stelle hat 20 Stunden pro Woche. Welche Form passt?,A Teilzeit / B Vollzeit / C Minijob,A Teilzeit / B Vollzeit / C Minijob,A | A Teilzeit | B Vollzeit | C Minijob,,A,A,`Teilzeit` means part-time; `Vollzeit` means full-time.,`Teilzeit` means part-time; `Vollzeit` means full-time.,,,,duplicate_v02_lineage_resolved,duplicate_v02_lineage_resolved,
content/b1-m03-job-search-offices.js,v080149_cat03_practice_family_cat03_pf_044,cat03-pf-044,cat03-pf-044,matched_replacement_layer,Core Safe,keep current row unchanged,revise_light,revise_light,,CORE_SAFE_V02_REPLACEMENT,future apply patch may replace schema-compatible learner-facing fields from v0.2/recovery while preserving current item ID,Auswahl,selected_choice_value,CAT03-practice_family-cat03_pf_044,true,prompt; stimulus/learnerCue; microRule/explainText,"Sie fragen, welche Stelle das macht. Welches Wort passt?","Sie fragen, welche Stelle das macht. Welches Wort passt?",A zuständig / B erreichbar / C gültig,A zuständig / B erreichbar / C gültig,A zuständig | B erreichbar | C gültig,,A,A,`zuständig` means responsible for this matter.,`zuständig` means responsible for this matter.,,,,duplicate_v02_lineage_resolved,duplicate_v02_lineage_resolved,
content/b1-m03-job-search-offices.js,v080149_cat03_practice_family_cat03_pf_046,cat03-pf-046,cat03-pf-046,matched_replacement_layer,Core Safe,keep current row unchanged,revise_light,revise_light,,CORE_SAFE_V02_REPLACEMENT,future apply patch may replace schema-compatible learner-facing fields from v0.2/recovery while preserving current item ID,Auswahl,selected_choice_value,CAT03-practice_family-cat03_pf_046,true,prompt; stimulus/learnerCue; microRule/explainText,"Sie haben nicht das Original, sondern nur eine ___. Welche Form passt?","Sie haben nicht das Original, sondern nur eine ___. Welche Form passt?",A Kopie / B Bescheinigung / C Ausfertigung,A Kopie / B Bescheinigung / C Ausfertigung,A | A Kopie | B Bescheinigung | C Ausfertigung,,A,A,`Kopie` is the normal B1 word for a copy.,`Kopie` is the normal B1 word for a copy.,,,,duplicate_v02_lineage_resolved,duplicate_v02_lineage_resolved,
content/b1-m03-job-search-offices.js,v080149_cat03_practice_family_cat03_pf_048,cat03-pf-048,cat03-pf-048,matched_replacement_layer,Core Safe,keep current row unchanged,revise_light,revise_light,,CORE_SAFE_V02_REPLACEMENT,future apply patch may replace schema-compatible learner-facing fields from v0.2/recovery while preserving current item ID,Auswahl,selected_choice_value,CAT03-practice_family-cat03_pf_048,true,prompt; stimulus/learnerCue; microRule/explainText,Sie möchten sich beruflich weiter qualifizieren. Welche Form passt?,Sie möchten sich beruflich weiter qualifizieren. Welche Form passt?,A Weiterbildung / B Wartenummer / C Aktenzeichen,A Weiterbildung / B Wartenummer / C Aktenzeichen,A | A Weiterbildung | B Wartenummer | C Aktenzeichen,,A,A,`Weiterbildung` means further training.,`Weiterbildung` means further training.,,,,duplicate_v02_lineage_resolved,duplicate_v02_lineage_resolved,
content/b1-m03-job-search-offices.js,v080149_cat03_practice_family_cat03_pf_049,cat03-pf-049,cat03-pf-049,matched_replacement_layer,Core Safe,keep current row unchanged,revise_light,revise_light,,CORE_SAFE_V02_REPLACEMENT,future apply patch may replace schema-compatible learner-facing fields from v0.2/recovery while preserving current item ID,Auswahl,selected_choice_value,CAT03-practice_family-cat03_pf_049,true,prompt; stimulus/learnerCue; microRule/explainText,Sie suchen eine Arbeit. Welches Wort bezeichnet die Position selbst?,Sie suchen eine Arbeit. Welches Wort bezeichnet die Position selbst?,A Stelle / B Frist / C Schalter,A Stelle / B Frist / C Schalter,A | A Stelle | B Frist | C Schalter,,A,A,`Stelle` means a job/position in this context.,`Stelle` means a job/position in this context.,,,,duplicate_v02_lineage_resolved,duplicate_v02_lineage_resolved,
content/b1-m03-job-search-offices.js,v080149_cat03_practice_family_cat03_pf_050,cat03-pf-050,cat03-pf-050,matched_replacement_layer,Core Safe,keep current row unchanged,revise_light,revise_light,,CORE_SAFE_V02_REPLACEMENT,future apply patch may replace schema-compatible learner-facing fields from v0.2/recovery while preserving current item ID,Auswahl,selected_choice_value,CAT03-practice_family-cat03_pf_050,true,prompt; stimulus/learnerCue; microRule/explainText,Sie sprechen mit der Berufsberatung. Welches Gespräch passt?,Sie sprechen mit der Berufsberatung. Welches Gespräch passt?,A Beratungsgespräch / B Vorstellungsgespräch / C Konfliktgespräch,A Beratungsgespräch / B Vorstellungsgespräch / C Konfliktgespräch,A | A Beratungsgespräch | B Vorstellungsgespräch | C Konfliktgespräch,,A,A,`Beratungsgespräch` is an advice appointment; a `Vorstellungsgespräch` is a job interview.,`Beratungsgespräch` is an advice appointment; a `Vorstellungsgespräch` is a job interview.,,,,duplicate_v02_lineage_resolved,duplicate_v02_lineage_resolved,
content/b1-m03-job-search-offices.js,v080149_cat03_practice_family_cat03_pf_051,cat03-pf-051,cat03-pf-051,matched_replacement_layer,Core Safe,keep current row unchanged,revise_light,revise_light,,CORE_SAFE_V02_REPLACEMENT,future apply patch may replace schema-compatible learner-facing fields from v0.2/recovery while preserving current item ID,Auswahl,selected_choice_value,CAT03-practice_family-cat03_pf_051,true,prompt; stimulus/learnerCue; microRule/explainText,Sie nennen die Nummer zu einer Akte oder einem Vorgang. Welche Form passt?,Sie nennen die Nummer zu einer Akte oder einem Vorgang. Welche Form passt?,A Aktenzeichen / B Wartenummer / C Öffnungszeit,A Aktenzeichen / B Wartenummer / C Öffnungszeit,A | A Aktenzeichen | B Wartenummer | C Öffnungszeit,,A,A,`Aktenzeichen` is the reference/case number.,`Aktenzeichen` is the reference/case number.,,,,duplicate_v02_lineage_resolved,duplicate_v02_lineage_resolved,
content/b1-m03-job-search-offices.js,v080149_cat03_practice_family_cat03_pf_052,cat03-pf-052,cat03-pf-052,matched_replacement_layer,Core Safe,keep current row unchanged,revise_light,revise_light,,CORE_SAFE_V02_REPLACEMENT,future apply patch may replace schema-compatible learner-facing fields from v0.2/recovery while preserving current item ID,Auswahl,selected_choice_value,CAT03-practice_family-cat03_pf_052,true,prompt; stimulus/learnerCue; microRule/explainText,Sie warten auf eine Antwort vom Büro. Welche Form ist am neutralsten?,Sie warten auf eine Antwort vom Büro. Welche Form ist am neutralsten?,A Rückmeldung / B Arbeitserlaubnis / C Schalter,A Rückmeldung / B Arbeitserlaubnis / C Schalter,A | A Rückmeldung | B Arbeitserlaubnis | C Schalter,,A,A,`Rückmeldung` is a neutral office word for a reply or response.,`Rückmeldung` is a neutral office word for a reply or response.,,,,duplicate_v02_lineage_resolved,duplicate_v02_lineage_resolved,
content/b1-m03-job-search-offices.js,v080149_cat03_practice_family_cat03_pf_053,cat03-pf-053,cat03-pf-053,matched_replacement_layer,Core Safe,keep current row unchanged,revise_light,revise_light,,CORE_SAFE_V02_REPLACEMENT,future apply patch may replace schema-compatible learner-facing fields from v0.2/recovery while preserving current item ID,Auswahl,selected_choice_value,CAT03-practice_family-cat03_pf_053,true,prompt; stimulus/learnerCue; microRule/explainText,Das Büro braucht ein Dokument als Beleg. Welche Form passt?,Das Büro braucht ein Dokument als Beleg. Welche Form passt?,A Nachweis / B Vollzeit / C Jobbörse,A Nachweis / B Vollzeit / C Jobbörse,A | A Nachweis | B Vollzeit | C Jobbörse,,A,A,`Nachweis` means proof/supporting document.,`Nachweis` means proof/supporting document.,,,,duplicate_v02_lineage_resolved,duplicate_v02_lineage_resolved,
content/b1-m03-job-search-offices.js,v080149_cat03_practice_family_cat03_pf_054,cat03-pf-054,cat03-pf-054,matched_replacement_layer,Core Safe,keep current row unchanged,revise_light,revise_light,,CORE_SAFE_V02_REPLACEMENT,future apply patch may replace schema-compatible learner-facing fields from v0.2/recovery while preserving current item ID,Auswahl,selected_choice_value,CAT03-practice_family-cat03_pf_054,true,prompt; stimulus/learnerCue; microRule/explainText,Sie müssen selbst ins Büro kommen. Welche Form passt?,Sie müssen selbst ins Büro kommen. Welche Form passt?,A persönlich / B schriftlich / C telefonisch,A persönlich / B schriftlich / C telefonisch,A | A persönlich | B schriftlich | C telefonisch,,A,A,`persönlich` means in person.,`persönlich` means in person.,,,,duplicate_v02_lineage_resolved,duplicate_v02_lineage_resolved,
content/b1-m03-job-search-offices.js,v080149_cat03_practice_family_cat03_pf_055,cat03-pf-055,cat03-pf-055,matched_replacement_layer,Core Safe,keep current row unchanged,revise_light,revise_light,,CORE_SAFE_V02_REPLACEMENT,future apply patch may replace schema-compatible learner-facing fields from v0.2/recovery while preserving current item ID,Auswahl,selected_choice_value,CAT03-practice_family-cat03_pf_055,true,prompt; stimulus/learnerCue; microRule/explainText,Sie haben noch keine Stelle. Welche Form passt?,Sie haben noch keine Stelle. Welche Form passt?,A eine Stelle suchen / B eine Stelle finden / C eine Stelle bekommen,A eine Stelle suchen / B eine Stelle finden / C eine Stelle bekommen,A | A eine Stelle suchen | B eine Stelle finden | C eine Stelle bekommen,,A,A,`eine Stelle suchen` is the process; `finden` is the result.,`eine Stelle suchen` is the process; `finden` is the result.,,,,duplicate_v02_lineage_resolved,duplicate_v02_lineage_resolved,
content/b1-m03-job-search-offices.js,v080149_cat03_practice_family_cat03_pf_056,cat03-pf-056,cat03-pf-056,matched_replacement_layer,Core Safe,keep current row unchanged,revise_light,revise_light,,CORE_SAFE_V02_REPLACEMENT,future apply patch may replace schema-compatible learner-facing fields from v0.2/recovery while preserving current item ID,Reparatur,typed,CAT03-practice_family-cat03_pf_056,true,prompt; stimulus/learnerCue,Ich möchte einen Antrag machen.,Korrigiere den Satz.,Korrigiere den Satz.,Ich möchte einen Antrag machen.,,,Ich möchte einen Antrag stellen.,Ich möchte einen Antrag stellen.,"Collocation: use `einen Antrag stellen`, not `machen`.","Collocation: use `einen Antrag stellen`, not `machen`.",,,,duplicate_v02_lineage_resolved,duplicate_v02_lineage_resolved,
content/b1-m03-job-search-offices.js,v080149_cat03_practice_family_cat03_pf_057,cat03-pf-057,cat03-pf-057,matched_replacement_layer,Core Safe,keep current row unchanged,revise_light,revise_light,,CORE_SAFE_V02_REPLACEMENT,future apply patch may replace schema-compatible learner-facing fields from v0.2/recovery while preserving current item ID,Reparatur,typed,CAT03-practice_family-cat03_pf_057,true,prompt; stimulus/learnerCue,Ich muss das Formular machen.,Korrigiere den Satz.,Korrigiere den Satz.,Ich muss das Formular machen.,,,Ich muss das Formular ausfüllen.,Ich muss das Formular ausfüllen.,Collocation: use `ein Formular ausfüllen`.,Collocation: use `ein Formular ausfüllen`.,,,,duplicate_v02_lineage_resolved,duplicate_v02_lineage_resolved,
content/b1-m03-job-search-offices.js,v080149_cat03_practice_family_cat03_pf_058,cat03-pf-058,cat03-pf-058,matched_replacement_layer,Core Safe,keep current row unchanged,revise_light,revise_light,,CORE_SAFE_V02_REPLACEMENT,future apply patch may replace schema-compatible learner-facing fields from v0.2/recovery while preserving current item ID,Reparatur,typed,CAT03-practice_family-cat03_pf_058,true,prompt; stimulus/learnerCue,Ich einreiche die Unterlagen morgen.,Korrigiere den Satz.,Korrigiere den Satz.,Ich einreiche die Unterlagen morgen.,,,Ich reiche die Unterlagen morgen ein.,Ich reiche die Unterlagen morgen ein.,`einreichen` is separable: `ich reiche ... ein`.,`einreichen` is separable: `ich reiche ... ein`.,,,,duplicate_v02_lineage_resolved,duplicate_v02_lineage_resolved,
content/b1-m03-job-search-offices.js,v080149_cat03_practice_family_cat03_pf_059,cat03-pf-059,cat03-pf-059,matched_replacement_layer,Core Safe,keep current row unchanged,revise_light,revise_light,,CORE_SAFE_V02_REPLACEMENT,future apply patch may replace schema-compatible learner-facing fields from v0.2/recovery while preserving current item ID,Reparatur,typed,CAT03-practice_family-cat03_pf_059,true,prompt; stimulus/learnerCue,Ich gebe die Unterlagen morgen ein.,Korrigiere den Satz.,Korrigiere den Satz.,Ich gebe die Unterlagen morgen ein.,,,Ich reiche die Unterlagen morgen ein.,Ich reiche die Unterlagen morgen ein.,"For formal document submission, use `Unterlagen einreichen`.","For formal document submission, use `Unterlagen einreichen`.",,,,duplicate_v02_lineage_resolved,duplicate_v02_lineage_resolved,
content/b1-m03-job-search-offices.js,v080149_cat03_practice_family_cat03_pf_061,cat03-pf-061,cat03-pf-061,matched_replacement_layer,Core Safe,keep current row unchanged,revise_light,revise_light,,CORE_SAFE_V02_REPLACEMENT,future apply patch may replace schema-compatible learner-facing fields from v0.2/recovery while preserving current item ID,Reparatur,typed,CAT03-practice_family-cat03_pf_061,true,prompt; stimulus/learnerCue,Ich habe morgen ein Termin bei der Arbeitsagentur.,Korrigiere den Satz.,Korrigiere den Satz.,Ich habe morgen ein Termin bei der Arbeitsagentur.,,,Ich habe morgen einen Termin bei der Arbeitsagentur.,Ich habe morgen einen Termin bei der Arbeitsagentur.,`haben` takes an accusative object: `einen Termin`.,`haben` takes an accusative object: `einen Termin`.,,,,duplicate_v02_lineage_resolved,duplicate_v02_lineage_resolved,
content/b1-m03-job-search-offices.js,v080149_cat03_practice_family_cat03_pf_064,cat03-pf-064,cat03-pf-064,matched_replacement_layer,Core Safe,keep current row unchanged,revise_light,revise_light,,CORE_SAFE_V02_REPLACEMENT,future apply patch may replace schema-compatible learner-facing fields from v0.2/recovery while preserving current item ID,Reparatur,typed,CAT03-practice_family-cat03_pf_064,true,prompt; stimulus/learnerCue,Meine Unterlagen sind nicht voll.,Korrigiere den Satz.,Korrigiere den Satz.,Meine Unterlagen sind nicht voll.,,,Meine Unterlagen sind nicht vollständig.,Meine Unterlagen sind nicht vollständig.,"For documents, use `vollständig`, not `voll`.","For documents, use `vollständig`, not `voll`.",,,,duplicate_v02_lineage_resolved,duplicate_v02_lineage_resolved,
content/b1-m03-job-search-offices.js,v080149_cat03_practice_family_cat03_pf_068,cat03-pf-068,cat03-pf-068,matched_replacement_layer,Core Safe,keep current row unchanged,revise_light,revise_light,,CORE_SAFE_V02_REPLACEMENT,future apply patch may replace schema-compatible learner-facing fields from v0.2/recovery while preserving current item ID,Reparatur,typed,CAT03-practice_family-cat03_pf_068,true,prompt; stimulus/learnerCue,Ich habe das Kopie dabei.,Korrigiere den Satz.,Korrigiere den Satz.,Ich habe das Kopie dabei.,,,Ich habe die Kopie dabei.,Ich habe die Kopie dabei.,`Kopie` is feminine: `die Kopie`.,`Kopie` is feminine: `die Kopie`.,,,,duplicate_v02_lineage_resolved,duplicate_v02_lineage_resolved,
content/b1-m03-job-search-offices.js,v080149_cat03_practice_family_cat03_pf_070,cat03-pf-070,cat03-pf-070,matched_replacement_layer,Core Safe,keep current row unchanged,revise_light,revise_light,,CORE_SAFE_V02_REPLACEMENT,future apply patch may replace schema-compatible learner-facing fields from v0.2/recovery while preserving current item ID,Reparatur,typed,CAT03-practice_family-cat03_pf_070,true,prompt; stimulus/learnerCue,Ich habe eine Frage über meinen Antrag.,Korrigiere den Satz.,Korrigiere den Satz.,Ich habe eine Frage über meinen Antrag.,,,Ich habe eine Frage zu meinem Antrag.,Ich habe eine Frage zu meinem Antrag.,Office phrase: `eine Frage zu ...`.,Office phrase: `eine Frage zu ...`.,,,,duplicate_v02_lineage_resolved,duplicate_v02_lineage_resolved,
content/b1-m03-job-search-offices.js,v080149_cat03_practice_family_cat03_pf_071,cat03-pf-071,cat03-pf-071,matched_replacement_layer,Core Safe,keep current row unchanged,revise_light,revise_light,,CORE_SAFE_V02_REPLACEMENT,future apply patch may replace schema-compatible learner-facing fields from v0.2/recovery while preserving current item ID,Reparatur,typed,CAT03-practice_family-cat03_pf_071,true,prompt; stimulus/learnerCue,Ich warte für eine Rückmeldung.,Korrigiere den Satz.,Korrigiere den Satz.,Ich warte für eine Rückmeldung.,,,Ich warte auf eine Rückmeldung.,Ich warte auf eine Rückmeldung.,Fixed preposition: `warten auf`.,Fixed preposition: `warten auf`.,,,,duplicate_v02_lineage_resolved,duplicate_v02_lineage_resolved,
content/b1-m03-job-search-offices.js,v080149_cat03_practice_family_cat03_pf_072,cat03-pf-072,cat03-pf-072,matched_replacement_layer,Core Safe,keep current row unchanged,revise_light,revise_light,,CORE_SAFE_V02_REPLACEMENT,future apply patch may replace schema-compatible learner-facing fields from v0.2/recovery while preserving current item ID,Reparatur,typed,CAT03-practice_family-cat03_pf_072,true,prompt; stimulus/learnerCue,Ich muss den Termin bis Freitag einhalten.,Korrigiere den Satz.,Korrigiere den Satz.,Ich muss den Termin bis Freitag einhalten.,,,Ich muss die Frist bis Freitag einhalten.,Ich muss die Frist bis Freitag einhalten.,You `einhältst` a `Frist`; a `Termin` is an appointment.,You `einhältst` a `Frist`; a `Termin` is an appointment.,,,,duplicate_v02_lineage_resolved,duplicate_v02_lineage_resolved,
content/b1-m03-job-search-offices.js,v080149_cat03_practice_family_cat03_pf_073,cat03-pf-073,cat03-pf-073,matched_replacement_layer,Core Safe,keep current row unchanged,revise_light,revise_light,,CORE_SAFE_V02_REPLACEMENT,future apply patch may replace schema-compatible learner-facing fields from v0.2/recovery while preserving current item ID,Reparatur,typed,CAT03-practice_family-cat03_pf_073,true,prompt; stimulus/learnerCue,Muss ich personlich vorbeikommen?,Korrigiere den Satz.,Korrigiere den Satz.,Muss ich personlich vorbeikommen?,,,Muss ich persönlich vorbeikommen?,Muss ich persönlich vorbeikommen?,Spelling: `persönlich` needs `ö`.,Spelling: `persönlich` needs `ö`.,,,,duplicate_v02_lineage_resolved,duplicate_v02_lineage_resolved,
content/b1-m03-job-search-offices.js,v080149_cat03_practice_family_cat03_pf_074,cat03-pf-074,cat03-pf-074,matched_replacement_layer,Core Safe,keep current row unchanged,revise_light,revise_light,,CORE_SAFE_V02_REPLACEMENT,future apply patch may replace schema-compatible learner-facing fields from v0.2/recovery while preserving current item ID,Reparatur,typed,CAT03-practice_family-cat03_pf_074,true,prompt; stimulus/learnerCue,Sie können mir bitte helfen?,Korrigiere den Satz.,Korrigiere den Satz.,Sie können mir bitte helfen?,,,Können Sie mir bitte helfen?,Können Sie mir bitte helfen?,"Polite yes/no request: finite verb first, `Können Sie ...?`.","Polite yes/no request: finite verb first, `Können Sie ...?`.",,,,duplicate_v02_lineage_resolved,duplicate_v02_lineage_resolved,
content/b1-m04-applications.js,v080149_cat04_collocation_cat04_coll_001,cat04-coll-001,cat04-coll-001,matched_replacement_layer,Exception,manual review: unrecognised v0.2 decision vocabulary,revise_light,revise_light,,CORE_SAFE_V02_REPLACEMENT,future apply patch may replace schema-compatible learner-facing fields from v0.2/recovery while preserving current item ID,Auswahl,selected_choice_value,CAT04-collocation-cat04_coll_001,true,microRule/explainText,Welche Kollokation passt? apply for a position,,Choose the best German option.,,sich um eine Stelle bewerben | sich interessieren für | Stelle suchen | sich für eine Stelle bewerben as unreviewed variation,,sich um eine Stelle bewerben,sich um eine Stelle bewerben,Frame: `sich um eine Stelle bewerben` is the core application pattern.,Frame: `sich um eine Stelle bewerben` is the core application pattern.,,,,duplicate_v02_lineage_resolved,duplicate_v02_lineage_resolved,
content/b1-m04-applications.js,v080149_cat04_collocation_cat04_coll_002,cat04-coll-002,cat04-coll-002,matched_replacement_layer,Production Practice,exclude from normal auto-graded practice; route later to separate self-marked Production Practice,revise_light,revise_light,,CORE_SAFE_V02_REPLACEMENT,future apply patch may replace schema-compatible learner-facing fields from v0.2/recovery while preserving current item ID,Auswahl,selected_choice_value,CAT04-collocation-cat04_coll_002,true,microRule/explainText,Welche Kollokation passt? attach a document in an email,,Choose the best German option.,,Im Anhang finden Sie meinen Lebenslauf. | Anbei | Anlage | in Anhang finden Sie,,Im Anhang finden Sie meinen Lebenslauf.,Im Anhang finden Sie meinen Lebenslauf.,Email collocation: `im Anhang finden Sie ...`.,Email collocation: `im Anhang finden Sie ...`.,,,,duplicate_v02_lineage_resolved,duplicate_v02_lineage_resolved,
content/b1-m04-applications.js,v080149_cat04_collocation_cat04_coll_005,cat04-coll-005,cat04-coll-005,matched_replacement_layer,Exception,manual review: unrecognised v0.2 decision vocabulary,revise_light,revise_light,,CORE_SAFE_V02_REPLACEMENT,future apply patch may replace schema-compatible learner-facing fields from v0.2/recovery while preserving current item ID,Auswahl,selected_choice_value,CAT04-collocation-cat04_coll_005,true,microRule/explainText,Welche Kollokation passt? be interested in the position,,Choose the best German option.,,sich für die Stelle interessieren | sich bewerben um | sich um die Stelle interessieren | sich um eine Stelle bewerben,,sich für die Stelle interessieren,sich für die Stelle interessieren,Verb frame: `sich interessieren für + Akkusativ`.,Verb frame: `sich interessieren für + Akkusativ`.,,,,duplicate_v02_lineage_resolved,duplicate_v02_lineage_resolved,
content/b1-m04-applications.js,v080149_cat04_collocation_cat04_coll_006,cat04-coll-006,cat04-coll-006,matched_replacement_layer,Production Practice,exclude from normal auto-graded practice; route later to separate self-marked Production Practice,revise_light,revise_light,,CORE_SAFE_V02_REPLACEMENT,future apply patch may replace schema-compatible learner-facing fields from v0.2/recovery while preserving current item ID,Auswahl,selected_choice_value,CAT04-collocation-cat04_coll_006,true,microRule/explainText,Welche Kollokation passt? update the CV,,Choose the best German option.,,den Lebenslauf aktualisieren | Bewerbung schreiben | Datei hochladen | Lebenslauf modernisieren,,den Lebenslauf aktualisieren,den Lebenslauf aktualisieren,Use `aktualisieren` for making a CV current.,Use `aktualisieren` for making a CV current.,,,,duplicate_v02_lineage_resolved,duplicate_v02_lineage_resolved,
content/b1-m04-applications.js,v080149_cat04_collocation_cat04_coll_007,cat04-coll-007,cat04-coll-007,matched_replacement_layer,Exception,manual review: unrecognised v0.2 decision vocabulary,revise_light,revise_light,,CORE_SAFE_V02_REPLACEMENT,future apply patch may replace schema-compatible learner-facing fields from v0.2/recovery while preserving current item ID,Auswahl,selected_choice_value,CAT04-collocation-cat04_coll_007,true,microRule/explainText,Welche Kollokation passt? have professional experience in sales,,Choose the best German option.,,Berufserfahrung im Verkauf haben | Erfahrung | Kenntnisse | Beruf Erfahrung haben,,Berufserfahrung im Verkauf haben,Berufserfahrung im Verkauf haben,`Berufserfahrung` is one compound noun.,`Berufserfahrung` is one compound noun.,,,,duplicate_v02_lineage_resolved,duplicate_v02_lineage_resolved,
content/b1-m04-applications.js,v080149_cat04_collocation_cat04_coll_008,cat04-coll-008,cat04-coll-008,matched_replacement_layer,Exception,manual review: unrecognised v0.2 decision vocabulary,revise_light,revise_light,,CORE_SAFE_V02_REPLACEMENT,future apply patch may replace schema-compatible learner-facing fields from v0.2/recovery while preserving current item ID,Auswahl,selected_choice_value,CAT04-collocation-cat04_coll_008,true,microRule/explainText,Welche Kollokation passt? be responsible for customer contact,,Choose the best German option.,,für den Kundenkontakt zuständig sein | sich kümmern um | verantwortlich für | zuständig mit Kundenkontakt,,für den Kundenkontakt zuständig sein,für den Kundenkontakt zuständig sein,Use `für` with `zuständig`: `für den Kundenkontakt zuständig`.,Use `für` with `zuständig`: `für den Kundenkontakt zuständig`.,,,,duplicate_v02_lineage_resolved,duplicate_v02_lineage_resolved,
content/b1-m04-applications.js,v080149_cat04_collocation_cat04_coll_009,cat04-coll-009,cat04-coll-009,matched_replacement_layer,Exception,manual review: unrecognised v0.2 decision vocabulary,revise_light,revise_light,,CORE_SAFE_V02_REPLACEMENT,future apply patch may replace schema-compatible learner-facing fields from v0.2/recovery while preserving current item ID,Auswahl,selected_choice_value,CAT04-collocation-cat04_coll_009,true,microRule/explainText,Welche Kollokation passt? work in the logistics field,,Choose the best German option.,,im Bereich Logistik arbeiten | in einer Branche | als + role | bei Bereich Logistik arbeiten,,im Bereich Logistik arbeiten,im Bereich Logistik arbeiten,Use `im Bereich ... arbeiten`.,Use `im Bereich ... arbeiten`.,,,,duplicate_v02_lineage_resolved,duplicate_v02_lineage_resolved,
content/b1-m04-applications.js,v080149_cat04_collocation_cat04_coll_010,cat04-coll-010,cat04-coll-010,matched_replacement_layer,Exception,manual review: unrecognised v0.2 decision vocabulary,revise_light,revise_light,,CORE_SAFE_V02_REPLACEMENT,future apply patch may replace schema-compatible learner-facing fields from v0.2/recovery while preserving current item ID,Auswahl,selected_choice_value,CAT04-collocation-cat04_coll_010,true,microRule/explainText,Welche Kollokation passt? have worked as a role,,Choose the best German option.,,als Reinigungskraft gearbeitet haben | im Bereich | tätig sein als | wie Reinigungskraft gearbeitet,,als Reinigungskraft gearbeitet haben,als Reinigungskraft gearbeitet haben,Use `als` for a role/job title.,Use `als` for a role/job title.,,,,duplicate_v02_lineage_resolved,duplicate_v02_lineage_resolved,
content/b1-m04-applications.js,v080149_cat04_collocation_cat04_coll_011,cat04-coll-011,cat04-coll-011,matched_replacement_layer,Exception,manual review: unrecognised v0.2 decision vocabulary,revise_light,revise_light,,CORE_SAFE_V02_REPLACEMENT,future apply patch may replace schema-compatible learner-facing fields from v0.2/recovery while preserving current item ID,Auswahl,selected_choice_value,CAT04-collocation-cat04_coll_011,true,microRule/explainText,Welche Kollokation passt? have German skills at B1 level,,Choose the best German option.,,Deutschkenntnisse auf B1-Niveau haben | Deutschniveau | Sprachkenntnisse | Deutschkenntnisse in B1-Niveau,,Deutschkenntnisse auf B1-Niveau haben,Deutschkenntnisse auf B1-Niveau haben,"Use `auf B1-Niveau`, not `in B1-Niveau`.","Use `auf B1-Niveau`, not `in B1-Niveau`.",,,,duplicate_v02_lineage_resolved,duplicate_v02_lineage_resolved,
content/b1-m04-applications.js,v080149_cat04_collocation_cat04_coll_012,cat04-coll-012,cat04-coll-012,matched_replacement_layer,Exception,manual review: unrecognised v0.2 decision vocabulary,revise_light,revise_light,,CORE_SAFE_V02_REPLACEMENT,future apply patch may replace schema-compatible learner-facing fields from v0.2/recovery while preserving current item ID,Auswahl,selected_choice_value,CAT04-collocation-cat04_coll_012,true,microRule/explainText,Welche Kollokation passt? be familiar with a program/tool,,Choose the best German option.,,mit dem Programm vertraut sein | kennen | können | vertraut mit das Programm,,mit dem Programm vertraut sein,mit dem Programm vertraut sein,Frame: `mit + Dativ vertraut sein`.,Frame: `mit + Dativ vertraut sein`.,,,,duplicate_v02_lineage_resolved,duplicate_v02_lineage_resolved,
content/b1-m04-applications.js,v080149_cat04_collocation_cat04_coll_013,cat04-coll-013,cat04-coll-013,matched_replacement_layer,Production Practice,exclude from normal auto-graded practice; route later to separate self-marked Production Practice,revise_light,revise_light,,CORE_SAFE_V02_REPLACEMENT,future apply patch may replace schema-compatible learner-facing fields from v0.2/recovery while preserving current item ID,Auswahl,selected_choice_value,CAT04-collocation-cat04_coll_013,true,microRule/explainText,Welche Kollokation passt? like working in a team,,Choose the best German option.,,gern im Team arbeiten | teamfähig sein | Teamfähigkeit | ich bin Teamfähigkeit,,gern im Team arbeiten,gern im Team arbeiten,Say the action plainly: `Ich arbeite gern im Team.`,Say the action plainly: `Ich arbeite gern im Team.`,,,,duplicate_v02_lineage_resolved,duplicate_v02_lineage_resolved,
content/b1-m04-applications.js,v080149_cat04_collocation_cat04_coll_014,cat04-coll-014,cat04-coll-014,matched_replacement_layer,Production Practice,exclude from normal auto-graded practice; route later to separate self-marked Production Practice,revise_light,revise_light,,CORE_SAFE_V02_REPLACEMENT,future apply patch may replace schema-compatible learner-facing fields from v0.2/recovery while preserving current item ID,Auswahl,selected_choice_value,CAT04-collocation-cat04_coll_014,true,microRule/explainText,Welche Kollokation passt? want to develop professionally,,Choose the best German option.,,sich beruflich weiterentwickeln möchten | Weiterbildung machen | verbessern | beruflich entwickeln ohne sich,,sich beruflich weiterentwickeln möchten,sich beruflich weiterentwickeln möchten,Reflexive: `sich weiterentwickeln`.,Reflexive: `sich weiterentwickeln`.,,,,duplicate_v02_lineage_resolved,duplicate_v02_lineage_resolved,
content/b1-m04-applications.js,v080149_cat04_collocation_cat04_coll_015,cat04-coll-015,cat04-coll-015,matched_replacement_layer,Exception,manual review: unrecognised v0.2 decision vocabulary,revise_light,revise_light,,CORE_SAFE_V02_REPLACEMENT,future apply patch may replace schema-compatible learner-facing fields from v0.2/recovery while preserving current item ID,Auswahl,selected_choice_value,CAT04-collocation-cat04_coll_015,true,microRule/explainText,Welche Kollokation passt? receive an interview invitation,,Choose the best German option.,,eine Einladung zum Vorstellungsgespräch bekommen | Zusage | Terminbestätigung | Einladung für Vorstellungsgespräch,,eine Einladung zum Vorstellungsgespräch bekommen,eine Einladung zum Vorstellungsgespräch bekommen,Use `zum Vorstellungsgespräch`.,Use `zum Vorstellungsgespräch`.,,,,duplicate_v02_lineage_resolved,duplicate_v02_lineage_resolved,
content/b1-m04-applications.js,v080149_cat04_collocation_cat04_coll_016,cat04-coll-016,cat04-coll-016,matched_replacement_layer,Production Practice,exclude from normal auto-graded practice; route later to separate self-marked Production Practice,revise_light,revise_light,,CORE_SAFE_V02_REPLACEMENT,future apply patch may replace schema-compatible learner-facing fields from v0.2/recovery while preserving current item ID,Auswahl,selected_choice_value,CAT04-collocation-cat04_coll_016,true,microRule/explainText,Welche Kollokation passt? confirm the interview appointment,,Choose the best German option.,,den Termin fürs Vorstellungsgespräch bestätigen | Termin vereinbaren | Zusage | Termin bestätigen lassen,,den Termin fürs Vorstellungsgespräch bestätigen,den Termin fürs Vorstellungsgespräch bestätigen,Application reply: `den Termin bestätigen`.,Application reply: `den Termin bestätigen`.,,,,duplicate_v02_lineage_resolved,duplicate_v02_lineage_resolved,
content/b1-m04-applications.js,v080149_cat04_collocation_cat04_coll_017,cat04-coll-017,cat04-coll-017,matched_replacement_layer,Exception,manual review: unrecognised v0.2 decision vocabulary,revise_light,revise_light,,CORE_SAFE_V02_REPLACEMENT,future apply patch may replace schema-compatible learner-facing fields from v0.2/recovery while preserving current item ID,Auswahl,selected_choice_value,CAT04-collocation-cat04_coll_017,true,microRule/explainText,Welche Kollokation passt? be unavailable on that day,,Choose the best German option.,,an diesem Tag verhindert sein | nicht können | absagen | verhindert haben,,an diesem Tag verhindert sein,an diesem Tag verhindert sein,Fixed phrase: `verhindert sein`.,Fixed phrase: `verhindert sein`.,,,,duplicate_v02_lineage_resolved,duplicate_v02_lineage_resolved,
content/b1-m04-applications.js,v080149_cat04_collocation_cat04_coll_018,cat04-coll-018,cat04-coll-018,matched_replacement_layer,Exception,manual review: unrecognised v0.2 decision vocabulary,revise_light,revise_light,,CORE_SAFE_V02_REPLACEMENT,future apply patch may replace schema-compatible learner-facing fields from v0.2/recovery while preserving current item ID,Auswahl,selected_choice_value,CAT04-collocation-cat04_coll_018,true,microRule/explainText,Welche Kollokation passt? look forward to the interview/talk,,Choose the best German option.,,sich auf das Gespräch freuen | sich freuen über | hoffen auf | sich freuen für das Gespräch,,sich auf das Gespräch freuen,sich auf das Gespräch freuen,Use `sich freuen auf + Akkusativ` for a future event.,Use `sich freuen auf + Akkusativ` for a future event.,,,,duplicate_v02_lineage_resolved,duplicate_v02_lineage_resolved,
content/b1-m04-applications.js,v080149_cat04_collocation_cat04_coll_020,cat04-coll-020,cat04-coll-020,matched_replacement_layer,Exception,manual review: unrecognised v0.2 decision vocabulary,revise_light,revise_light,,CORE_SAFE_V02_REPLACEMENT,future apply patch may replace schema-compatible learner-facing fields from v0.2/recovery while preserving current item ID,Auswahl,selected_choice_value,CAT04-collocation-cat04_coll_020,true,microRule/explainText,Welche Kollokation passt? be available from now/immediately,,Choose the best German option.,,ab sofort verfügbar sein | erreichbar sein | frei sein | seit sofort verfügbar sein,,ab sofort verfügbar sein,ab sofort verfügbar sein,Use `ab` for the starting point of availability.,Use `ab` for the starting point of availability.,,,,duplicate_v02_lineage_resolved,duplicate_v02_lineage_resolved,
content/b1-m04-applications.js,v080149_cat04_collocation_cat04_coll_021,cat04-coll-021,cat04-coll-021,matched_replacement_layer,Exception,manual review: unrecognised v0.2 decision vocabulary,revise_light,revise_light,,CORE_SAFE_V02_REPLACEMENT,future apply patch may replace schema-compatible learner-facing fields from v0.2/recovery while preserving current item ID,Auswahl,selected_choice_value,CAT04-collocation-cat04_coll_021,true,microRule/explainText,Welche Kollokation passt? wait for a reply,,Choose the best German option.,,auf eine Rückmeldung warten | Eingangsbestätigung | Zusage | für Rückmeldung warten,,auf eine Rückmeldung warten,auf eine Rückmeldung warten,`warten auf + Akkusativ`.,`warten auf + Akkusativ`.,,,,duplicate_v02_lineage_resolved,duplicate_v02_lineage_resolved,
content/b1-m04-applications.js,v080149_cat04_collocation_cat04_coll_023,cat04-coll-023,cat04-coll-023,matched_replacement_layer,Production Practice,exclude from normal auto-graded practice; route later to separate self-marked Production Practice,revise_light,revise_light,,CORE_SAFE_V02_REPLACEMENT,future apply patch may replace schema-compatible learner-facing fields from v0.2/recovery while preserving current item ID,Auswahl,selected_choice_value,CAT04-collocation-cat04_coll_023,true,microRule/explainText,Welche Kollokation passt? have a question about the job,,Choose the best German option.,,eine Frage zur Stelle haben | Frage wegen | Frage über | Frage für die Stelle,,eine Frage zur Stelle haben,eine Frage zur Stelle haben,Use `zu` for a question about a topic.,Use `zu` for a question about a topic.,,,,duplicate_v02_lineage_resolved,duplicate_v02_lineage_resolved,
content/b1-m04-applications.js,v080149_cat04_collocation_cat04_coll_027,cat04-coll-027,cat04-coll-027,matched_replacement_layer,Production Practice,exclude from normal auto-graded practice; route later to separate self-marked Production Practice,revise_light,revise_light,,CORE_SAFE_V02_REPLACEMENT,future apply patch may replace schema-compatible learner-facing fields from v0.2/recovery while preserving current item ID,Auswahl,selected_choice_value,CAT04-collocation-cat04_coll_027,true,microRule/explainText,Welche Kollokation passt? submit a missing document later,,Choose the best German option.,,das Zeugnis nachreichen | einreichen | beilegen | später bringen,,das Zeugnis nachreichen,das Zeugnis nachreichen,`nachreichen` means submit later as a follow-up.,`nachreichen` means submit later as a follow-up.,,,,duplicate_v02_lineage_resolved,duplicate_v02_lineage_resolved,
content/b1-m04-applications.js,v080149_cat04_collocation_cat04_coll_028,cat04-coll-028,cat04-coll-028,matched_replacement_layer,Exception,manual review: unrecognised v0.2 decision vocabulary,revise_light,revise_light,,CORE_SAFE_V02_REPLACEMENT,future apply patch may replace schema-compatible learner-facing fields from v0.2/recovery while preserving current item ID,Auswahl,selected_choice_value,CAT04-collocation-cat04_coll_028,true,microRule/explainText,Welche Kollokation passt? upload a file,,Choose the best German option.,,eine Datei hochladen | Datei anhängen | senden | Datei laden hoch,,eine Datei hochladen,eine Datei hochladen,Separable verb: `hochladen` → `ich lade ... hoch`.,Separable verb: `hochladen` → `ich lade ... hoch`.,,,,duplicate_v02_lineage_resolved,duplicate_v02_lineage_resolved,
content/b1-m04-applications.js,v080149_cat04_collocation_cat04_coll_029,cat04-coll-029,cat04-coll-029,matched_replacement_layer,Exception,manual review: unrecognised v0.2 decision vocabulary,revise_light,revise_light,,CORE_SAFE_V02_REPLACEMENT,future apply patch may replace schema-compatible learner-facing fields from v0.2/recovery while preserving current item ID,Auswahl,selected_choice_value,CAT04-collocation-cat04_coll_029,true,microRule/explainText,Welche Kollokation passt? the documents are complete,,Choose the best German option.,,die Unterlagen sind vollständig | komplett | fehlen | die Unterlagen sind voll,,die Unterlagen sind vollständig,die Unterlagen sind vollständig,`vollständig` means complete; `voll` means full.,`vollständig` means complete; `voll` means full.,,,,duplicate_v02_lineage_resolved,duplicate_v02_lineage_resolved,
content/b1-m04-applications.js,v080149_cat04_contrast_cat04_cs_001,cat04-cs-001,cat04-cs-001,matched_replacement_layer,Exception,manual review: unrecognised v0.2 decision vocabulary,revise_light,revise_light,,CORE_SAFE_V02_REPLACEMENT,future apply patch may replace schema-compatible learner-facing fields from v0.2/recovery while preserving current item ID,Auswahl,selected_choice_value,CAT04-contrast-cat04_cs_001,true,prompt; microRule/explainText,Welche Form passt in dieser Bewerbungssituation am besten?,Welche Form passt in dieser Bewerbungssituation am besten?,Bewerbung vs Lebenslauf vs Anschreiben,,Bewerbung | Lebenslauf | Anschreiben | Zeugnis,Bewerbung | Lebenslauf | Anschreiben | Zeugnis,Bewerbung,Bewerbung,`Bewerbung` is the whole application; `Lebenslauf` is the CV.,`Bewerbung` is the whole application; `Lebenslauf` is the CV.,,,,duplicate_v02_lineage_resolved,duplicate_v02_lineage_resolved,
content/b1-m04-applications.js,v080149_cat04_contrast_cat04_cs_007,cat04-cs-007,cat04-cs-007,matched_replacement_layer,Exception,manual review: unrecognised v0.2 decision vocabulary,revise_light,revise_light,,CORE_SAFE_V02_REPLACEMENT,future apply patch may replace schema-compatible learner-facing fields from v0.2/recovery while preserving current item ID,Auswahl,selected_choice_value,CAT04-contrast-cat04_cs_007,true,prompt; microRule/explainText,Welche Form passt in dieser Bewerbungssituation am besten?,Welche Form passt in dieser Bewerbungssituation am besten?,einreichen vs beilegen vs aktualisieren,,Unterlagen einreichen | Unterlagen aktualisieren | Unterlagen interessieren | Unterlagen vorstellen,Unterlagen einreichen | Unterlagen aktualisieren | Unterlagen interessieren | Unterlagen vorstellen,Unterlagen einreichen,Unterlagen einreichen,Collocation: `Unterlagen einreichen`.,Collocation: `Unterlagen einreichen`.,,,,duplicate_v02_lineage_resolved,duplicate_v02_lineage_resolved,
content/b1-m04-applications.js,v080149_cat04_contrast_cat04_cs_008,cat04-cs-008,cat04-cs-008,matched_replacement_layer,Exception,manual review: unrecognised v0.2 decision vocabulary,revise_light,revise_light,,CORE_SAFE_V02_REPLACEMENT,future apply patch may replace schema-compatible learner-facing fields from v0.2/recovery while preserving current item ID,Auswahl,selected_choice_value,CAT04-contrast-cat04_cs_008,true,prompt; microRule/explainText,Welche Form passt in dieser Bewerbungssituation am besten?,Welche Form passt in dieser Bewerbungssituation am besten?,Lebenslauf aktualisieren vs beilegen,,den Lebenslauf aktualisieren | den Lebenslauf bewerben | den Lebenslauf zuständig sein | den Lebenslauf anmelden,den Lebenslauf aktualisieren | den Lebenslauf bewerben | den Lebenslauf zuständig sein | den Lebenslauf anmelden,den Lebenslauf aktualisieren,den Lebenslauf aktualisieren,Use `aktualisieren` when changing CV content.,Use `aktualisieren` when changing CV content.,,,,duplicate_v02_lineage_resolved,duplicate_v02_lineage_resolved,
content/b1-m04-applications.js,v080149_cat04_contrast_cat04_cs_009,cat04-cs-009,cat04-cs-009,matched_replacement_layer,Exception,manual review: unrecognised v0.2 decision vocabulary,revise_light,revise_light,,CORE_SAFE_V02_REPLACEMENT,future apply patch may replace schema-compatible learner-facing fields from v0.2/recovery while preserving current item ID,Auswahl,selected_choice_value,CAT04-contrast-cat04_cs_009,true,prompt; microRule/explainText,Welche Form passt in dieser Bewerbungssituation am besten?,Welche Form passt in dieser Bewerbungssituation am besten?,Berufserfahrung vs Ausbildung vs Kenntnisse,,Berufserfahrung | Ausbildung | Kenntnisse | Motivation,Berufserfahrung | Ausbildung | Kenntnisse | Motivation,Berufserfahrung,Berufserfahrung,`Berufserfahrung` means professional experience.,`Berufserfahrung` means professional experience.,,,,duplicate_v02_lineage_resolved,duplicate_v02_lineage_resolved,
content/b1-m04-applications.js,v080149_cat04_contrast_cat04_cs_010,cat04-cs-010,cat04-cs-010,matched_replacement_layer,Exception,manual review: unrecognised v0.2 decision vocabulary,revise_light,revise_light,,CORE_SAFE_V02_REPLACEMENT,future apply patch may replace schema-compatible learner-facing fields from v0.2/recovery while preserving current item ID,Auswahl,selected_choice_value,CAT04-contrast-cat04_cs_010,true,prompt; microRule/explainText,Welche Form passt in dieser Bewerbungssituation am besten?,Welche Form passt in dieser Bewerbungssituation am besten?,Deutschkenntnisse vs Sprachkenntnisse,,Deutschkenntnisse | Sprachkenntnisse | Deutschniveau | Kenntnis,Deutschkenntnisse | Sprachkenntnisse | Deutschniveau | Kenntnis,Deutschkenntnisse,Deutschkenntnisse,`Deutschkenntnisse` are German skills.,`Deutschkenntnisse` are German skills.,,,,duplicate_v02_lineage_resolved,duplicate_v02_lineage_resolved,
content/b1-m04-applications.js,v080149_cat04_contrast_cat04_cs_013,cat04-cs-013,cat04-cs-013,matched_replacement_layer,Exception,manual review: unrecognised v0.2 decision vocabulary,revise_light,revise_light,,CORE_SAFE_V02_REPLACEMENT,future apply patch may replace schema-compatible learner-facing fields from v0.2/recovery while preserving current item ID,Auswahl,selected_choice_value,CAT04-contrast-cat04_cs_013,true,prompt; microRule/explainText,Welche Form passt in dieser Bewerbungssituation am besten?,Welche Form passt in dieser Bewerbungssituation am besten?,zuständig für vs vertraut mit,,Ich war für Kundenkontakt zuständig. | Ich war mit Kundenkontakt zuständig. | Ich war bei Kundenkontakt zuständig. | Ich war Kundenkontakt zuständig.,Ich war für Kundenkontakt zuständig. | Ich war mit Kundenkontakt zuständig. | Ich war bei Kundenkontakt zuständig. | Ich war Kundenkontakt zuständig.,Ich war für Kundenkontakt zuständig.,Ich war für Kundenkontakt zuständig.,Frame: `zuständig sein für ...`.,Frame: `zuständig sein für ...`.,,,,duplicate_v02_lineage_resolved,duplicate_v02_lineage_resolved,
content/b1-m04-applications.js,v080149_cat04_contrast_cat04_cs_014,cat04-cs-014,cat04-cs-014,matched_replacement_layer,Exception,manual review: unrecognised v0.2 decision vocabulary,revise_light,revise_light,,CORE_SAFE_V02_REPLACEMENT,future apply patch may replace schema-compatible learner-facing fields from v0.2/recovery while preserving current item ID,Auswahl,selected_choice_value,CAT04-contrast-cat04_cs_014,true,prompt; microRule/explainText,Welche Form passt in dieser Bewerbungssituation am besten?,Welche Form passt in dieser Bewerbungssituation am besten?,vertraut mit vs zuständig für,,Ich bin mit dem Programm vertraut. | Ich bin für dem Programm vertraut. | Ich bin das Programm vertraut. | Ich vertraue das Programm.,Ich bin mit dem Programm vertraut. | Ich bin für dem Programm vertraut. | Ich bin das Programm vertraut. | Ich vertraue das Programm.,Ich bin mit dem Programm vertraut.,Ich bin mit dem Programm vertraut.,Frame: `mit etwas vertraut sein`.,Frame: `mit etwas vertraut sein`.,,,,duplicate_v02_lineage_resolved,duplicate_v02_lineage_resolved,
content/b1-m04-applications.js,v080149_cat04_contrast_cat04_cs_016,cat04-cs-016,cat04-cs-016,matched_replacement_layer,Exception,manual review: unrecognised v0.2 decision vocabulary,revise_light,revise_light,,CORE_SAFE_V02_REPLACEMENT,future apply patch may replace schema-compatible learner-facing fields from v0.2/recovery while preserving current item ID,Auswahl,selected_choice_value,CAT04-contrast-cat04_cs_016,true,prompt; microRule/explainText,Welche Form passt in dieser Bewerbungssituation am besten?,Welche Form passt in dieser Bewerbungssituation am besten?,Bewerbungsfrist vs Termin,,Bewerbungsfrist | Termin | Zeitraum | Rückmeldung,Bewerbungsfrist | Termin | Zeitraum | Rückmeldung,Bewerbungsfrist,Bewerbungsfrist,`Bewerbungsfrist` is the application deadline.,`Bewerbungsfrist` is the application deadline.,,,,duplicate_v02_lineage_resolved,duplicate_v02_lineage_resolved,
content/b1-m04-applications.js,v080149_cat04_contrast_cat04_cs_018,cat04-cs-018,cat04-cs-018,matched_replacement_layer,Exception,manual review: unrecognised v0.2 decision vocabulary,revise_light,revise_light,,CORE_SAFE_V02_REPLACEMENT,future apply patch may replace schema-compatible learner-facing fields from v0.2/recovery while preserving current item ID,Auswahl,selected_choice_value,CAT04-contrast-cat04_cs_018,true,prompt; microRule/explainText,Welche Form ist im Gespräch höflich?,Welche Form ist im Gespräch höflich?,Könnten Sie wiederholen vs Was?,,Könnten Sie die Frage bitte wiederholen? | Was? | Ich verstehe nicht Deutsch. | Sagen Sie noch einmal.,Könnten Sie die Frage bitte wiederholen? | Was? | Ich verstehe nicht Deutsch. | Sagen Sie noch einmal.,Könnten Sie die Frage bitte wiederholen?,Könnten Sie die Frage bitte wiederholen?,Polite request: `Könnten Sie ... bitte ...?`.,Polite request: `Könnten Sie ... bitte ...?`.,,,,duplicate_v02_lineage_resolved,duplicate_v02_lineage_resolved,
content/b1-m04-applications.js,v080149_cat04_contrast_cat04_cs_024,cat04-cs-024,cat04-cs-024,matched_replacement_layer,Exception,manual review: unrecognised v0.2 decision vocabulary,revise_light,revise_light,,CORE_SAFE_V02_REPLACEMENT,future apply patch may replace schema-compatible learner-facing fields from v0.2/recovery while preserving current item ID,Auswahl,selected_choice_value,CAT04-contrast-cat04_cs_024,true,prompt; microRule/explainText,Welche Form passt in dieser Bewerbungssituation am besten?,Welche Form passt in dieser Bewerbungssituation am besten?,vollständig vs aktuell,,Die Unterlagen sind vollständig. | Die Unterlagen sind aktuell. | Die Unterlagen sind voll. | Die Unterlagen sind fertig aktuell.,Die Unterlagen sind vollständig. | Die Unterlagen sind aktuell. | Die Unterlagen sind voll. | Die Unterlagen sind fertig aktuell.,Die Unterlagen sind vollständig.,Die Unterlagen sind vollständig.,`vollständig` means complete.,`vollständig` means complete.,,,,duplicate_v02_lineage_resolved,duplicate_v02_lineage_resolved,
content/b1-m04-applications.js,v080149_cat04_practice_family_cat04_pf_064,cat04-pf-064,cat04-pf-064,matched_replacement_layer,Exception,manual review: unrecognised v0.2 decision vocabulary,revise_light,revise_light,,CORE_SAFE_V02_REPLACEMENT,future apply patch may replace schema-compatible learner-facing fields from v0.2/recovery while preserving current item ID,Auswahl,selected_choice_value,CAT04-practice_family-cat04_pf_064,true,prompt; stimulus/learnerCue; microRule/explainText,Sie sprechen über die ganze Bewerbung. Welche Bezeichnung passt?,Sie sprechen über die ganze Bewerbung. Welche Bezeichnung passt?,A Bewerbung / B Lebenslauf / C Anschreiben,A Bewerbung / B Lebenslauf / C Anschreiben,A | A Bewerbung | B Lebenslauf | C Anschreiben,,A,A,`Bewerbung` can mean the whole application; `Lebenslauf` and `Anschreiben` are parts of it.,`Bewerbung` can mean the whole application; `Lebenslauf` and `Anschreiben` are parts of it.,,,,duplicate_v02_lineage_resolved,duplicate_v02_lineage_resolved,
content/b1-m04-applications.js,v080149_cat04_practice_family_cat04_pf_065,cat04-pf-065,cat04-pf-065,matched_replacement_layer,Exception,manual review: unrecognised v0.2 decision vocabulary,revise_light,revise_light,,CORE_SAFE_V02_REPLACEMENT,future apply patch may replace schema-compatible learner-facing fields from v0.2/recovery while preserving current item ID,Auswahl,selected_choice_value,CAT04-practice_family-cat04_pf_065,true,prompt; stimulus/learnerCue; microRule/explainText,Sie wollen die Übersicht über Stationen und Erfahrung nennen. Welche Bezeichnung passt?,Sie wollen die Übersicht über Stationen und Erfahrung nennen. Welche Bezeichnung passt?,A Anschreiben / B Lebenslauf / C Zeugnis,A Anschreiben / B Lebenslauf / C Zeugnis,B | A Anschreiben | B Lebenslauf | C Zeugnis,,B,B,"The CV is the `Lebenslauf`; it lists stations, experience, and skills.","The CV is the `Lebenslauf`; it lists stations, experience, and skills.",,,,duplicate_v02_lineage_resolved,duplicate_v02_lineage_resolved,
content/b1-m04-applications.js,v080149_cat04_practice_family_cat04_pf_066,cat04-pf-066,cat04-pf-066,matched_replacement_layer,Exception,manual review: unrecognised v0.2 decision vocabulary,revise_light,revise_light,,CORE_SAFE_V02_REPLACEMENT,future apply patch may replace schema-compatible learner-facing fields from v0.2/recovery while preserving current item ID,Auswahl,selected_choice_value,CAT04-practice_family-cat04_pf_066,true,prompt; stimulus/learnerCue; microRule/explainText,"Sie meinen den kurzen Text, der die Bewerbung begründet. Welche Bezeichnung passt?","Sie meinen den kurzen Text, der die Bewerbung begründet. Welche Bezeichnung passt?",A Anschreiben / B Lebenslauf / C Zeugnis,A Anschreiben / B Lebenslauf / C Zeugnis,A | A Anschreiben | B Lebenslauf | C Zeugnis,,A,A,The cover/application letter is the `Anschreiben`.,The cover/application letter is the `Anschreiben`.,,,,duplicate_v02_lineage_resolved,duplicate_v02_lineage_resolved,
content/b1-m04-applications.js,v080149_cat04_practice_family_cat04_pf_067,cat04-pf-067,cat04-pf-067,matched_replacement_layer,Exception,manual review: unrecognised v0.2 decision vocabulary,revise_light,revise_light,,CORE_SAFE_V02_REPLACEMENT,future apply patch may replace schema-compatible learner-facing fields from v0.2/recovery while preserving current item ID,Auswahl,selected_choice_value,CAT04-practice_family-cat04_pf_067,true,prompt; stimulus/learnerCue; microRule/explainText,Die Firma antwortet positiv auf Ihre Bewerbung. Welche Rückmeldung passt?,Die Firma antwortet positiv auf Ihre Bewerbung. Welche Rückmeldung passt?,A Zusage / B Einladung / C Rückfrage,A Zusage / B Einladung / C Rückfrage,A | A Zusage | B Einladung | C Rückfrage,,A,A,`Zusage` is a positive acceptance; an invitation is not yet the final acceptance.,`Zusage` is a positive acceptance; an invitation is not yet the final acceptance.,,,,duplicate_v02_lineage_resolved,duplicate_v02_lineage_resolved,
content/b1-m04-applications.js,v080149_cat04_practice_family_cat04_pf_068,cat04-pf-068,cat04-pf-068,matched_replacement_layer,Exception,manual review: unrecognised v0.2 decision vocabulary,revise_light,revise_light,,CORE_SAFE_V02_REPLACEMENT,future apply patch may replace schema-compatible learner-facing fields from v0.2/recovery while preserving current item ID,Auswahl,selected_choice_value,CAT04-practice_family-cat04_pf_068,true,prompt; stimulus/learnerCue; microRule/explainText,Die Firma möchte Sie persönlich kennenlernen. Welche Form passt?,Die Firma möchte Sie persönlich kennenlernen. Welche Form passt?,A Zusage zur Stelle / B Einladung zum Vorstellungsgespräch / C Bestätigung der Unterlagen,A Zusage zur Stelle / B Einladung zum Vorstellungsgespräch / C Bestätigung der Unterlagen,B | A Zusage zur Stelle | B Einladung zum Vorstellungsgespräch | C Bestätigung der Unterlagen,,B,B,`Einladung zum Vorstellungsgespräch` means interview invitation.,`Einladung zum Vorstellungsgespräch` means interview invitation.,,,,duplicate_v02_lineage_resolved,duplicate_v02_lineage_resolved,
content/b1-m04-applications.js,v080149_cat04_practice_family_cat04_pf_069,cat04-pf-069,cat04-pf-069,matched_replacement_layer,Exception,manual review: unrecognised v0.2 decision vocabulary,revise_light,revise_light,,CORE_SAFE_V02_REPLACEMENT,future apply patch may replace schema-compatible learner-facing fields from v0.2/recovery while preserving current item ID,Auswahl,selected_choice_value,CAT04-practice_family-cat04_pf_069,true,prompt; stimulus/learnerCue; microRule/explainText,"Sie sagen im Interview, wann Sie anfangen können. Welche Form passt?","Sie sagen im Interview, wann Sie anfangen können. Welche Form passt?",A Ich bin ab sofort erreichbar. / B Ich bin ab sofort zuständig. / C Ich bin ab sofort verfügbar.,A Ich bin ab sofort erreichbar. / B Ich bin ab sofort zuständig. / C Ich bin ab sofort verfügbar.,C | A Ich bin ab sofort erreichbar. | B Ich bin ab sofort zuständig. | C Ich bin ab sofort verfügbar.,,C,C,`verfügbar` means available to start or work; `erreichbar` is contactability.,`verfügbar` means available to start or work; `erreichbar` is contactability.,,,,duplicate_v02_lineage_resolved,duplicate_v02_lineage_resolved,
content/b1-m04-applications.js,v080149_cat04_practice_family_cat04_pf_070,cat04-pf-070,cat04-pf-070,matched_replacement_layer,Exception,manual review: unrecognised v0.2 decision vocabulary,revise_light,revise_light,,CORE_SAFE_V02_REPLACEMENT,future apply patch may replace schema-compatible learner-facing fields from v0.2/recovery while preserving current item ID,Auswahl,selected_choice_value,CAT04-practice_family-cat04_pf_070,true,prompt; stimulus/learnerCue; microRule/explainText,"Sie geben an, wie man Sie kontaktieren kann. Welche Form passt?","Sie geben an, wie man Sie kontaktieren kann. Welche Form passt?",A beruflich verfügbar / B telefonisch erreichbar / C vollständig beworben,A beruflich verfügbar / B telefonisch erreichbar / C vollständig beworben,B | A beruflich verfügbar | B telefonisch erreichbar | C vollständig beworben,,B,B,`telefonisch erreichbar` means reachable by phone.,`telefonisch erreichbar` means reachable by phone.,,,,duplicate_v02_lineage_resolved,duplicate_v02_lineage_resolved,
content/b1-m04-applications.js,v080149_cat04_practice_family_cat04_pf_071,cat04-pf-071,cat04-pf-071,matched_replacement_layer,Exception,manual review: unrecognised v0.2 decision vocabulary,revise_light,revise_light,,CORE_SAFE_V02_REPLACEMENT,future apply patch may replace schema-compatible learner-facing fields from v0.2/recovery while preserving current item ID,Auswahl,selected_choice_value,CAT04-practice_family-cat04_pf_071,true,prompt; stimulus/learnerCue; microRule/explainText,Sie sprechen über Ihre Erfahrung in einem Beruf. Welche Angabe passt?,Sie sprechen über Ihre Erfahrung in einem Beruf. Welche Angabe passt?,A Ich habe Berufserfahrung im Verkauf. / B Ich habe Deutschkenntnisse im Verkauf. / C Ich habe eine Rückmeldung im Verkauf.,A Ich habe Berufserfahrung im Verkauf. / B Ich habe Deutschkenntnisse im Verkauf. / C Ich habe eine Rückmeldung im Verkauf.,A | A Ich habe Berufserfahrung im Verkauf. | B Ich habe Deutschkenntnisse im Verkauf. | C Ich habe eine Rückmeldung im Verkauf.,,A,A,`Berufserfahrung` is professional experience.,`Berufserfahrung` is professional experience.,,,,duplicate_v02_lineage_resolved,duplicate_v02_lineage_resolved,
content/b1-m04-applications.js,v080149_cat04_practice_family_cat04_pf_072,cat04-pf-072,cat04-pf-072,matched_replacement_layer,Exception,manual review: unrecognised v0.2 decision vocabulary,revise_light,revise_light,,CORE_SAFE_V02_REPLACEMENT,future apply patch may replace schema-compatible learner-facing fields from v0.2/recovery while preserving current item ID,Auswahl,selected_choice_value,CAT04-practice_family-cat04_pf_072,true,prompt; stimulus/learnerCue; microRule/explainText,Sie nennen eine frühere Rolle. Welche Form ist natürlich?,Sie nennen eine frühere Rolle. Welche Form ist natürlich?,A Ich habe für Fahrer gearbeitet. / B Ich habe als Fahrer gearbeitet. / C Ich habe bei Fahrer gearbeitet.,A Ich habe für Fahrer gearbeitet. / B Ich habe als Fahrer gearbeitet. / C Ich habe bei Fahrer gearbeitet.,B | A Ich habe für Fahrer gearbeitet. | B Ich habe als Fahrer gearbeitet. | C Ich habe bei Fahrer gearbeitet.,,B,B,Use `als` for a role or job title.,Use `als` for a role or job title.,,,,duplicate_v02_lineage_resolved,duplicate_v02_lineage_resolved,
content/b1-m04-applications.js,v080149_cat04_practice_family_cat04_pf_073,cat04-pf-073,cat04-pf-073,matched_replacement_layer,Exception,manual review: unrecognised v0.2 decision vocabulary,revise_light,revise_light,,CORE_SAFE_V02_REPLACEMENT,future apply patch may replace schema-compatible learner-facing fields from v0.2/recovery while preserving current item ID,Auswahl,selected_choice_value,CAT04-practice_family-cat04_pf_073,true,prompt; stimulus/learnerCue; microRule/explainText,Sie schicken Unterlagen per E-Mail. Welche Form passt?,Sie schicken Unterlagen per E-Mail. Welche Form passt?,A Im Anhang finden Sie meinen Lebenslauf. / B In der Anlage bewerbe ich meinen Lebenslauf. / C Im Formular finden Sie meine Rückmeldung.,A Im Anhang finden Sie meinen Lebenslauf. / B In der Anlage bewerbe ich meinen Lebenslauf. / C Im Formular finden Sie meine Rückmeldung.,A | A Im Anhang finden Sie meinen Lebenslauf. | B In der Anlage bewerbe ich meinen Lebenslauf. | C Im Formular finden Sie meine Rückmeldung.,,A,A,Email collocation: `im Anhang finden Sie ...`.,Email collocation: `im Anhang finden Sie ...`.,,,,duplicate_v02_lineage_resolved,duplicate_v02_lineage_resolved,
content/b1-m04-applications.js,v080149_cat04_practice_family_cat04_pf_074,cat04-pf-074,cat04-pf-074,matched_replacement_layer,Exception,manual review: unrecognised v0.2 decision vocabulary,revise_light,revise_light,,CORE_SAFE_V02_REPLACEMENT,future apply patch may replace schema-compatible learner-facing fields from v0.2/recovery while preserving current item ID,Auswahl,selected_choice_value,CAT04-practice_family-cat04_pf_074,true,prompt; stimulus/learnerCue; microRule/explainText,"Die Firma fragt, ob etwas fehlt. Welche Form passt?","Die Firma fragt, ob etwas fehlt. Welche Form passt?",A Die Unterlagen sind genug. / B Die Unterlagen sind voll. / C Die Unterlagen sind vollständig.,A Die Unterlagen sind genug. / B Die Unterlagen sind voll. / C Die Unterlagen sind vollständig.,C | A Die Unterlagen sind genug. | B Die Unterlagen sind voll. | C Die Unterlagen sind vollständig.,,C,C,`vollständig` means complete for documents.,`vollständig` means complete for documents.,,,,duplicate_v02_lineage_resolved,duplicate_v02_lineage_resolved,
content/b1-m04-applications.js,v080149_cat04_practice_family_cat04_pf_075,cat04-pf-075,cat04-pf-075,matched_replacement_layer,Exception,manual review: unrecognised v0.2 decision vocabulary,revise_light,revise_light,,CORE_SAFE_V02_REPLACEMENT,future apply patch may replace schema-compatible learner-facing fields from v0.2/recovery while preserving current item ID,Auswahl,selected_choice_value,CAT04-practice_family-cat04_pf_075,true,prompt; stimulus/learnerCue; microRule/explainText,Sie nennen Ihr Deutschniveau. Welche Form passt?,Sie nennen Ihr Deutschniveau. Welche Form passt?,A auf B1-Niveau / B in B1-Niveau / C bei B1-Niveau,A auf B1-Niveau / B in B1-Niveau / C bei B1-Niveau,A | A auf B1-Niveau | B in B1-Niveau | C bei B1-Niveau,,A,A,Use `auf B1-Niveau`.,Use `auf B1-Niveau`.,,,,duplicate_v02_lineage_resolved,duplicate_v02_lineage_resolved,
content/b1-m04-applications.js,v080149_cat04_practice_family_cat04_pf_076,cat04-pf-076,cat04-pf-076,matched_replacement_layer,Exception,manual review: unrecognised v0.2 decision vocabulary,revise_light,revise_light,,CORE_SAFE_V02_REPLACEMENT,future apply patch may replace schema-compatible learner-facing fields from v0.2/recovery while preserving current item ID,Auswahl,selected_choice_value,CAT04-practice_family-cat04_pf_076,true,prompt; stimulus/learnerCue; microRule/explainText,Sie schließen eine formale Bewerbungsmail. Welche Schlussformel passt?,Sie schließen eine formale Bewerbungsmail. Welche Schlussformel passt?,A Liebe Grüße / B Mit freundlichen Grüßen / C Bis bald,A Liebe Grüße / B Mit freundlichen Grüßen / C Bis bald,B | A Liebe Grüße | B Mit freundlichen Grüßen | C Bis bald,,B,B,Formal close: `Mit freundlichen Grüßen`.,Formal close: `Mit freundlichen Grüßen`.,,,,duplicate_v02_lineage_resolved,duplicate_v02_lineage_resolved,
content/b1-m05-first-day-contract-basics.js,v080149_cat05_collocation_cat05_coll_001,cat05-coll-001,cat05-coll-001,matched_replacement_layer,Exception,manual review: unrecognised v0.2 decision vocabulary,revise_light,revise_light,,CORE_SAFE_V02_REPLACEMENT,future apply patch may replace schema-compatible learner-facing fields from v0.2/recovery while preserving current item ID,Auswahl,selected_choice_value,CAT05-collocation-cat05_coll_001,true,microRule/explainText,Welche Kollokation passt? sign the employment contract,,Choose the best German option.,,den Arbeitsvertrag unterschreiben | related CAT05 | CAT07 | CAT12,,den Arbeitsvertrag unterschreiben,den Arbeitsvertrag unterschreiben,Use `unterschreiben` with documents/contracts.,Use `unterschreiben` with documents/contracts.,,,,duplicate_v02_lineage_resolved,duplicate_v02_lineage_resolved,
content/b1-m05-first-day-contract-basics.js,v080149_cat05_collocation_cat05_coll_002,cat05-coll-002,cat05-coll-002,matched_replacement_layer,Exception,manual review: unrecognised v0.2 decision vocabulary,revise_light,revise_light,,CORE_SAFE_V02_REPLACEMENT,future apply patch may replace schema-compatible learner-facing fields from v0.2/recovery while preserving current item ID,Auswahl,selected_choice_value,CAT05-collocation-cat05_coll_002,true,microRule/explainText,Welche Kollokation passt? provide/sign with a signature,,Choose the best German option.,,die Unterschrift leisten | related CAT05 | CAT07 | CAT12,,die Unterschrift leisten,die Unterschrift leisten,Noun phrase uses `leisten`; simpler tasks can use `unterschreiben`.,Noun phrase uses `leisten`; simpler tasks can use `unterschreiben`.,,,,duplicate_v02_lineage_resolved,duplicate_v02_lineage_resolved,
content/b1-m05-first-day-contract-basics.js,v080149_cat05_collocation_cat05_coll_003,cat05-coll-003,cat05-coll-003,matched_replacement_layer,Exception,manual review: unrecognised v0.2 decision vocabulary,revise_light,revise_light,,CORE_SAFE_V02_REPLACEMENT,future apply patch may replace schema-compatible learner-facing fields from v0.2/recovery while preserving current item ID,Auswahl,selected_choice_value,CAT05-collocation-cat05_coll_003,true,microRule/explainText,Welche Kollokation passt? receive an acceptance/offer,,Choose the best German option.,,eine Zusage bekommen | related CAT05 | CAT07 | CAT12,,eine Zusage bekommen,eine Zusage bekommen,`Zusage` is positive; contrast with `Absage`.,`Zusage` is positive; contrast with `Absage`.,,,,duplicate_v02_lineage_resolved,duplicate_v02_lineage_resolved,
content/b1-m05-first-day-contract-basics.js,v080149_cat05_collocation_cat05_coll_004,cat05-coll-004,cat05-coll-004,matched_replacement_layer,Exception,manual review: unrecognised v0.2 decision vocabulary,revise_light,revise_light,,CORE_SAFE_V02_REPLACEMENT,future apply patch may replace schema-compatible learner-facing fields from v0.2/recovery while preserving current item ID,Auswahl,selected_choice_value,CAT05-collocation-cat05_coll_004,true,microRule/explainText,Welche Kollokation passt? distinguish employer and employee,,Choose the best German option.,,Arbeitgeber und Arbeitnehmer unterscheiden | related CAT05 | CAT07 | CAT12,,Arbeitgeber und Arbeitnehmer unterscheiden,Arbeitgeber und Arbeitnehmer unterscheiden,Employer gives work; employee works for them.,Employer gives work; employee works for them.,,,,duplicate_v02_lineage_resolved,duplicate_v02_lineage_resolved,
content/b1-m05-first-day-contract-basics.js,v080149_cat05_collocation_cat05_coll_005,cat05-coll-005,cat05-coll-005,matched_replacement_layer,Exception,manual review: unrecognised v0.2 decision vocabulary,revise_light,revise_light,,CORE_SAFE_V02_REPLACEMENT,future apply patch may replace schema-compatible learner-facing fields from v0.2/recovery while preserving current item ID,Auswahl,selected_choice_value,CAT05-collocation-cat05_coll_005,true,microRule/explainText,Welche Kollokation passt? ask a colleague,,Choose the best German option.,,einen Kollegen fragen | related CAT05 | CAT07 | CAT12,,einen Kollegen fragen,einen Kollegen fragen,Use person object with `fragen`; avoid hidden declension tests.,Use person object with `fragen`; avoid hidden declension tests.,,,,duplicate_v02_lineage_resolved,duplicate_v02_lineage_resolved,
content/b1-m05-first-day-contract-basics.js,v080149_cat05_collocation_cat05_coll_006,cat05-coll-006,cat05-coll-006,matched_replacement_layer,Exception,manual review: unrecognised v0.2 decision vocabulary,revise_light,revise_light,,CORE_SAFE_V02_REPLACEMENT,future apply patch may replace schema-compatible learner-facing fields from v0.2/recovery while preserving current item ID,Auswahl,selected_choice_value,CAT05-collocation-cat05_coll_006,true,microRule/explainText,Welche Kollokation passt? check in/report at reception,,Choose the best German option.,,sich am Empfang melden | related CAT05 | CAT07 | CAT12,,sich am Empfang melden,sich am Empfang melden,Reflexive: `sich melden`; place with `am/im`.,Reflexive: `sich melden`; place with `am/im`.,,,,duplicate_v02_lineage_resolved,duplicate_v02_lineage_resolved,
content/b1-m05-first-day-contract-basics.js,v080149_cat05_collocation_cat05_coll_007,cat05-coll-007,cat05-coll-007,matched_replacement_layer,Exception,manual review: unrecognised v0.2 decision vocabulary,revise_light,revise_light,,CORE_SAFE_V02_REPLACEMENT,future apply patch may replace schema-compatible learner-facing fields from v0.2/recovery while preserving current item ID,Auswahl,selected_choice_value,CAT05-collocation-cat05_coll_007,true,microRule/explainText,Welche Kollokation passt? work in the department,,Choose the best German option.,,in der Abteilung arbeiten | related CAT05 | CAT07 | CAT12,,in der Abteilung arbeiten,in der Abteilung arbeiten,Place phrase: `in der Abteilung`.,Place phrase: `in der Abteilung`.,,,,duplicate_v02_lineage_resolved,duplicate_v02_lineage_resolved,
content/b1-m05-first-day-contract-basics.js,v080149_cat05_collocation_cat05_coll_008,cat05-coll-008,cat05-coll-008,matched_replacement_layer,Exception,manual review: unrecognised v0.2 decision vocabulary,revise_light,revise_light,,CORE_SAFE_V02_REPLACEMENT,future apply patch may replace schema-compatible learner-facing fields from v0.2/recovery while preserving current item ID,Auswahl,selected_choice_value,CAT05-collocation-cat05_coll_008,true,microRule/explainText,Welche Kollokation passt? be in induction/training-in period,,Choose the best German option.,,in der Einarbeitung sein | related CAT05 | CAT07 | CAT12,,in der Einarbeitung sein,in der Einarbeitung sein,"`Einarbeitung` is onboarding, not probation itself.","`Einarbeitung` is onboarding, not probation itself.",,,,duplicate_v02_lineage_resolved,duplicate_v02_lineage_resolved,
content/b1-m05-first-day-contract-basics.js,v080149_cat05_collocation_cat05_coll_010,cat05-coll-010,cat05-coll-010,matched_replacement_layer,Exception,manual review: unrecognised v0.2 decision vocabulary,revise_light,revise_light,,CORE_SAFE_V02_REPLACEMENT,future apply patch may replace schema-compatible learner-facing fields from v0.2/recovery while preserving current item ID,Auswahl,selected_choice_value,CAT05-collocation-cat05_coll_010,true,microRule/explainText,Welche Kollokation passt? take on a task,,Choose the best German option.,,eine Aufgabe übernehmen | related CAT05 | CAT07 | CAT12,,eine Aufgabe übernehmen,eine Aufgabe übernehmen,Collocation: `Aufgabe übernehmen`.,Collocation: `Aufgabe übernehmen`.,,,,duplicate_v02_lineage_resolved,duplicate_v02_lineage_resolved,
content/b1-m05-first-day-contract-basics.js,v080149_cat05_collocation_cat05_coll_011,cat05-coll-011,cat05-coll-011,matched_replacement_layer,Exception,manual review: unrecognised v0.2 decision vocabulary,revise_light,revise_light,,CORE_SAFE_V02_REPLACEMENT,future apply patch may replace schema-compatible learner-facing fields from v0.2/recovery while preserving current item ID,Auswahl,selected_choice_value,CAT05-collocation-cat05_coll_011,true,microRule/explainText,Welche Kollokation passt? be responsible for something,,Choose the best German option.,,für etwas zuständig sein | related CAT05 | CAT07 | CAT12,,für etwas zuständig sein,für etwas zuständig sein,Frame: `zuständig sein für`.,Frame: `zuständig sein für`.,,,,duplicate_v02_lineage_resolved,duplicate_v02_lineage_resolved,
content/b1-m05-first-day-contract-basics.js,v080149_cat05_collocation_cat05_coll_012,cat05-coll-012,cat05-coll-012,matched_replacement_layer,Exception,manual review: unrecognised v0.2 decision vocabulary,revise_light,revise_light,,CORE_SAFE_V02_REPLACEMENT,future apply patch may replace schema-compatible learner-facing fields from v0.2/recovery while preserving current item ID,Auswahl,selected_choice_value,CAT05-collocation-cat05_coll_012,true,microRule/explainText,Welche Kollokation passt? take responsibility,,Choose the best German option.,,Verantwortung übernehmen | related CAT05 | CAT07 | CAT12,,Verantwortung übernehmen,Verantwortung übernehmen,Fixed collocation with `übernehmen`.,Fixed collocation with `übernehmen`.,,,,duplicate_v02_lineage_resolved,duplicate_v02_lineage_resolved,
content/b1-m05-first-day-contract-basics.js,v080149_cat05_collocation_cat05_coll_015,cat05-coll-015,cat05-coll-015,matched_replacement_layer,Exception,manual review: unrecognised v0.2 decision vocabulary,revise_light,revise_light,,CORE_SAFE_V02_REPLACEMENT,future apply patch may replace schema-compatible learner-facing fields from v0.2/recovery while preserving current item ID,Auswahl,selected_choice_value,CAT05-collocation-cat05_coll_015,true,microRule/explainText,Welche Kollokation passt? work full-time,,Choose the best German option.,,in Vollzeit arbeiten | related CAT05 | CAT07 | CAT12,,in Vollzeit arbeiten,in Vollzeit arbeiten,Use `in Vollzeit/Teilzeit arbeiten`.,Use `in Vollzeit/Teilzeit arbeiten`.,,,,duplicate_v02_lineage_resolved,duplicate_v02_lineage_resolved,
content/b1-m05-first-day-contract-basics.js,v080149_cat05_collocation_cat05_coll_016,cat05-coll-016,cat05-coll-016,matched_replacement_layer,Exception,manual review: unrecognised v0.2 decision vocabulary,revise_light,revise_light,,CORE_SAFE_V02_REPLACEMENT,future apply patch may replace schema-compatible learner-facing fields from v0.2/recovery while preserving current item ID,Auswahl,selected_choice_value,CAT05-collocation-cat05_coll_016,true,microRule/explainText,Welche Kollokation passt? have a shift,,Choose the best German option.,,eine Schicht haben | related CAT05 | CAT07 | CAT12,,eine Schicht haben,eine Schicht haben,Schedule phrase: `eine Schicht haben`.,Schedule phrase: `eine Schicht haben`.,,,,duplicate_v02_lineage_resolved,duplicate_v02_lineage_resolved,
content/b1-m05-first-day-contract-basics.js,v080149_cat05_collocation_cat05_coll_017,cat05-coll-017,cat05-coll-017,matched_replacement_layer,Exception,manual review: unrecognised v0.2 decision vocabulary,revise_light,revise_light,,CORE_SAFE_V02_REPLACEMENT,future apply patch may replace schema-compatible learner-facing fields from v0.2/recovery while preserving current item ID,Auswahl,selected_choice_value,CAT05-collocation-cat05_coll_017,true,microRule/explainText,Welche Kollokation passt? start at eight o'clock,,Choose the best German option.,,um acht Uhr anfangen | related CAT05 | CAT07 | CAT12,,um acht Uhr anfangen,um acht Uhr anfangen,Clock time uses `um`; `anfangen` separates in main clause.,Clock time uses `um`; `anfangen` separates in main clause.,,,,duplicate_v02_lineage_resolved,duplicate_v02_lineage_resolved,
content/b1-m05-first-day-contract-basics.js,v080149_cat05_collocation_cat05_coll_018,cat05-coll-018,cat05-coll-018,matched_replacement_layer,Exception,manual review: unrecognised v0.2 decision vocabulary,revise_light,revise_light,,CORE_SAFE_V02_REPLACEMENT,future apply patch may replace schema-compatible learner-facing fields from v0.2/recovery while preserving current item ID,Auswahl,selected_choice_value,CAT05-collocation-cat05_coll_018,true,microRule/explainText,Welche Kollokation passt? take/have a break,,Choose the best German option.,,Pause machen | related CAT05 | CAT07 | CAT12,,Pause machen,Pause machen,Basic phrase: `Pause machen`.,Basic phrase: `Pause machen`.,,,,duplicate_v02_lineage_resolved,duplicate_v02_lineage_resolved,
content/b1-m05-first-day-contract-basics.js,v080149_cat05_collocation_cat05_coll_019,cat05-coll-019,cat05-coll-019,matched_replacement_layer,Exception,manual review: unrecognised v0.2 decision vocabulary,revise_light,revise_light,,CORE_SAFE_V02_REPLACEMENT,future apply patch may replace schema-compatible learner-facing fields from v0.2/recovery while preserving current item ID,Auswahl,selected_choice_value,CAT05-collocation-cat05_coll_019,true,microRule/explainText,Welche Kollokation passt? submit documents,,Choose the best German option.,,Unterlagen einreichen | related CAT05 | CAT07 | CAT12,,Unterlagen einreichen,Unterlagen einreichen,Use `einreichen` for formal submission.,Use `einreichen` for formal submission.,,,,duplicate_v02_lineage_resolved,duplicate_v02_lineage_resolved,
content/b1-m05-first-day-contract-basics.js,v080149_cat05_collocation_cat05_coll_020,cat05-coll-020,cat05-coll-020,matched_replacement_layer,Exception,manual review: unrecognised v0.2 decision vocabulary,revise_light,revise_light,,CORE_SAFE_V02_REPLACEMENT,future apply patch may replace schema-compatible learner-facing fields from v0.2/recovery while preserving current item ID,Auswahl,selected_choice_value,CAT05-collocation-cat05_coll_020,true,microRule/explainText,Welche Kollokation passt? fill in a form,,Choose the best German option.,,ein Formular ausfüllen | related CAT05 | CAT07 | CAT12,,ein Formular ausfüllen,ein Formular ausfüllen,Separable verb: `ausfüllen` → `ich fülle ... aus`.,Separable verb: `ausfüllen` → `ich fülle ... aus`.,,,,duplicate_v02_lineage_resolved,duplicate_v02_lineage_resolved,
content/b1-m05-first-day-contract-basics.js,v080149_cat05_collocation_cat05_coll_021,cat05-coll-021,cat05-coll-021,matched_replacement_layer,Exception,manual review: unrecognised v0.2 decision vocabulary,revise_light,revise_light,,CORE_SAFE_V02_REPLACEMENT,future apply patch may replace schema-compatible learner-facing fields from v0.2/recovery while preserving current item ID,Auswahl,selected_choice_value,CAT05-collocation-cat05_coll_021,true,microRule/explainText,Welche Kollokation passt? provide bank details,,Choose the best German option.,,die Bankverbindung angeben | related CAT05 | CAT07 | CAT12,,die Bankverbindung angeben,die Bankverbindung angeben,Form verb: `angeben` → `ich gebe ... an`.,Form verb: `angeben` → `ich gebe ... an`.,,,,duplicate_v02_lineage_resolved,duplicate_v02_lineage_resolved,
content/b1-m05-first-day-contract-basics.js,v080149_cat05_collocation_cat05_coll_023,cat05-coll-023,cat05-coll-023,matched_replacement_layer,Exception,manual review: unrecognised v0.2 decision vocabulary,revise_light,revise_light,,CORE_SAFE_V02_REPLACEMENT,future apply patch may replace schema-compatible learner-facing fields from v0.2/recovery while preserving current item ID,Auswahl,selected_choice_value,CAT05-collocation-cat05_coll_023,true,microRule/explainText,Welche Kollokation passt? wear work clothes/uniform,,Choose the best German option.,,Arbeitskleidung tragen | related CAT05 | CAT07 | CAT12,,Arbeitskleidung tragen,Arbeitskleidung tragen,Use `tragen` for clothing.,Use `tragen` for clothing.,,,,duplicate_v02_lineage_resolved,duplicate_v02_lineage_resolved,
content/b1-m05-first-day-contract-basics.js,v080149_cat05_collocation_cat05_coll_024,cat05-coll-024,cat05-coll-024,matched_replacement_layer,Exception,manual review: unrecognised v0.2 decision vocabulary,revise_light,revise_light,,CORE_SAFE_V02_REPLACEMENT,future apply patch may replace schema-compatible learner-facing fields from v0.2/recovery while preserving current item ID,Auswahl,selected_choice_value,CAT05-collocation-cat05_coll_024,true,microRule/explainText,Welche Kollokation passt? receive an access card,,Choose the best German option.,,eine Zugangskarte bekommen | related CAT05 | CAT07 | CAT12,,eine Zugangskarte bekommen,eine Zugangskarte bekommen,Access item; contrast with Bankkarte/Ausweis.,Access item; contrast with Bankkarte/Ausweis.,,,,duplicate_v02_lineage_resolved,duplicate_v02_lineage_resolved,
content/b1-m05-first-day-contract-basics.js,v080149_cat05_collocation_cat05_coll_025,cat05-coll-025,cat05-coll-025,matched_replacement_layer,Exception,manual review: unrecognised v0.2 decision vocabulary,revise_light,revise_light,,CORE_SAFE_V02_REPLACEMENT,future apply patch may replace schema-compatible learner-facing fields from v0.2/recovery while preserving current item ID,Auswahl,selected_choice_value,CAT05-collocation-cat05_coll_025,true,microRule/explainText,Welche Kollokation passt? show the break room,,Choose the best German option.,,den Pausenraum zeigen | related CAT05 | CAT07 | CAT12,,den Pausenraum zeigen,den Pausenraum zeigen,Orientation collocation with place objects.,Orientation collocation with place objects.,,,,duplicate_v02_lineage_resolved,duplicate_v02_lineage_resolved,
content/b1-m05-first-day-contract-basics.js,v080149_cat05_collocation_cat05_coll_026,cat05-coll-026,cat05-coll-026,matched_replacement_layer,Exception,manual review: unrecognised v0.2 decision vocabulary,revise_light,revise_light,,CORE_SAFE_V02_REPLACEMENT,future apply patch may replace schema-compatible learner-facing fields from v0.2/recovery while preserving current item ID,Auswahl,selected_choice_value,CAT05-collocation-cat05_coll_026,true,microRule/explainText,Welche Kollokation passt? observe/follow rules,,Choose the best German option.,,Regeln beachten | related CAT05 | CAT07 | CAT12,,Regeln beachten,Regeln beachten,`beachten` is natural with rules/instructions.,`beachten` is natural with rules/instructions.,,,,duplicate_v02_lineage_resolved,duplicate_v02_lineage_resolved,
content/b1-m05-first-day-contract-basics.js,v080149_cat05_collocation_cat05_coll_028,cat05-coll-028,cat05-coll-028,matched_replacement_layer,Exception,manual review: unrecognised v0.2 decision vocabulary,revise_light,revise_light,,CORE_SAFE_V02_REPLACEMENT,future apply patch may replace schema-compatible learner-facing fields from v0.2/recovery while preserving current item ID,Auswahl,selected_choice_value,CAT05-collocation-cat05_coll_028,true,microRule/explainText,Welche Kollokation passt? receive salary,,Choose the best German option.,,Gehalt bekommen | related CAT05 | CAT07 | CAT12,,Gehalt bekommen,Gehalt bekommen,Basic pay phrase; avoid calculations.,Basic pay phrase; avoid calculations.,,,,duplicate_v02_lineage_resolved,duplicate_v02_lineage_resolved,
content/b1-m05-first-day-contract-basics.js,v080149_cat05_collocation_cat05_coll_030,cat05-coll-030,cat05-coll-030,matched_replacement_layer,Exception,manual review: unrecognised v0.2 decision vocabulary,revise_light,revise_light,,CORE_SAFE_V02_REPLACEMENT,future apply patch may replace schema-compatible learner-facing fields from v0.2/recovery while preserving current item ID,Auswahl,selected_choice_value,CAT05-collocation-cat05_coll_030,true,microRule/explainText,Welche Kollokation passt? start on Monday,,Choose the best German option.,,am Montag anfangen | related CAT05 | CAT07 | CAT12,,am Montag anfangen,am Montag anfangen,Separable verb: `ich fange ... an`.,Separable verb: `ich fange ... an`.,,,,duplicate_v02_lineage_resolved,duplicate_v02_lineage_resolved,
content/b1-m05-first-day-contract-basics.js,v080149_cat05_contrast_cat05_cs_001,cat05-cs-001,cat05-cs-001,matched_replacement_layer,Exception,manual review: unrecognised v0.2 decision vocabulary,revise_light,revise_light,,CORE_SAFE_V02_REPLACEMENT,future apply patch may replace schema-compatible learner-facing fields from v0.2/recovery while preserving current item ID,Auswahl,selected_choice_value,CAT05-contrast-cat05_cs_001,true,prompt; microRule/explainText,Welche Form passt in dieser ersten Arbeitstag- oder Vertragssituation am besten?,Welche Form passt in dieser ersten Arbeitstag- oder Vertragssituation am besten?,contract vs application,,Arbeitsvertrag | Bewerbung | Lebenslauf | Zeugnis,Arbeitsvertrag | Bewerbung | Lebenslauf | Zeugnis,Arbeitsvertrag,Arbeitsvertrag,The contract is signed after hiring.,The contract is signed after hiring.,,,,duplicate_v02_lineage_resolved,duplicate_v02_lineage_resolved,
content/b1-m05-first-day-contract-basics.js,v080149_cat05_contrast_cat05_cs_002,cat05-cs-002,cat05-cs-002,matched_replacement_layer,Exception,manual review: unrecognised v0.2 decision vocabulary,revise_light,revise_light,,CORE_SAFE_V02_REPLACEMENT,future apply patch may replace schema-compatible learner-facing fields from v0.2/recovery while preserving current item ID,Auswahl,selected_choice_value,CAT05-contrast-cat05_cs_002,true,prompt; microRule/explainText,Welche Form passt in dieser ersten Arbeitstag- oder Vertragssituation am besten?,Welche Form passt in dieser ersten Arbeitstag- oder Vertragssituation am besten?,acceptance vs rejection,,Zusage | Absage | Probezeit | Einstellung,Zusage | Absage | Probezeit | Einstellung,Zusage,Zusage,`Zusage` is positive acceptance/offer.,`Zusage` is positive acceptance/offer.,,,,duplicate_v02_lineage_resolved,duplicate_v02_lineage_resolved,
content/b1-m05-first-day-contract-basics.js,v080149_cat05_contrast_cat05_cs_003,cat05-cs-003,cat05-cs-003,matched_replacement_layer,Exception,manual review: unrecognised v0.2 decision vocabulary,revise_light,revise_light,,CORE_SAFE_V02_REPLACEMENT,future apply patch may replace schema-compatible learner-facing fields from v0.2/recovery while preserving current item ID,Auswahl,selected_choice_value,CAT05-contrast-cat05_cs_003,true,prompt; microRule/explainText,Welche Form passt in dieser ersten Arbeitstag- oder Vertragssituation am besten?,Welche Form passt in dieser ersten Arbeitstag- oder Vertragssituation am besten?,employer vs employee,,Arbeitgeber | Arbeitnehmer | Kollege | Kunde,Arbeitgeber | Arbeitnehmer | Kollege | Kunde,Arbeitgeber,Arbeitgeber,Employer gives the job/work.,Employer gives the job/work.,,,,duplicate_v02_lineage_resolved,duplicate_v02_lineage_resolved,
content/b1-m05-first-day-contract-basics.js,v080149_cat05_contrast_cat05_cs_004,cat05-cs-004,cat05-cs-004,matched_replacement_layer,Exception,manual review: unrecognised v0.2 decision vocabulary,revise_light,revise_light,,CORE_SAFE_V02_REPLACEMENT,future apply patch may replace schema-compatible learner-facing fields from v0.2/recovery while preserving current item ID,Auswahl,selected_choice_value,CAT05-contrast-cat05_cs_004,true,prompt; microRule/explainText,Welche Form passt in dieser ersten Arbeitstag- oder Vertragssituation am besten?,Welche Form passt in dieser ersten Arbeitstag- oder Vertragssituation am besten?,employee vs employer,,Arbeitnehmerin | Arbeitgeberin | Teamleitung | Ansprechperson,Arbeitnehmerin | Arbeitgeberin | Teamleitung | Ansprechperson,Arbeitnehmerin,Arbeitnehmerin,Employee works for the organisation.,Employee works for the organisation.,,,,duplicate_v02_lineage_resolved,duplicate_v02_lineage_resolved,
content/b1-m05-first-day-contract-basics.js,v080149_cat05_contrast_cat05_cs_005,cat05-cs-005,cat05-cs-005,matched_replacement_layer,Exception,manual review: unrecognised v0.2 decision vocabulary,revise_light,revise_light,,CORE_SAFE_V02_REPLACEMENT,future apply patch may replace schema-compatible learner-facing fields from v0.2/recovery while preserving current item ID,Auswahl,selected_choice_value,CAT05-contrast-cat05_cs_005,true,prompt; microRule/explainText,Welche Form passt in dieser ersten Arbeitstag- oder Vertragssituation am besten?,Welche Form passt in dieser ersten Arbeitstag- oder Vertragssituation am besten?,first-day check-in place,,Personalbüro | Bürgeramt | Krankenkasse | Kantine,Personalbüro | Bürgeramt | Krankenkasse | Kantine,Personalbüro,Personalbüro,HR/personnel office is internal workplace admin.,HR/personnel office is internal workplace admin.,,,,duplicate_v02_lineage_resolved,duplicate_v02_lineage_resolved,
content/b1-m05-first-day-contract-basics.js,v080149_cat05_contrast_cat05_cs_006,cat05-cs-006,cat05-cs-006,matched_replacement_layer,Exception,manual review: unrecognised v0.2 decision vocabulary,revise_light,revise_light,,CORE_SAFE_V02_REPLACEMENT,future apply patch may replace schema-compatible learner-facing fields from v0.2/recovery while preserving current item ID,Auswahl,selected_choice_value,CAT05-contrast-cat05_cs_006,true,prompt; microRule/explainText,Welche Form passt in dieser ersten Arbeitstag- oder Vertragssituation am besten?,Welche Form passt in dieser ersten Arbeitstag- oder Vertragssituation am besten?,orientation places,,Pausenraum | Arbeitsvertrag | Steuer-ID | Zusage,Pausenraum | Arbeitsvertrag | Steuer-ID | Zusage,Pausenraum,Pausenraum,Pausenraum is a place.,Pausenraum is a place.,,,,duplicate_v02_lineage_resolved,duplicate_v02_lineage_resolved,
content/b1-m05-first-day-contract-basics.js,v080149_cat05_contrast_cat05_cs_007,cat05-cs-007,cat05-cs-007,matched_replacement_layer,Exception,manual review: unrecognised v0.2 decision vocabulary,revise_light,revise_light,,CORE_SAFE_V02_REPLACEMENT,future apply patch may replace schema-compatible learner-facing fields from v0.2/recovery while preserving current item ID,Auswahl,selected_choice_value,CAT05-contrast-cat05_cs_007,true,prompt; microRule/explainText,Welche Form passt in dieser ersten Arbeitstag- oder Vertragssituation am besten?,Welche Form passt in dieser ersten Arbeitstag- oder Vertragssituation am besten?,check in/report,,sich am Empfang melden | den Empfang melden | am Empfang anmelden | zum Empfang erzählen,sich am Empfang melden | den Empfang melden | am Empfang anmelden | zum Empfang erzählen,sich am Empfang melden,sich am Empfang melden,Reflexive `sich melden` is the target frame.,Reflexive `sich melden` is the target frame.,,,,duplicate_v02_lineage_resolved,duplicate_v02_lineage_resolved,
content/b1-m05-first-day-contract-basics.js,v080149_cat05_contrast_cat05_cs_008,cat05-cs-008,cat05-cs-008,matched_replacement_layer,Exception,manual review: unrecognised v0.2 decision vocabulary,revise_light,revise_light,,CORE_SAFE_V02_REPLACEMENT,future apply patch may replace schema-compatible learner-facing fields from v0.2/recovery while preserving current item ID,Auswahl,selected_choice_value,CAT05-contrast-cat05_cs_008,true,prompt; microRule/explainText,Welche Form passt in dieser ersten Arbeitstag- oder Vertragssituation am besten?,Welche Form passt in dieser ersten Arbeitstag- oder Vertragssituation am besten?,start work,,Ich fange am Montag an. | Ich anfange am Montag. | Ich fange an am Montag Vertrag. | Ich beginne an Montag.,Ich fange am Montag an. | Ich anfange am Montag. | Ich fange an am Montag Vertrag. | Ich beginne an Montag.,Ich fange am Montag an.,Ich fange am Montag an.,`anfangen` separates in main clause.,`anfangen` separates in main clause.,,,,duplicate_v02_lineage_resolved,duplicate_v02_lineage_resolved,
content/b1-m05-first-day-contract-basics.js,v080149_cat05_contrast_cat05_cs_009,cat05-cs-009,cat05-cs-009,matched_replacement_layer,Exception,manual review: unrecognised v0.2 decision vocabulary,revise_light,revise_light,,CORE_SAFE_V02_REPLACEMENT,future apply patch may replace schema-compatible learner-facing fields from v0.2/recovery while preserving current item ID,Auswahl,selected_choice_value,CAT05-contrast-cat05_cs_009,true,prompt; microRule/explainText,Welche Form passt in dieser ersten Arbeitstag- oder Vertragssituation am besten?,Welche Form passt in dieser ersten Arbeitstag- oder Vertragssituation am besten?,submit/provide documents,,Unterlagen einreichen | Unterlagen machen | Unterlagen schreiben | Unterlagen unterschreiben,Unterlagen einreichen | Unterlagen machen | Unterlagen schreiben | Unterlagen unterschreiben,Unterlagen einreichen,Unterlagen einreichen,`einreichen` means formally submit.,`einreichen` means formally submit.,,,,duplicate_v02_lineage_resolved,duplicate_v02_lineage_resolved,
content/b1-m05-first-day-contract-basics.js,v080149_cat05_contrast_cat05_cs_010,cat05-cs-010,cat05-cs-010,matched_replacement_layer,Exception,manual review: unrecognised v0.2 decision vocabulary,revise_light,revise_light,,CORE_SAFE_V02_REPLACEMENT,future apply patch may replace schema-compatible learner-facing fields from v0.2/recovery while preserving current item ID,Auswahl,selected_choice_value,CAT05-contrast-cat05_cs_010,true,prompt; microRule/explainText,Welche Form passt in dieser ersten Arbeitstag- oder Vertragssituation am besten?,Welche Form passt in dieser ersten Arbeitstag- oder Vertragssituation am besten?,submit later,,Unterlagen nachreichen | Unterlagen zurückreichen | Unterlagen erreichen | Unterlagen reichen nach mich,Unterlagen nachreichen | Unterlagen zurückreichen | Unterlagen erreichen | Unterlagen reichen nach mich,Unterlagen nachreichen,Unterlagen nachreichen,`nachreichen` means provide later.,`nachreichen` means provide later.,,,,duplicate_v02_lineage_resolved,duplicate_v02_lineage_resolved,
content/b1-m05-first-day-contract-basics.js,v080149_cat05_contrast_cat05_cs_011,cat05-cs-011,cat05-cs-011,matched_replacement_layer,Exception,manual review: unrecognised v0.2 decision vocabulary,revise_light,revise_light,,CORE_SAFE_V02_REPLACEMENT,future apply patch may replace schema-compatible learner-facing fields from v0.2/recovery while preserving current item ID,Auswahl,selected_choice_value,CAT05-contrast-cat05_cs_011,true,prompt; microRule/explainText,Welche Form passt in dieser ersten Arbeitstag- oder Vertragssituation am besten?,Welche Form passt in dieser ersten Arbeitstag- oder Vertragssituation am besten?,fill in a form,,ein Formular ausfüllen | ein Formular vollmachen | ein Formular ausmachen | ein Formular füllen,ein Formular ausfüllen | ein Formular vollmachen | ein Formular ausmachen | ein Formular füllen,ein Formular ausfüllen,ein Formular ausfüllen,`ausfüllen` is standard for forms.,`ausfüllen` is standard for forms.,,,,duplicate_v02_lineage_resolved,duplicate_v02_lineage_resolved,
content/b1-m05-first-day-contract-basics.js,v080149_cat05_contrast_cat05_cs_012,cat05-cs-012,cat05-cs-012,matched_replacement_layer,Exception,manual review: unrecognised v0.2 decision vocabulary,revise_light,revise_light,,CORE_SAFE_V02_REPLACEMENT,future apply patch may replace schema-compatible learner-facing fields from v0.2/recovery while preserving current item ID,Auswahl,selected_choice_value,CAT05-contrast-cat05_cs_012,true,prompt; microRule/explainText,Welche Form passt in dieser ersten Arbeitstag- oder Vertragssituation am besten?,Welche Form passt in dieser ersten Arbeitstag- oder Vertragssituation am besten?,provide bank details,,Bankverbindung angeben | Bankverbindung geben | Bankverbindung abgeben | Bankverbindung ausfüllen,Bankverbindung angeben | Bankverbindung geben | Bankverbindung abgeben | Bankverbindung ausfüllen,Bankverbindung angeben,Bankverbindung angeben,`angeben` means provide/state in a form.,`angeben` means provide/state in a form.,,,,duplicate_v02_lineage_resolved,duplicate_v02_lineage_resolved,
content/b1-m05-first-day-contract-basics.js,v080149_cat05_contrast_cat05_cs_013,cat05-cs-013,cat05-cs-013,matched_replacement_layer,Exception,manual review: unrecognised v0.2 decision vocabulary,revise_light,revise_light,,CORE_SAFE_V02_REPLACEMENT,future apply patch may replace schema-compatible learner-facing fields from v0.2/recovery while preserving current item ID,Auswahl,selected_choice_value,CAT05-contrast-cat05_cs_013,true,prompt; microRule/explainText,Welche Form passt in dieser ersten Arbeitstag- oder Vertragssituation am besten?,Welche Form passt in dieser ersten Arbeitstag- oder Vertragssituation am besten?,full-time/part-time,,Vollzeit | Teilzeit | Probezeit | Freizeit,Vollzeit | Teilzeit | Probezeit | Freizeit,Vollzeit,Vollzeit,Full-time contract/work pattern.,Full-time contract/work pattern.,,,,duplicate_v02_lineage_resolved,duplicate_v02_lineage_resolved,
content/b1-m05-first-day-contract-basics.js,v080149_cat05_contrast_cat05_cs_015,cat05-cs-015,cat05-cs-015,matched_replacement_layer,Exception,manual review: unrecognised v0.2 decision vocabulary,revise_light,revise_light,,CORE_SAFE_V02_REPLACEMENT,future apply patch may replace schema-compatible learner-facing fields from v0.2/recovery while preserving current item ID,Auswahl,selected_choice_value,CAT05-contrast-cat05_cs_015,true,prompt; microRule/explainText,Welche Form passt in dieser ersten Arbeitstag- oder Vertragssituation am besten?,Welche Form passt in dieser ersten Arbeitstag- oder Vertragssituation am besten?,workday start/end,,Arbeitsbeginn | Arbeitsende | Vertragsende | Feierabend,Arbeitsbeginn | Arbeitsende | Vertragsende | Feierabend,Arbeitsbeginn,Arbeitsbeginn,Start of workday/shift.,Start of workday/shift.,,,,duplicate_v02_lineage_resolved,duplicate_v02_lineage_resolved,
content/b1-m05-first-day-contract-basics.js,v080149_cat05_contrast_cat05_cs_017,cat05-cs-017,cat05-cs-017,matched_replacement_layer,Exception,manual review: unrecognised v0.2 decision vocabulary,revise_light,revise_light,,CORE_SAFE_V02_REPLACEMENT,future apply patch may replace schema-compatible learner-facing fields from v0.2/recovery while preserving current item ID,Auswahl,selected_choice_value,CAT05-contrast-cat05_cs_017,true,prompt; microRule/explainText,Welche Form passt in dieser ersten Arbeitstag- oder Vertragssituation am besten?,Welche Form passt in dieser ersten Arbeitstag- oder Vertragssituation am besten?,shift schedule,,Dienstplan | Lebenslauf | Personalbogen | Arbeitsvertrag,Dienstplan | Lebenslauf | Personalbogen | Arbeitsvertrag,Dienstplan,Dienstplan,Roster/shift schedule.,Roster/shift schedule.,,,,duplicate_v02_lineage_resolved,duplicate_v02_lineage_resolved,
content/b1-m05-first-day-contract-basics.js,v080149_cat05_contrast_cat05_cs_018,cat05-cs-018,cat05-cs-018,matched_replacement_layer,Exception,manual review: unrecognised v0.2 decision vocabulary,revise_light,revise_light,,CORE_SAFE_V02_REPLACEMENT,future apply patch may replace schema-compatible learner-facing fields from v0.2/recovery while preserving current item ID,Auswahl,selected_choice_value,CAT05-contrast-cat05_cs_018,true,prompt; microRule/explainText,Welche Form passt in dieser ersten Arbeitstag- oder Vertragssituation am besten?,Welche Form passt in dieser ersten Arbeitstag- oder Vertragssituation am besten?,shift types,,Frühschicht | Spätschicht | Nachtschicht | Probezeit,Frühschicht | Spätschicht | Nachtschicht | Probezeit,Frühschicht,Frühschicht,Early shift.,Early shift.,,,,duplicate_v02_lineage_resolved,duplicate_v02_lineage_resolved,
content/b1-m05-first-day-contract-basics.js,v080149_cat05_contrast_cat05_cs_019,cat05-cs-019,cat05-cs-019,matched_replacement_layer,Exception,manual review: unrecognised v0.2 decision vocabulary,revise_light,revise_light,,CORE_SAFE_V02_REPLACEMENT,future apply patch may replace schema-compatible learner-facing fields from v0.2/recovery while preserving current item ID,Auswahl,selected_choice_value,CAT05-contrast-cat05_cs_019,true,prompt; microRule/explainText,Welche Form passt in dieser ersten Arbeitstag- oder Vertragssituation am besten?,Welche Form passt in dieser ersten Arbeitstag- oder Vertragssituation am besten?,task/responsibility,,Aufgabe übernehmen | Aufgabe bekommen | Aufgabe bewerben | Aufgabe kündigen,Aufgabe übernehmen | Aufgabe bekommen | Aufgabe bewerben | Aufgabe kündigen,Aufgabe übernehmen,Aufgabe übernehmen,Take on a task is natural.,Take on a task is natural.,,,,duplicate_v02_lineage_resolved,duplicate_v02_lineage_resolved,
content/b1-m05-first-day-contract-basics.js,v080149_cat05_contrast_cat05_cs_020,cat05-cs-020,cat05-cs-020,matched_replacement_layer,Exception,manual review: unrecognised v0.2 decision vocabulary,revise_light,revise_light,,CORE_SAFE_V02_REPLACEMENT,future apply patch may replace schema-compatible learner-facing fields from v0.2/recovery while preserving current item ID,Auswahl,selected_choice_value,CAT05-contrast-cat05_cs_020,true,prompt; microRule/explainText,Welche Form passt in dieser ersten Arbeitstag- oder Vertragssituation am besten?,Welche Form passt in dieser ersten Arbeitstag- oder Vertragssituation am besten?,responsible for,,zuständig sein für | zuständig sein um | zuständig sein zu | zuständig haben,zuständig sein für | zuständig sein um | zuständig sein zu | zuständig haben,zuständig sein für,zuständig sein für,Frame takes `für`.,Frame takes `für`.,,,,duplicate_v02_lineage_resolved,duplicate_v02_lineage_resolved,
content/b1-m05-first-day-contract-basics.js,v080149_cat05_contrast_cat05_cs_021,cat05-cs-021,cat05-cs-021,matched_replacement_layer,Exception,manual review: unrecognised v0.2 decision vocabulary,revise_light,revise_light,,CORE_SAFE_V02_REPLACEMENT,future apply patch may replace schema-compatible learner-facing fields from v0.2/recovery while preserving current item ID,Auswahl,selected_choice_value,CAT05-contrast-cat05_cs_021,true,prompt; microRule/explainText,Welche Form passt in dieser ersten Arbeitstag- oder Vertragssituation am besten?,Welche Form passt in dieser ersten Arbeitstag- oder Vertragssituation am besten?,take care of,,sich kümmern um | sich kümmern für | kümmern an | sorgen um in workplace task,sich kümmern um | sich kümmern für | kümmern an | sorgen um in workplace task,sich kümmern um,sich kümmern um,Frame: `sich kümmern um`.,Frame: `sich kümmern um`.,,,,duplicate_v02_lineage_resolved,duplicate_v02_lineage_resolved,
content/b1-m05-first-day-contract-basics.js,v080149_cat05_contrast_cat05_cs_022,cat05-cs-022,cat05-cs-022,matched_replacement_layer,Exception,manual review: unrecognised v0.2 decision vocabulary,revise_light,revise_light,,CORE_SAFE_V02_REPLACEMENT,future apply patch may replace schema-compatible learner-facing fields from v0.2/recovery while preserving current item ID,Auswahl,selected_choice_value,CAT05-contrast-cat05_cs_022,true,prompt; microRule/explainText,Welche Form passt in dieser ersten Arbeitstag- oder Vertragssituation am besten?,Welche Form passt in dieser ersten Arbeitstag- oder Vertragssituation am besten?,follow rules,,Regeln beachten | Regeln schauen | Regeln folgen an | Regeln unterschreiben,Regeln beachten | Regeln schauen | Regeln folgen an | Regeln unterschreiben,Regeln beachten,Regeln beachten,`Regeln beachten` is natural.,`Regeln beachten` is natural.,,,,duplicate_v02_lineage_resolved,duplicate_v02_lineage_resolved,
content/b1-m05-first-day-contract-basics.js,v080149_cat05_contrast_cat05_cs_023,cat05-cs-023,cat05-cs-023,matched_replacement_layer,Exception,manual review: unrecognised v0.2 decision vocabulary,revise_light,revise_light,,CORE_SAFE_V02_REPLACEMENT,future apply patch may replace schema-compatible learner-facing fields from v0.2/recovery while preserving current item ID,Auswahl,selected_choice_value,CAT05-contrast-cat05_cs_023,true,prompt; microRule/explainText,Welche Form passt in dieser ersten Arbeitstag- oder Vertragssituation am besten?,Welche Form passt in dieser ersten Arbeitstag- oder Vertragssituation am besten?,access card vs bank card,,Zugangskarte | Bankkarte | Steuer-ID | Namensschild,Zugangskarte | Bankkarte | Steuer-ID | Namensschild,Zugangskarte,Zugangskarte,Access card opens doors/areas.,Access card opens doors/areas.,,,,duplicate_v02_lineage_resolved,duplicate_v02_lineage_resolved,
content/b1-m05-first-day-contract-basics.js,v080149_cat05_contrast_cat05_cs_024,cat05-cs-024,cat05-cs-024,matched_replacement_layer,Exception,manual review: unrecognised v0.2 decision vocabulary,revise_light,revise_light,,CORE_SAFE_V02_REPLACEMENT,future apply patch may replace schema-compatible learner-facing fields from v0.2/recovery while preserving current item ID,Auswahl,selected_choice_value,CAT05-contrast-cat05_cs_024,true,prompt; microRule/explainText,Welche Form passt in dieser ersten Arbeitstag- oder Vertragssituation am besten?,Welche Form passt in dieser ersten Arbeitstag- oder Vertragssituation am besten?,polite first-day question,,"Könnten Sie mir bitte zeigen, wo der Pausenraum ist? | Zeigen Sie Pausenraum. | Wo Pausenraum? | Ich will Pausenraum.","Könnten Sie mir bitte zeigen, wo der Pausenraum ist? | Zeigen Sie Pausenraum. | Wo Pausenraum? | Ich will Pausenraum.","Könnten Sie mir bitte zeigen, wo der Pausenraum ist?","Könnten Sie mir bitte zeigen, wo der Pausenraum ist?",Polite and complete.,Polite and complete.,,,,duplicate_v02_lineage_resolved,duplicate_v02_lineage_resolved,
content/b1-m05-first-day-contract-basics.js,v080149_cat05_practice_family_cat05_pf_013,cat05-pf-013,cat05-pf-013,matched_replacement_layer,Exception,manual review: unrecognised v0.2 decision vocabulary,revise_light,revise_light,,CORE_SAFE_V02_REPLACEMENT,future apply patch may replace schema-compatible learner-facing fields from v0.2/recovery while preserving current item ID,Auswahl,selected_choice_value,CAT05-practice_family-cat05_pf_013,true,prompt; stimulus/learnerCue; microRule/explainText,Sie bekommen die Stelle und sollen ein Dokument unterschreiben. Welche Bezeichnung passt?,Sie bekommen die Stelle und sollen ein Dokument unterschreiben. Welche Bezeichnung passt?,Arbeitsvertrag / Lebenslauf / Zeugnis,Arbeitsvertrag / Lebenslauf / Zeugnis,Arbeitsvertrag | Lebenslauf | Zeugnis | den Arbeitsvertrag unterschreiben,,Arbeitsvertrag,Arbeitsvertrag,`Arbeitsvertrag` is the employment contract; the CV and certificate belong to the application phase.,`Arbeitsvertrag` is the employment contract; the CV and certificate belong to the application phase.,,,,duplicate_v02_lineage_resolved,duplicate_v02_lineage_resolved,
content/b1-m05-first-day-contract-basics.js,v080149_cat05_practice_family_cat05_pf_015,cat05-pf-015,cat05-pf-015,matched_replacement_layer,Exception,manual review: unrecognised v0.2 decision vocabulary,revise_light,revise_light,,CORE_SAFE_V02_REPLACEMENT,future apply patch may replace schema-compatible learner-facing fields from v0.2/recovery while preserving current item ID,Auswahl,selected_choice_value,CAT05-practice_family-cat05_pf_015,true,prompt; stimulus/learnerCue; microRule/explainText,Welche Rolle gibt die Arbeit und stellt eine Person ein?,Welche Rolle gibt die Arbeit und stellt eine Person ein?,Arbeitgeber / Arbeitnehmer / Kollege,Arbeitgeber / Arbeitnehmer / Kollege,Arbeitgeber | Arbeitnehmer | Kollege | den Arbeitsvertrag unterschreiben,,Arbeitgeber,Arbeitgeber,`Arbeitgeber` is the employer; `Arbeitnehmer` is the employee.,`Arbeitgeber` is the employer; `Arbeitnehmer` is the employee.,,,,duplicate_v02_lineage_resolved,duplicate_v02_lineage_resolved,
content/b1-m05-first-day-contract-basics.js,v080149_cat05_practice_family_cat05_pf_016,cat05-pf-016,cat05-pf-016,matched_replacement_layer,Exception,manual review: unrecognised v0.2 decision vocabulary,revise_light,revise_light,,CORE_SAFE_V02_REPLACEMENT,future apply patch may replace schema-compatible learner-facing fields from v0.2/recovery while preserving current item ID,Auswahl,selected_choice_value,CAT05-practice_family-cat05_pf_016,true,prompt; stimulus/learnerCue; microRule/explainText,Welche Rolle arbeitet für den Arbeitgeber?,Welche Rolle arbeitet für den Arbeitgeber?,Arbeitnehmer / Arbeitgeber / Kunde,Arbeitnehmer / Arbeitgeber / Kunde,Arbeitnehmer | Arbeitgeber | Kunde | den Arbeitsvertrag unterschreiben,,Arbeitnehmer,Arbeitnehmer,`Arbeitnehmer` is the employee.,`Arbeitnehmer` is the employee.,,,,duplicate_v02_lineage_resolved,duplicate_v02_lineage_resolved,
content/b1-m05-first-day-contract-basics.js,v080149_cat05_practice_family_cat05_pf_017,cat05-pf-017,cat05-pf-017,matched_replacement_layer,Exception,manual review: unrecognised v0.2 decision vocabulary,revise_light,revise_light,,CORE_SAFE_V02_REPLACEMENT,future apply patch may replace schema-compatible learner-facing fields from v0.2/recovery while preserving current item ID,Auswahl,selected_choice_value,CAT05-practice_family-cat05_pf_017,true,prompt; stimulus/learnerCue; microRule/explainText,Sie kommen am ersten Arbeitstag an. Welche Stelle passt im Betrieb?,Sie kommen am ersten Arbeitstag an. Welche Stelle passt im Betrieb?,Personalbüro / Bürgeramt / Bankfiliale,Personalbüro / Bürgeramt / Bankfiliale,Personalbüro | Bürgeramt | Bankfiliale | den Arbeitsvertrag unterschreiben,,Personalbüro,Personalbüro,"For workplace onboarding, `Personalbüro` fits; `Bürgeramt` is a public office.","For workplace onboarding, `Personalbüro` fits; `Bürgeramt` is a public office.",,,,duplicate_v02_lineage_resolved,duplicate_v02_lineage_resolved,
content/b1-m05-first-day-contract-basics.js,v080149_cat05_practice_family_cat05_pf_025,cat05-pf-025,cat05-pf-025,matched_replacement_layer,Exception,manual review: unrecognised v0.2 decision vocabulary,revise_light,revise_light,,CORE_SAFE_V02_REPLACEMENT,future apply patch may replace schema-compatible learner-facing fields from v0.2/recovery while preserving current item ID,Auswahl,selected_choice_value,CAT05-practice_family-cat05_pf_025,true,prompt; stimulus/learnerCue; microRule/explainText,Sie arbeiten weniger als Vollzeit. Welche Form passt?,Sie arbeiten weniger als Vollzeit. Welche Form passt?,Teilzeit / Vollzeit / Arbeitsvertrag,Teilzeit / Vollzeit / Arbeitsvertrag,Teilzeit | Vollzeit | Arbeitsvertrag | den Arbeitsvertrag unterschreiben,,Teilzeit,Teilzeit,`Teilzeit` means part-time.,`Teilzeit` means part-time.,,,,duplicate_v02_lineage_resolved,duplicate_v02_lineage_resolved,
content/b1-m05-first-day-contract-basics.js,v080149_cat05_practice_family_cat05_pf_027,cat05-pf-027,cat05-pf-027,matched_replacement_layer,Exception,manual review: unrecognised v0.2 decision vocabulary,revise_light,revise_light,,CORE_SAFE_V02_REPLACEMENT,future apply patch may replace schema-compatible learner-facing fields from v0.2/recovery while preserving current item ID,Auswahl,selected_choice_value,CAT05-practice_family-cat05_pf_027,true,prompt; stimulus/learnerCue; microRule/explainText,Die Schicht beginnt früh am Morgen. Welche Form passt?,Die Schicht beginnt früh am Morgen. Welche Form passt?,Frühschicht / Spätschicht / Nachtschicht,Frühschicht / Spätschicht / Nachtschicht,Frühschicht | Spätschicht | Nachtschicht | den Arbeitsvertrag unterschreiben,,Frühschicht,Frühschicht,`Frühschicht` is the early shift.,`Frühschicht` is the early shift.,,,,duplicate_v02_lineage_resolved,duplicate_v02_lineage_resolved,
content/b1-m05-first-day-contract-basics.js,v080149_cat05_practice_family_cat05_pf_034,cat05-pf-034,cat05-pf-034,matched_replacement_layer,Exception,manual review: unrecognised v0.2 decision vocabulary,revise_light,revise_light,,CORE_SAFE_V02_REPLACEMENT,future apply patch may replace schema-compatible learner-facing fields from v0.2/recovery while preserving current item ID,Auswahl,selected_choice_value,CAT05-practice_family-cat05_pf_034,true,prompt; stimulus/learnerCue; microRule/explainText,Sie brauchen Schuhe zum Schutz am Arbeitsplatz. Welche Form passt?,Sie brauchen Schuhe zum Schutz am Arbeitsplatz. Welche Form passt?,Sicherheitsschuhe / Zugangskarte / Bankverbindung,Sicherheitsschuhe / Zugangskarte / Bankverbindung,Sicherheitsschuhe | Zugangskarte | Bankverbindung | den Arbeitsvertrag unterschreiben,,Sicherheitsschuhe,Sicherheitsschuhe,`Sicherheitsschuhe` are safety shoes.,`Sicherheitsschuhe` are safety shoes.,,,,duplicate_v02_lineage_resolved,duplicate_v02_lineage_resolved,
content/b1-m05-first-day-contract-basics.js,v080149_cat05_practice_family_cat05_pf_051,cat05-pf-051,cat05-pf-051,matched_replacement_layer,Exception,manual review: unrecognised v0.2 decision vocabulary,revise_light,revise_light,,CORE_SAFE_V02_REPLACEMENT,future apply patch may replace schema-compatible learner-facing fields from v0.2/recovery while preserving current item ID,Auswahl,selected_choice_value,CAT05-practice_family-cat05_pf_051,true,prompt; stimulus/learnerCue; microRule/explainText,Sie wollen eine offene Frage gemeinsam klären. Welche Form passt?,Sie wollen eine offene Frage gemeinsam klären. Welche Form passt?,eine Frage klären / eine Frage unterschreiben / eine Frage einreichen,eine Frage klären / eine Frage unterschreiben / eine Frage einreichen,eine Frage klären | eine Frage unterschreiben | eine Frage einreichen | den Arbeitsvertrag unterschreiben,,eine Frage klären,eine Frage klären,Collocation: use `eine Frage klären` for clarifying a question.,Collocation: use `eine Frage klären` for clarifying a question.,,,,duplicate_v02_lineage_resolved,duplicate_v02_lineage_resolved,
content/b1-m05-first-day-contract-basics.js,v080149_cat05_practice_family_cat05_pf_057,cat05-pf-057,cat05-pf-057,matched_replacement_layer,Exception,manual review: unrecognised v0.2 decision vocabulary,revise_light,revise_light,,CORE_SAFE_V02_REPLACEMENT,future apply patch may replace schema-compatible learner-facing fields from v0.2/recovery while preserving current item ID,Reparatur,typed,CAT05-practice_family-cat05_pf_057,true,prompt; stimulus/learnerCue,Am ersten Arbeitstag melde ich mich beim Bürgeramt.,Korrigiere den Satz.,Korrigiere den Satz.,Am ersten Arbeitstag melde ich mich beim Bürgeramt.,,,Am ersten Arbeitstag melde ich mich im Personalbüro.,Am ersten Arbeitstag melde ich mich im Personalbüro.,"For workplace onboarding, use `Personalbüro`, not `Bürgeramt`.","For workplace onboarding, use `Personalbüro`, not `Bürgeramt`.",,,,duplicate_v02_lineage_resolved,duplicate_v02_lineage_resolved,
content/b1-m05-first-day-contract-basics.js,v080149_cat05_practice_family_cat05_pf_060,cat05-pf-060,cat05-pf-060,matched_replacement_layer,Exception,manual review: unrecognised v0.2 decision vocabulary,revise_light,revise_light,,CORE_SAFE_V02_REPLACEMENT,future apply patch may replace schema-compatible learner-facing fields from v0.2/recovery while preserving current item ID,Auswahl,selected_choice_value,CAT05-practice_family-cat05_pf_060,true,prompt; stimulus/learnerCue; microRule/explainText,Sie sprechen allgemein über Lohn/Gehalt. Welche Form passt?,Sie sprechen allgemein über Lohn/Gehalt. Welche Form passt?,Gehalt / Pause / Zugangskarte,Gehalt / Pause / Zugangskarte,Gehalt | Pause | Zugangskarte | den Arbeitsvertrag unterschreiben,,Gehalt,Gehalt,`Gehalt` is salary/pay; payroll detail remains review-blocked when specific.,`Gehalt` is salary/pay; payroll detail remains review-blocked when specific.,,,,duplicate_v02_lineage_resolved,duplicate_v02_lineage_resolved,
content/b1-m05-first-day-contract-basics.js,v080149_cat05_practice_family_cat05_pf_069,cat05-pf-069,cat05-pf-069,matched_replacement_layer,Exception,manual review: unrecognised v0.2 decision vocabulary,revise_light,revise_light,,CORE_SAFE_V02_REPLACEMENT,future apply patch may replace schema-compatible learner-facing fields from v0.2/recovery while preserving current item ID,Auswahl,selected_choice_value,CAT05-practice_family-cat05_pf_069,true,prompt; stimulus/learnerCue; microRule/explainText,Sie füllen ein Formular mit Personaldaten aus. Welche Bezeichnung passt?,Sie füllen ein Formular mit Personaldaten aus. Welche Bezeichnung passt?,Personalbogen / Dienstplan / Pausenraum,Personalbogen / Dienstplan / Pausenraum,Personalbogen | Dienstplan | Pausenraum | den Arbeitsvertrag unterschreiben,,Personalbogen,Personalbogen,`Personalbogen` is a personnel form; import only after admin review if required.,`Personalbogen` is a personnel form; import only after admin review if required.,,,,duplicate_v02_lineage_resolved,duplicate_v02_lineage_resolved,
content/b1-m05-first-day-contract-basics.js,v080149_cat05_practice_family_cat05_pf_076,cat05-pf-076,cat05-pf-076,matched_replacement_layer,Exception,manual review: unrecognised v0.2 decision vocabulary,revise_light,revise_light,,CORE_SAFE_V02_REPLACEMENT,future apply patch may replace schema-compatible learner-facing fields from v0.2/recovery while preserving current item ID,Auswahl,selected_choice_value,CAT05-practice_family-cat05_pf_076,true,prompt; stimulus/learnerCue; microRule/explainText,Sie suchen den Schrank für Kleidung oder persönliche Sachen. Welche Form passt?,Sie suchen den Schrank für Kleidung oder persönliche Sachen. Welche Form passt?,Spind / Schicht / Vertrag,Spind / Schicht / Vertrag,Spind | Schicht | Vertrag | den Arbeitsvertrag unterschreiben,,Spind,Spind,`Spind` is a locker.,`Spind` is a locker.,,,,duplicate_v02_lineage_resolved,duplicate_v02_lineage_resolved,
content/b1-m05-first-day-contract-basics.js,v080149_cat05_practice_family_cat05_pf_078,cat05-pf-078,cat05-pf-078,matched_replacement_layer,Exception,manual review: unrecognised v0.2 decision vocabulary,revise_light,revise_light,,CORE_SAFE_V02_REPLACEMENT,future apply patch may replace schema-compatible learner-facing fields from v0.2/recovery while preserving current item ID,Auswahl,selected_choice_value,CAT05-practice_family-cat05_pf_078,true,prompt; stimulus/learnerCue; microRule/explainText,Sie arbeiten handwerklich oder technisch in einem Raum. Welche Ort-Bezeichnung passt?,Sie arbeiten handwerklich oder technisch in einem Raum. Welche Ort-Bezeichnung passt?,Werkstatt / Lebenslauf / Zusage,Werkstatt / Lebenslauf / Zusage,Werkstatt | Lebenslauf | Zusage | den Arbeitsvertrag unterschreiben,,Werkstatt,Werkstatt,`Werkstatt` is a workshop.,`Werkstatt` is a workshop.,,,,duplicate_v02_lineage_resolved,duplicate_v02_lineage_resolved,
content/b1-m05-first-day-contract-basics.js,v080149_cat05_practice_family_cat05_pf_086,cat05-pf-086,cat05-pf-086,matched_replacement_layer,Exception,manual review: unrecognised v0.2 decision vocabulary,revise_light,revise_light,,CORE_SAFE_V02_REPLACEMENT,future apply patch may replace schema-compatible learner-facing fields from v0.2/recovery while preserving current item ID,Auswahl,selected_choice_value,CAT05-practice_family-cat05_pf_086,true,prompt; stimulus/learnerCue; microRule/explainText,"Eine Person gibt Aufgabe, Schlüssel oder Informationen an die nächste Person weiter. Welche Form passt?","Eine Person gibt Aufgabe, Schlüssel oder Informationen an die nächste Person weiter. Welche Form passt?",Übergabe / Absage / Bankverbindung,Übergabe / Absage / Bankverbindung,Übergabe | Absage | Bankverbindung | den Arbeitsvertrag unterschreiben,,Übergabe,Übergabe,`Übergabe` is a handover.,`Übergabe` is a handover.,,,,duplicate_v02_lineage_resolved,duplicate_v02_lineage_resolved,
content/b1-m05-first-day-contract-basics.js,v080149_cat05_practice_family_cat05_pf_095,cat05-pf-095,cat05-pf-095,matched_replacement_layer,Exception,manual review: unrecognised v0.2 decision vocabulary,revise_light,revise_light,,CORE_SAFE_V02_REPLACEMENT,future apply patch may replace schema-compatible learner-facing fields from v0.2/recovery while preserving current item ID,Auswahl,selected_choice_value,CAT05-practice_family-cat05_pf_095,true,prompt; stimulus/learnerCue; microRule/explainText,"Die Information soll nicht nur gesagt, sondern geschrieben werden. Welche Form passt?","Die Information soll nicht nur gesagt, sondern geschrieben werden. Welche Form passt?",schriftlich / mündlich / pünktlich,schriftlich / mündlich / pünktlich,schriftlich | mündlich | pünktlich | den Arbeitsvertrag unterschreiben,,schriftlich,schriftlich,`schriftlich` means in writing.,`schriftlich` means in writing.,,,,duplicate_v02_lineage_resolved,duplicate_v02_lineage_resolved,
content/b1-m06-sick-leave.js,v080149_cat06_collocation_cat06_coll_001,cat06-coll-001,cat06-coll-001,matched_replacement_layer,Core Safe,keep current row unchanged,revise_light,revise_light,,CORE_SAFE_V02_REPLACEMENT,future apply patch may replace schema-compatible learner-facing fields from v0.2/recovery while preserving current item ID,Auswahl,selected_choice_value,CAT06-collocation-cat06_coll_001,true,microRule/explainText,Welche Kollokation passt? report in sick,,Choose the best German option.,,sich krankmelden | sich melden | abmelden | *krank melden* without reflexive subject in sentence,,sich krankmelden,sich krankmelden,Collocation: use `sich krankmelden` as a fixed phrase in this context.,Collocation: use `sich krankmelden` as a fixed phrase in this context.,,,,duplicate_v02_lineage_resolved,duplicate_v02_lineage_resolved,
content/b1-m06-sick-leave.js,v080149_cat06_collocation_cat06_coll_008,cat06-coll-008,cat06-coll-008,matched_replacement_layer,Core Safe,keep current row unchanged,revise_light,revise_light,,CORE_SAFE_V02_REPLACEMENT,future apply patch may replace schema-compatible learner-facing fields from v0.2/recovery while preserving current item ID,Auswahl,selected_choice_value,CAT06-collocation-cat06_coll_008,true,microRule/explainText,Welche Kollokation passt? report absences,,Choose the best German option.,,Fehlzeiten melden | Abwesenheit | Krankheitstag | using for any free time,,Fehlzeiten melden,Fehlzeiten melden,Collocation: use `Fehlzeiten melden` as a fixed phrase in this context.,Collocation: use `Fehlzeiten melden` as a fixed phrase in this context.,,,,duplicate_v02_lineage_resolved,duplicate_v02_lineage_resolved,
content/b1-m06-sick-leave.js,v080149_cat06_collocation_cat06_coll_010,cat06-coll-010,cat06-coll-010,matched_replacement_layer,Core Safe,keep current row unchanged,revise_light,revise_light,,CORE_SAFE_V02_REPLACEMENT,future apply patch may replace schema-compatible learner-facing fields from v0.2/recovery while preserving current item ID,Auswahl,selected_choice_value,CAT06-collocation-cat06_coll_010,true,microRule/explainText,Welche Kollokation passt? arrange a doctor appointment,,Choose the best German option.,,einen Arzttermin vereinbaren | Termin | Sprechstunde | wrong article,,einen Arzttermin vereinbaren,einen Arzttermin vereinbaren,Collocation: use `einen Arzttermin vereinbaren` as a fixed phrase in this context.,Collocation: use `einen Arzttermin vereinbaren` as a fixed phrase in this context.,,,,duplicate_v02_lineage_resolved,duplicate_v02_lineage_resolved,
content/b1-m06-sick-leave.js,v080149_cat06_collocation_cat06_coll_012,cat06-coll-012,cat06-coll-012,matched_replacement_layer,Core Safe,keep current row unchanged,revise_light,revise_light,,CORE_SAFE_V02_REPLACEMENT,future apply patch may replace schema-compatible learner-facing fields from v0.2/recovery while preserving current item ID,Auswahl,selected_choice_value,CAT06-collocation-cat06_coll_012,true,microRule/explainText,Welche Kollokation passt? go to the doctor,,Choose the best German option.,,zum Arzt / zur Ärztin gehen | bei dem Arzt sein | Praxis | *nach Arzt gehen*,,zum Arzt / zur Ärztin gehen,zum Arzt / zur Ärztin gehen,Collocation: use `zum Arzt / zur Ärztin gehen` as a fixed phrase in this context.,Collocation: use `zum Arzt / zur Ärztin gehen` as a fixed phrase in this context.,,,,duplicate_v02_lineage_resolved,duplicate_v02_lineage_resolved,
content/b1-m06-sick-leave.js,v080149_cat06_contrast_cat06_cs_006,cat06-cs-006,cat06-cs-006,matched_replacement_layer,Core Safe,keep current row unchanged,revise_light,revise_light,,CORE_SAFE_V02_REPLACEMENT,future apply patch may replace schema-compatible learner-facing fields from v0.2/recovery while preserving current item ID,Auswahl,selected_choice_value,CAT06-contrast-cat06_cs_006,true,prompt; microRule/explainText,Welche Form passt zur Situation: Fieber haben vs krank sein?,Welche Form passt zur Situation: Fieber haben vs krank sein?,Fieber haben vs krank sein,,Ich habe Fieber. | Ich bin Fieber. | Ich mache Fieber. | Ich bekomme Fieber heute.,Ich habe Fieber. | Ich bin Fieber. | Ich mache Fieber. | Ich bekomme Fieber heute.,Ich habe Fieber.,Ich habe Fieber.,`ab` means starting from; `bis` means until.,`ab` means starting from; `bis` means until.,,,,duplicate_v02_lineage_resolved,duplicate_v02_lineage_resolved,
content/b1-m06-sick-leave.js,v080149_cat06_contrast_cat06_cs_007,cat06-cs-007,cat06-cs-007,matched_replacement_layer,Core Safe,keep current row unchanged,revise_light,revise_light,,CORE_SAFE_V02_REPLACEMENT,future apply patch may replace schema-compatible learner-facing fields from v0.2/recovery while preserving current item ID,Auswahl,selected_choice_value,CAT06-contrast-cat06_cs_007,true,prompt; microRule/explainText,Welche Form passt zur Situation: Mir ist übel vs Ich bin übel?,Welche Form passt zur Situation: Mir ist übel vs Ich bin übel?,Mir ist übel vs Ich bin übel,,Mir ist übel. | Ich bin übel. | Ich habe übel. | Ich mache übel.,Mir ist übel. | Ich bin übel. | Ich habe übel. | Ich mache übel.,Mir ist übel.,Mir ist übel.,Use `Mir ist übel` for nausea.,Use `Mir ist übel` for nausea.,,,,duplicate_v02_lineage_resolved,duplicate_v02_lineage_resolved,
content/b1-m06-sick-leave.js,v080149_cat06_contrast_cat06_cs_008,cat06-cs-008,cat06-cs-008,matched_replacement_layer,Core Safe,keep current row unchanged,revise_light,revise_light,,CORE_SAFE_V02_REPLACEMENT,future apply patch may replace schema-compatible learner-facing fields from v0.2/recovery while preserving current item ID,Auswahl,selected_choice_value,CAT06-contrast-cat06_cs_008,true,prompt; microRule/explainText,Welche Form passt zur Situation: Mir ist schwindelig vs Ich habe schwindelig?,Welche Form passt zur Situation: Mir ist schwindelig vs Ich habe schwindelig?,Mir ist schwindelig vs Ich habe schwindelig,,Mir ist schwindelig. | Ich habe schwindelig. | Ich bin Schwindel. | Ich mache Schwindel.,Mir ist schwindelig. | Ich habe schwindelig. | Ich bin Schwindel. | Ich mache Schwindel.,Mir ist schwindelig.,Mir ist schwindelig.,`ab` means starting from; `bis` means until.,`ab` means starting from; `bis` means until.,,,,duplicate_v02_lineage_resolved,duplicate_v02_lineage_resolved,
content/b1-m06-sick-leave.js,v080149_cat06_contrast_cat06_cs_009,cat06-cs-009,cat06-cs-009,matched_replacement_layer,Core Safe,keep current row unchanged,revise_light,revise_light,,CORE_SAFE_V02_REPLACEMENT,future apply patch may replace schema-compatible learner-facing fields from v0.2/recovery while preserving current item ID,Auswahl,selected_choice_value,CAT06-contrast-cat06_cs_009,true,prompt; microRule/explainText,Welche Form passt zur Situation: seit vs vor vs ab vs bis?,Welche Form passt zur Situation: seit vs vor vs ab vs bis?,seit vs vor vs ab vs bis,,seit gestern | vor gestern | ab gestern | bis gestern,seit gestern | vor gestern | ab gestern | bis gestern,seit gestern,seit gestern,`seit` continues until now; `vor` refers to a finished point before now.,`seit` continues until now; `vor` refers to a finished point before now.,,,,duplicate_v02_lineage_resolved,duplicate_v02_lineage_resolved,
content/b1-m06-sick-leave.js,v080149_cat06_contrast_cat06_cs_010,cat06-cs-010,cat06-cs-010,matched_replacement_layer,Core Safe,keep current row unchanged,revise_light,revise_light,,CORE_SAFE_V02_REPLACEMENT,future apply patch may replace schema-compatible learner-facing fields from v0.2/recovery while preserving current item ID,Auswahl,selected_choice_value,CAT06-contrast-cat06_cs_010,true,prompt; microRule/explainText,Welche Form passt zur Situation: ab vs bis?,Welche Form passt zur Situation: ab vs bis?,ab vs bis,,ab Montag | bis Montag | seit Montag | um Montag,ab Montag | bis Montag | seit Montag | um Montag,ab Montag,ab Montag,`ab` means starting from; `bis` means until.,`ab` means starting from; `bis` means until.,,,,duplicate_v02_lineage_resolved,duplicate_v02_lineage_resolved,
content/b1-m06-sick-leave.js,v080149_cat06_contrast_cat06_cs_011,cat06-cs-011,cat06-cs-011,matched_replacement_layer,Core Safe,keep current row unchanged,revise_light,revise_light,,CORE_SAFE_V02_REPLACEMENT,future apply patch may replace schema-compatible learner-facing fields from v0.2/recovery while preserving current item ID,Auswahl,selected_choice_value,CAT06-contrast-cat06_cs_011,true,prompt; microRule/explainText,Welche Form passt zur Situation: krank vs Urlaub?,Welche Form passt zur Situation: krank vs Urlaub?,krank vs Urlaub,,krank | im Urlaub | frei | beschäftigt,krank | im Urlaub | frei | beschäftigt,krank,krank,Do not confuse sick leave and holiday.,Do not confuse sick leave and holiday.,,,,duplicate_v02_lineage_resolved,duplicate_v02_lineage_resolved,
content/b1-m06-sick-leave.js,v080149_cat06_contrast_cat06_cs_013,cat06-cs-013,cat06-cs-013,matched_replacement_layer,Core Safe,keep current row unchanged,revise_light,revise_light,,CORE_SAFE_V02_REPLACEMENT,future apply patch may replace schema-compatible learner-facing fields from v0.2/recovery while preserving current item ID,Auswahl,selected_choice_value,CAT06-contrast-cat06_cs_013,true,prompt; microRule/explainText,Welche Form passt zur Situation: informieren vs Bescheid sagen?,Welche Form passt zur Situation: informieren vs Bescheid sagen?,informieren vs Bescheid sagen,,den Arbeitgeber informieren | dem Arbeitgeber Bescheid sagen | den Arbeitgeber Bescheid informieren | dem Arbeitgeber informieren,den Arbeitgeber informieren | dem Arbeitgeber Bescheid sagen | den Arbeitgeber Bescheid informieren | dem Arbeitgeber informieren,den Arbeitgeber informieren,den Arbeitgeber informieren,`informieren` takes accusative; `Bescheid sagen` uses dative for the person.,`informieren` takes accusative; `Bescheid sagen` uses dative for the person.,,,,duplicate_v02_lineage_resolved,duplicate_v02_lineage_resolved,
content/b1-m06-sick-leave.js,v080149_cat06_contrast_cat06_cs_016,cat06-cs-016,cat06-cs-016,matched_replacement_layer,Core Safe,keep current row unchanged,revise_light,revise_light,,CORE_SAFE_V02_REPLACEMENT,future apply patch may replace schema-compatible learner-facing fields from v0.2/recovery while preserving current item ID,Auswahl,selected_choice_value,CAT06-contrast-cat06_cs_016,true,prompt; microRule/explainText,Welche Form passt zur Situation: zu Hause bleiben vs nach Hause gehen?,Welche Form passt zur Situation: zu Hause bleiben vs nach Hause gehen?,zu Hause bleiben vs nach Hause gehen,,zu Hause bleiben | nach Hause bleiben | zu Hause gehen | bei Hause bleiben,zu Hause bleiben | nach Hause bleiben | zu Hause gehen | bei Hause bleiben,zu Hause bleiben,zu Hause bleiben,Place: `zu Hause`; direction: `nach Hause`.,Place: `zu Hause`; direction: `nach Hause`.,,,,duplicate_v02_lineage_resolved,duplicate_v02_lineage_resolved,
content/b1-m06-sick-leave.js,v080149_cat06_contrast_cat06_cs_017,cat06-cs-017,cat06-cs-017,matched_replacement_layer,Core Safe,keep current row unchanged,revise_light,revise_light,,CORE_SAFE_V02_REPLACEMENT,future apply patch may replace schema-compatible learner-facing fields from v0.2/recovery while preserving current item ID,Auswahl,selected_choice_value,CAT06-contrast-cat06_cs_017,true,prompt; microRule/explainText,Welche Form passt zur Situation: Termin vs Sprechstunde?,Welche Form passt zur Situation: Termin vs Sprechstunde?,Termin vs Sprechstunde,,einen Termin vereinbaren | eine Sprechstunde vereinbaren | ein Wartezimmer vereinbaren | eine Praxis vereinbaren,einen Termin vereinbaren | eine Sprechstunde vereinbaren | ein Wartezimmer vereinbaren | eine Praxis vereinbaren,einen Termin vereinbaren,einen Termin vereinbaren,Collocation: `einen Termin vereinbaren`.,Collocation: `einen Termin vereinbaren`.,,,,duplicate_v02_lineage_resolved,duplicate_v02_lineage_resolved,
content/b1-m06-sick-leave.js,v080149_cat06_contrast_cat06_cs_021,cat06-cs-021,cat06-cs-021,matched_replacement_layer,Core Safe,keep current row unchanged,revise_light,revise_light,,CORE_SAFE_V02_REPLACEMENT,future apply patch may replace schema-compatible learner-facing fields from v0.2/recovery while preserving current item ID,Auswahl,selected_choice_value,CAT06-contrast-cat06_cs_021,true,prompt; microRule/explainText,Welche Form passt zur Situation: krankmelden polite vs too direct?,Welche Form passt zur Situation: krankmelden polite vs too direct?,krankmelden polite vs too direct,,"Ich möchte mich krankmelden. | Ich bin krank, fertig. | Ich komme nicht, weil krank. | Krankmeldung machen.","Ich möchte mich krankmelden. | Ich bin krank, fertig. | Ich komme nicht, weil krank. | Krankmeldung machen.",Ich möchte mich krankmelden.,Ich möchte mich krankmelden.,"Use a complete, polite absence phrase.","Use a complete, polite absence phrase.",,,,duplicate_v02_lineage_resolved,duplicate_v02_lineage_resolved,
content/b1-m06-sick-leave.js,v080149_cat06_practice_family_cat06_pf_004,cat06-pf-004,cat06-pf-004,matched_replacement_layer,Exception,manual review: unrecognised v0.2 decision vocabulary,revise_light,revise_light,,CORE_SAFE_V02_REPLACEMENT,future apply patch may replace schema-compatible learner-facing fields from v0.2/recovery while preserving current item ID,Reparatur,typed,CAT06-practice_family-cat06_pf_004,true,prompt; stimulus/learnerCue,Ich möchte krank mich melden.,Korrigiere den Satz.,Korrigiere den Satz.,Ich möchte krank mich melden.,,,Ich möchte mich krankmelden.,Ich möchte mich krankmelden.,The reflexive pronoun stays with the person: `mich krankmelden`.,The reflexive pronoun stays with the person: `mich krankmelden`.,,,,duplicate_v02_lineage_resolved,duplicate_v02_lineage_resolved,
content/b1-m06-sick-leave.js,v080149_cat06_practice_family_cat06_pf_009,cat06-pf-009,cat06-pf-009,matched_replacement_layer,Exception,manual review: unrecognised v0.2 decision vocabulary,revise_light,revise_light,,CORE_SAFE_V02_REPLACEMENT,future apply patch may replace schema-compatible learner-facing fields from v0.2/recovery while preserving current item ID,Reparatur,typed,CAT06-practice_family-cat06_pf_009,true,prompt; stimulus/learnerCue,Ich fehle heute wegen krank.,Korrigiere den Satz.,Korrigiere den Satz.,Ich fehle heute wegen krank.,,,Ich fehle heute wegen Krankheit.,Ich fehle heute wegen Krankheit.,"After `wegen`, use the noun here: `Krankheit`.","After `wegen`, use the noun here: `Krankheit`.",,,,duplicate_v02_lineage_resolved,duplicate_v02_lineage_resolved,
content/b1-m06-sick-leave.js,v080149_cat06_practice_family_cat06_pf_010,cat06-pf-010,cat06-pf-010,matched_replacement_layer,Exception,manual review: unrecognised v0.2 decision vocabulary,revise_light,revise_light,,CORE_SAFE_V02_REPLACEMENT,future apply patch may replace schema-compatible learner-facing fields from v0.2/recovery while preserving current item ID,Auswahl,selected_choice_value,CAT06-practice_family-cat06_pf_010,true,prompt; stimulus/learnerCue; microRule/explainText,Welche Form passt in dieser Krankmeldungs-/Praxis-Situation am besten?,Welche Form passt in dieser Krankmeldungs-/Praxis-Situation am besten?,A wegen Krankheit / B wegen krank / C wegen krank sein,A wegen Krankheit / B wegen krank / C wegen krank sein,A | A wegen Krankheit | B wegen krank | C wegen krank sein,,A,A,Use the noun phrase `wegen Krankheit`.,Use the noun phrase `wegen Krankheit`.,,,,duplicate_v02_lineage_resolved,duplicate_v02_lineage_resolved,
content/b1-m06-sick-leave.js,v080149_cat06_practice_family_cat06_pf_012,cat06-pf-012,cat06-pf-012,matched_replacement_layer,Exception,manual review: unrecognised v0.2 decision vocabulary,revise_light,revise_light,,CORE_SAFE_V02_REPLACEMENT,future apply patch may replace schema-compatible learner-facing fields from v0.2/recovery while preserving current item ID,Reparatur,typed,CAT06-practice_family-cat06_pf_012,true,prompt; stimulus/learnerCue,Ich sage die Kursleitung Bescheid.,Korrigiere den Satz.,Korrigiere den Satz.,Ich sage die Kursleitung Bescheid.,,,Ich sage der Kursleitung Bescheid.,Ich sage der Kursleitung Bescheid.,"With `Bescheid sagen`, the person is usually dative.","With `Bescheid sagen`, the person is usually dative.",,,,duplicate_v02_lineage_resolved,duplicate_v02_lineage_resolved,
content/b1-m06-sick-leave.js,v080149_cat06_practice_family_cat06_pf_014,cat06-pf-014,cat06-pf-014,matched_replacement_layer,Exception,manual review: unrecognised v0.2 decision vocabulary,revise_light,revise_light,,CORE_SAFE_V02_REPLACEMENT,future apply patch may replace schema-compatible learner-facing fields from v0.2/recovery while preserving current item ID,Reparatur,typed,CAT06-practice_family-cat06_pf_014,true,prompt; stimulus/learnerCue,Ich informiere an den Arbeitgeber.,Korrigiere den Satz.,Korrigiere den Satz.,Ich informiere an den Arbeitgeber.,,,Ich informiere den Arbeitgeber.,Ich informiere den Arbeitgeber.,Do not use `an` with this object: `jemanden informieren`.,Do not use `an` with this object: `jemanden informieren`.,,,,duplicate_v02_lineage_resolved,duplicate_v02_lineage_resolved,
content/b1-m06-sick-leave.js,v080149_cat06_practice_family_cat06_pf_019,cat06-pf-019,cat06-pf-019,matched_replacement_layer,Exception,manual review: unrecognised v0.2 decision vocabulary,revise_light,revise_light,,CORE_SAFE_V02_REPLACEMENT,future apply patch may replace schema-compatible learner-facing fields from v0.2/recovery while preserving current item ID,Reparatur,typed,CAT06-practice_family-cat06_pf_019,true,prompt; stimulus/learnerCue,Ich nachreiche die Bescheinigung.,Korrigiere den Satz.,Korrigiere den Satz.,Ich nachreiche die Bescheinigung.,,,Ich reiche die Bescheinigung nach.,Ich reiche die Bescheinigung nach.,Separable verb: `ich reiche ... nach`.,Separable verb: `ich reiche ... nach`.,,,,duplicate_v02_lineage_resolved,duplicate_v02_lineage_resolved,
content/b1-m06-sick-leave.js,v080149_cat06_practice_family_cat06_pf_021,cat06-pf-021,cat06-pf-021,matched_replacement_layer,Exception,manual review: unrecognised v0.2 decision vocabulary,revise_light,revise_light,,CORE_SAFE_V02_REPLACEMENT,future apply patch may replace schema-compatible learner-facing fields from v0.2/recovery while preserving current item ID,Reparatur,typed,CAT06-practice_family-cat06_pf_021,true,prompt; stimulus/learnerCue,Ich brauche ein Arzttermin.,Korrigiere den Satz.,Korrigiere den Satz.,Ich brauche ein Arzttermin.,,,Ich brauche einen Arzttermin.,Ich brauche einen Arzttermin.,`Termin` is masculine; after `brauchen`: `einen Arzttermin`.,`Termin` is masculine; after `brauchen`: `einen Arzttermin`.,,,,duplicate_v02_lineage_resolved,duplicate_v02_lineage_resolved,
content/b1-m06-sick-leave.js,v080149_cat06_practice_family_cat06_pf_037,cat06-pf-037,cat06-pf-037,matched_replacement_layer,Exception,manual review: unrecognised v0.2 decision vocabulary,revise_light,revise_light,,CORE_SAFE_V02_REPLACEMENT,future apply patch may replace schema-compatible learner-facing fields from v0.2/recovery while preserving current item ID,Reparatur,typed,CAT06-practice_family-cat06_pf_037,true,prompt; stimulus/learnerCue,Ich bin Fieber.,Korrigiere den Satz.,Korrigiere den Satz.,Ich bin Fieber.,,,Ich habe Fieber.,Ich habe Fieber.,German says `Fieber haben`.,German says `Fieber haben`.,,,,duplicate_v02_lineage_resolved,duplicate_v02_lineage_resolved,
content/b1-m06-sick-leave.js,v080149_cat06_practice_family_cat06_pf_043,cat06-pf-043,cat06-pf-043,matched_replacement_layer,Exception,manual review: unrecognised v0.2 decision vocabulary,revise_light,revise_light,,CORE_SAFE_V02_REPLACEMENT,future apply patch may replace schema-compatible learner-facing fields from v0.2/recovery while preserving current item ID,Reparatur,typed,CAT06-practice_family-cat06_pf_043,true,prompt; stimulus/learnerCue,Ich bin übel.,Korrigiere den Satz.,Korrigiere den Satz.,Ich bin übel.,,,Mir ist übel.,Mir ist übel.,"For nausea, use `Mir ist übel`.","For nausea, use `Mir ist übel`.",,,,duplicate_v02_lineage_resolved,duplicate_v02_lineage_resolved,
content/b1-m06-sick-leave.js,v080149_cat06_practice_family_cat06_pf_045,cat06-pf-045,cat06-pf-045,matched_replacement_layer,Exception,manual review: unrecognised v0.2 decision vocabulary,revise_light,revise_light,,CORE_SAFE_V02_REPLACEMENT,future apply patch may replace schema-compatible learner-facing fields from v0.2/recovery while preserving current item ID,Reparatur,typed,CAT06-practice_family-cat06_pf_045,true,prompt; stimulus/learnerCue,Ich habe schwindelig.,Korrigiere den Satz.,Korrigiere den Satz.,Ich habe schwindelig.,,,Mir ist schwindelig.,Mir ist schwindelig.,"For dizziness, use `Mir ist schwindelig`.","For dizziness, use `Mir ist schwindelig`.",,,,duplicate_v02_lineage_resolved,duplicate_v02_lineage_resolved,
content/b1-m07-meetings-leave-requests.js,v080149_cat07_collocation_cat07_coll_001,cat07-coll-001,cat07-coll-001,matched_replacement_layer,Core Safe,keep current row unchanged,revise_light,revise_light,,CORE_SAFE_V02_REPLACEMENT,future apply patch may replace schema-compatible learner-facing fields from v0.2/recovery while preserving current item ID,Auswahl,selected_choice_value,CAT07-collocation-cat07_coll_001,true,microRule/explainText,Welche Kollokation passt? arrange a meeting,,Choose the best German option.,,eine Besprechung vereinbaren | Termin vereinbaren | eine Besprechung machen | an einer Besprechung teilnehmen,,eine Besprechung vereinbaren,eine Besprechung vereinbaren,Collocation: use `eine Besprechung vereinbaren` as a fixed workplace phrase.,Collocation: use `eine Besprechung vereinbaren` as a fixed workplace phrase.,,,,duplicate_v02_lineage_resolved,duplicate_v02_lineage_resolved,
content/b1-m07-meetings-leave-requests.js,v080149_cat07_collocation_cat07_coll_002,cat07-coll-002,cat07-coll-002,matched_replacement_layer,Core Safe,keep current row unchanged,revise_light,revise_light,,CORE_SAFE_V02_REPLACEMENT,future apply patch may replace schema-compatible learner-facing fields from v0.2/recovery while preserving current item ID,Auswahl,selected_choice_value,CAT07-collocation-cat07_coll_002,true,microRule/explainText,Welche Kollokation passt? take part in a meeting,,Choose the best German option.,,an einer Besprechung teilnehmen | bei | in teilnehmen | in einer Besprechung teilnehmen,,an einer Besprechung teilnehmen,an einer Besprechung teilnehmen,Collocation: `teilnehmen` uses `an` + dative: `an der Besprechung teilnehmen`.,Collocation: `teilnehmen` uses `an` + dative: `an der Besprechung teilnehmen`.,,,,duplicate_v02_lineage_resolved,duplicate_v02_lineage_resolved,
content/b1-m07-meetings-leave-requests.js,v080149_cat07_collocation_cat07_coll_003,cat07-coll-003,cat07-coll-003,matched_replacement_layer,Core Safe,keep current row unchanged,revise_light,revise_light,,CORE_SAFE_V02_REPLACEMENT,future apply patch may replace schema-compatible learner-facing fields from v0.2/recovery while preserving current item ID,Auswahl,selected_choice_value,CAT07-collocation-cat07_coll_003,true,microRule/explainText,Welche Kollokation passt? the time suits me,,Choose the best German option.,,Der Termin passt mir. | Termin ist mir | der Termin geht mir | eine Besprechung vereinbaren,,Der Termin passt mir.,Der Termin passt mir.,Collocation: use `Der Termin passt mir.` as a fixed workplace phrase.,Collocation: use `Der Termin passt mir.` as a fixed workplace phrase.,,,,duplicate_v02_lineage_resolved,duplicate_v02_lineage_resolved,
content/b1-m07-meetings-leave-requests.js,v080149_cat07_collocation_cat07_coll_004,cat07-coll-004,cat07-coll-004,matched_replacement_layer,Core Safe,keep current row unchanged,revise_light,revise_light,,CORE_SAFE_V02_REPLACEMENT,future apply patch may replace schema-compatible learner-facing fields from v0.2/recovery while preserving current item ID,Auswahl,selected_choice_value,CAT07-collocation-cat07_coll_004,true,microRule/explainText,Welche Kollokation passt? send an invitation,,Choose the best German option.,,eine Einladung schicken | Bestätigung | Tagesordnung | eine Einladung geben,,eine Einladung schicken,eine Einladung schicken,Collocation: use `eine Einladung schicken` as a fixed workplace phrase.,Collocation: use `eine Einladung schicken` as a fixed workplace phrase.,,,,duplicate_v02_lineage_resolved,duplicate_v02_lineage_resolved,
content/b1-m07-meetings-leave-requests.js,v080149_cat07_collocation_cat07_coll_006,cat07-coll-006,cat07-coll-006,matched_replacement_layer,Core Safe,keep current row unchanged,revise_light,revise_light,,CORE_SAFE_V02_REPLACEMENT,future apply patch may replace schema-compatible learner-facing fields from v0.2/recovery while preserving current item ID,Auswahl,selected_choice_value,CAT07-collocation-cat07_coll_006,true,microRule/explainText,Welche Kollokation passt? book a room,,Choose the best German option.,,einen Raum buchen | Termin buchen | einen Raum bestellen | eine Besprechung vereinbaren,,einen Raum buchen,einen Raum buchen,Collocation: use `einen Raum buchen` as a fixed workplace phrase.,Collocation: use `einen Raum buchen` as a fixed workplace phrase.,,,,duplicate_v02_lineage_resolved,duplicate_v02_lineage_resolved,
content/b1-m07-meetings-leave-requests.js,v080149_cat07_collocation_cat07_coll_008,cat07-coll-008,cat07-coll-008,matched_replacement_layer,Core Safe,keep current row unchanged,revise_light,revise_light,,CORE_SAFE_V02_REPLACEMENT,future apply patch may replace schema-compatible learner-facing fields from v0.2/recovery while preserving current item ID,Auswahl,selected_choice_value,CAT07-collocation-cat07_coll_008,true,microRule/explainText,Welche Kollokation passt? send the link,,Choose the best German option.,,den Link schicken | Einladung schicken | den Link geben mich | eine Besprechung vereinbaren,,den Link schicken,den Link schicken,Collocation: use `den Link schicken` as a fixed workplace phrase.,Collocation: use `den Link schicken` as a fixed workplace phrase.,,,,duplicate_v02_lineage_resolved,duplicate_v02_lineage_resolved,
content/b1-m07-meetings-leave-requests.js,v080149_cat07_collocation_cat07_coll_009,cat07-coll-009,cat07-coll-009,matched_replacement_layer,Core Safe,keep current row unchanged,revise_light,revise_light,,CORE_SAFE_V02_REPLACEMENT,future apply patch may replace schema-compatible learner-facing fields from v0.2/recovery while preserving current item ID,Auswahl,selected_choice_value,CAT07-collocation-cat07_coll_009,true,microRule/explainText,Welche Kollokation passt? turn on the camera,,Choose the best German option.,,die Kamera einschalten | Mikrofon einschalten | die Kamera anmachen | eine Besprechung vereinbaren,,die Kamera einschalten,die Kamera einschalten,Collocation: use `die Kamera einschalten` as a fixed workplace phrase.,Collocation: use `die Kamera einschalten` as a fixed workplace phrase.,,,,duplicate_v02_lineage_resolved,duplicate_v02_lineage_resolved,
content/b1-m07-meetings-leave-requests.js,v080149_cat07_collocation_cat07_coll_010,cat07-coll-010,cat07-coll-010,matched_replacement_layer,Core Safe,keep current row unchanged,revise_light,revise_light,,CORE_SAFE_V02_REPLACEMENT,future apply patch may replace schema-compatible learner-facing fields from v0.2/recovery while preserving current item ID,Auswahl,selected_choice_value,CAT07-collocation-cat07_coll_010,true,microRule/explainText,Welche Kollokation passt? turn off the microphone,,Choose the best German option.,,das Mikrofon ausschalten | Ton ausschalten | Mikrofon ausmachen | eine Besprechung vereinbaren,,das Mikrofon ausschalten,das Mikrofon ausschalten,Collocation: use `das Mikrofon ausschalten` as a fixed workplace phrase.,Collocation: use `das Mikrofon ausschalten` as a fixed workplace phrase.,,,,duplicate_v02_lineage_resolved,duplicate_v02_lineage_resolved,
content/b1-m07-meetings-leave-requests.js,v080149_cat07_collocation_cat07_coll_011,cat07-coll-011,cat07-coll-011,matched_replacement_layer,Core Safe,keep current row unchanged,revise_light,revise_light,,CORE_SAFE_V02_REPLACEMENT,future apply patch may replace schema-compatible learner-facing fields from v0.2/recovery while preserving current item ID,Auswahl,selected_choice_value,CAT07-collocation-cat07_coll_011,true,microRule/explainText,Welche Kollokation passt? share the screen,,Choose the best German option.,,den Bildschirm teilen | Bildschirmfreigabe starten | den Bildschirm geben | eine Besprechung vereinbaren,,den Bildschirm teilen,den Bildschirm teilen,Collocation: use `den Bildschirm teilen` as a fixed workplace phrase.,Collocation: use `den Bildschirm teilen` as a fixed workplace phrase.,,,,duplicate_v02_lineage_resolved,duplicate_v02_lineage_resolved,
content/b1-m07-meetings-leave-requests.js,v080149_cat07_collocation_cat07_coll_012,cat07-coll-012,cat07-coll-012,matched_replacement_layer,Core Safe,keep current row unchanged,revise_light,revise_light,,CORE_SAFE_V02_REPLACEMENT,future apply patch may replace schema-compatible learner-facing fields from v0.2/recovery while preserving current item ID,Auswahl,selected_choice_value,CAT07-collocation-cat07_coll_012,true,microRule/explainText,Welche Kollokation passt? give a presentation,,Choose the best German option.,,eine Präsentation halten | Präsentation machen | eine Präsentation stehen | eine Besprechung vereinbaren,,eine Präsentation halten,eine Präsentation halten,Collocation: use `eine Präsentation halten` as a fixed workplace phrase.,Collocation: use `eine Präsentation halten` as a fixed workplace phrase.,,,,duplicate_v02_lineage_resolved,duplicate_v02_lineage_resolved,
content/b1-m07-meetings-leave-requests.js,v080149_cat07_collocation_cat07_coll_013,cat07-coll-013,cat07-coll-013,matched_replacement_layer,Core Safe,keep current row unchanged,revise_light,revise_light,,CORE_SAFE_V02_REPLACEMENT,future apply patch may replace schema-compatible learner-facing fields from v0.2/recovery while preserving current item ID,Auswahl,selected_choice_value,CAT07-collocation-cat07_coll_013,true,microRule/explainText,Welche Kollokation passt? be on the agenda,,Choose the best German option.,,auf der Tagesordnung stehen | in der Tagesordnung | auf die Tagesordnung stehen | eine Besprechung vereinbaren,,auf der Tagesordnung stehen,auf der Tagesordnung stehen,Collocation: use `auf der Tagesordnung stehen` as a fixed workplace phrase.,Collocation: use `auf der Tagesordnung stehen` as a fixed workplace phrase.,,,,duplicate_v02_lineage_resolved,duplicate_v02_lineage_resolved,
content/b1-m07-meetings-leave-requests.js,v080149_cat07_collocation_cat07_coll_014,cat07-coll-014,cat07-coll-014,matched_replacement_layer,Core Safe,keep current row unchanged,revise_light,revise_light,,CORE_SAFE_V02_REPLACEMENT,future apply patch may replace schema-compatible learner-facing fields from v0.2/recovery while preserving current item ID,Auswahl,selected_choice_value,CAT07-collocation-cat07_coll_014,true,microRule/explainText,Welche Kollokation passt? discuss an agenda item,,Choose the best German option.,,einen Tagesordnungspunkt besprechen | TOP | Thema | einen Tagesordnungspunkt sprechen,,einen Tagesordnungspunkt besprechen,einen Tagesordnungspunkt besprechen,Collocation: use `einen Tagesordnungspunkt besprechen` as a fixed workplace phrase.,Collocation: use `einen Tagesordnungspunkt besprechen` as a fixed workplace phrase.,,,,duplicate_v02_lineage_resolved,duplicate_v02_lineage_resolved,
content/b1-m07-meetings-leave-requests.js,v080149_cat07_collocation_cat07_coll_015,cat07-coll-015,cat07-coll-015,matched_replacement_layer,Core Safe,keep current row unchanged,revise_light,revise_light,,CORE_SAFE_V02_REPLACEMENT,future apply patch may replace schema-compatible learner-facing fields from v0.2/recovery while preserving current item ID,Auswahl,selected_choice_value,CAT07-collocation-cat07_coll_015,true,microRule/explainText,Welche Kollokation passt? put an item on the agenda,,Choose the best German option.,,einen Punkt auf die Tagesordnung setzen | Thema ansprechen | in die Tagesordnung setzen | eine Besprechung vereinbaren,,einen Punkt auf die Tagesordnung setzen,einen Punkt auf die Tagesordnung setzen,Collocation: use `einen Punkt auf die Tagesordnung setzen` as a fixed workplace phrase.,Collocation: use `einen Punkt auf die Tagesordnung setzen` as a fixed workplace phrase.,,,,duplicate_v02_lineage_resolved,duplicate_v02_lineage_resolved,
content/b1-m07-meetings-leave-requests.js,v080149_cat07_collocation_cat07_coll_016,cat07-coll-016,cat07-coll-016,matched_replacement_layer,Core Safe,keep current row unchanged,revise_light,revise_light,,CORE_SAFE_V02_REPLACEMENT,future apply patch may replace schema-compatible learner-facing fields from v0.2/recovery while preserving current item ID,Auswahl,selected_choice_value,CAT07-collocation-cat07_coll_016,true,microRule/explainText,Welche Kollokation passt? raise a topic,,Choose the best German option.,,ein Thema ansprechen | Thema besprechen | ein Thema sprechen | eine Besprechung vereinbaren,,ein Thema ansprechen,ein Thema ansprechen,Collocation: use `ein Thema ansprechen` as a fixed workplace phrase.,Collocation: use `ein Thema ansprechen` as a fixed workplace phrase.,,,,duplicate_v02_lineage_resolved,duplicate_v02_lineage_resolved,
content/b1-m07-meetings-leave-requests.js,v080149_cat07_collocation_cat07_coll_017,cat07-coll-017,cat07-coll-017,matched_replacement_layer,Core Safe,keep current row unchanged,revise_light,revise_light,,CORE_SAFE_V02_REPLACEMENT,future apply patch may replace schema-compatible learner-facing fields from v0.2/recovery while preserving current item ID,Auswahl,selected_choice_value,CAT07-collocation-cat07_coll_017,true,microRule/explainText,Welche Kollokation passt? ask a question,,Choose the best German option.,,eine Frage stellen | Rückfrage haben | eine Frage machen | eine Besprechung vereinbaren,,eine Frage stellen,eine Frage stellen,Collocation: use `eine Frage stellen` for asking a question.,Collocation: use `eine Frage stellen` for asking a question.,,,,duplicate_v02_lineage_resolved,duplicate_v02_lineage_resolved,
content/b1-m07-meetings-leave-requests.js,v080149_cat07_collocation_cat07_coll_018,cat07-coll-018,cat07-coll-018,matched_replacement_layer,Core Safe,keep current row unchanged,revise_light,revise_light,,CORE_SAFE_V02_REPLACEMENT,future apply patch may replace schema-compatible learner-facing fields from v0.2/recovery while preserving current item ID,Auswahl,selected_choice_value,CAT07-collocation-cat07_coll_018,true,microRule/explainText,Welche Kollokation passt? have a follow-up question,,Choose the best German option.,,eine Rückfrage haben | Rückmeldung geben | eine Rückmeldung haben | eine Besprechung vereinbaren,,eine Rückfrage haben,eine Rückfrage haben,Collocation: use `eine Rückfrage haben` as a fixed workplace phrase.,Collocation: use `eine Rückfrage haben` as a fixed workplace phrase.,,,,duplicate_v02_lineage_resolved,duplicate_v02_lineage_resolved,
content/b1-m07-meetings-leave-requests.js,v080149_cat07_collocation_cat07_coll_019,cat07-coll-019,cat07-coll-019,matched_replacement_layer,Core Safe,keep current row unchanged,revise_light,revise_light,,CORE_SAFE_V02_REPLACEMENT,future apply patch may replace schema-compatible learner-facing fields from v0.2/recovery while preserving current item ID,Auswahl,selected_choice_value,CAT07-collocation-cat07_coll_019,true,microRule/explainText,Welche Kollokation passt? make a suggestion,,Choose the best German option.,,einen Vorschlag machen | Entscheidung treffen | einen Vorschlag tun | eine Besprechung vereinbaren,,einen Vorschlag machen,einen Vorschlag machen,Collocation: use `einen Vorschlag machen` for making a suggestion.,Collocation: use `einen Vorschlag machen` for making a suggestion.,,,,duplicate_v02_lineage_resolved,duplicate_v02_lineage_resolved,
content/b1-m07-meetings-leave-requests.js,v080149_cat07_collocation_cat07_coll_020,cat07-coll-020,cat07-coll-020,matched_replacement_layer,Core Safe,keep current row unchanged,revise_light,revise_light,,CORE_SAFE_V02_REPLACEMENT,future apply patch may replace schema-compatible learner-facing fields from v0.2/recovery while preserving current item ID,Auswahl,selected_choice_value,CAT07-collocation-cat07_coll_020,true,microRule/explainText,Welche Kollokation passt? make a decision,,Choose the best German option.,,eine Entscheidung treffen | Ergebnis festhalten | eine Entscheidung machen | eine Besprechung vereinbaren,,eine Entscheidung treffen,eine Entscheidung treffen,Collocation: use `eine Entscheidung treffen` for making a decision.,Collocation: use `eine Entscheidung treffen` for making a decision.,,,,duplicate_v02_lineage_resolved,duplicate_v02_lineage_resolved,
content/b1-m07-meetings-leave-requests.js,v080149_cat07_collocation_cat07_coll_022,cat07-coll-022,cat07-coll-022,matched_replacement_layer,Core Safe,keep current row unchanged,revise_light,revise_light,,CORE_SAFE_V02_REPLACEMENT,future apply patch may replace schema-compatible learner-facing fields from v0.2/recovery while preserving current item ID,Auswahl,selected_choice_value,CAT07-collocation-cat07_coll_022,true,microRule/explainText,Welche Kollokation passt? take over a task,,Choose the best German option.,,eine Aufgabe übernehmen | Aufgabe machen | eine Aufgabe nehmen | eine Besprechung vereinbaren,,eine Aufgabe übernehmen,eine Aufgabe übernehmen,Collocation: use `eine Aufgabe übernehmen` as a fixed workplace phrase.,Collocation: use `eine Aufgabe übernehmen` as a fixed workplace phrase.,,,,duplicate_v02_lineage_resolved,duplicate_v02_lineage_resolved,
content/b1-m07-meetings-leave-requests.js,v080149_cat07_collocation_cat07_coll_026,cat07-coll-026,cat07-coll-026,matched_replacement_layer,Core Safe,keep current row unchanged,revise_light,revise_light,,CORE_SAFE_V02_REPLACEMENT,future apply patch may replace schema-compatible learner-facing fields from v0.2/recovery while preserving current item ID,Auswahl,selected_choice_value,CAT07-collocation-cat07_coll_026,true,microRule/explainText,Welche Kollokation passt? give a response/feedback,,Choose the best German option.,,Rückmeldung geben | Rückfrage stellen | Rückmeldung machen | eine Besprechung vereinbaren,,Rückmeldung geben,Rückmeldung geben,Collocation: use `Rückmeldung geben` as a fixed workplace phrase.,Collocation: use `Rückmeldung geben` as a fixed workplace phrase.,,,,duplicate_v02_lineage_resolved,duplicate_v02_lineage_resolved,
content/b1-m07-meetings-leave-requests.js,v080149_cat07_collocation_cat07_coll_029,cat07-coll-029,cat07-coll-029,matched_replacement_layer,Core Safe,keep current row unchanged,revise_light,revise_light,,CORE_SAFE_V02_REPLACEMENT,future apply patch may replace schema-compatible learner-facing fields from v0.2/recovery while preserving current item ID,Auswahl,selected_choice_value,CAT07-collocation-cat07_coll_029,true,microRule/explainText,Welche Kollokation passt? take over a shift,,Choose the best German option.,,eine Schicht übernehmen | Vertretung übernehmen | eine Schicht nehmen | eine Besprechung vereinbaren,,eine Schicht übernehmen,eine Schicht übernehmen,Collocation: use `eine Schicht übernehmen` as a fixed workplace phrase.,Collocation: use `eine Schicht übernehmen` as a fixed workplace phrase.,,,,duplicate_v02_lineage_resolved,duplicate_v02_lineage_resolved,
content/b1-m07-meetings-leave-requests.js,v080149_cat07_collocation_cat07_coll_030,cat07-coll-030,cat07-coll-030,matched_replacement_layer,Core Safe,keep current row unchanged,revise_light,revise_light,,CORE_SAFE_V02_REPLACEMENT,future apply patch may replace schema-compatible learner-facing fields from v0.2/recovery while preserving current item ID,Auswahl,selected_choice_value,CAT07-collocation-cat07_coll_030,true,microRule/explainText,Welche Kollokation passt? check availability,,Choose the best German option.,,die Verfügbarkeit prüfen | Erreichbarkeit prüfen | Verfügbarkeit kontrollieren | eine Besprechung vereinbaren,,die Verfügbarkeit prüfen,die Verfügbarkeit prüfen,Collocation: use `die Verfügbarkeit prüfen` as a fixed workplace phrase.,Collocation: use `die Verfügbarkeit prüfen` as a fixed workplace phrase.,,,,duplicate_v02_lineage_resolved,duplicate_v02_lineage_resolved,
content/b1-m07-meetings-leave-requests.js,v080149_cat07_collocation_cat07_coll_031,cat07-coll-031,cat07-coll-031,matched_replacement_layer,Core Safe,keep current row unchanged,revise_light,revise_light,,CORE_SAFE_V02_REPLACEMENT,future apply patch may replace schema-compatible learner-facing fields from v0.2/recovery while preserving current item ID,Auswahl,selected_choice_value,CAT07-collocation-cat07_coll_031,true,microRule/explainText,Welche Kollokation passt? name/specify a period,,Choose the best German option.,,einen Zeitraum nennen | Datum nennen | Zeitpunkt nennen | eine Besprechung vereinbaren,,einen Zeitraum nennen,einen Zeitraum nennen,Collocation: use `einen Zeitraum nennen` as a fixed workplace phrase.,Collocation: use `einen Zeitraum nennen` as a fixed workplace phrase.,,,,duplicate_v02_lineage_resolved,duplicate_v02_lineage_resolved,
content/b1-m07-meetings-leave-requests.js,v080149_cat07_collocation_cat07_coll_032,cat07-coll-032,cat07-coll-032,matched_replacement_layer,Core Safe,keep current row unchanged,revise_light,revise_light,,CORE_SAFE_V02_REPLACEMENT,future apply patch may replace schema-compatible learner-facing fields from v0.2/recovery while preserving current item ID,Auswahl,selected_choice_value,CAT07-collocation-cat07_coll_032,true,microRule/explainText,Welche Kollokation passt? take leave/holiday,,Choose the best German option.,,Urlaub nehmen | Urlaub machen | Urlaub bekommen | eine Besprechung vereinbaren,,Urlaub nehmen,Urlaub nehmen,Leave phrase: use this only as language practice; workplace rules need review.,Leave phrase: use this only as language practice; workplace rules need review.,,,,duplicate_v02_lineage_resolved,duplicate_v02_lineage_resolved,
content/b1-m07-meetings-leave-requests.js,v080149_cat07_collocation_cat07_coll_035,cat07-coll-035,cat07-coll-035,matched_replacement_layer,Core Safe,keep current row unchanged,revise_light,revise_light,,CORE_SAFE_V02_REPLACEMENT,future apply patch may replace schema-compatible learner-facing fields from v0.2/recovery while preserving current item ID,Auswahl,selected_choice_value,CAT07-collocation-cat07_coll_035,true,microRule/explainText,Welche Kollokation passt? organise cover,,Choose the best German option.,,eine Vertretung organisieren | Übergabe vorbereiten | Vertretung machen | eine Besprechung vereinbaren,,eine Vertretung organisieren,eine Vertretung organisieren,Collocation: use `eine Vertretung organisieren` as a fixed workplace phrase.,Collocation: use `eine Vertretung organisieren` as a fixed workplace phrase.,,,,duplicate_v02_lineage_resolved,duplicate_v02_lineage_resolved,
content/b1-m07-meetings-leave-requests.js,v080149_cat07_collocation_cat07_coll_036,cat07-coll-036,cat07-coll-036,matched_replacement_layer,Core Safe,keep current row unchanged,revise_light,revise_light,,CORE_SAFE_V02_REPLACEMENT,future apply patch may replace schema-compatible learner-facing fields from v0.2/recovery while preserving current item ID,Auswahl,selected_choice_value,CAT07-collocation-cat07_coll_036,true,microRule/explainText,Welche Kollokation passt? take over cover,,Choose the best German option.,,die Vertretung übernehmen | Aufgabe übernehmen | Vertretung nehmen | eine Besprechung vereinbaren,,die Vertretung übernehmen,die Vertretung übernehmen,Collocation: use `die Vertretung übernehmen` as a fixed workplace phrase.,Collocation: use `die Vertretung übernehmen` as a fixed workplace phrase.,,,,duplicate_v02_lineage_resolved,duplicate_v02_lineage_resolved,
content/b1-m07-meetings-leave-requests.js,v080149_cat07_collocation_cat07_coll_037,cat07-coll-037,cat07-coll-037,matched_replacement_layer,Core Safe,keep current row unchanged,revise_light,revise_light,,CORE_SAFE_V02_REPLACEMENT,future apply patch may replace schema-compatible learner-facing fields from v0.2/recovery while preserving current item ID,Auswahl,selected_choice_value,CAT07-collocation-cat07_coll_037,true,microRule/explainText,Welche Kollokation passt? prepare the handover,,Choose the best German option.,,die Übergabe vorbereiten | Notizen machen | Übergabe machen bereit | eine Besprechung vereinbaren,,die Übergabe vorbereiten,die Übergabe vorbereiten,Collocation: use `die Übergabe vorbereiten` as a fixed workplace phrase.,Collocation: use `die Übergabe vorbereiten` as a fixed workplace phrase.,,,,duplicate_v02_lineage_resolved,duplicate_v02_lineage_resolved,
content/b1-m07-meetings-leave-requests.js,v080149_cat07_contrast_cat07_cs_001,cat07-cs-001,cat07-cs-001,matched_replacement_layer,Core Safe,keep current row unchanged,revise_light,revise_light,,CORE_SAFE_V02_REPLACEMENT,future apply patch may replace schema-compatible learner-facing fields from v0.2/recovery while preserving current item ID,Auswahl,selected_choice_value,CAT07-contrast-cat07_cs_001,true,prompt; microRule/explainText,Welche Form passt in dieser Situation am besten?,Welche Form passt in dieser Situation am besten?,meeting type,,Besprechung | Termin | Sitzung | Meeting,Besprechung | Termin | Sitzung | Meeting,Besprechung,Besprechung,Contrast the nearby options: `Besprechung` is the intended form in this context.,Contrast the nearby options: `Besprechung` is the intended form in this context.,,,,duplicate_v02_lineage_resolved,duplicate_v02_lineage_resolved,
content/b1-m07-meetings-leave-requests.js,v080149_cat07_contrast_cat07_cs_002,cat07-cs-002,cat07-cs-002,matched_replacement_layer,Core Safe,keep current row unchanged,revise_light,revise_light,,CORE_SAFE_V02_REPLACEMENT,future apply patch may replace schema-compatible learner-facing fields from v0.2/recovery while preserving current item ID,Auswahl,selected_choice_value,CAT07-contrast-cat07_cs_002,true,prompt; microRule/explainText,Welche Form passt in dieser Situation am besten?,Welche Form passt in dieser Situation am besten?,agenda vs item,,Tagesordnungspunkt | Tagesordnung | Thema | Frage,Tagesordnungspunkt | Tagesordnung | Thema | Frage,Tagesordnungspunkt,Tagesordnungspunkt,Contrast: `Tagesordnung` is the whole agenda; `Tagesordnungspunkt` is one item on it.,Contrast: `Tagesordnung` is the whole agenda; `Tagesordnungspunkt` is one item on it.,,,,duplicate_v02_lineage_resolved,duplicate_v02_lineage_resolved,
content/b1-m07-meetings-leave-requests.js,v080149_cat07_contrast_cat07_cs_003,cat07-cs-003,cat07-cs-003,matched_replacement_layer,Core Safe,keep current row unchanged,revise_light,revise_light,,CORE_SAFE_V02_REPLACEMENT,future apply patch may replace schema-compatible learner-facing fields from v0.2/recovery while preserving current item ID,Auswahl,selected_choice_value,CAT07-contrast-cat07_cs_003,true,prompt; microRule/explainText,Welche Form passt in dieser Situation am besten?,Welche Form passt in dieser Situation am besten?,question action,,eine Frage stellen | eine Frage machen | eine Rückmeldung stellen | eine Frage geben,eine Frage stellen | eine Frage machen | eine Rückmeldung stellen | eine Frage geben,eine Frage stellen,eine Frage stellen,Contrast the nearby options: `eine Frage stellen` is the intended form in this context.,Contrast the nearby options: `eine Frage stellen` is the intended form in this context.,,,,duplicate_v02_lineage_resolved,duplicate_v02_lineage_resolved,
content/b1-m07-meetings-leave-requests.js,v080149_cat07_contrast_cat07_cs_004,cat07-cs-004,cat07-cs-004,matched_replacement_layer,Core Safe,keep current row unchanged,revise_light,revise_light,,CORE_SAFE_V02_REPLACEMENT,future apply patch may replace schema-compatible learner-facing fields from v0.2/recovery while preserving current item ID,Auswahl,selected_choice_value,CAT07-contrast-cat07_cs_004,true,prompt; microRule/explainText,Welche Form passt in dieser Situation am besten?,Welche Form passt in dieser Situation am besten?,Rückfrage vs Rückmeldung,,Rückfrage | Rückmeldung | Antwort | Vorschlag,Rückfrage | Rückmeldung | Antwort | Vorschlag,Rückfrage,Rückfrage,Contrast the nearby options: `Rückfrage` is the intended form in this context.,Contrast the nearby options: `Rückfrage` is the intended form in this context.,,,,duplicate_v02_lineage_resolved,duplicate_v02_lineage_resolved,
content/b1-m07-meetings-leave-requests.js,v080149_cat07_contrast_cat07_cs_005,cat07-cs-005,cat07-cs-005,matched_replacement_layer,Core Safe,keep current row unchanged,revise_light,revise_light,,CORE_SAFE_V02_REPLACEMENT,future apply patch may replace schema-compatible learner-facing fields from v0.2/recovery while preserving current item ID,Auswahl,selected_choice_value,CAT07-contrast-cat07_cs_005,true,prompt; microRule/explainText,Welche Form passt in dieser Situation am besten?,Welche Form passt in dieser Situation am besten?,make suggestion,,einen Vorschlag machen | einen Vorschlag tun | eine Entscheidung machen | ein Thema geben,einen Vorschlag machen | einen Vorschlag tun | eine Entscheidung machen | ein Thema geben,einen Vorschlag machen,einen Vorschlag machen,Contrast the nearby options: `einen Vorschlag machen` is the intended form in this context.,Contrast the nearby options: `einen Vorschlag machen` is the intended form in this context.,,,,duplicate_v02_lineage_resolved,duplicate_v02_lineage_resolved,
content/b1-m07-meetings-leave-requests.js,v080149_cat07_contrast_cat07_cs_007,cat07-cs-007,cat07-cs-007,matched_replacement_layer,Core Safe,keep current row unchanged,revise_light,revise_light,,CORE_SAFE_V02_REPLACEMENT,future apply patch may replace schema-compatible learner-facing fields from v0.2/recovery while preserving current item ID,Auswahl,selected_choice_value,CAT07-contrast-cat07_cs_007,true,prompt; microRule/explainText,Welche Form passt in dieser Situation am besten?,Welche Form passt in dieser Situation am besten?,result vs task,,Ergebnis | Aufgabe | Vorschlag | Einladung,Ergebnis | Aufgabe | Vorschlag | Einladung,Ergebnis,Ergebnis,Contrast the nearby options: `Ergebnis` is the intended form in this context.,Contrast the nearby options: `Ergebnis` is the intended form in this context.,,,,duplicate_v02_lineage_resolved,duplicate_v02_lineage_resolved,
content/b1-m07-meetings-leave-requests.js,v080149_cat07_contrast_cat07_cs_008,cat07-cs-008,cat07-cs-008,matched_replacement_layer,Core Safe,keep current row unchanged,revise_light,revise_light,,CORE_SAFE_V02_REPLACEMENT,future apply patch may replace schema-compatible learner-facing fields from v0.2/recovery while preserving current item ID,Auswahl,selected_choice_value,CAT07-contrast-cat07_cs_008,true,prompt; microRule/explainText,Welche Form passt in dieser Situation am besten?,Welche Form passt in dieser Situation am besten?,verfügbar vs erreichbar,,verfügbar | erreichbar | pünktlich | abwesend,verfügbar | erreichbar | pünktlich | abwesend,verfügbar,verfügbar,Contrast: `verfügbar` = available for a time; `erreichbar` = reachable by phone/message.,Contrast: `verfügbar` = available for a time; `erreichbar` = reachable by phone/message.,,,,duplicate_v02_lineage_resolved,duplicate_v02_lineage_resolved,
content/b1-m07-meetings-leave-requests.js,v080149_cat07_contrast_cat07_cs_011,cat07-cs-011,cat07-cs-011,matched_replacement_layer,Core Safe,keep current row unchanged,revise_light,revise_light,,CORE_SAFE_V02_REPLACEMENT,future apply patch may replace schema-compatible learner-facing fields from v0.2/recovery while preserving current item ID,Auswahl,selected_choice_value,CAT07-contrast-cat07_cs_011,true,prompt; microRule/explainText,Welche Form passt in dieser Situation am besten?,Welche Form passt in dieser Situation am besten?,reschedule vs cancel,,verschieben | absagen | bestätigen | einladen,verschieben | absagen | bestätigen | einladen,verschieben,verschieben,Contrast the nearby options: `verschieben` is the intended form in this context.,Contrast the nearby options: `verschieben` is the intended form in this context.,,,,duplicate_v02_lineage_resolved,duplicate_v02_lineage_resolved,
content/b1-m07-meetings-leave-requests.js,v080149_cat07_contrast_cat07_cs_013,cat07-cs-013,cat07-cs-013,matched_replacement_layer,Core Safe,keep current row unchanged,revise_light,revise_light,,CORE_SAFE_V02_REPLACEMENT,future apply patch may replace schema-compatible learner-facing fields from v0.2/recovery while preserving current item ID,Auswahl,selected_choice_value,CAT07-contrast-cat07_cs_013,true,prompt; microRule/explainText,Welche Form passt in dieser Situation am besten?,Welche Form passt in dieser Situation am besten?,teilnehmen,,an der Besprechung teilnehmen | bei der Besprechung teilnehmen | in der Besprechung teilnehmen | die Besprechung teilnehmen,an der Besprechung teilnehmen | bei der Besprechung teilnehmen | in der Besprechung teilnehmen | die Besprechung teilnehmen,an der Besprechung teilnehmen,an der Besprechung teilnehmen,Contrast the nearby options: `an der Besprechung teilnehmen` is the intended form in this context.,Contrast the nearby options: `an der Besprechung teilnehmen` is the intended form in this context.,,,,duplicate_v02_lineage_resolved,duplicate_v02_lineage_resolved,
content/b1-m07-meetings-leave-requests.js,v080149_cat07_contrast_cat07_cs_014,cat07-cs-014,cat07-cs-014,matched_replacement_layer,Core Safe,keep current row unchanged,revise_light,revise_light,,CORE_SAFE_V02_REPLACEMENT,future apply patch may replace schema-compatible learner-facing fields from v0.2/recovery while preserving current item ID,Auswahl,selected_choice_value,CAT07-contrast-cat07_cs_014,true,prompt; microRule/explainText,Welche Form passt in dieser Situation am besten?,Welche Form passt in dieser Situation am besten?,besprechen vs sprechen über,,das Thema besprechen | über das Thema besprechen | das Thema sprechen | mit dem Thema sprechen,das Thema besprechen | über das Thema besprechen | das Thema sprechen | mit dem Thema sprechen,das Thema besprechen,das Thema besprechen,Contrast the nearby options: `das Thema besprechen` is the intended form in this context.,Contrast the nearby options: `das Thema besprechen` is the intended form in this context.,,,,duplicate_v02_lineage_resolved,duplicate_v02_lineage_resolved,
content/b1-m07-meetings-leave-requests.js,v080149_cat07_contrast_cat07_cs_019,cat07-cs-019,cat07-cs-019,matched_replacement_layer,Core Safe,keep current row unchanged,revise_light,revise_light,,CORE_SAFE_V02_REPLACEMENT,future apply patch may replace schema-compatible learner-facing fields from v0.2/recovery while preserving current item ID,Auswahl,selected_choice_value,CAT07-contrast-cat07_cs_019,true,prompt; microRule/explainText,Welche Form passt in dieser Situation am besten?,Welche Form passt in dieser Situation am besten?,cover someone,,jemanden vertreten | jemanden übernehmen | jemanden übergeben | jemanden zuständig,jemanden vertreten | jemanden übernehmen | jemanden übergeben | jemanden zuständig,jemanden vertreten,jemanden vertreten,Contrast the nearby options: `jemanden vertreten` is the intended form in this context.,Contrast the nearby options: `jemanden vertreten` is the intended form in this context.,,,,duplicate_v02_lineage_resolved,duplicate_v02_lineage_resolved,
content/b1-m07-meetings-leave-requests.js,v080149_cat07_contrast_cat07_cs_022,cat07-cs-022,cat07-cs-022,matched_replacement_layer,Core Safe,keep current row unchanged,revise_light,revise_light,,CORE_SAFE_V02_REPLACEMENT,future apply patch may replace schema-compatible learner-facing fields from v0.2/recovery while preserving current item ID,Auswahl,selected_choice_value,CAT07-contrast-cat07_cs_022,true,prompt; microRule/explainText,Welche Form passt in dieser Situation am besten?,Welche Form passt in dieser Situation am besten?,Konjunktiv II proposal,,Wir könnten den Termin verschieben. | Wir mussten den Termin verschieben. | Wir werden den Termin verschoben. | Wir sind den Termin verschieben.,Wir könnten den Termin verschieben. | Wir mussten den Termin verschieben. | Wir werden den Termin verschoben. | Wir sind den Termin verschieben.,Wir könnten den Termin verschieben.,Wir könnten den Termin verschieben.,Contrast the nearby options: `Wir könnten den Termin verschieben.` is the intended form in this context.,Contrast the nearby options: `Wir könnten den Termin verschieben.` is the intended form in this context.,,,,duplicate_v02_lineage_resolved,duplicate_v02_lineage_resolved,
content/b1-m07-meetings-leave-requests.js,v080149_cat07_contrast_cat07_cs_023,cat07-cs-023,cat07-cs-023,matched_replacement_layer,Core Safe,keep current row unchanged,revise_light,revise_light,,CORE_SAFE_V02_REPLACEMENT,future apply patch may replace schema-compatible learner-facing fields from v0.2/recovery while preserving current item ID,Auswahl,selected_choice_value,CAT07-contrast-cat07_cs_023,true,prompt; microRule/explainText,Welche Form passt in dieser Situation am besten?,Welche Form passt in dieser Situation am besten?,ob in meeting question,,"Ich frage, ob der Termin passt. | Ich frage, wenn der Termin passt. | Ich frage, dass der Termin passt. | Ich frage, weil der Termin passt.","Ich frage, ob der Termin passt. | Ich frage, wenn der Termin passt. | Ich frage, dass der Termin passt. | Ich frage, weil der Termin passt.","Ich frage, ob der Termin passt.","Ich frage, ob der Termin passt.","Contrast the nearby options: `Ich frage, ob der Termin passt.` is the intended form in this context.","Contrast the nearby options: `Ich frage, ob der Termin passt.` is the intended form in this context.",,,,duplicate_v02_lineage_resolved,duplicate_v02_lineage_resolved,
content/b1-m07-meetings-leave-requests.js,v080149_cat07_practice_family_cat07_pf_031,cat07-pf-031,cat07-pf-031,matched_replacement_layer,Core Safe,keep current row unchanged,revise_light,revise_light,,CORE_SAFE_V02_REPLACEMENT,future apply patch may replace schema-compatible learner-facing fields from v0.2/recovery while preserving current item ID,Auswahl,selected_choice_value,CAT07-practice_family-cat07_pf_031,true,prompt; stimulus/learnerCue; microRule/explainText,Welche Form passt in dieser Situation am besten?,Welche Form passt in dieser Situation am besten?,A Besprechung / B Termin / C Sitzung,A Besprechung / B Termin / C Sitzung,Besprechung | A Besprechung | B Termin | C Sitzung,,Besprechung,Besprechung,Contrast the nearby forms; choose the one that matches this exact work situation.,Contrast the nearby forms; choose the one that matches this exact work situation.,,,,duplicate_v02_lineage_resolved,duplicate_v02_lineage_resolved,
content/b1-m07-meetings-leave-requests.js,v080149_cat07_practice_family_cat07_pf_032,cat07-pf-032,cat07-pf-032,matched_replacement_layer,Core Safe,keep current row unchanged,revise_light,revise_light,,CORE_SAFE_V02_REPLACEMENT,future apply patch may replace schema-compatible learner-facing fields from v0.2/recovery while preserving current item ID,Auswahl,selected_choice_value,CAT07-practice_family-cat07_pf_032,true,prompt; stimulus/learnerCue; microRule/explainText,Welche Form passt in dieser Situation am besten?,Welche Form passt in dieser Situation am besten?,A Tagesordnungspunkt / B Tagesordnung / C Thema,A Tagesordnungspunkt / B Tagesordnung / C Thema,Tagesordnungspunkt | A Tagesordnungspunkt | B Tagesordnung | C Thema,,Tagesordnungspunkt,Tagesordnungspunkt,Contrast the nearby forms; choose the one that matches this exact work situation.,Contrast the nearby forms; choose the one that matches this exact work situation.,,,,duplicate_v02_lineage_resolved,duplicate_v02_lineage_resolved,
content/b1-m07-meetings-leave-requests.js,v080149_cat07_practice_family_cat07_pf_033,cat07-pf-033,cat07-pf-033,matched_replacement_layer,Core Safe,keep current row unchanged,revise_light,revise_light,,CORE_SAFE_V02_REPLACEMENT,future apply patch may replace schema-compatible learner-facing fields from v0.2/recovery while preserving current item ID,Auswahl,selected_choice_value,CAT07-practice_family-cat07_pf_033,true,prompt; stimulus/learnerCue; microRule/explainText,Welche Formulierung ist in dieser Arbeitssituation natürlich?,Welche Formulierung ist in dieser Arbeitssituation natürlich?,A eine Frage stellen / B eine Frage machen / C eine Rückmeldung stellen,A eine Frage stellen / B eine Frage machen / C eine Rückmeldung stellen,eine Frage stellen | A eine Frage stellen | B eine Frage machen | C eine Rückmeldung stellen,,eine Frage stellen,eine Frage stellen,Contrast the nearby forms; choose the one that matches this exact work situation.,Contrast the nearby forms; choose the one that matches this exact work situation.,,,,duplicate_v02_lineage_resolved,duplicate_v02_lineage_resolved,
content/b1-m07-meetings-leave-requests.js,v080149_cat07_practice_family_cat07_pf_034,cat07-pf-034,cat07-pf-034,matched_replacement_layer,Core Safe,keep current row unchanged,revise_light,revise_light,,CORE_SAFE_V02_REPLACEMENT,future apply patch may replace schema-compatible learner-facing fields from v0.2/recovery while preserving current item ID,Auswahl,selected_choice_value,CAT07-practice_family-cat07_pf_034,true,prompt; stimulus/learnerCue; microRule/explainText,Welches Wort passt in diesem Büro-/Besprechungskontext?,Welches Wort passt in diesem Büro-/Besprechungskontext?,A Rückfrage / B Rückmeldung / C Antwort,A Rückfrage / B Rückmeldung / C Antwort,Rückfrage | A Rückfrage | B Rückmeldung | C Antwort,,Rückfrage,Rückfrage,Contrast the nearby forms; choose the one that matches this exact work situation.,Contrast the nearby forms; choose the one that matches this exact work situation.,,,,duplicate_v02_lineage_resolved,duplicate_v02_lineage_resolved,
content/b1-m07-meetings-leave-requests.js,v080149_cat07_practice_family_cat07_pf_035,cat07-pf-035,cat07-pf-035,matched_replacement_layer,Core Safe,keep current row unchanged,revise_light,revise_light,,CORE_SAFE_V02_REPLACEMENT,future apply patch may replace schema-compatible learner-facing fields from v0.2/recovery while preserving current item ID,Auswahl,selected_choice_value,CAT07-practice_family-cat07_pf_035,true,prompt; stimulus/learnerCue; microRule/explainText,Welche Form passt in dieser Situation am besten?,Welche Form passt in dieser Situation am besten?,A einen Vorschlag machen / B einen Vorschlag tun / C eine Entscheidung machen,A einen Vorschlag machen / B einen Vorschlag tun / C eine Entscheidung machen,einen Vorschlag machen | A einen Vorschlag machen | B einen Vorschlag tun | C eine Entscheidung machen,,einen Vorschlag machen,einen Vorschlag machen,Contrast the nearby forms; choose the one that matches this exact work situation.,Contrast the nearby forms; choose the one that matches this exact work situation.,,,,duplicate_v02_lineage_resolved,duplicate_v02_lineage_resolved,
content/b1-m07-meetings-leave-requests.js,v080149_cat07_practice_family_cat07_pf_037,cat07-pf-037,cat07-pf-037,matched_replacement_layer,Core Safe,keep current row unchanged,revise_light,revise_light,,CORE_SAFE_V02_REPLACEMENT,future apply patch may replace schema-compatible learner-facing fields from v0.2/recovery while preserving current item ID,Auswahl,selected_choice_value,CAT07-practice_family-cat07_pf_037,true,prompt; stimulus/learnerCue; microRule/explainText,Welches Wort passt nach der Besprechung?,Welches Wort passt nach der Besprechung?,A Ergebnis / B Aufgabe / C Vorschlag,A Ergebnis / B Aufgabe / C Vorschlag,Ergebnis | A Ergebnis | B Aufgabe | C Vorschlag,,Ergebnis,Ergebnis,Contrast the nearby forms; choose the one that matches this exact work situation.,Contrast the nearby forms; choose the one that matches this exact work situation.,,,,duplicate_v02_lineage_resolved,duplicate_v02_lineage_resolved,
content/b1-m07-meetings-leave-requests.js,v080149_cat07_practice_family_cat07_pf_038,cat07-pf-038,cat07-pf-038,matched_replacement_layer,Core Safe,keep current row unchanged,revise_light,revise_light,,CORE_SAFE_V02_REPLACEMENT,future apply patch may replace schema-compatible learner-facing fields from v0.2/recovery while preserving current item ID,Auswahl,selected_choice_value,CAT07-practice_family-cat07_pf_038,true,prompt; stimulus/learnerCue; microRule/explainText,Welches Wort passt in diesem Büro-/Besprechungskontext?,Welches Wort passt in diesem Büro-/Besprechungskontext?,A verfügbar / B erreichbar / C pünktlich,A verfügbar / B erreichbar / C pünktlich,verfügbar | A verfügbar | B erreichbar | C pünktlich,,verfügbar,verfügbar,Contrast the nearby forms; choose the one that matches this exact work situation.,Contrast the nearby forms; choose the one that matches this exact work situation.,,,,duplicate_v02_lineage_resolved,duplicate_v02_lineage_resolved,
content/b1-m07-meetings-leave-requests.js,v080149_cat07_practice_family_cat07_pf_041,cat07-pf-041,cat07-pf-041,matched_replacement_layer,Core Safe,keep current row unchanged,revise_light,revise_light,,CORE_SAFE_V02_REPLACEMENT,future apply patch may replace schema-compatible learner-facing fields from v0.2/recovery while preserving current item ID,Auswahl,selected_choice_value,CAT07-practice_family-cat07_pf_041,true,prompt; stimulus/learnerCue; microRule/explainText,Welche Aktion passt zu dieser Planungssituation?,Welche Aktion passt zu dieser Planungssituation?,A verschieben / B absagen / C bestätigen,A verschieben / B absagen / C bestätigen,verschieben | A verschieben | B absagen | C bestätigen,,verschieben,verschieben,Scheduling verb: use `verschieben` for this meeting/appointment action.,Scheduling verb: use `verschieben` for this meeting/appointment action.,,,,duplicate_v02_lineage_resolved,duplicate_v02_lineage_resolved,
content/b1-m07-meetings-leave-requests.js,v080149_cat07_practice_family_cat07_pf_043,cat07-pf-043,cat07-pf-043,matched_replacement_layer,Core Safe,keep current row unchanged,revise_light,revise_light,,CORE_SAFE_V02_REPLACEMENT,future apply patch may replace schema-compatible learner-facing fields from v0.2/recovery while preserving current item ID,Auswahl,selected_choice_value,CAT07-practice_family-cat07_pf_043,true,prompt; stimulus/learnerCue; microRule/explainText,Welche Form passt in dieser Situation am besten?,Welche Form passt in dieser Situation am besten?,A an der Besprechung teilnehmen / B bei der Besprechung teilnehmen / C in der Besprechung teilnehmen,A an der Besprechung teilnehmen / B bei der Besprechung teilnehmen / C in der Besprechung teilnehmen,an der Besprechung teilnehmen | A an der Besprechung teilnehmen | B bei der Besprechung teilnehmen | C in der Besprechung teilnehmen,,an der Besprechung teilnehmen,an der Besprechung teilnehmen,Contrast the nearby forms; choose the one that matches this exact work situation.,Contrast the nearby forms; choose the one that matches this exact work situation.,,,,duplicate_v02_lineage_resolved,duplicate_v02_lineage_resolved,
content/b1-m07-meetings-leave-requests.js,v080149_cat07_practice_family_cat07_pf_044,cat07-pf-044,cat07-pf-044,matched_replacement_layer,Core Safe,keep current row unchanged,revise_light,revise_light,,CORE_SAFE_V02_REPLACEMENT,future apply patch may replace schema-compatible learner-facing fields from v0.2/recovery while preserving current item ID,Auswahl,selected_choice_value,CAT07-practice_family-cat07_pf_044,true,prompt; stimulus/learnerCue; microRule/explainText,Welche Form passt in dieser Situation am besten?,Welche Form passt in dieser Situation am besten?,A das Thema besprechen / B über das Thema besprechen / C das Thema sprechen,A das Thema besprechen / B über das Thema besprechen / C das Thema sprechen,das Thema besprechen | A das Thema besprechen | B über das Thema besprechen | C das Thema sprechen,,das Thema besprechen,das Thema besprechen,Contrast the nearby forms; choose the one that matches this exact work situation.,Contrast the nearby forms; choose the one that matches this exact work situation.,,,,duplicate_v02_lineage_resolved,duplicate_v02_lineage_resolved,
content/b1-m07-meetings-leave-requests.js,v080149_cat07_practice_family_cat07_pf_049,cat07-pf-049,cat07-pf-049,matched_replacement_layer,Core Safe,keep current row unchanged,revise_light,revise_light,,CORE_SAFE_V02_REPLACEMENT,future apply patch may replace schema-compatible learner-facing fields from v0.2/recovery while preserving current item ID,Auswahl,selected_choice_value,CAT07-practice_family-cat07_pf_049,true,prompt; stimulus/learnerCue; microRule/explainText,Welche Form passt in dieser Situation am besten?,Welche Form passt in dieser Situation am besten?,A jemanden vertreten / B jemanden übernehmen / C jemanden übergeben,A jemanden vertreten / B jemanden übernehmen / C jemanden übergeben,jemanden vertreten | A jemanden vertreten | B jemanden übernehmen | C jemanden übergeben,,jemanden vertreten,jemanden vertreten,Contrast the nearby forms; choose the one that matches this exact work situation.,Contrast the nearby forms; choose the one that matches this exact work situation.,,,,duplicate_v02_lineage_resolved,duplicate_v02_lineage_resolved,
content/b1-m07-meetings-leave-requests.js,v080149_cat07_practice_family_cat07_pf_052,cat07-pf-052,cat07-pf-052,matched_replacement_layer,Core Safe,keep current row unchanged,revise_light,revise_light,,CORE_SAFE_V02_REPLACEMENT,future apply patch may replace schema-compatible learner-facing fields from v0.2/recovery while preserving current item ID,Auswahl,selected_choice_value,CAT07-practice_family-cat07_pf_052,true,prompt; stimulus/learnerCue; microRule/explainText,Welche Form ist ein höflicher Vorschlag?,Welche Form ist ein höflicher Vorschlag?,A Wir könnten den Termin verschieben. / B Wir mussten den Termin verschieben. / C Wir werden den Termin verschoben.,A Wir könnten den Termin verschieben. / B Wir mussten den Termin verschieben. / C Wir werden den Termin verschoben.,Wir könnten den Termin verschieben. | A Wir könnten den Termin verschieben. | B Wir mussten den Termin verschieben. | C Wir werden den Termin verschoben.,,Wir könnten den Termin verschieben.,Wir könnten den Termin verschieben.,Contrast the nearby forms; choose the one that matches this exact work situation.,Contrast the nearby forms; choose the one that matches this exact work situation.,,,,duplicate_v02_lineage_resolved,duplicate_v02_lineage_resolved,
content/b1-m07-meetings-leave-requests.js,v080149_cat07_practice_family_cat07_pf_053,cat07-pf-053,cat07-pf-053,matched_replacement_layer,Core Safe,keep current row unchanged,revise_light,revise_light,,CORE_SAFE_V02_REPLACEMENT,future apply patch may replace schema-compatible learner-facing fields from v0.2/recovery while preserving current item ID,Auswahl,selected_choice_value,CAT07-practice_family-cat07_pf_053,true,prompt; stimulus/learnerCue; microRule/explainText,Welche Verbindung passt?,Welche Verbindung passt?,"A Ich frage, ob der Termin passt. / B Ich frage, wenn der Termin passt. / C Ich frage, dass der Termin passt.","A Ich frage, ob der Termin passt. / B Ich frage, wenn der Termin passt. / C Ich frage, dass der Termin passt.","Ich frage, ob der Termin passt. | A Ich frage, ob der Termin passt. | B Ich frage, wenn der Termin passt. | C Ich frage, dass der Termin passt.",,"Ich frage, ob der Termin passt.","Ich frage, ob der Termin passt.",Contrast the nearby forms; choose the one that matches this exact work situation.,Contrast the nearby forms; choose the one that matches this exact work situation.,,,,duplicate_v02_lineage_resolved,duplicate_v02_lineage_resolved,
content/b1-m07-meetings-leave-requests.js,v080149_cat07_practice_family_cat07_pf_075,cat07-pf-075,cat07-pf-075,matched_replacement_layer,Core Safe,keep current row unchanged,revise_light,revise_light,,CORE_SAFE_V02_REPLACEMENT,future apply patch may replace schema-compatible learner-facing fields from v0.2/recovery while preserving current item ID,Reparatur,typed,CAT07-practice_family-cat07_pf_075,true,prompt; stimulus/learnerCue,Ich nehme in der Besprechung teil.,Korrigiere den Satz.,Korrigiere den Satz.,Ich nehme in der Besprechung teil.,,,Ich nehme an der Besprechung teil.,Ich nehme an der Besprechung teil.,teilnehmen uses an + dative Use this as the trained pattern in this context.,teilnehmen uses an + dative Use this as the trained pattern in this context.,,,,duplicate_v02_lineage_resolved,duplicate_v02_lineage_resolved,
content/b1-m07-meetings-leave-requests.js,v080149_cat07_practice_family_cat07_pf_076,cat07-pf-076,cat07-pf-076,matched_replacement_layer,Core Safe,keep current row unchanged,revise_light,revise_light,,CORE_SAFE_V02_REPLACEMENT,future apply patch may replace schema-compatible learner-facing fields from v0.2/recovery while preserving current item ID,Reparatur,typed,CAT07-practice_family-cat07_pf_076,true,prompt; stimulus/learnerCue,Darf ich eine Frage machen?,Korrigiere den Satz.,Korrigiere den Satz.,Darf ich eine Frage machen?,,,Darf ich eine Frage stellen?,Darf ich eine Frage stellen?,Collocation: eine Frage stellen Use this as the trained pattern in this context.,Collocation: eine Frage stellen Use this as the trained pattern in this context.,,,,duplicate_v02_lineage_resolved,duplicate_v02_lineage_resolved,
content/b1-m07-meetings-leave-requests.js,v080149_cat07_practice_family_cat07_pf_077,cat07-pf-077,cat07-pf-077,matched_replacement_layer,Core Safe,keep current row unchanged,revise_light,revise_light,,CORE_SAFE_V02_REPLACEMENT,future apply patch may replace schema-compatible learner-facing fields from v0.2/recovery while preserving current item ID,Reparatur,typed,CAT07-practice_family-cat07_pf_077,true,prompt; stimulus/learnerCue,Ich möchte einen Vorschlag tun.,Korrigiere den Satz.,Korrigiere den Satz.,Ich möchte einen Vorschlag tun.,,,Ich möchte einen Vorschlag machen.,Ich möchte einen Vorschlag machen.,Collocation: einen Vorschlag machen Use this as the trained pattern in this context.,Collocation: einen Vorschlag machen Use this as the trained pattern in this context.,,,,duplicate_v02_lineage_resolved,duplicate_v02_lineage_resolved,
content/b1-m07-meetings-leave-requests.js,v080149_cat07_practice_family_cat07_pf_078,cat07-pf-078,cat07-pf-078,matched_replacement_layer,Core Safe,keep current row unchanged,revise_light,revise_light,,CORE_SAFE_V02_REPLACEMENT,future apply patch may replace schema-compatible learner-facing fields from v0.2/recovery while preserving current item ID,Reparatur,typed,CAT07-practice_family-cat07_pf_078,true,prompt; stimulus/learnerCue,Wir müssen eine Entscheidung machen.,Korrigiere den Satz.,Korrigiere den Satz.,Wir müssen eine Entscheidung machen.,,,Wir müssen eine Entscheidung treffen.,Wir müssen eine Entscheidung treffen.,Collocation: eine Entscheidung treffen Use this as the trained pattern in this context.,Collocation: eine Entscheidung treffen Use this as the trained pattern in this context.,,,,duplicate_v02_lineage_resolved,duplicate_v02_lineage_resolved,
content/b1-m07-meetings-leave-requests.js,v080149_cat07_practice_family_cat07_pf_081,cat07-pf-081,cat07-pf-081,matched_replacement_layer,Core Safe,keep current row unchanged,revise_light,revise_light,,CORE_SAFE_V02_REPLACEMENT,future apply patch may replace schema-compatible learner-facing fields from v0.2/recovery while preserving current item ID,Reparatur,typed,CAT07-practice_family-cat07_pf_081,true,prompt; stimulus/learnerCue,Können wir die Besprechung bewegen?,Korrigiere den Satz.,Korrigiere den Satz.,Können wir die Besprechung bewegen?,,,Können wir die Besprechung verschieben?,Können wir die Besprechung verschieben?,Use verschieben for moving a meeting time Use this as the trained pattern in this context.,Use verschieben for moving a meeting time Use this as the trained pattern in this context.,,,,duplicate_v02_lineage_resolved,duplicate_v02_lineage_resolved,
content/b1-m07-meetings-leave-requests.js,v080149_cat07_practice_family_cat07_pf_083,cat07-pf-083,cat07-pf-083,matched_replacement_layer,Core Safe,keep current row unchanged,revise_light,revise_light,,CORE_SAFE_V02_REPLACEMENT,future apply patch may replace schema-compatible learner-facing fields from v0.2/recovery while preserving current item ID,Reparatur,typed,CAT07-practice_family-cat07_pf_083,true,prompt; stimulus/learnerCue,Wer nimmt meine Vertretung?,Korrigiere den Satz.,Korrigiere den Satz.,Wer nimmt meine Vertretung?,,,Wer übernimmt meine Vertretung?,Wer übernimmt meine Vertretung?,Use Vertretung übernehmen Use this as the trained pattern in this context.,Use Vertretung übernehmen Use this as the trained pattern in this context.,,,,duplicate_v02_lineage_resolved,duplicate_v02_lineage_resolved,
content/b1-m07-meetings-leave-requests.js,v080149_cat07_practice_family_cat07_pf_084,cat07-pf-084,cat07-pf-084,matched_replacement_layer,Core Safe,keep current row unchanged,revise_light,revise_light,,CORE_SAFE_V02_REPLACEMENT,future apply patch may replace schema-compatible learner-facing fields from v0.2/recovery while preserving current item ID,Reparatur,typed,CAT07-practice_family-cat07_pf_084,true,prompt; stimulus/learnerCue,Ich mache die Übergabe bereit.,Korrigiere den Satz.,Korrigiere den Satz.,Ich mache die Übergabe bereit.,,,Ich bereite die Übergabe vor.,Ich bereite die Übergabe vor.,Collocation: die Übergabe vorbereiten Use this as the trained pattern in this context.,Collocation: die Übergabe vorbereiten Use this as the trained pattern in this context.,,,,duplicate_v02_lineage_resolved,duplicate_v02_lineage_resolved,
content/b1-m07-meetings-leave-requests.js,v080149_cat07_practice_family_cat07_pf_089,cat07-pf-089,cat07-pf-089,matched_replacement_layer,Core Safe,keep current row unchanged,revise_light,revise_light,,CORE_SAFE_V02_REPLACEMENT,future apply patch may replace schema-compatible learner-facing fields from v0.2/recovery while preserving current item ID,Reparatur,typed,CAT07-practice_family-cat07_pf_089,true,prompt; stimulus/learnerCue,Könnten Sie mich den Link schicken?,Korrigiere den Satz.,Korrigiere den Satz.,Könnten Sie mich den Link schicken?,,,Könnten Sie mir den Link schicken?,Könnten Sie mir den Link schicken?,The receiver is dative: mir Use this as the trained pattern in this context.,The receiver is dative: mir Use this as the trained pattern in this context.,,,,duplicate_v02_lineage_resolved,duplicate_v02_lineage_resolved,
content/b1-m07-meetings-leave-requests.js,v080149_cat07_practice_family_cat07_pf_090,cat07-pf-090,cat07-pf-090,matched_replacement_layer,Core Safe,keep current row unchanged,revise_light,revise_light,,CORE_SAFE_V02_REPLACEMENT,future apply patch may replace schema-compatible learner-facing fields from v0.2/recovery while preserving current item ID,Reparatur,typed,CAT07-practice_family-cat07_pf_090,true,prompt; stimulus/learnerCue,Ich bin von 12. bis 16. August nicht im Büro.,Korrigiere den Satz.,Korrigiere den Satz.,Ich bin von 12. bis 16. August nicht im Büro.,,,Ich bin vom 12. bis 16. August nicht im Büro.,Ich bin vom 12. bis 16. August nicht im Büro.,Date range: vom 12. bis 16. August Use this as the trained pattern in this context.,Date range: vom 12. bis 16. August Use this as the trained pattern in this context.,,,,duplicate_v02_lineage_resolved,duplicate_v02_lineage_resolved,
content/b1-m07-meetings-leave-requests.js,v080149_cat07_practice_family_cat07_pf_091,cat07-pf-091,cat07-pf-091,matched_replacement_layer,Core Safe,keep current row unchanged,revise_light,revise_light,,CORE_SAFE_V02_REPLACEMENT,future apply patch may replace schema-compatible learner-facing fields from v0.2/recovery while preserving current item ID,Reparatur,typed,CAT07-practice_family-cat07_pf_091,true,prompt; stimulus/learnerCue,"Ich frage, wenn der Termin passt.",Korrigiere den Satz.,Korrigiere den Satz.,"Ich frage, wenn der Termin passt.",,,"Ich frage, ob der Termin passt.","Ich frage, ob der Termin passt.",Use ob for an indirect yes/no question Use this as the trained pattern in this context.,Use ob for an indirect yes/no question Use this as the trained pattern in this context.,,,,duplicate_v02_lineage_resolved,duplicate_v02_lineage_resolved,
content/b1-m08-orders-delivery.js,v080149_cat08_collocation_cat08_coll_001,cat08-coll-001,cat08-coll-001,matched_replacement_layer,Core Safe,keep current row unchanged,revise_light,revise_light,,CORE_SAFE_V02_REPLACEMENT,future apply patch may replace schema-compatible learner-facing fields from v0.2/recovery while preserving current item ID,Auswahl,selected_choice_value,CAT08-collocation-cat08_coll_001,true,microRule/explainText,Welche Kollokation passt? place an order,,Choose the best German option.,,eine Bestellung aufgeben | Bestellung machen | Auftrag geben | eine Bestellung machen,,eine Bestellung aufgeben,eine Bestellung aufgeben,Collocation: use `eine Bestellung aufgeben` for placing an order.,Collocation: use `eine Bestellung aufgeben` for placing an order.,,,,duplicate_v02_lineage_resolved,duplicate_v02_lineage_resolved,
content/b1-m08-orders-delivery.js,v080149_cat08_collocation_cat08_coll_002,cat08-coll-002,cat08-coll-002,matched_replacement_layer,Core Safe,keep current row unchanged,revise_light,revise_light,,CORE_SAFE_V02_REPLACEMENT,future apply patch may replace schema-compatible learner-facing fields from v0.2/recovery while preserving current item ID,Auswahl,selected_choice_value,CAT08-collocation-cat08_coll_002,true,microRule/explainText,Welche Kollokation passt? process an order/job,,Choose the best German option.,,einen Auftrag bearbeiten | Bestellung | Aufgabe | einen Auftrag arbeiten,,einen Auftrag bearbeiten,einen Auftrag bearbeiten,Collocation: use `einen Auftrag bearbeiten` as a fixed phrase in CAT08.,Collocation: use `einen Auftrag bearbeiten` as a fixed phrase in CAT08.,,,,duplicate_v02_lineage_resolved,duplicate_v02_lineage_resolved,
content/b1-m08-orders-delivery.js,v080149_cat08_collocation_cat08_coll_003,cat08-coll-003,cat08-coll-003,matched_replacement_layer,Core Safe,keep current row unchanged,revise_light,revise_light,,CORE_SAFE_V02_REPLACEMENT,future apply patch may replace schema-compatible learner-facing fields from v0.2/recovery while preserving current item ID,Auswahl,selected_choice_value,CAT08-collocation-cat08_coll_003,true,microRule/explainText,Welche Kollokation passt? give the order number,,Choose the best German option.,,die Bestellnummer angeben | Artikelnummer | Kundennummer | Nummer sagen only,,die Bestellnummer angeben,die Bestellnummer angeben,Collocation: use `die Bestellnummer angeben` when referring to an order.,Collocation: use `die Bestellnummer angeben` when referring to an order.,,,,duplicate_v02_lineage_resolved,duplicate_v02_lineage_resolved,
content/b1-m08-orders-delivery.js,v080149_cat08_collocation_cat08_coll_004,cat08-coll-004,cat08-coll-004,matched_replacement_layer,Core Safe,keep current row unchanged,revise_light,revise_light,,CORE_SAFE_V02_REPLACEMENT,future apply patch may replace schema-compatible learner-facing fields from v0.2/recovery while preserving current item ID,Auswahl,selected_choice_value,CAT08-collocation-cat08_coll_004,true,microRule/explainText,Welche Kollokation passt? order an item,,Choose the best German option.,,einen Artikel bestellen | Produkt | Ware | Artikel machen,,einen Artikel bestellen,einen Artikel bestellen,Collocation: use `einen Artikel bestellen` as a fixed phrase in CAT08.,Collocation: use `einen Artikel bestellen` as a fixed phrase in CAT08.,,,,duplicate_v02_lineage_resolved,duplicate_v02_lineage_resolved,
content/b1-m08-orders-delivery.js,v080149_cat08_collocation_cat08_coll_005,cat08-coll-005,cat08-coll-005,matched_replacement_layer,Core Safe,keep current row unchanged,revise_light,revise_light,,CORE_SAFE_V02_REPLACEMENT,future apply patch may replace schema-compatible learner-facing fields from v0.2/recovery while preserving current item ID,Auswahl,selected_choice_value,CAT08-collocation-cat08_coll_005,true,microRule/explainText,Welche Kollokation passt? receive the goods,,Choose the best German option.,,die Ware erhalten | Artikel | Produkt | die Ware bekommen haben as only formal model,,die Ware erhalten,die Ware erhalten,Collocation: use `die Ware erhalten` as a fixed phrase in CAT08.,Collocation: use `die Ware erhalten` as a fixed phrase in CAT08.,,,,duplicate_v02_lineage_resolved,duplicate_v02_lineage_resolved,
content/b1-m08-orders-delivery.js,v080149_cat08_collocation_cat08_coll_006,cat08-coll-006,cat08-coll-006,matched_replacement_layer,Core Safe,keep current row unchanged,revise_light,revise_light,,CORE_SAFE_V02_REPLACEMENT,future apply patch may replace schema-compatible learner-facing fields from v0.2/recovery while preserving current item ID,Auswahl,selected_choice_value,CAT08-collocation-cat08_coll_006,true,microRule/explainText,Welche Kollokation passt? change the quantity,,Choose the best German option.,,die Menge ändern | Anzahl | Stückzahl | Menge wechseln,,die Menge ändern,die Menge ändern,Collocation: use `die Menge ändern` as a fixed phrase in CAT08.,Collocation: use `die Menge ändern` as a fixed phrase in CAT08.,,,,duplicate_v02_lineage_resolved,duplicate_v02_lineage_resolved,
content/b1-m08-orders-delivery.js,v080149_cat08_collocation_cat08_coll_007,cat08-coll-007,cat08-coll-007,matched_replacement_layer,Core Safe,keep current row unchanged,revise_light,revise_light,,CORE_SAFE_V02_REPLACEMENT,future apply patch may replace schema-compatible learner-facing fields from v0.2/recovery while preserving current item ID,Auswahl,selected_choice_value,CAT08-collocation-cat08_coll_007,true,microRule/explainText,Welche Kollokation passt? select a size,,Choose the best German option.,,eine Größe auswählen | Farbe | Modell | Größe wählen is OK but less targeted,,eine Größe auswählen,eine Größe auswählen,Collocation: use `eine Größe auswählen` as a fixed phrase in CAT08.,Collocation: use `eine Größe auswählen` as a fixed phrase in CAT08.,,,,duplicate_v02_lineage_resolved,duplicate_v02_lineage_resolved,
content/b1-m08-orders-delivery.js,v080149_cat08_collocation_cat08_coll_008,cat08-coll-008,cat08-coll-008,matched_replacement_layer,Core Safe,keep current row unchanged,revise_light,revise_light,,CORE_SAFE_V02_REPLACEMENT,future apply patch may replace schema-compatible learner-facing fields from v0.2/recovery while preserving current item ID,Auswahl,selected_choice_value,CAT08-collocation-cat08_coll_008,true,microRule/explainText,Welche Kollokation passt? make a selection,,Choose the best German option.,,eine Auswahl treffen | entscheiden | auswählen | eine Auswahl machen,,eine Auswahl treffen,eine Auswahl treffen,Collocation: use `eine Auswahl treffen` as a fixed phrase in CAT08.,Collocation: use `eine Auswahl treffen` as a fixed phrase in CAT08.,,,,duplicate_v02_lineage_resolved,duplicate_v02_lineage_resolved,
content/b1-m08-orders-delivery.js,v080149_cat08_collocation_cat08_coll_009,cat08-coll-009,cat08-coll-009,matched_replacement_layer,Core Safe,keep current row unchanged,revise_light,revise_light,,CORE_SAFE_V02_REPLACEMENT,future apply patch may replace schema-compatible learner-facing fields from v0.2/recovery while preserving current item ID,Auswahl,selected_choice_value,CAT08-collocation-cat08_coll_009,true,microRule/explainText,Welche Kollokation passt? put in shopping cart,,Choose the best German option.,,in den Warenkorb legen | zur Kasse gehen | zum Warenkorb legen | eine Bestellung aufgeben,,in den Warenkorb legen,in den Warenkorb legen,Collocation: use `in den Warenkorb legen` as a fixed phrase in CAT08.,Collocation: use `in den Warenkorb legen` as a fixed phrase in CAT08.,,,,duplicate_v02_lineage_resolved,duplicate_v02_lineage_resolved,
content/b1-m08-orders-delivery.js,v080149_cat08_collocation_cat08_coll_010,cat08-coll-010,cat08-coll-010,matched_replacement_layer,Core Safe,keep current row unchanged,revise_light,revise_light,,CORE_SAFE_V02_REPLACEMENT,future apply patch may replace schema-compatible learner-facing fields from v0.2/recovery while preserving current item ID,Auswahl,selected_choice_value,CAT08-collocation-cat08_coll_010,true,microRule/explainText,Welche Kollokation passt? go to checkout,,Choose the best German option.,,zur Kasse gehen | bezahlen | Kasse | in die Kasse gehen,,zur Kasse gehen,zur Kasse gehen,Collocation: use `zur Kasse gehen` as a fixed phrase in CAT08.,Collocation: use `zur Kasse gehen` as a fixed phrase in CAT08.,,,,duplicate_v02_lineage_resolved,duplicate_v02_lineage_resolved,
content/b1-m08-orders-delivery.js,v080149_cat08_collocation_cat08_coll_011,cat08-coll-011,cat08-coll-011,matched_replacement_layer,Core Safe,keep current row unchanged,revise_light,revise_light,,CORE_SAFE_V02_REPLACEMENT,future apply patch may replace schema-compatible learner-facing fields from v0.2/recovery while preserving current item ID,Auswahl,selected_choice_value,CAT08-collocation-cat08_coll_011,true,microRule/explainText,Welche Kollokation passt? change delivery address,,Choose the best German option.,,die Lieferadresse ändern | wechseln | korrigieren | Adresse wechseln,,die Lieferadresse ändern,die Lieferadresse ändern,Collocation: use `die Lieferadresse ändern/angeben` for the delivery address.,Collocation: use `die Lieferadresse ändern/angeben` for the delivery address.,,,,duplicate_v02_lineage_resolved,duplicate_v02_lineage_resolved,
content/b1-m08-orders-delivery.js,v080149_cat08_collocation_cat08_coll_012,cat08-coll-012,cat08-coll-012,matched_replacement_layer,Core Safe,keep current row unchanged,revise_light,revise_light,,CORE_SAFE_V02_REPLACEMENT,future apply patch may replace schema-compatible learner-facing fields from v0.2/recovery while preserving current item ID,Auswahl,selected_choice_value,CAT08-collocation-cat08_coll_012,true,microRule/explainText,Welche Kollokation passt? cancel an order,,Choose the best German option.,,eine Bestellung stornieren | absagen | kündigen | eine Bestellung kündigen,,eine Bestellung stornieren,eine Bestellung stornieren,Collocation: use `eine Bestellung stornieren` for cancelling an order; review before legal/process import.,Collocation: use `eine Bestellung stornieren` for cancelling an order; review before legal/process import.,,,,duplicate_v02_lineage_resolved,duplicate_v02_lineage_resolved,
content/b1-m08-orders-delivery.js,v080149_cat08_collocation_cat08_coll_013,cat08-coll-013,cat08-coll-013,matched_replacement_layer,Core Safe,keep current row unchanged,revise_light,revise_light,,CORE_SAFE_V02_REPLACEMENT,future apply patch may replace schema-compatible learner-facing fields from v0.2/recovery while preserving current item ID,Auswahl,selected_choice_value,CAT08-collocation-cat08_coll_013,true,microRule/explainText,Welche Kollokation passt? receive an order confirmation,,Choose the best German option.,,eine Bestellbestätigung erhalten | Rechnung | Quittung | Bestätigung bekommen only,,eine Bestellbestätigung erhalten,eine Bestellbestätigung erhalten,Collocation: use `eine Bestellbestätigung erhalten` as a fixed phrase in CAT08.,Collocation: use `eine Bestellbestätigung erhalten` as a fixed phrase in CAT08.,,,,duplicate_v02_lineage_resolved,duplicate_v02_lineage_resolved,
content/b1-m08-orders-delivery.js,v080149_cat08_collocation_cat08_coll_014,cat08-coll-014,cat08-coll-014,matched_replacement_layer,Core Safe,keep current row unchanged,revise_light,revise_light,,CORE_SAFE_V02_REPLACEMENT,future apply patch may replace schema-compatible learner-facing fields from v0.2/recovery while preserving current item ID,Auswahl,selected_choice_value,CAT08-collocation-cat08_coll_014,true,microRule/explainText,Welche Kollokation passt? be in processing,,Choose the best German option.,,in Bearbeitung sein | bearbeitet sein | offen sein | in Arbeit sein,,in Bearbeitung sein,in Bearbeitung sein,Collocation: use `in Bearbeitung sein` as a fixed phrase in CAT08.,Collocation: use `in Bearbeitung sein` as a fixed phrase in CAT08.,,,,duplicate_v02_lineage_resolved,duplicate_v02_lineage_resolved,
content/b1-m08-orders-delivery.js,v080149_cat08_collocation_cat08_coll_015,cat08-coll-015,cat08-coll-015,matched_replacement_layer,Core Safe,keep current row unchanged,revise_light,revise_light,,CORE_SAFE_V02_REPLACEMENT,future apply patch may replace schema-compatible learner-facing fields from v0.2/recovery while preserving current item ID,Auswahl,selected_choice_value,CAT08-collocation-cat08_coll_015,true,microRule/explainText,Welche Kollokation passt? check the invoice,,Choose the best German option.,,die Rechnung prüfen | testen | ansehen | Rechnung testen,,die Rechnung prüfen,die Rechnung prüfen,"Invoice/payment phrase: useful language, but payment/legal details stay review-gated.","Invoice/payment phrase: useful language, but payment/legal details stay review-gated.",,,,duplicate_v02_lineage_resolved,duplicate_v02_lineage_resolved,
content/b1-m08-orders-delivery.js,v080149_cat08_collocation_cat08_coll_016,cat08-coll-016,cat08-coll-016,matched_replacement_layer,Core Safe,keep current row unchanged,revise_light,revise_light,,CORE_SAFE_V02_REPLACEMENT,future apply patch may replace schema-compatible learner-facing fields from v0.2/recovery while preserving current item ID,Auswahl,selected_choice_value,CAT08-collocation-cat08_coll_016,true,microRule/explainText,Welche Kollokation passt? receive an invoice,,Choose the best German option.,,eine Rechnung erhalten | bekommen | nehmen | ich bin erhalten,,eine Rechnung erhalten,eine Rechnung erhalten,"Invoice/payment phrase: useful language, but payment/legal details stay review-gated.","Invoice/payment phrase: useful language, but payment/legal details stay review-gated.",,,,duplicate_v02_lineage_resolved,duplicate_v02_lineage_resolved,
content/b1-m08-orders-delivery.js,v080149_cat08_collocation_cat08_coll_017,cat08-coll-017,cat08-coll-017,matched_replacement_layer,Core Safe,keep current row unchanged,revise_light,revise_light,,CORE_SAFE_V02_REPLACEMENT,future apply patch may replace schema-compatible learner-facing fields from v0.2/recovery while preserving current item ID,Auswahl,selected_choice_value,CAT08-collocation-cat08_coll_017,true,microRule/explainText,Welche Kollokation passt? the parcel arrives,,Choose the best German option.,,das Paket kommt an | erhalten | liefern | das Paket kommt mich an,,das Paket kommt an,das Paket kommt an,Collocation: use `das Paket kommt an` as a fixed phrase in CAT08.,Collocation: use `das Paket kommt an` as a fixed phrase in CAT08.,,,,duplicate_v02_lineage_resolved,duplicate_v02_lineage_resolved,
content/b1-m08-orders-delivery.js,v080149_cat08_collocation_cat08_coll_018,cat08-coll-018,cat08-coll-018,matched_replacement_layer,Core Safe,keep current row unchanged,revise_light,revise_light,,CORE_SAFE_V02_REPLACEMENT,future apply patch may replace schema-compatible learner-facing fields from v0.2/recovery while preserving current item ID,Auswahl,selected_choice_value,CAT08-collocation-cat08_coll_018,true,microRule/explainText,Welche Kollokation passt? deliver goods,,Choose the best German option.,,die Ware liefern | schicken | zustellen | die Ware bekommen liefern,,die Ware liefern,die Ware liefern,Collocation: use `die Ware liefern` as a fixed phrase in CAT08.,Collocation: use `die Ware liefern` as a fixed phrase in CAT08.,,,,duplicate_v02_lineage_resolved,duplicate_v02_lineage_resolved,
content/b1-m08-orders-delivery.js,v080149_cat08_collocation_cat08_coll_019,cat08-coll-019,cat08-coll-019,matched_replacement_layer,Core Safe,keep current row unchanged,revise_light,revise_light,,CORE_SAFE_V02_REPLACEMENT,future apply patch may replace schema-compatible learner-facing fields from v0.2/recovery while preserving current item ID,Auswahl,selected_choice_value,CAT08-collocation-cat08_coll_019,true,microRule/explainText,Welche Kollokation passt? send the parcel,,Choose the best German option.,,das Paket verschicken | liefern | schicken | Paket senden in all registers,,das Paket verschicken,das Paket verschicken,Collocation: use `das Paket verschicken` as a fixed phrase in CAT08.,Collocation: use `das Paket verschicken` as a fixed phrase in CAT08.,,,,duplicate_v02_lineage_resolved,duplicate_v02_lineage_resolved,
content/b1-m08-orders-delivery.js,v080149_cat08_collocation_cat08_coll_021,cat08-coll-021,cat08-coll-021,matched_replacement_layer,Core Safe,keep current row unchanged,revise_light,revise_light,,CORE_SAFE_V02_REPLACEMENT,future apply patch may replace schema-compatible learner-facing fields from v0.2/recovery while preserving current item ID,Auswahl,selected_choice_value,CAT08-collocation-cat08_coll_021,true,microRule/explainText,Welche Kollokation passt? accept a parcel,,Choose the best German option.,,ein Paket annehmen | akzeptieren | bekommen | Paket akzeptieren,,ein Paket annehmen,ein Paket annehmen,Collocation: use `ein Paket annehmen` as a fixed phrase in CAT08.,Collocation: use `ein Paket annehmen` as a fixed phrase in CAT08.,,,,duplicate_v02_lineage_resolved,duplicate_v02_lineage_resolved,
content/b1-m08-orders-delivery.js,v080149_cat08_collocation_cat08_coll_022,cat08-coll-022,cat08-coll-022,matched_replacement_layer,Core Safe,keep current row unchanged,revise_light,revise_light,,CORE_SAFE_V02_REPLACEMENT,future apply patch may replace schema-compatible learner-facing fields from v0.2/recovery while preserving current item ID,Auswahl,selected_choice_value,CAT08-collocation-cat08_coll_022,true,microRule/explainText,Welche Kollokation passt? pick up the parcel,,Choose the best German option.,,das Paket abholen | holen | bekommen | Lieferung abholen always,,das Paket abholen,das Paket abholen,Collocation: use `das Paket abholen` as a fixed phrase in CAT08.,Collocation: use `das Paket abholen` as a fixed phrase in CAT08.,,,,duplicate_v02_lineage_resolved,duplicate_v02_lineage_resolved,
content/b1-m08-orders-delivery.js,v080149_cat08_collocation_cat08_coll_025,cat08-coll-025,cat08-coll-025,matched_replacement_layer,Core Safe,keep current row unchanged,revise_light,revise_light,,CORE_SAFE_V02_REPLACEMENT,future apply patch may replace schema-compatible learner-facing fields from v0.2/recovery while preserving current item ID,Auswahl,selected_choice_value,CAT08-collocation-cat08_coll_025,true,microRule/explainText,Welche Kollokation passt? track a shipment,,Choose the best German option.,,eine Sendung verfolgen | folgen | suchen | der Sendung folgen,,eine Sendung verfolgen,eine Sendung verfolgen,Collocation: use `eine Sendung verfolgen` as a fixed phrase in CAT08.,Collocation: use `eine Sendung verfolgen` as a fixed phrase in CAT08.,,,,duplicate_v02_lineage_resolved,duplicate_v02_lineage_resolved,
content/b1-m08-orders-delivery.js,v080149_cat08_collocation_cat08_coll_026,cat08-coll-026,cat08-coll-026,matched_replacement_layer,Core Safe,keep current row unchanged,revise_light,revise_light,,CORE_SAFE_V02_REPLACEMENT,future apply patch may replace schema-compatible learner-facing fields from v0.2/recovery while preserving current item ID,Auswahl,selected_choice_value,CAT08-collocation-cat08_coll_026,true,microRule/explainText,Welche Kollokation passt? check delivery address,,Choose the best German option.,,die Lieferadresse prüfen | Adresse | Rechnungsadresse | Adresse kontrollieren as only model,,die Lieferadresse prüfen,die Lieferadresse prüfen,Collocation: use `die Lieferadresse ändern/angeben` for the delivery address.,Collocation: use `die Lieferadresse ändern/angeben` for the delivery address.,,,,duplicate_v02_lineage_resolved,duplicate_v02_lineage_resolved,
content/b1-m08-orders-delivery.js,v080149_cat08_collocation_cat08_coll_027,cat08-coll-027,cat08-coll-027,matched_replacement_layer,Core Safe,keep current row unchanged,revise_light,revise_light,,CORE_SAFE_V02_REPLACEMENT,future apply patch may replace schema-compatible learner-facing fields from v0.2/recovery while preserving current item ID,Auswahl,selected_choice_value,CAT08-collocation-cat08_coll_027,true,microRule/explainText,Welche Kollokation passt? state the recipient,,Choose the best German option.,,den Empfänger angeben | Absender | Kunde | Empfänger schreiben only,,den Empfänger angeben,den Empfänger angeben,Collocation: use `den Empfänger angeben` as a fixed phrase in CAT08.,Collocation: use `den Empfänger angeben` as a fixed phrase in CAT08.,,,,duplicate_v02_lineage_resolved,duplicate_v02_lineage_resolved,
content/b1-m08-orders-delivery.js,v080149_cat08_collocation_cat08_coll_028,cat08-coll-028,cat08-coll-028,matched_replacement_layer,Core Safe,keep current row unchanged,revise_light,revise_light,,CORE_SAFE_V02_REPLACEMENT,future apply patch may replace schema-compatible learner-facing fields from v0.2/recovery while preserving current item ID,Auswahl,selected_choice_value,CAT08-collocation-cat08_coll_028,true,microRule/explainText,Welche Kollokation passt? ask the parcel service,,Choose the best German option.,,beim Paketdienst nachfragen | Lieferant | Verkäufer | bei Lieferung nachfragen,,beim Paketdienst nachfragen,beim Paketdienst nachfragen,Collocation: use `beim Paketdienst nachfragen` as a fixed phrase in CAT08.,Collocation: use `beim Paketdienst nachfragen` as a fixed phrase in CAT08.,,,,duplicate_v02_lineage_resolved,duplicate_v02_lineage_resolved,
content/b1-m08-orders-delivery.js,v080149_cat08_collocation_cat08_coll_029,cat08-coll-029,cat08-coll-029,matched_replacement_layer,Core Safe,keep current row unchanged,revise_light,revise_light,,CORE_SAFE_V02_REPLACEMENT,future apply patch may replace schema-compatible learner-facing fields from v0.2/recovery while preserving current item ID,Auswahl,selected_choice_value,CAT08-collocation-cat08_coll_029,true,microRule/explainText,Welche Kollokation passt? arrange a delivery date,,Choose the best German option.,,einen Liefertermin vereinbaren | Lieferzeit | Uhrzeit | Lieferzeit vereinbaren,,einen Liefertermin vereinbaren,einen Liefertermin vereinbaren,Collocation: use `einen Liefertermin vereinbaren` as a fixed phrase in CAT08.,Collocation: use `einen Liefertermin vereinbaren` as a fixed phrase in CAT08.,,,,duplicate_v02_lineage_resolved,duplicate_v02_lineage_resolved,
content/b1-m08-orders-delivery.js,v080149_cat08_collocation_cat08_coll_030,cat08-coll-030,cat08-coll-030,matched_replacement_layer,Core Safe,keep current row unchanged,revise_light,revise_light,,CORE_SAFE_V02_REPLACEMENT,future apply patch may replace schema-compatible learner-facing fields from v0.2/recovery while preserving current item ID,Auswahl,selected_choice_value,CAT08-collocation-cat08_coll_030,true,microRule/explainText,Welche Kollokation passt? expected on Friday,,Choose the best German option.,,voraussichtlich am Freitag | garantiert | pünktlich | voraussichtlich as certainty,,voraussichtlich am Freitag,voraussichtlich am Freitag,Collocation: use `voraussichtlich am Freitag` as a fixed phrase in CAT08.,Collocation: use `voraussichtlich am Freitag` as a fixed phrase in CAT08.,,,,duplicate_v02_lineage_resolved,duplicate_v02_lineage_resolved,
content/b1-m08-orders-delivery.js,v080149_cat08_collocation_cat08_coll_031,cat08-coll-031,cat08-coll-031,matched_replacement_layer,Core Safe,keep current row unchanged,revise_light,revise_light,,CORE_SAFE_V02_REPLACEMENT,future apply patch may replace schema-compatible learner-facing fields from v0.2/recovery while preserving current item ID,Auswahl,selected_choice_value,CAT08-collocation-cat08_coll_031,true,microRule/explainText,Welche Kollokation passt? delay with delivery,,Choose the best German option.,,Verzögerung bei der Lieferung | Verspätung | Problem | Verzögerung auf der Lieferung,,Verzögerung bei der Lieferung,Verzögerung bei der Lieferung,"Collocation: use the noun with a concrete verb, e.g. `die Lieferung verfolgen`.","Collocation: use the noun with a concrete verb, e.g. `die Lieferung verfolgen`.",,,,duplicate_v02_lineage_resolved,duplicate_v02_lineage_resolved,
content/b1-m08-orders-delivery.js,v080149_cat08_collocation_cat08_coll_032,cat08-coll-032,cat08-coll-032,matched_replacement_layer,Core Safe,keep current row unchanged,revise_light,revise_light,,CORE_SAFE_V02_REPLACEMENT,future apply patch may replace schema-compatible learner-facing fields from v0.2/recovery while preserving current item ID,Auswahl,selected_choice_value,CAT08-collocation-cat08_coll_032,true,microRule/explainText,Welche Kollokation passt? check status,,Choose the best German option.,,den Status prüfen | Zustand | Stand | Status testen,,den Status prüfen,den Status prüfen,Collocation: use `den Status prüfen` as a fixed phrase in CAT08.,Collocation: use `den Status prüfen` as a fixed phrase in CAT08.,,,,duplicate_v02_lineage_resolved,duplicate_v02_lineage_resolved,
content/b1-m08-orders-delivery.js,v080149_cat08_collocation_cat08_coll_033,cat08-coll-033,cat08-coll-033,matched_replacement_layer,Core Safe,keep current row unchanged,revise_light,revise_light,,CORE_SAFE_V02_REPLACEMENT,future apply patch may replace schema-compatible learner-facing fields from v0.2/recovery while preserving current item ID,Auswahl,selected_choice_value,CAT08-collocation-cat08_coll_033,true,microRule/explainText,Welche Kollokation passt? be in stock,,Choose the best German option.,,auf Lager sein | lieferbar | verfügbar | im Lager sein as only model,,auf Lager sein,auf Lager sein,Collocation: use `auf Lager sein` as a fixed phrase in CAT08.,Collocation: use `auf Lager sein` as a fixed phrase in CAT08.,,,,duplicate_v02_lineage_resolved,duplicate_v02_lineage_resolved,
content/b1-m08-orders-delivery.js,v080149_cat08_collocation_cat08_coll_035,cat08-coll-035,cat08-coll-035,matched_replacement_layer,Core Safe,keep current row unchanged,revise_light,revise_light,,CORE_SAFE_V02_REPLACEMENT,future apply patch may replace schema-compatible learner-facing fields from v0.2/recovery while preserving current item ID,Auswahl,selected_choice_value,CAT08-collocation-cat08_coll_035,true,microRule/explainText,Welche Kollokation passt? receive the invoice,,Choose the best German option.,,die Rechnung erhalten | Quittung | Beleg | Rechnung bekommen only,,die Rechnung erhalten,die Rechnung erhalten,"Invoice/payment phrase: useful language, but payment/legal details stay review-gated.","Invoice/payment phrase: useful language, but payment/legal details stay review-gated.",,,,duplicate_v02_lineage_resolved,duplicate_v02_lineage_resolved,
content/b1-m08-orders-delivery.js,v080149_cat08_collocation_cat08_coll_036,cat08-coll-036,cat08-coll-036,matched_replacement_layer,Core Safe,keep current row unchanged,revise_light,revise_light,,CORE_SAFE_V02_REPLACEMENT,future apply patch may replace schema-compatible learner-facing fields from v0.2/recovery while preserving current item ID,Auswahl,selected_choice_value,CAT08-collocation-cat08_coll_036,true,microRule/explainText,Welche Kollokation passt? check the delivery note,,Choose the best German option.,,den Lieferschein prüfen | Rechnung | Quittung | Lieferzettel,,den Lieferschein prüfen,den Lieferschein prüfen,Collocation: use `den Lieferschein prüfen` as a fixed phrase in CAT08.,Collocation: use `den Lieferschein prüfen` as a fixed phrase in CAT08.,,,,duplicate_v02_lineage_resolved,duplicate_v02_lineage_resolved,
content/b1-m08-orders-delivery.js,v080149_cat08_collocation_cat08_coll_037,cat08-coll-037,cat08-coll-037,matched_replacement_layer,Core Safe,keep current row unchanged,revise_light,revise_light,,CORE_SAFE_V02_REPLACEMENT,future apply patch may replace schema-compatible learner-facing fields from v0.2/recovery while preserving current item ID,Auswahl,selected_choice_value,CAT08-collocation-cat08_coll_037,true,microRule/explainText,Welche Kollokation passt? keep the receipt/document,,Choose the best German option.,,den Beleg aufbewahren | Rechnung | Kassenbon | Beleg behalten only,,den Beleg aufbewahren,den Beleg aufbewahren,Collocation: use `den Beleg aufbewahren` as a fixed phrase in CAT08.,Collocation: use `den Beleg aufbewahren` as a fixed phrase in CAT08.,,,,duplicate_v02_lineage_resolved,duplicate_v02_lineage_resolved,
content/b1-m08-orders-delivery.js,v080149_cat08_contrast_cat08_cs_001,cat08-cs-001,cat08-cs-001,matched_replacement_layer,Core Safe,keep current row unchanged,revise_light,revise_light,,CORE_SAFE_V02_REPLACEMENT,future apply patch may replace schema-compatible learner-facing fields from v0.2/recovery while preserving current item ID,Auswahl,selected_choice_value,CAT08-contrast-cat08_cs_001,true,prompt; microRule/explainText,Welche Form passt zur Situation?,Welche Form passt zur Situation?,place order,,eine Bestellung aufgeben | eine Bestellung machen | einen Termin vereinbaren | eine Lieferung bekommen,eine Bestellung aufgeben | eine Bestellung machen | einen Termin vereinbaren | eine Lieferung bekommen,eine Bestellung aufgeben,eine Bestellung aufgeben,Collocation: eine Bestellung aufgeben.,Collocation: eine Bestellung aufgeben.,,,,duplicate_v02_lineage_resolved,duplicate_v02_lineage_resolved,
content/b1-m08-orders-delivery.js,v080149_cat08_contrast_cat08_cs_002,cat08-cs-002,cat08-cs-002,matched_replacement_layer,Core Safe,keep current row unchanged,revise_light,revise_light,,CORE_SAFE_V02_REPLACEMENT,future apply patch may replace schema-compatible learner-facing fields from v0.2/recovery while preserving current item ID,Auswahl,selected_choice_value,CAT08-contrast-cat08_cs_002,true,prompt; microRule/explainText,Welche Form passt zur Situation?,Welche Form passt zur Situation?,order vs delivery,,Bestellung | Lieferung | Rechnung | Sendungsnummer,Bestellung | Lieferung | Rechnung | Sendungsnummer,Bestellung,Bestellung,Bestellung = order; Lieferung = delivery.,Bestellung = order; Lieferung = delivery.,,,,duplicate_v02_lineage_resolved,duplicate_v02_lineage_resolved,
content/b1-m08-orders-delivery.js,v080149_cat08_contrast_cat08_cs_003,cat08-cs-003,cat08-cs-003,matched_replacement_layer,Core Safe,keep current row unchanged,revise_light,revise_light,,CORE_SAFE_V02_REPLACEMENT,future apply patch may replace schema-compatible learner-facing fields from v0.2/recovery while preserving current item ID,Auswahl,selected_choice_value,CAT08-contrast-cat08_cs_003,true,prompt; microRule/explainText,Welche Form passt zur Situation?,Welche Form passt zur Situation?,order number vs item number,,Bestellnummer | Artikelnummer | Kundennummer | Rechnungsnummer,Bestellnummer | Artikelnummer | Kundennummer | Rechnungsnummer,Bestellnummer,Bestellnummer,Bestellnummer is for the order.,Bestellnummer is for the order.,,,,duplicate_v02_lineage_resolved,duplicate_v02_lineage_resolved,
content/b1-m08-orders-delivery.js,v080149_cat08_contrast_cat08_cs_004,cat08-cs-004,cat08-cs-004,matched_replacement_layer,Core Safe,keep current row unchanged,revise_light,revise_light,,CORE_SAFE_V02_REPLACEMENT,future apply patch may replace schema-compatible learner-facing fields from v0.2/recovery while preserving current item ID,Auswahl,selected_choice_value,CAT08-contrast-cat08_cs_004,true,prompt; microRule/explainText,Welche Form passt zur Situation?,Welche Form passt zur Situation?,tracking number,,Sendungsnummer | Bestellnummer | Artikelnummer | Kundennummer,Sendungsnummer | Bestellnummer | Artikelnummer | Kundennummer,Sendungsnummer,Sendungsnummer,Sendungsnummer tracks a shipment.,Sendungsnummer tracks a shipment.,,,,duplicate_v02_lineage_resolved,duplicate_v02_lineage_resolved,
content/b1-m08-orders-delivery.js,v080149_cat08_contrast_cat08_cs_005,cat08-cs-005,cat08-cs-005,matched_replacement_layer,Core Safe,keep current row unchanged,revise_light,revise_light,,CORE_SAFE_V02_REPLACEMENT,future apply patch may replace schema-compatible learner-facing fields from v0.2/recovery while preserving current item ID,Auswahl,selected_choice_value,CAT08-contrast-cat08_cs_005,true,prompt; microRule/explainText,Welche Form passt zur Situation?,Welche Form passt zur Situation?,available for delivery,,lieferbar | geliefert | geliefert werden | geliefert haben,lieferbar | geliefert | geliefert werden | geliefert haben,lieferbar,lieferbar,Lieferbar means available for delivery.,Lieferbar means available for delivery.,,,,duplicate_v02_lineage_resolved,duplicate_v02_lineage_resolved,
content/b1-m08-orders-delivery.js,v080149_cat08_contrast_cat08_cs_006,cat08-cs-006,cat08-cs-006,matched_replacement_layer,Core Safe,keep current row unchanged,revise_light,revise_light,,CORE_SAFE_V02_REPLACEMENT,future apply patch may replace schema-compatible learner-facing fields from v0.2/recovery while preserving current item ID,Auswahl,selected_choice_value,CAT08-contrast-cat08_cs_006,true,prompt; microRule/explainText,Welche Form passt zur Situation?,Welche Form passt zur Situation?,in stock,,auf Lager | im Lager | an Lager | bei Lager,auf Lager | im Lager | an Lager | bei Lager,auf Lager,auf Lager,Use auf Lager for in stock.,Use auf Lager for in stock.,,,,duplicate_v02_lineage_resolved,duplicate_v02_lineage_resolved,
content/b1-m08-orders-delivery.js,v080149_cat08_contrast_cat08_cs_008,cat08-cs-008,cat08-cs-008,matched_replacement_layer,Core Safe,keep current row unchanged,revise_light,revise_light,,CORE_SAFE_V02_REPLACEMENT,future apply patch may replace schema-compatible learner-facing fields from v0.2/recovery while preserving current item ID,Auswahl,selected_choice_value,CAT08-contrast-cat08_cs_008,true,prompt; microRule/explainText,Welche Form passt zur Situation?,Welche Form passt zur Situation?,delivery vs billing address,,Lieferadresse | Rechnungsadresse | Wohnadresse | Absender,Lieferadresse | Rechnungsadresse | Wohnadresse | Absender,Lieferadresse,Lieferadresse,Lieferadresse is where the delivery goes.,Lieferadresse is where the delivery goes.,,,,duplicate_v02_lineage_resolved,duplicate_v02_lineage_resolved,
content/b1-m08-orders-delivery.js,v080149_cat08_contrast_cat08_cs_009,cat08-cs-009,cat08-cs-009,matched_replacement_layer,Core Safe,keep current row unchanged,revise_light,revise_light,,CORE_SAFE_V02_REPLACEMENT,future apply patch may replace schema-compatible learner-facing fields from v0.2/recovery while preserving current item ID,Auswahl,selected_choice_value,CAT08-contrast-cat08_cs_009,true,prompt; microRule/explainText,Welche Form passt zur Situation?,Welche Form passt zur Situation?,invoice vs delivery note,,Rechnung | Lieferschein | Quittung | Bestätigung,Rechnung | Lieferschein | Quittung | Bestätigung,Rechnung,Rechnung,Rechnung is the invoice; Lieferschein documents delivery contents.,Rechnung is the invoice; Lieferschein documents delivery contents.,,,,duplicate_v02_lineage_resolved,duplicate_v02_lineage_resolved,
content/b1-m08-orders-delivery.js,v080149_cat08_contrast_cat08_cs_010,cat08-cs-010,cat08-cs-010,matched_replacement_layer,Core Safe,keep current row unchanged,revise_light,revise_light,,CORE_SAFE_V02_REPLACEMENT,future apply patch may replace schema-compatible learner-facing fields from v0.2/recovery while preserving current item ID,Auswahl,selected_choice_value,CAT08-contrast-cat08_cs_010,true,prompt; microRule/explainText,Welche Form passt zur Situation?,Welche Form passt zur Situation?,receipt vs invoice,,Quittung | Rechnung | Lieferschein | Bestellbestätigung,Quittung | Rechnung | Lieferschein | Bestellbestätigung,Quittung,Quittung,Quittung proves payment.,Quittung proves payment.,,,,duplicate_v02_lineage_resolved,duplicate_v02_lineage_resolved,
content/b1-m08-orders-delivery.js,v080149_cat08_contrast_cat08_cs_011,cat08-cs-011,cat08-cs-011,matched_replacement_layer,Core Safe,keep current row unchanged,revise_light,revise_light,,CORE_SAFE_V02_REPLACEMENT,future apply patch may replace schema-compatible learner-facing fields from v0.2/recovery while preserving current item ID,Auswahl,selected_choice_value,CAT08-contrast-cat08_cs_011,true,prompt; microRule/explainText,Welche Form passt zur Situation?,Welche Form passt zur Situation?,send vs deliver,,verschicken | liefern | erhalten | ankommen,verschicken | liefern | erhalten | ankommen,verschicken,verschicken,Verschicken means send/dispatch.,Verschicken means send/dispatch.,,,,duplicate_v02_lineage_resolved,duplicate_v02_lineage_resolved,
content/b1-m08-orders-delivery.js,v080149_cat08_contrast_cat08_cs_012,cat08-cs-012,cat08-cs-012,matched_replacement_layer,Core Safe,keep current row unchanged,revise_light,revise_light,,CORE_SAFE_V02_REPLACEMENT,future apply patch may replace schema-compatible learner-facing fields from v0.2/recovery while preserving current item ID,Auswahl,selected_choice_value,CAT08-contrast-cat08_cs_012,true,prompt; microRule/explainText,Welche Form passt zur Situation?,Welche Form passt zur Situation?,receive vs arrive,,erhalten | ankommen | liefern | zustellen,erhalten | ankommen | liefern | zustellen,erhalten,erhalten,A person erhält; a parcel kommt an.,A person erhält; a parcel kommt an.,,,,duplicate_v02_lineage_resolved,duplicate_v02_lineage_resolved,
content/b1-m08-orders-delivery.js,v080149_cat08_contrast_cat08_cs_013,cat08-cs-013,cat08-cs-013,matched_replacement_layer,Core Safe,keep current row unchanged,revise_light,revise_light,,CORE_SAFE_V02_REPLACEMENT,future apply patch may replace schema-compatible learner-facing fields from v0.2/recovery while preserving current item ID,Auswahl,selected_choice_value,CAT08-contrast-cat08_cs_013,true,prompt; microRule/explainText,Welche Form passt zur Situation?,Welche Form passt zur Situation?,accept parcel,,ein Paket annehmen | ein Paket akzeptieren | ein Paket bekommen sein | ein Paket nehmen an,ein Paket annehmen | ein Paket akzeptieren | ein Paket bekommen sein | ein Paket nehmen an,ein Paket annehmen,ein Paket annehmen,Use ein Paket annehmen for accepting a parcel.,Use ein Paket annehmen for accepting a parcel.,,,,duplicate_v02_lineage_resolved,duplicate_v02_lineage_resolved,
content/b1-m08-orders-delivery.js,v080149_cat08_contrast_cat08_cs_014,cat08-cs-014,cat08-cs-014,matched_replacement_layer,Core Safe,keep current row unchanged,revise_light,revise_light,,CORE_SAFE_V02_REPLACEMENT,future apply patch may replace schema-compatible learner-facing fields from v0.2/recovery while preserving current item ID,Auswahl,selected_choice_value,CAT08-contrast-cat08_cs_014,true,prompt; microRule/explainText,Welche Form passt zur Situation?,Welche Form passt zur Situation?,cancel order,,eine Bestellung stornieren | eine Bestellung absagen | eine Bestellung kündigen | eine Bestellung löschen,eine Bestellung stornieren | eine Bestellung absagen | eine Bestellung kündigen | eine Bestellung löschen,eine Bestellung stornieren,eine Bestellung stornieren,Stornieren is the usual verb for cancelling an order.,Stornieren is the usual verb for cancelling an order.,,,,duplicate_v02_lineage_resolved,duplicate_v02_lineage_resolved,
content/b1-m08-orders-delivery.js,v080149_cat08_contrast_cat08_cs_018,cat08-cs-018,cat08-cs-018,matched_replacement_layer,Core Safe,keep current row unchanged,revise_light,revise_light,,CORE_SAFE_V02_REPLACEMENT,future apply patch may replace schema-compatible learner-facing fields from v0.2/recovery while preserving current item ID,Auswahl,selected_choice_value,CAT08-contrast-cat08_cs_018,true,prompt; microRule/explainText,Welche Form passt zur Situation?,Welche Form passt zur Situation?,discount vs voucher,,Rabatt | Gutschein | Bestellnummer | Angebot,Rabatt | Gutschein | Bestellnummer | Angebot,Rabatt,Rabatt,Rabatt reduces the price.,Rabatt reduces the price.,,,,duplicate_v02_lineage_resolved,duplicate_v02_lineage_resolved,
content/b1-m08-orders-delivery.js,v080149_cat08_contrast_cat08_cs_019,cat08-cs-019,cat08-cs-019,matched_replacement_layer,Core Safe,keep current row unchanged,revise_light,revise_light,,CORE_SAFE_V02_REPLACEMENT,future apply patch may replace schema-compatible learner-facing fields from v0.2/recovery while preserving current item ID,Auswahl,selected_choice_value,CAT08-contrast-cat08_cs_019,true,prompt; microRule/explainText,Welche Form passt zur Situation?,Welche Form passt zur Situation?,processing,,in Bearbeitung | in Arbeit | im Bearbeiten | bei Bearbeitung,in Bearbeitung | in Arbeit | im Bearbeiten | bei Bearbeitung,in Bearbeitung,in Bearbeitung,Status phrase: in Bearbeitung.,Status phrase: in Bearbeitung.,,,,duplicate_v02_lineage_resolved,duplicate_v02_lineage_resolved,
content/b1-m08-orders-delivery.js,v080149_cat08_contrast_cat08_cs_020,cat08-cs-020,cat08-cs-020,matched_replacement_layer,Core Safe,keep current row unchanged,revise_light,revise_light,,CORE_SAFE_V02_REPLACEMENT,future apply patch may replace schema-compatible learner-facing fields from v0.2/recovery while preserving current item ID,Auswahl,selected_choice_value,CAT08-contrast-cat08_cs_020,true,prompt; microRule/explainText,Welche Form passt zur Situation?,Welche Form passt zur Situation?,delivery delay,,Verzögerung bei der Lieferung | Beschwerde bei der Lieferung | Verspätung auf der Lieferung | Problem machen Lieferung,Verzögerung bei der Lieferung | Beschwerde bei der Lieferung | Verspätung auf der Lieferung | Problem machen Lieferung,Verzögerung bei der Lieferung,Verzögerung bei der Lieferung,Use Verzögerung bei der Lieferung.,Use Verzögerung bei der Lieferung.,,,,duplicate_v02_lineage_resolved,duplicate_v02_lineage_resolved,
content/b1-m08-orders-delivery.js,v080149_cat08_contrast_cat08_cs_022,cat08-cs-022,cat08-cs-022,matched_replacement_layer,Core Safe,keep current row unchanged,revise_light,revise_light,,CORE_SAFE_V02_REPLACEMENT,future apply patch may replace schema-compatible learner-facing fields from v0.2/recovery while preserving current item ID,Auswahl,selected_choice_value,CAT08-contrast-cat08_cs_022,true,prompt; microRule/explainText,Welche Form passt zur Situation?,Welche Form passt zur Situation?,missing part,,Ein Teil fehlt. | Ein Teil ist falsch. | Ein Teil verspätet. | Ein Teil bestellt.,Ein Teil fehlt. | Ein Teil ist falsch. | Ein Teil verspätet. | Ein Teil bestellt.,Ein Teil fehlt.,Ein Teil fehlt.,Fehlen means something is missing.,Fehlen means something is missing.,,,,duplicate_v02_lineage_resolved,duplicate_v02_lineage_resolved,
content/b1-m08-orders-delivery.js,v080149_cat08_contrast_cat08_cs_023,cat08-cs-023,cat08-cs-023,matched_replacement_layer,Core Safe,keep current row unchanged,revise_light,revise_light,,CORE_SAFE_V02_REPLACEMENT,future apply patch may replace schema-compatible learner-facing fields from v0.2/recovery while preserving current item ID,Auswahl,selected_choice_value,CAT08-contrast-cat08_cs_023,true,prompt; microRule/explainText,Welche Form passt zur Situation?,Welche Form passt zur Situation?,neutral follow-up,,nachfragen | beschweren | stornieren | kündigen,nachfragen | beschweren | stornieren | kündigen,nachfragen,nachfragen,Nachfragen is a neutral follow-up.,Nachfragen is a neutral follow-up.,,,,duplicate_v02_lineage_resolved,duplicate_v02_lineage_resolved,
content/b1-m08-orders-delivery.js,v080149_cat08_contrast_cat08_cs_024,cat08-cs-024,cat08-cs-024,matched_replacement_layer,Core Safe,keep current row unchanged,revise_light,revise_light,,CORE_SAFE_V02_REPLACEMENT,future apply patch may replace schema-compatible learner-facing fields from v0.2/recovery while preserving current item ID,Auswahl,selected_choice_value,CAT08-contrast-cat08_cs_024,true,prompt; microRule/explainText,Welche Form passt zur Situation?,Welche Form passt zur Situation?,polite invoice request,,Könnten Sie mir bitte die Rechnung schicken? | Schicken Sie Rechnung. | Ich brauche Rechnung sofort. | Gib mir Rechnung.,Könnten Sie mir bitte die Rechnung schicken? | Schicken Sie Rechnung. | Ich brauche Rechnung sofort. | Gib mir Rechnung.,Könnten Sie mir bitte die Rechnung schicken?,Könnten Sie mir bitte die Rechnung schicken?,Könnten Sie bitte ... is polite.,Könnten Sie bitte ... is polite.,,,,duplicate_v02_lineage_resolved,duplicate_v02_lineage_resolved,
content/b1-m08-orders-delivery.js,v080149_cat08_contrast_cat08_cs_025,cat08-cs-025,cat08-cs-025,matched_replacement_layer,Core Safe,keep current row unchanged,revise_light,revise_light,,CORE_SAFE_V02_REPLACEMENT,future apply patch may replace schema-compatible learner-facing fields from v0.2/recovery while preserving current item ID,Auswahl,selected_choice_value,CAT08-contrast-cat08_cs_025,true,prompt; microRule/explainText,Welche Form passt zur Situation?,Welche Form passt zur Situation?,tracking question,,Wann kommt die Lieferung an? | Wann die Lieferung kommt an? | Wann ankommt die Lieferung? | Wann kommt an die Lieferung?,Wann kommt die Lieferung an? | Wann die Lieferung kommt an? | Wann ankommt die Lieferung? | Wann kommt an die Lieferung?,Wann kommt die Lieferung an?,Wann kommt die Lieferung an?,"Question word first, finite verb second: Wann kommt ... an?","Question word first, finite verb second: Wann kommt ... an?",,,,duplicate_v02_lineage_resolved,duplicate_v02_lineage_resolved,
content/b1-m08-orders-delivery.js,v080149_cat08_contrast_cat08_cs_026,cat08-cs-026,cat08-cs-026,matched_replacement_layer,Core Safe,keep current row unchanged,revise_light,revise_light,,CORE_SAFE_V02_REPLACEMENT,future apply patch may replace schema-compatible learner-facing fields from v0.2/recovery while preserving current item ID,Auswahl,selected_choice_value,CAT08-contrast-cat08_cs_026,true,prompt; microRule/explainText,Welche Form passt zur Situation?,Welche Form passt zur Situation?,Lieferschein not invoice,,Lieferschein | Rechnung | Quittung | Gutschein,Lieferschein | Rechnung | Quittung | Gutschein,Lieferschein,Lieferschein,"A Lieferschein lists delivery contents, not necessarily payment.","A Lieferschein lists delivery contents, not necessarily payment.",,,,duplicate_v02_lineage_resolved,duplicate_v02_lineage_resolved,
content/b1-m08-orders-delivery.js,v080149_cat08_practice_family_cat08_pf_017,cat08-pf-017,cat08-pf-017,matched_replacement_layer,Exception,manual review: unrecognised v0.2 decision vocabulary,revise_light,revise_light,,CORE_SAFE_V02_REPLACEMENT,future apply patch may replace schema-compatible learner-facing fields from v0.2/recovery while preserving current item ID,Reparatur,typed,CAT08-practice_family-cat08_pf_017,true,prompt; stimulus/learnerCue,Ich möchte der Sendung folgen.,Korrigiere den Satz.,Korrigiere den Satz.,Ich möchte der Sendung folgen.,,,Ich möchte die Sendung verfolgen.,Ich möchte die Sendung verfolgen.,Use verfolgen for tracking a shipment.,Use verfolgen for tracking a shipment.,,,,duplicate_v02_lineage_resolved,duplicate_v02_lineage_resolved,
content/b1-m08-orders-delivery.js,v080149_cat08_practice_family_cat08_pf_021,cat08-pf-021,cat08-pf-021,matched_replacement_layer,Exception,manual review: unrecognised v0.2 decision vocabulary,revise_light,revise_light,,CORE_SAFE_V02_REPLACEMENT,future apply patch may replace schema-compatible learner-facing fields from v0.2/recovery while preserving current item ID,Reparatur,typed,CAT08-practice_family-cat08_pf_021,true,prompt; stimulus/learnerCue,Ich habe das Paket akzeptiert.,Korrigiere den Satz.,Korrigiere den Satz.,Ich habe das Paket akzeptiert.,,,Ich habe das Paket angenommen.,Ich habe das Paket angenommen.,"For parcel receipt, annehmen is the standard verb.","For parcel receipt, annehmen is the standard verb.",,,,duplicate_v02_lineage_resolved,duplicate_v02_lineage_resolved,
content/b1-m08-orders-delivery.js,v080149_cat08_practice_family_cat08_pf_023,cat08-pf-023,cat08-pf-023,matched_replacement_layer,Exception,manual review: unrecognised v0.2 decision vocabulary,revise_light,revise_light,,CORE_SAFE_V02_REPLACEMENT,future apply patch may replace schema-compatible learner-facing fields from v0.2/recovery while preserving current item ID,Reparatur,typed,CAT08-practice_family-cat08_pf_023,true,prompt; stimulus/learnerCue,Die Ware hat heute angekommen.,Korrigiere den Satz.,Korrigiere den Satz.,Die Ware hat heute angekommen.,,,Die Ware ist heute angekommen.,Die Ware ist heute angekommen.,`angekommen` means arrived.,`angekommen` means arrived.,,,,duplicate_v02_lineage_resolved,duplicate_v02_lineage_resolved,
content/b1-m08-orders-delivery.js,v080149_cat08_practice_family_cat08_pf_044,cat08-pf-044,cat08-pf-044,matched_replacement_layer,Exception,manual review: unrecognised v0.2 decision vocabulary,revise_light,revise_light,,CORE_SAFE_V02_REPLACEMENT,future apply patch may replace schema-compatible learner-facing fields from v0.2/recovery while preserving current item ID,Reparatur,typed,CAT08-practice_family-cat08_pf_044,true,prompt; stimulus/learnerCue,Bitte ändern Sie Lieferadresse.,Korrigiere den Satz.,Korrigiere den Satz.,Bitte ändern Sie Lieferadresse.,,,Bitte ändern Sie die Lieferadresse.,Bitte ändern Sie die Lieferadresse.,`Lieferadresse` is where the order should be delivered.,`Lieferadresse` is where the order should be delivered.,,,,duplicate_v02_lineage_resolved,duplicate_v02_lineage_resolved,
content/b1-m08-orders-delivery.js,v080149_cat08_practice_family_cat08_pf_046,cat08-pf-046,cat08-pf-046,matched_replacement_layer,Exception,manual review: unrecognised v0.2 decision vocabulary,revise_light,revise_light,,CORE_SAFE_V02_REPLACEMENT,future apply patch may replace schema-compatible learner-facing fields from v0.2/recovery while preserving current item ID,Reparatur,typed,CAT08-practice_family-cat08_pf_046,true,prompt; stimulus/learnerCue,Ich bin die Lieferung erhalten.,Korrigiere den Satz.,Korrigiere den Satz.,Ich bin die Lieferung erhalten.,,,Ich habe die Lieferung erhalten.,Ich habe die Lieferung erhalten.,Erhalten uses haben in Perfekt.,Erhalten uses haben in Perfekt.,,,,duplicate_v02_lineage_resolved,duplicate_v02_lineage_resolved,
content/b1-m08-orders-delivery.js,v080149_cat08_practice_family_cat08_pf_082,cat08-pf-082,cat08-pf-082,matched_replacement_layer,Exception,manual review: unrecognised v0.2 decision vocabulary,revise_light,revise_light,,CORE_SAFE_V02_REPLACEMENT,future apply patch may replace schema-compatible learner-facing fields from v0.2/recovery while preserving current item ID,Reparatur,typed,CAT08-practice_family-cat08_pf_082,true,prompt; stimulus/learnerCue,Ich möchte eine Bestellung machen.,Korrigiere den Satz.,Korrigiere den Satz.,Ich möchte eine Bestellung machen.,,,Ich möchte eine Bestellung aufgeben.,Ich möchte eine Bestellung aufgeben.,Standard collocation: eine Bestellung aufgeben.,Standard collocation: eine Bestellung aufgeben.,,,,duplicate_v02_lineage_resolved,duplicate_v02_lineage_resolved,
content/b1-m08-orders-delivery.js,v080149_cat08_practice_family_cat08_pf_083,cat08-pf-083,cat08-pf-083,matched_replacement_layer,Exception,manual review: unrecognised v0.2 decision vocabulary,revise_light,revise_light,,CORE_SAFE_V02_REPLACEMENT,future apply patch may replace schema-compatible learner-facing fields from v0.2/recovery while preserving current item ID,Reparatur,typed,CAT08-practice_family-cat08_pf_083,true,prompt; stimulus/learnerCue,A Liefertermin / B Lieferzeit / C Menge,Welche Form passt in dieser Bestell- oder Liefersituation am besten?,Welche Form passt in dieser Bestell- oder Liefersituation am besten?,A Liefertermin / B Lieferzeit / C Menge,,,Liefertermin,Liefertermin,Liefertermin is a concrete delivery date.,Liefertermin is a concrete delivery date.,,,,duplicate_v02_lineage_resolved,duplicate_v02_lineage_resolved,
content/b1-m08-orders-delivery.js,v080149_cat08_practice_family_cat08_pf_087,cat08-pf-087,cat08-pf-087,matched_replacement_layer,Exception,manual review: unrecognised v0.2 decision vocabulary,revise_light,revise_light,,CORE_SAFE_V02_REPLACEMENT,future apply patch may replace schema-compatible learner-facing fields from v0.2/recovery while preserving current item ID,Reparatur,typed,CAT08-practice_family-cat08_pf_087,true,prompt; stimulus/learnerCue,Ich möchte die Lieferung folgen.,Korrigiere den Satz.,Korrigiere den Satz.,Ich möchte die Lieferung folgen.,,,Ich möchte die Sendung verfolgen.,Ich möchte die Sendung verfolgen.,"For tracking, use Sendung verfolgen.","For tracking, use Sendung verfolgen.",,,,duplicate_v02_lineage_resolved,duplicate_v02_lineage_resolved,
content/b1-m08-orders-delivery.js,v080149_cat08_practice_family_cat08_pf_088,cat08-pf-088,cat08-pf-088,matched_replacement_layer,Exception,manual review: unrecognised v0.2 decision vocabulary,revise_light,revise_light,,CORE_SAFE_V02_REPLACEMENT,future apply patch may replace schema-compatible learner-facing fields from v0.2/recovery while preserving current item ID,Auswahl,selected_choice_value,CAT08-practice_family-cat08_pf_088,true,prompt; stimulus/learnerCue; microRule/explainText,Welche Form passt in dieser Bestell- oder Liefersituation am besten?,Welche Form passt in dieser Bestell- oder Liefersituation am besten?,A Ich habe die Ware erhalten. / B Ich habe die Ware verschickt. / C Ich habe die Ware geliefert.,A Ich habe die Ware erhalten. / B Ich habe die Ware verschickt. / C Ich habe die Ware geliefert.,Ich habe die Ware erhalten. | A Ich habe die Ware erhalten. | B Ich habe die Ware verschickt. | C Ich habe die Ware geliefert.,,Ich habe die Ware erhalten.,Ich habe die Ware erhalten.,The customer receives goods; the seller sends/delivers them.,The customer receives goods; the seller sends/delivers them.,,,,duplicate_v02_lineage_resolved,duplicate_v02_lineage_resolved,
content/b1-m08-orders-delivery.js,v080149_cat08_practice_family_cat08_pf_091,cat08-pf-091,cat08-pf-091,matched_replacement_layer,Exception,manual review: unrecognised v0.2 decision vocabulary,revise_light,revise_light,,CORE_SAFE_V02_REPLACEMENT,future apply patch may replace schema-compatible learner-facing fields from v0.2/recovery while preserving current item ID,Reparatur,typed,CAT08-practice_family-cat08_pf_091,true,prompt; stimulus/learnerCue,Ich habe die Rechnung nicht bekommen noch.,Korrigiere den Satz.,Korrigiere den Satz.,Ich habe die Rechnung nicht bekommen noch.,,,Ich habe die Rechnung noch nicht bekommen.,Ich habe die Rechnung noch nicht bekommen.,Invoice/payment rows remain review-gated before import.,Invoice/payment rows remain review-gated before import.,,,,duplicate_v02_lineage_resolved,duplicate_v02_lineage_resolved,
content/b1-m08-orders-delivery.js,v080149_cat08_practice_family_cat08_pf_094,cat08-pf-094,cat08-pf-094,matched_replacement_layer,Exception,manual review: unrecognised v0.2 decision vocabulary,revise_light,revise_light,,CORE_SAFE_V02_REPLACEMENT,future apply patch may replace schema-compatible learner-facing fields from v0.2/recovery while preserving current item ID,Auswahl,selected_choice_value,CAT08-practice_family-cat08_pf_094,true,prompt; stimulus/learnerCue; microRule/explainText,Welche Form passt in dieser Bestell- oder Liefersituation am besten?,Welche Form passt in dieser Bestell- oder Liefersituation am besten?,A ohne Versandkosten / B ohne Bestellnummer / C ohne Sendung,A ohne Versandkosten / B ohne Bestellnummer / C ohne Sendung,ohne Versandkosten | A ohne Versandkosten | B ohne Bestellnummer | C ohne Sendung,,ohne Versandkosten,ohne Versandkosten,`Bestellnummer` identifies the order; give it when asking about status.,`Bestellnummer` identifies the order; give it when asking about status.,,,,duplicate_v02_lineage_resolved,duplicate_v02_lineage_resolved,
content/b1-m09-complaints-customer-service.js,v080149_cat09_collocation_cat09_coll_001,cat09-coll-001,cat09-coll-001,matched_replacement_layer,Core Safe,keep current row unchanged,revise_light,revise_light,,CORE_SAFE_V02_REPLACEMENT,future apply patch may replace schema-compatible learner-facing fields from v0.2/recovery while preserving current item ID,Auswahl,selected_choice_value,CAT09-collocation-cat09_coll_001,true,microRule/explainText,Welche Kollokation passt? submit a complaint,,Choose the best German option.,,eine Beschwerde einreichen | Reklamation melden | eine Beschwerde machen | eine Reklamation melden,,eine Beschwerde einreichen,eine Beschwerde einreichen,Collocation: use `eine Beschwerde einreichen` for a formal complaint.,Collocation: use `eine Beschwerde einreichen` for a formal complaint.,,,,duplicate_v02_lineage_resolved,duplicate_v02_lineage_resolved,
content/b1-m09-complaints-customer-service.js,v080149_cat09_collocation_cat09_coll_003,cat09-coll-003,cat09-coll-003,matched_replacement_layer,Core Safe,keep current row unchanged,revise_light,revise_light,,CORE_SAFE_V02_REPLACEMENT,future apply patch may replace schema-compatible learner-facing fields from v0.2/recovery while preserving current item ID,Auswahl,selected_choice_value,CAT09-collocation-cat09_coll_003,true,microRule/explainText,Welche Kollokation passt? express criticism,,Choose the best German option.,,Kritik äußern | Beschwerde schreiben | Kritik machen | eine Beschwerde einreichen,,Kritik äußern,Kritik äußern,Collocation: use `Kritik äußern` as a fixed complaint/customer-service phrase.,Collocation: use `Kritik äußern` as a fixed complaint/customer-service phrase.,,,,duplicate_v02_lineage_resolved,duplicate_v02_lineage_resolved,
content/b1-m09-complaints-customer-service.js,v080149_cat09_collocation_cat09_coll_004,cat09-coll-004,cat09-coll-004,matched_replacement_layer,Core Safe,keep current row unchanged,revise_light,revise_light,,CORE_SAFE_V02_REPLACEMENT,future apply patch may replace schema-compatible learner-facing fields from v0.2/recovery while preserving current item ID,Auswahl,selected_choice_value,CAT09-collocation-cat09_coll_004,true,microRule/explainText,Welche Kollokation passt? describe a problem,,Choose the best German option.,,ein Problem schildern | Fehler melden | Anliegen klären | ein Problem erzählen,,ein Problem schildern,ein Problem schildern,Collocation: `ein Problem schildern` means describe the problem clearly.,Collocation: `ein Problem schildern` means describe the problem clearly.,,,,duplicate_v02_lineage_resolved,duplicate_v02_lineage_resolved,
content/b1-m09-complaints-customer-service.js,v080149_cat09_collocation_cat09_coll_005,cat09-coll-005,cat09-coll-005,matched_replacement_layer,Core Safe,keep current row unchanged,revise_light,revise_light,,CORE_SAFE_V02_REPLACEMENT,future apply patch may replace schema-compatible learner-facing fields from v0.2/recovery while preserving current item ID,Auswahl,selected_choice_value,CAT09-collocation-cat09_coll_005,true,microRule/explainText,Welche Kollokation passt? clarify/resolve a concern,,Choose the best German option.,,ein Anliegen klären | Problem lösen | Anliegen machen | eine Beschwerde einreichen,,ein Anliegen klären,ein Anliegen klären,Collocation: use `ein Anliegen klären` as a fixed complaint/customer-service phrase.,Collocation: use `ein Anliegen klären` as a fixed complaint/customer-service phrase.,,,,duplicate_v02_lineage_resolved,duplicate_v02_lineage_resolved,
content/b1-m09-complaints-customer-service.js,v080149_cat09_collocation_cat09_coll_006,cat09-coll-006,cat09-coll-006,matched_replacement_layer,Core Safe,keep current row unchanged,revise_light,revise_light,,CORE_SAFE_V02_REPLACEMENT,future apply patch may replace schema-compatible learner-facing fields from v0.2/recovery while preserving current item ID,Auswahl,selected_choice_value,CAT09-collocation-cat09_coll_006,true,microRule/explainText,Welche Kollokation passt? contact customer service,,Choose the best German option.,,den Kundenservice kontaktieren | Kundendienst erreichen | an den Kundenservice kontaktieren | eine Beschwerde einreichen,,den Kundenservice kontaktieren,den Kundenservice kontaktieren,`kontaktieren` takes a direct object: `den Kundenservice kontaktieren`.,`kontaktieren` takes a direct object: `den Kundenservice kontaktieren`.,,,,duplicate_v02_lineage_resolved,duplicate_v02_lineage_resolved,
content/b1-m09-complaints-customer-service.js,v080149_cat09_collocation_cat09_coll_008,cat09-coll-008,cat09-coll-008,matched_replacement_layer,Core Safe,keep current row unchanged,revise_light,revise_light,,CORE_SAFE_V02_REPLACEMENT,future apply patch may replace schema-compatible learner-facing fields from v0.2/recovery while preserving current item ID,Auswahl,selected_choice_value,CAT09-collocation-cat09_coll_008,true,microRule/explainText,Welche Kollokation passt? customer reports a problem,,Choose the best German option.,,der Kunde meldet ein Problem | Mitarbeiter bearbeitet Problem | der Kunde macht Problem | eine Beschwerde einreichen,,der Kunde meldet ein Problem,der Kunde meldet ein Problem,Collocation: use `der Kunde meldet ein Problem` as a fixed complaint/customer-service phrase.,Collocation: use `der Kunde meldet ein Problem` as a fixed complaint/customer-service phrase.,,,,duplicate_v02_lineage_resolved,duplicate_v02_lineage_resolved,
content/b1-m09-complaints-customer-service.js,v080149_cat09_collocation_cat09_coll_009,cat09-coll-009,cat09-coll-009,matched_replacement_layer,Core Safe,keep current row unchanged,revise_light,revise_light,,CORE_SAFE_V02_REPLACEMENT,future apply patch may replace schema-compatible learner-facing fields from v0.2/recovery while preserving current item ID,Auswahl,selected_choice_value,CAT09-collocation-cat09_coll_009,true,microRule/explainText,Welche Kollokation passt? speak with a staff member,,Choose the best German option.,,mit einer Mitarbeiterin sprechen | Kundenservice kontaktieren | eine Mitarbeiterin sprechen | eine Beschwerde einreichen,,mit einer Mitarbeiterin sprechen,mit einer Mitarbeiterin sprechen,Collocation: use `mit einer Mitarbeiterin sprechen` as a fixed complaint/customer-service phrase.,Collocation: use `mit einer Mitarbeiterin sprechen` as a fixed complaint/customer-service phrase.,,,,duplicate_v02_lineage_resolved,duplicate_v02_lineage_resolved,
content/b1-m09-complaints-customer-service.js,v080149_cat09_collocation_cat09_coll_011,cat09-coll-011,cat09-coll-011,matched_replacement_layer,Core Safe,keep current row unchanged,revise_light,revise_light,,CORE_SAFE_V02_REPLACEMENT,future apply patch may replace schema-compatible learner-facing fields from v0.2/recovery while preserving current item ID,Auswahl,selected_choice_value,CAT09-collocation-cat09_coll_011,true,microRule/explainText,Welche Kollokation passt? report an error,,Choose the best German option.,,einen Fehler melden | Problem melden | Mangel melden | einen Fehler sagen,,einen Fehler melden,einen Fehler melden,Collocation: use `einen Fehler melden` as a fixed complaint/customer-service phrase.,Collocation: use `einen Fehler melden` as a fixed complaint/customer-service phrase.,,,,duplicate_v02_lineage_resolved,duplicate_v02_lineage_resolved,
content/b1-m09-complaints-customer-service.js,v080149_cat09_collocation_cat09_coll_014,cat09-coll-014,cat09-coll-014,matched_replacement_layer,Core Safe,keep current row unchanged,revise_light,revise_light,,CORE_SAFE_V02_REPLACEMENT,future apply patch may replace schema-compatible learner-facing fields from v0.2/recovery while preserving current item ID,Auswahl,selected_choice_value,CAT09-collocation-cat09_coll_014,true,microRule/explainText,Welche Kollokation passt? identify a defect,,Choose the best German option.,,einen Defekt feststellen | Fehler melden | einen Defekt finden out | eine Beschwerde einreichen,,einen Defekt feststellen,einen Defekt feststellen,Collocation: use `einen Defekt feststellen` as a fixed complaint/customer-service phrase.,Collocation: use `einen Defekt feststellen` as a fixed complaint/customer-service phrase.,,,,duplicate_v02_lineage_resolved,duplicate_v02_lineage_resolved,
content/b1-m09-complaints-customer-service.js,v080149_cat09_collocation_cat09_coll_016,cat09-coll-016,cat09-coll-016,matched_replacement_layer,Core Safe,keep current row unchanged,revise_light,revise_light,,CORE_SAFE_V02_REPLACEMENT,future apply patch may replace schema-compatible learner-facing fields from v0.2/recovery while preserving current item ID,Auswahl,selected_choice_value,CAT09-collocation-cat09_coll_016,true,microRule/explainText,Welche Kollokation passt? delivery is incomplete,,Choose the best German option.,,Die Lieferung ist unvollständig. | ein Teil fehlt | Die Lieferung ist unkomplett | eine Beschwerde einreichen,,Die Lieferung ist unvollständig.,Die Lieferung ist unvollständig.,Collocation: use `Die Lieferung ist unvollständig.` as a fixed complaint/customer-service phrase.,Collocation: use `Die Lieferung ist unvollständig.` as a fixed complaint/customer-service phrase.,,,,duplicate_v02_lineage_resolved,duplicate_v02_lineage_resolved,
content/b1-m09-complaints-customer-service.js,v080149_cat09_collocation_cat09_coll_017,cat09-coll-017,cat09-coll-017,matched_replacement_layer,Core Safe,keep current row unchanged,revise_light,revise_light,,CORE_SAFE_V02_REPLACEMENT,future apply patch may replace schema-compatible learner-facing fields from v0.2/recovery while preserving current item ID,Auswahl,selected_choice_value,CAT09-collocation-cat09_coll_017,true,microRule/explainText,Welche Kollokation passt? delivery is delayed,,Choose the best German option.,,die Lieferung ist verspätet | Paket fehlt | die Lieferung hat Verspätung | eine Beschwerde einreichen,,die Lieferung ist verspätet,die Lieferung ist verspätet,Collocation: use `die Lieferung ist verspätet` as a fixed complaint/customer-service phrase.,Collocation: use `die Lieferung ist verspätet` as a fixed complaint/customer-service phrase.,,,,duplicate_v02_lineage_resolved,duplicate_v02_lineage_resolved,
content/b1-m09-complaints-customer-service.js,v080149_cat09_collocation_cat09_coll_018,cat09-coll-018,cat09-coll-018,matched_replacement_layer,Core Safe,keep current row unchanged,revise_light,revise_light,,CORE_SAFE_V02_REPLACEMENT,future apply patch may replace schema-compatible learner-facing fields from v0.2/recovery while preserving current item ID,Auswahl,selected_choice_value,CAT09-collocation-cat09_coll_018,true,microRule/explainText,Welche Kollokation passt? That is frustrating/annoying.,,Choose the best German option.,,Das ist ärgerlich. | Ich bin wütend | Das macht ärgerlich | eine Beschwerde einreichen,,Das ist ärgerlich.,Das ist ärgerlich.,Collocation: use `Das ist ärgerlich.` as a fixed complaint/customer-service phrase.,Collocation: use `Das ist ärgerlich.` as a fixed complaint/customer-service phrase.,,,,duplicate_v02_lineage_resolved,duplicate_v02_lineage_resolved,
content/b1-m09-complaints-customer-service.js,v080149_cat09_collocation_cat09_coll_019,cat09-coll-019,cat09-coll-019,matched_replacement_layer,Core Safe,keep current row unchanged,revise_light,revise_light,,CORE_SAFE_V02_REPLACEMENT,future apply patch may replace schema-compatible learner-facing fields from v0.2/recovery while preserving current item ID,Auswahl,selected_choice_value,CAT09-collocation-cat09_coll_019,true,microRule/explainText,Welche Kollokation passt? be dissatisfied with something,,Choose the best German option.,,mit dem Service unzufrieden sein | nicht einverstanden sein | unzufrieden von dem Service sein | eine Beschwerde einreichen,,mit dem Service unzufrieden sein,mit dem Service unzufrieden sein,Phrase: `mit + dative zufrieden sein`.,Phrase: `mit + dative zufrieden sein`.,,,,duplicate_v02_lineage_resolved,duplicate_v02_lineage_resolved,
content/b1-m09-complaints-customer-service.js,v080149_cat09_collocation_cat09_coll_024,cat09-coll-024,cat09-coll-024,matched_replacement_layer,Core Safe,keep current row unchanged,revise_light,revise_light,,CORE_SAFE_V02_REPLACEMENT,future apply patch may replace schema-compatible learner-facing fields from v0.2/recovery while preserving current item ID,Auswahl,selected_choice_value,CAT09-collocation-cat09_coll_024,true,microRule/explainText,Welche Kollokation passt? send a replacement,,Choose the best German option.,,Ersatz schicken | Ersatzteil schicken | Ersatz geben | eine Beschwerde einreichen,,Ersatz schicken,Ersatz schicken,Remedy/payment language remains review-gated before import.,Remedy/payment language remains review-gated before import.,,,,duplicate_v02_lineage_resolved,duplicate_v02_lineage_resolved,
content/b1-m09-complaints-customer-service.js,v080149_cat09_collocation_cat09_coll_025,cat09-coll-025,cat09-coll-025,matched_replacement_layer,Core Safe,keep current row unchanged,revise_light,revise_light,,CORE_SAFE_V02_REPLACEMENT,future apply patch may replace schema-compatible learner-facing fields from v0.2/recovery while preserving current item ID,Auswahl,selected_choice_value,CAT09-collocation-cat09_coll_025,true,microRule/explainText,Welche Kollokation passt? be dissatisfied with quality,,Choose the best German option.,,mit der Qualität unzufrieden sein | Zustand schlecht | unzufrieden von der Qualität sein | eine Beschwerde einreichen,,mit der Qualität unzufrieden sein,mit der Qualität unzufrieden sein,Phrase: `mit + dative zufrieden sein`.,Phrase: `mit + dative zufrieden sein`.,,,,duplicate_v02_lineage_resolved,duplicate_v02_lineage_resolved,
content/b1-m09-complaints-customer-service.js,v080149_cat09_collocation_cat09_coll_026,cat09-coll-026,cat09-coll-026,matched_replacement_layer,Core Safe,keep current row unchanged,revise_light,revise_light,,CORE_SAFE_V02_REPLACEMENT,future apply patch may replace schema-compatible learner-facing fields from v0.2/recovery while preserving current item ID,Auswahl,selected_choice_value,CAT09-collocation-cat09_coll_026,true,microRule/explainText,Welche Kollokation passt? provide the order number,,Choose the best German option.,,die Bestellnummer angeben | Kundennummer nennen | die Nummer geben | eine Beschwerde einreichen,,die Bestellnummer angeben,die Bestellnummer angeben,Collocation: use `die Bestellnummer angeben` as a fixed complaint/customer-service phrase.,Collocation: use `die Bestellnummer angeben` as a fixed complaint/customer-service phrase.,,,,duplicate_v02_lineage_resolved,duplicate_v02_lineage_resolved,
content/b1-m09-complaints-customer-service.js,v080149_cat09_collocation_cat09_coll_027,cat09-coll-027,cat09-coll-027,matched_replacement_layer,Core Safe,keep current row unchanged,revise_light,revise_light,,CORE_SAFE_V02_REPLACEMENT,future apply patch may replace schema-compatible learner-facing fields from v0.2/recovery while preserving current item ID,Auswahl,selected_choice_value,CAT09-collocation-cat09_coll_027,true,microRule/explainText,Welche Kollokation passt? state the case number,,Choose the best German option.,,die Fallnummer nennen | Kundennummer nennen | Fallnummer sagen | eine Beschwerde einreichen,,die Fallnummer nennen,die Fallnummer nennen,Collocation: use `die Fallnummer nennen` as a fixed complaint/customer-service phrase.,Collocation: use `die Fallnummer nennen` as a fixed complaint/customer-service phrase.,,,,duplicate_v02_lineage_resolved,duplicate_v02_lineage_resolved,
content/b1-m09-complaints-customer-service.js,v080149_cat09_collocation_cat09_coll_028,cat09-coll-028,cat09-coll-028,matched_replacement_layer,Core Safe,keep current row unchanged,revise_light,revise_light,,CORE_SAFE_V02_REPLACEMENT,future apply patch may replace schema-compatible learner-facing fields from v0.2/recovery while preserving current item ID,Auswahl,selected_choice_value,CAT09-collocation-cat09_coll_028,true,microRule/explainText,Welche Kollokation passt? enclose proof/receipt,,Choose the best German option.,,den Beleg beilegen | Foto anhängen | den Beleg belegen | eine Beschwerde einreichen,,den Beleg beilegen,den Beleg beilegen,Collocation: use `den Beleg beilegen` as a fixed complaint/customer-service phrase.,Collocation: use `den Beleg beilegen` as a fixed complaint/customer-service phrase.,,,,duplicate_v02_lineage_resolved,duplicate_v02_lineage_resolved,
content/b1-m09-complaints-customer-service.js,v080149_cat09_collocation_cat09_coll_030,cat09-coll-030,cat09-coll-030,matched_replacement_layer,Core Safe,keep current row unchanged,revise_light,revise_light,,CORE_SAFE_V02_REPLACEMENT,future apply patch may replace schema-compatible learner-facing fields from v0.2/recovery while preserving current item ID,Auswahl,selected_choice_value,CAT09-collocation-cat09_coll_030,true,microRule/explainText,Welche Kollokation passt? attach a photo,,Choose the best German option.,,ein Foto anhängen | Beleg beilegen | ein Foto beilegen | anhängen,,ein Foto anhängen,ein Foto anhängen,Collocation: use `ein Foto anhängen` as a fixed complaint/customer-service phrase.,Collocation: use `ein Foto anhängen` as a fixed complaint/customer-service phrase.,,,,duplicate_v02_lineage_resolved,duplicate_v02_lineage_resolved,
content/b1-m09-complaints-customer-service.js,v080149_cat09_collocation_cat09_coll_031,cat09-coll-031,cat09-coll-031,matched_replacement_layer,Core Safe,keep current row unchanged,revise_light,revise_light,,CORE_SAFE_V02_REPLACEMENT,future apply patch may replace schema-compatible learner-facing fields from v0.2/recovery while preserving current item ID,Auswahl,selected_choice_value,CAT09-collocation-cat09_coll_031,true,microRule/explainText,Welche Kollokation passt? forward your message,,Choose the best German option.,,Ihre Nachricht weiterleiten | E-Mail senden | Ihre Nachricht weiterleiten an | eine Beschwerde einreichen,,Ihre Nachricht weiterleiten,Ihre Nachricht weiterleiten,Collocation: use `Ihre Nachricht weiterleiten` as a fixed complaint/customer-service phrase.,Collocation: use `Ihre Nachricht weiterleiten` as a fixed complaint/customer-service phrase.,,,,duplicate_v02_lineage_resolved,duplicate_v02_lineage_resolved,
content/b1-m09-complaints-customer-service.js,v080149_cat09_collocation_cat09_coll_032,cat09-coll-032,cat09-coll-032,matched_replacement_layer,Core Safe,keep current row unchanged,revise_light,revise_light,,CORE_SAFE_V02_REPLACEMENT,future apply patch may replace schema-compatible learner-facing fields from v0.2/recovery while preserving current item ID,Auswahl,selected_choice_value,CAT09-collocation-cat09_coll_032,true,microRule/explainText,Welche Kollokation passt? fill in the form,,Choose the best German option.,,das Formular ausfüllen | Antrag stellen | das Formular füllen | eine Beschwerde einreichen,,das Formular ausfüllen,das Formular ausfüllen,Collocation: use `das Formular ausfüllen` as a fixed complaint/customer-service phrase.,Collocation: use `das Formular ausfüllen` as a fixed complaint/customer-service phrase.,,,,duplicate_v02_lineage_resolved,duplicate_v02_lineage_resolved,
content/b1-m09-complaints-customer-service.js,v080149_cat09_collocation_cat09_coll_033,cat09-coll-033,cat09-coll-033,matched_replacement_layer,Core Safe,keep current row unchanged,revise_light,revise_light,,CORE_SAFE_V02_REPLACEMENT,future apply patch may replace schema-compatible learner-facing fields from v0.2/recovery while preserving current item ID,Auswahl,selected_choice_value,CAT09-collocation-cat09_coll_033,true,microRule/explainText,Welche Kollokation passt? receive confirmation,,Choose the best German option.,,eine Bestätigung erhalten | Rückmeldung erhalten | Bestätigung bekommen | eine Beschwerde einreichen,,eine Bestätigung erhalten,eine Bestätigung erhalten,Collocation: use `eine Bestätigung erhalten` as a fixed complaint/customer-service phrase.,Collocation: use `eine Bestätigung erhalten` as a fixed complaint/customer-service phrase.,,,,duplicate_v02_lineage_resolved,duplicate_v02_lineage_resolved,
content/b1-m09-complaints-customer-service.js,v080149_cat09_collocation_cat09_coll_034,cat09-coll-034,cat09-coll-034,matched_replacement_layer,Core Safe,keep current row unchanged,revise_light,revise_light,,CORE_SAFE_V02_REPLACEMENT,future apply patch may replace schema-compatible learner-facing fields from v0.2/recovery while preserving current item ID,Auswahl,selected_choice_value,CAT09-collocation-cat09_coll_034,true,microRule/explainText,Welche Kollokation passt? wait for a response,,Choose the best German option.,,auf eine Rückmeldung warten | Antwort bekommen | für eine Rückmeldung warten | eine Beschwerde einreichen,,auf eine Rückmeldung warten,auf eine Rückmeldung warten,Collocation: use `auf eine Rückmeldung warten` as a fixed complaint/customer-service phrase.,Collocation: use `auf eine Rückmeldung warten` as a fixed complaint/customer-service phrase.,,,,duplicate_v02_lineage_resolved,duplicate_v02_lineage_resolved,
content/b1-m09-complaints-customer-service.js,v080149_cat09_collocation_cat09_coll_035,cat09-coll-035,cat09-coll-035,matched_replacement_layer,Core Safe,keep current row unchanged,revise_light,revise_light,,CORE_SAFE_V02_REPLACEMENT,future apply patch may replace schema-compatible learner-facing fields from v0.2/recovery while preserving current item ID,Auswahl,selected_choice_value,CAT09-collocation-cat09_coll_035,true,microRule/explainText,Welche Kollokation passt? case is being processed,,Choose the best German option.,,Der Fall ist in Bearbeitung. | wird geprüft | Der Fall ist im Bearbeitung | eine Beschwerde einreichen,,Der Fall ist in Bearbeitung.,Der Fall ist in Bearbeitung.,Collocation: use `Der Fall ist in Bearbeitung.` as a fixed complaint/customer-service phrase.,Collocation: use `Der Fall ist in Bearbeitung.` as a fixed complaint/customer-service phrase.,,,,duplicate_v02_lineage_resolved,duplicate_v02_lineage_resolved,
content/b1-m09-complaints-customer-service.js,v080149_cat09_collocation_cat09_coll_036,cat09-coll-036,cat09-coll-036,matched_replacement_layer,Core Safe,keep current row unchanged,revise_light,revise_light,,CORE_SAFE_V02_REPLACEMENT,future apply patch may replace schema-compatible learner-facing fields from v0.2/recovery while preserving current item ID,Auswahl,selected_choice_value,CAT09-collocation-cat09_coll_036,true,microRule/explainText,Welche Kollokation passt? offer a solution,,Choose the best German option.,,eine Lösung anbieten | Vorschlag machen | eine Lösung geben | eine Beschwerde einreichen,,eine Lösung anbieten,eine Lösung anbieten,Collocation: use `eine Lösung anbieten` as a fixed complaint/customer-service phrase.,Collocation: use `eine Lösung anbieten` as a fixed complaint/customer-service phrase.,,,,duplicate_v02_lineage_resolved,duplicate_v02_lineage_resolved,
content/b1-m09-complaints-customer-service.js,v080149_cat09_collocation_cat09_coll_037,cat09-coll-037,cat09-coll-037,matched_replacement_layer,Core Safe,keep current row unchanged,revise_light,revise_light,,CORE_SAFE_V02_REPLACEMENT,future apply patch may replace schema-compatible learner-facing fields from v0.2/recovery while preserving current item ID,Auswahl,selected_choice_value,CAT09-collocation-cat09_coll_037,true,microRule/explainText,Welche Kollokation passt? apologise for the error,,Choose the best German option.,,sich für den Fehler entschuldigen | um Verständnis bitten | für den Fehler entschuldigen without sich | eine Beschwerde einreichen,,sich für den Fehler entschuldigen,sich für den Fehler entschuldigen,Collocation: use `sich für den Fehler entschuldigen` as a fixed complaint/customer-service phrase.,Collocation: use `sich für den Fehler entschuldigen` as a fixed complaint/customer-service phrase.,,,,duplicate_v02_lineage_resolved,duplicate_v02_lineage_resolved,
content/b1-m09-complaints-customer-service.js,v080149_cat09_collocation_cat09_coll_045,cat09-coll-045,cat09-coll-045,matched_replacement_layer,Core Safe,keep current row unchanged,revise_light,revise_light,,CORE_SAFE_V02_REPLACEMENT,future apply patch may replace schema-compatible learner-facing fields from v0.2/recovery while preserving current item ID,Auswahl,selected_choice_value,CAT09-collocation-cat09_coll_045,true,microRule/explainText,Welche Kollokation passt? offer a voucher,,Choose the best German option.,,einen Gutschein anbieten | Rabatt geben | Gutschein erstatten | eine Beschwerde einreichen,,einen Gutschein anbieten,einen Gutschein anbieten,Collocation: use `einen Gutschein anbieten` as a fixed complaint/customer-service phrase.,Collocation: use `einen Gutschein anbieten` as a fixed complaint/customer-service phrase.,,,,duplicate_v02_lineage_resolved,duplicate_v02_lineage_resolved,
content/b1-m09-complaints-customer-service.js,v080149_cat09_collocation_cat09_coll_047,cat09-coll-047,cat09-coll-047,matched_replacement_layer,Core Safe,keep current row unchanged,revise_light,revise_light,,CORE_SAFE_V02_REPLACEMENT,future apply patch may replace schema-compatible learner-facing fields from v0.2/recovery while preserving current item ID,Auswahl,selected_choice_value,CAT09-collocation-cat09_coll_047,true,microRule/explainText,Welche Kollokation passt? offer a repair,,Choose the best German option.,,eine Reparatur anbieten | Ersatz anbieten | Reparatur machen anbieten | eine Beschwerde einreichen,,eine Reparatur anbieten,eine Reparatur anbieten,Collocation: use `eine Reparatur anbieten` as a fixed complaint/customer-service phrase.,Collocation: use `eine Reparatur anbieten` as a fixed complaint/customer-service phrase.,,,,duplicate_v02_lineage_resolved,duplicate_v02_lineage_resolved,
content/b1-m09-complaints-customer-service.js,v080149_cat09_contrast_cat09_cs_001,cat09-cs-001,cat09-cs-001,matched_replacement_layer,Core Safe,keep current row unchanged,revise_light,revise_light,,CORE_SAFE_V02_REPLACEMENT,future apply patch may replace schema-compatible learner-facing fields from v0.2/recovery while preserving current item ID,Auswahl,selected_choice_value,CAT09-contrast-cat09_cs_001,true,prompt; microRule/explainText,Welche Form passt zur Situation?,Welche Form passt zur Situation?,Beschwerde vs Reklamation,,Reklamation | Beschwerde | Kritik | Problem,Reklamation | Beschwerde | Kritik | Problem,Reklamation,Reklamation,`Reklamation` is a concrete goods/service complaint; `Beschwerde` is broader.,`Reklamation` is a concrete goods/service complaint; `Beschwerde` is broader.,,,,duplicate_v02_lineage_resolved,duplicate_v02_lineage_resolved,
content/b1-m09-complaints-customer-service.js,v080149_cat09_contrast_cat09_cs_007,cat09-cs-007,cat09-cs-007,matched_replacement_layer,Core Safe,keep current row unchanged,revise_light,revise_light,,CORE_SAFE_V02_REPLACEMENT,future apply patch may replace schema-compatible learner-facing fields from v0.2/recovery while preserving current item ID,Auswahl,selected_choice_value,CAT09-contrast-cat09_cs_007,true,prompt; microRule/explainText,Welche Form passt zur Situation?,Welche Form passt zur Situation?,sachlich vs unhöflich,,Das ist für mich keine passende Lösung. | Das ist Quatsch. | Sie haben alles falsch gemacht. | Ich bin extrem wütend.,Das ist für mich keine passende Lösung. | Das ist Quatsch. | Sie haben alles falsch gemacht. | Ich bin extrem wütend.,Das ist für mich keine passende Lösung.,Das ist für mich keine passende Lösung.,"Choose the form that matches the complaint/customer-service function, not just a related word.","Choose the form that matches the complaint/customer-service function, not just a related word.",,,,duplicate_v02_lineage_resolved,duplicate_v02_lineage_resolved,
content/b1-m09-complaints-customer-service.js,v080149_cat09_contrast_cat09_cs_008,cat09-cs-008,cat09-cs-008,matched_replacement_layer,Core Safe,keep current row unchanged,revise_light,revise_light,,CORE_SAFE_V02_REPLACEMENT,future apply patch may replace schema-compatible learner-facing fields from v0.2/recovery while preserving current item ID,Auswahl,selected_choice_value,CAT09-contrast-cat09_cs_008,true,prompt; microRule/explainText,Welche Form passt zur Situation?,Welche Form passt zur Situation?,request vs demand,,Ich bitte um eine Lösung. | Ich verlange sofort eine Lösung. | Geben Sie mir jetzt mein Geld. | Das ist Ihr Problem.,Ich bitte um eine Lösung. | Ich verlange sofort eine Lösung. | Geben Sie mir jetzt mein Geld. | Das ist Ihr Problem.,Ich bitte um eine Lösung.,Ich bitte um eine Lösung.,"Choose the form that matches the complaint/customer-service function, not just a related word.","Choose the form that matches the complaint/customer-service function, not just a related word.",,,,duplicate_v02_lineage_resolved,duplicate_v02_lineage_resolved,
content/b1-m09-complaints-customer-service.js,v080149_cat09_contrast_cat09_cs_009,cat09-cs-009,cat09-cs-009,matched_replacement_layer,Core Safe,keep current row unchanged,revise_light,revise_light,,CORE_SAFE_V02_REPLACEMENT,future apply patch may replace schema-compatible learner-facing fields from v0.2/recovery while preserving current item ID,Auswahl,selected_choice_value,CAT09-contrast-cat09_cs_009,true,prompt; microRule/explainText,Welche Form passt zur Situation?,Welche Form passt zur Situation?,Problem melden vs Problem machen,,ein Problem melden | ein Problem machen | ein Problem sagen | ein Problem sprechen,ein Problem melden | ein Problem machen | ein Problem sagen | ein Problem sprechen,ein Problem melden,ein Problem melden,"Choose the form that matches the complaint/customer-service function, not just a related word.","Choose the form that matches the complaint/customer-service function, not just a related word.",,,,duplicate_v02_lineage_resolved,duplicate_v02_lineage_resolved,
content/b1-m09-complaints-customer-service.js,v080149_cat09_contrast_cat09_cs_010,cat09-cs-010,cat09-cs-010,matched_replacement_layer,Core Safe,keep current row unchanged,revise_light,revise_light,,CORE_SAFE_V02_REPLACEMENT,future apply patch may replace schema-compatible learner-facing fields from v0.2/recovery while preserving current item ID,Auswahl,selected_choice_value,CAT09-contrast-cat09_cs_010,true,prompt; microRule/explainText,Welche Form passt zur Situation?,Welche Form passt zur Situation?,Beschwerde einreichen,,eine Beschwerde einreichen | eine Beschwerde machen | eine Beschwerde tun | eine Beschwerde geben,eine Beschwerde einreichen | eine Beschwerde machen | eine Beschwerde tun | eine Beschwerde geben,eine Beschwerde einreichen,eine Beschwerde einreichen,"Choose the form that matches the complaint/customer-service function, not just a related word.","Choose the form that matches the complaint/customer-service function, not just a related word.",,,,duplicate_v02_lineage_resolved,duplicate_v02_lineage_resolved,
content/b1-m09-complaints-customer-service.js,v080149_cat09_contrast_cat09_cs_011,cat09-cs-011,cat09-cs-011,matched_replacement_layer,Core Safe,keep current row unchanged,revise_light,revise_light,,CORE_SAFE_V02_REPLACEMENT,future apply patch may replace schema-compatible learner-facing fields from v0.2/recovery while preserving current item ID,Auswahl,selected_choice_value,CAT09-contrast-cat09_cs_011,true,prompt; microRule/explainText,Welche Form passt zur Situation?,Welche Form passt zur Situation?,Reklamation melden,,eine Reklamation melden | eine Reklamation schreiben | eine Reklamation machen | eine Reklamation sagen,eine Reklamation melden | eine Reklamation schreiben | eine Reklamation machen | eine Reklamation sagen,eine Reklamation melden,eine Reklamation melden,"Choose the form that matches the complaint/customer-service function, not just a related word.","Choose the form that matches the complaint/customer-service function, not just a related word.",,,,duplicate_v02_lineage_resolved,duplicate_v02_lineage_resolved,
content/b1-m09-complaints-customer-service.js,v080149_cat09_contrast_cat09_cs_012,cat09-cs-012,cat09-cs-012,matched_replacement_layer,Core Safe,keep current row unchanged,revise_light,revise_light,,CORE_SAFE_V02_REPLACEMENT,future apply patch may replace schema-compatible learner-facing fields from v0.2/recovery while preserving current item ID,Auswahl,selected_choice_value,CAT09-contrast-cat09_cs_012,true,prompt; microRule/explainText,Welche Form passt zur Situation?,Welche Form passt zur Situation?,Kundenservice kontaktieren,,den Kundenservice kontaktieren | an den Kundenservice kontaktieren | mit Kundenservice kontaktieren | zu Kundenservice kontaktieren,den Kundenservice kontaktieren | an den Kundenservice kontaktieren | mit Kundenservice kontaktieren | zu Kundenservice kontaktieren,den Kundenservice kontaktieren,den Kundenservice kontaktieren,"Choose the form that matches the complaint/customer-service function, not just a related word.","Choose the form that matches the complaint/customer-service function, not just a related word.",,,,duplicate_v02_lineage_resolved,duplicate_v02_lineage_resolved,
content/b1-m09-complaints-customer-service.js,v080149_cat09_contrast_cat09_cs_013,cat09-cs-013,cat09-cs-013,matched_replacement_layer,Core Safe,keep current row unchanged,revise_light,revise_light,,CORE_SAFE_V02_REPLACEMENT,future apply patch may replace schema-compatible learner-facing fields from v0.2/recovery while preserving current item ID,Auswahl,selected_choice_value,CAT09-contrast-cat09_cs_013,true,prompt; microRule/explainText,Welche Form passt zur Situation?,Welche Form passt zur Situation?,Bestellnummer vs Artikelnummer,,Bestellnummer | Artikelnummer | Kundennummer | Fallnummer,Bestellnummer | Artikelnummer | Kundennummer | Fallnummer,Bestellnummer,Bestellnummer,"Choose the form that matches the complaint/customer-service function, not just a related word.","Choose the form that matches the complaint/customer-service function, not just a related word.",,,,duplicate_v02_lineage_resolved,duplicate_v02_lineage_resolved,
content/b1-m09-complaints-customer-service.js,v080149_cat09_contrast_cat09_cs_015,cat09-cs-015,cat09-cs-015,matched_replacement_layer,Core Safe,keep current row unchanged,revise_light,revise_light,,CORE_SAFE_V02_REPLACEMENT,future apply patch may replace schema-compatible learner-facing fields from v0.2/recovery while preserving current item ID,Auswahl,selected_choice_value,CAT09-contrast-cat09_cs_015,true,prompt; microRule/explainText,Welche Form passt zur Situation?,Welche Form passt zur Situation?,Foto anhängen vs Beleg beilegen,,ein Foto anhängen | einen Beleg belegen | ein Foto beweisen | einen Beleg machen,ein Foto anhängen | einen Beleg belegen | ein Foto beweisen | einen Beleg machen,ein Foto anhängen,ein Foto anhängen,"Choose the form that matches the complaint/customer-service function, not just a related word.","Choose the form that matches the complaint/customer-service function, not just a related word.",,,,duplicate_v02_lineage_resolved,duplicate_v02_lineage_resolved,
content/b1-m09-complaints-customer-service.js,v080149_cat09_contrast_cat09_cs_016,cat09-cs-016,cat09-cs-016,matched_replacement_layer,Core Safe,keep current row unchanged,revise_light,revise_light,,CORE_SAFE_V02_REPLACEMENT,future apply patch may replace schema-compatible learner-facing fields from v0.2/recovery while preserving current item ID,Auswahl,selected_choice_value,CAT09-contrast-cat09_cs_016,true,prompt; microRule/explainText,Welche Form passt zur Situation?,Welche Form passt zur Situation?,prüfen vs lösen,,den Fall prüfen | den Fall lösen | die Lösung prüfen | das Problem prüfen als Antwort,den Fall prüfen | den Fall lösen | die Lösung prüfen | das Problem prüfen als Antwort,den Fall prüfen,den Fall prüfen,"Choose the form that matches the complaint/customer-service function, not just a related word.","Choose the form that matches the complaint/customer-service function, not just a related word.",,,,duplicate_v02_lineage_resolved,duplicate_v02_lineage_resolved,
content/b1-m09-complaints-customer-service.js,v080149_cat09_contrast_cat09_cs_017,cat09-cs-017,cat09-cs-017,matched_replacement_layer,Core Safe,keep current row unchanged,revise_light,revise_light,,CORE_SAFE_V02_REPLACEMENT,future apply patch may replace schema-compatible learner-facing fields from v0.2/recovery while preserving current item ID,Auswahl,selected_choice_value,CAT09-contrast-cat09_cs_017,true,prompt; microRule/explainText,Welche Form passt zur Situation?,Welche Form passt zur Situation?,in Bearbeitung sein,,Der Fall ist in Bearbeitung. | Der Fall ist in der Bearbeitung. | Der Fall macht Bearbeitung. | Der Fall wird in Bearbeitung.,Der Fall ist in Bearbeitung. | Der Fall ist in der Bearbeitung. | Der Fall macht Bearbeitung. | Der Fall wird in Bearbeitung.,Der Fall ist in Bearbeitung.,Der Fall ist in Bearbeitung.,"Choose the form that matches the complaint/customer-service function, not just a related word.","Choose the form that matches the complaint/customer-service function, not just a related word.",,,,duplicate_v02_lineage_resolved,duplicate_v02_lineage_resolved,
content/b1-m09-complaints-customer-service.js,v080149_cat09_contrast_cat09_cs_018,cat09-cs-018,cat09-cs-018,matched_replacement_layer,Core Safe,keep current row unchanged,revise_light,revise_light,,CORE_SAFE_V02_REPLACEMENT,future apply patch may replace schema-compatible learner-facing fields from v0.2/recovery while preserving current item ID,Auswahl,selected_choice_value,CAT09-contrast-cat09_cs_018,true,prompt; microRule/explainText,Welche Form passt zur Situation?,Welche Form passt zur Situation?,bisher keine Rückmeldung,,Ich habe bisher keine Rückmeldung erhalten. | Ich bekomme bisher keine Rückmeldung. | Ich habe bis jetzt nicht Rückmeldung. | Ich erhielt nicht bisher Rückmeldung.,Ich habe bisher keine Rückmeldung erhalten. | Ich bekomme bisher keine Rückmeldung. | Ich habe bis jetzt nicht Rückmeldung. | Ich erhielt nicht bisher Rückmeldung.,Ich habe bisher keine Rückmeldung erhalten.,Ich habe bisher keine Rückmeldung erhalten.,"Choose the form that matches the complaint/customer-service function, not just a related word.","Choose the form that matches the complaint/customer-service function, not just a related word.",,,,duplicate_v02_lineage_resolved,duplicate_v02_lineage_resolved,
content/b1-m09-complaints-customer-service.js,v080149_cat09_contrast_cat09_cs_019,cat09-cs-019,cat09-cs-019,matched_replacement_layer,Core Safe,keep current row unchanged,revise_light,revise_light,,CORE_SAFE_V02_REPLACEMENT,future apply patch may replace schema-compatible learner-facing fields from v0.2/recovery while preserving current item ID,Auswahl,selected_choice_value,CAT09-contrast-cat09_cs_019,true,prompt; microRule/explainText,Welche Form passt zur Situation?,Welche Form passt zur Situation?,trotzdem position,,Trotzdem bitte ich um eine Lösung. | Trotzdem ich bitte um eine Lösung. | Ich bitte trotzdem Lösung. | Trotzdem um Lösung bitte ich.,Trotzdem bitte ich um eine Lösung. | Trotzdem ich bitte um eine Lösung. | Ich bitte trotzdem Lösung. | Trotzdem um Lösung bitte ich.,Trotzdem bitte ich um eine Lösung.,Trotzdem bitte ich um eine Lösung.,"Choose the form that matches the complaint/customer-service function, not just a related word.","Choose the form that matches the complaint/customer-service function, not just a related word.",,,,duplicate_v02_lineage_resolved,duplicate_v02_lineage_resolved,
content/b1-m09-complaints-customer-service.js,v080149_cat09_contrast_cat09_cs_026,cat09-cs-026,cat09-cs-026,matched_replacement_layer,Core Safe,keep current row unchanged,revise_light,revise_light,,CORE_SAFE_V02_REPLACEMENT,future apply patch may replace schema-compatible learner-facing fields from v0.2/recovery while preserving current item ID,Auswahl,selected_choice_value,CAT09-contrast-cat09_cs_026,true,prompt; microRule/explainText,Welche Form passt zur Situation?,Welche Form passt zur Situation?,apology vs solution,,Wir prüfen den Fall. | Es tut uns leid. | Vielen Dank für Ihre Nachricht. | Mit freundlichen Grüßen,Wir prüfen den Fall. | Es tut uns leid. | Vielen Dank für Ihre Nachricht. | Mit freundlichen Grüßen,Wir prüfen den Fall.,Wir prüfen den Fall.,"Choose the form that matches the complaint/customer-service function, not just a related word.","Choose the form that matches the complaint/customer-service function, not just a related word.",,,,duplicate_v02_lineage_resolved,duplicate_v02_lineage_resolved,
content/b1-m09-complaints-customer-service.js,v080149_cat09_practice_family_cat09_pf_004,cat09-pf-004,cat09-pf-004,matched_replacement_layer,Exception,manual review: unrecognised v0.2 decision vocabulary,revise_light,revise_light,,CORE_SAFE_V02_REPLACEMENT,future apply patch may replace schema-compatible learner-facing fields from v0.2/recovery while preserving current item ID,Reparatur,typed,CAT09-practice_family-cat09_pf_004,true,prompt; stimulus/learnerCue,Ich möchte an den Kundenservice kontaktieren.,Korrigiere den Satz.,Korrigiere den Satz.,Ich möchte an den Kundenservice kontaktieren.,,,Ich möchte den Kundenservice kontaktieren.,Ich möchte den Kundenservice kontaktieren.,`kontaktieren` takes a direct object: `den Kundenservice kontaktieren`.,`kontaktieren` takes a direct object: `den Kundenservice kontaktieren`.,,,,duplicate_v02_lineage_resolved,duplicate_v02_lineage_resolved,
content/b1-m09-complaints-customer-service.js,v080149_cat09_practice_family_cat09_pf_005,cat09-pf-005,cat09-pf-005,matched_replacement_layer,Exception,manual review: unrecognised v0.2 decision vocabulary,revise_light,revise_light,,CORE_SAFE_V02_REPLACEMENT,future apply patch may replace schema-compatible learner-facing fields from v0.2/recovery while preserving current item ID,Reparatur,typed,CAT09-practice_family-cat09_pf_005,true,prompt; stimulus/learnerCue,Ich möchte eine Mitarbeiterin sprechen.,Korrigiere den Satz.,Korrigiere den Satz.,Ich möchte eine Mitarbeiterin sprechen.,,,Ich möchte mit einer Mitarbeiterin sprechen.,Ich möchte mit einer Mitarbeiterin sprechen.,Use “mit + dative” with “sprechen”.,Use “mit + dative” with “sprechen”.,,,,duplicate_v02_lineage_resolved,duplicate_v02_lineage_resolved,
content/b1-m09-complaints-customer-service.js,v080149_cat09_practice_family_cat09_pf_023,cat09-pf-023,cat09-pf-023,matched_replacement_layer,Exception,manual review: unrecognised v0.2 decision vocabulary,revise_light,revise_light,,CORE_SAFE_V02_REPLACEMENT,future apply patch may replace schema-compatible learner-facing fields from v0.2/recovery while preserving current item ID,Reparatur,typed,CAT09-practice_family-cat09_pf_023,true,prompt; stimulus/learnerCue,Ich warte für eine Rückmeldung.,Korrigiere den Satz.,Korrigiere den Satz.,Ich warte für eine Rückmeldung.,,,Ich warte auf eine Rückmeldung.,Ich warte auf eine Rückmeldung.,“warten auf + accusative”.,“warten auf + accusative”.,,,,duplicate_v02_lineage_resolved,duplicate_v02_lineage_resolved,
content/b1-m09-complaints-customer-service.js,v080149_cat09_practice_family_cat09_pf_031,cat09-pf-031,cat09-pf-031,matched_replacement_layer,Exception,manual review: unrecognised v0.2 decision vocabulary,revise_light,revise_light,,CORE_SAFE_V02_REPLACEMENT,future apply patch may replace schema-compatible learner-facing fields from v0.2/recovery while preserving current item ID,Reparatur,typed,CAT09-practice_family-cat09_pf_031,true,prompt; stimulus/learnerCue,Wir entschuldigen für den Fehler.,Korrigiere den Satz.,Korrigiere den Satz.,Wir entschuldigen für den Fehler.,,,Wir entschuldigen uns für den Fehler.,Wir entschuldigen uns für den Fehler.,Reflexive: “sich für etwas entschuldigen”.,Reflexive: “sich für etwas entschuldigen”.,,,,duplicate_v02_lineage_resolved,duplicate_v02_lineage_resolved,
content/b1-m09-complaints-customer-service.js,v080149_cat09_practice_family_cat09_pf_032,cat09-pf-032,cat09-pf-032,matched_replacement_layer,Exception,manual review: unrecognised v0.2 decision vocabulary,revise_light,revise_light,,CORE_SAFE_V02_REPLACEMENT,future apply patch may replace schema-compatible learner-facing fields from v0.2/recovery while preserving current item ID,Reparatur,typed,CAT09-practice_family-cat09_pf_032,true,prompt; stimulus/learnerCue,Ich habe der falsche Artikel bekommen.,Korrigiere den Satz.,Korrigiere den Satz.,Ich habe der falsche Artikel bekommen.,,,Ich habe den falschen Artikel bekommen.,Ich habe den falschen Artikel bekommen.,Direct object: den falschen Artikel.,Direct object: den falschen Artikel.,,,,duplicate_v02_lineage_resolved,duplicate_v02_lineage_resolved,
content/b1-m09-complaints-customer-service.js,v080149_cat09_practice_family_cat09_pf_033,cat09-pf-033,cat09-pf-033,matched_replacement_layer,Exception,manual review: unrecognised v0.2 decision vocabulary,revise_light,revise_light,,CORE_SAFE_V02_REPLACEMENT,future apply patch may replace schema-compatible learner-facing fields from v0.2/recovery while preserving current item ID,Reparatur,typed,CAT09-practice_family-cat09_pf_033,true,prompt; stimulus/learnerCue,Ein Teil ist fehlen.,Korrigiere den Satz.,Korrigiere den Satz.,Ein Teil ist fehlen.,,,Ein Teil fehlt.,Ein Teil fehlt.,"Use the finite verb “fehlt”, not “ist fehlen”.","Use the finite verb “fehlt”, not “ist fehlen”.",,,,duplicate_v02_lineage_resolved,duplicate_v02_lineage_resolved,
content/b1-m09-complaints-customer-service.js,v080149_cat09_practice_family_cat09_pf_035,cat09-pf-035,cat09-pf-035,matched_replacement_layer,Exception,manual review: unrecognised v0.2 decision vocabulary,revise_light,revise_light,,CORE_SAFE_V02_REPLACEMENT,future apply patch may replace schema-compatible learner-facing fields from v0.2/recovery while preserving current item ID,Reparatur,typed,CAT09-practice_family-cat09_pf_035,true,prompt; stimulus/learnerCue,Können Sie mich zu Kundenservice verbinden?,Korrigiere den Satz.,Korrigiere den Satz.,Können Sie mich zu Kundenservice verbinden?,,,Können Sie mich bitte mit dem Kundenservice verbinden?,Können Sie mich bitte mit dem Kundenservice verbinden?,`kontaktieren` takes a direct object: `den Kundenservice kontaktieren`.,`kontaktieren` takes a direct object: `den Kundenservice kontaktieren`.,,,,duplicate_v02_lineage_resolved,duplicate_v02_lineage_resolved,
content/b1-m09-complaints-customer-service.js,v080149_cat09_practice_family_cat09_pf_036,cat09-pf-036,cat09-pf-036,matched_replacement_layer,Exception,manual review: unrecognised v0.2 decision vocabulary,revise_light,revise_light,,CORE_SAFE_V02_REPLACEMENT,future apply patch may replace schema-compatible learner-facing fields from v0.2/recovery while preserving current item ID,Reparatur,typed,CAT09-practice_family-cat09_pf_036,true,prompt; stimulus/learnerCue,Wie kann ich den Artikel zurück senden?,Korrigiere den Satz.,Korrigiere den Satz.,Wie kann ich den Artikel zurück senden?,,,Wie kann ich den Artikel zurücksenden?,Wie kann ich den Artikel zurücksenden?,"For this target, use the compound verb “zurücksenden”.","For this target, use the compound verb “zurücksenden”.",,,,duplicate_v02_lineage_resolved,duplicate_v02_lineage_resolved,
content/b1-m09-complaints-customer-service.js,v080149_cat09_practice_family_cat09_pf_037,cat09-pf-037,cat09-pf-037,matched_replacement_layer,Exception,manual review: unrecognised v0.2 decision vocabulary,revise_light,revise_light,,CORE_SAFE_V02_REPLACEMENT,future apply patch may replace schema-compatible learner-facing fields from v0.2/recovery while preserving current item ID,Reparatur,typed,CAT09-practice_family-cat09_pf_037,true,prompt; stimulus/learnerCue,Ich bitte für eine Lösung.,Korrigiere den Satz.,Korrigiere den Satz.,Ich bitte für eine Lösung.,,,Ich bitte um eine Lösung.,Ich bitte um eine Lösung.,Request frame: “um etwas bitten”.,Request frame: “um etwas bitten”.,,,,duplicate_v02_lineage_resolved,duplicate_v02_lineage_resolved,
content/b1-m09-complaints-customer-service.js,v080149_cat09_practice_family_cat09_pf_038,cat09-pf-038,cat09-pf-038,matched_replacement_layer,Exception,manual review: unrecognised v0.2 decision vocabulary,revise_light,revise_light,,CORE_SAFE_V02_REPLACEMENT,future apply patch may replace schema-compatible learner-facing fields from v0.2/recovery while preserving current item ID,Reparatur,typed,CAT09-practice_family-cat09_pf_038,true,prompt; stimulus/learnerCue,Deshalb ich bitte um Rückmeldung.,Korrigiere den Satz.,Korrigiere den Satz.,Deshalb ich bitte um Rückmeldung.,,,Deshalb bitte ich um Rückmeldung.,Deshalb bitte ich um Rückmeldung.,"With “deshalb” first, the verb comes second.","With “deshalb” first, the verb comes second.",,,,duplicate_v02_lineage_resolved,duplicate_v02_lineage_resolved,
content/b1-m09-complaints-customer-service.js,v080149_cat09_practice_family_cat09_pf_039,cat09-pf-039,cat09-pf-039,matched_replacement_layer,Exception,manual review: unrecognised v0.2 decision vocabulary,revise_light,revise_light,,CORE_SAFE_V02_REPLACEMENT,future apply patch may replace schema-compatible learner-facing fields from v0.2/recovery while preserving current item ID,Auswahl,selected_choice_value,CAT09-practice_family-cat09_pf_039,true,prompt; stimulus/learnerCue; microRule/explainText,Welche Form passt in dieser Beschwerde- oder Kundenservice-Situation am besten?,Welche Form passt in dieser Beschwerde- oder Kundenservice-Situation am besten?,A Ich möchte eine Reklamation melden. / B Ich will Ärger machen. / C Das ist alles Ihr Fehler.,A Ich möchte eine Reklamation melden. / B Ich will Ärger machen. / C Das ist alles Ihr Fehler.,A | A Ich möchte eine Reklamation melden. | B Ich will Ärger machen. | C Das ist alles Ihr Fehler.,,A,A,Collocation: `eine Reklamation melden` for a concrete goods/service complaint.,Collocation: `eine Reklamation melden` for a concrete goods/service complaint.,,,,duplicate_v02_lineage_resolved,duplicate_v02_lineage_resolved,
content/b1-m09-complaints-customer-service.js,v080149_cat09_practice_family_cat09_pf_071,cat09-pf-071,cat09-pf-071,matched_replacement_layer,Exception,manual review: unrecognised v0.2 decision vocabulary,revise_light,revise_light,,CORE_SAFE_V02_REPLACEMENT,future apply patch may replace schema-compatible learner-facing fields from v0.2/recovery while preserving current item ID,Reparatur,typed,CAT09-practice_family-cat09_pf_071,true,prompt; stimulus/learnerCue,Ich weiterleite Ihre Nachricht.,Korrigiere den Satz.,Korrigiere den Satz.,Ich weiterleite Ihre Nachricht.,,,Ich leite Ihre Nachricht weiter.,Ich leite Ihre Nachricht weiter.,Separable verb: “weiterleiten” → “ich leite ... weiter”.,Separable verb: “weiterleiten” → “ich leite ... weiter”.,,,,duplicate_v02_lineage_resolved,duplicate_v02_lineage_resolved,
content/b1-m09-complaints-customer-service.js,v080149_cat09_practice_family_cat09_pf_072,cat09-pf-072,cat09-pf-072,matched_replacement_layer,Exception,manual review: unrecognised v0.2 decision vocabulary,revise_light,revise_light,,CORE_SAFE_V02_REPLACEMENT,future apply patch may replace schema-compatible learner-facing fields from v0.2/recovery while preserving current item ID,Reparatur,typed,CAT09-practice_family-cat09_pf_072,true,prompt; stimulus/learnerCue,Wir prüfen der Fall.,Korrigiere den Satz.,Korrigiere den Satz.,Wir prüfen der Fall.,,,Wir prüfen den Fall.,Wir prüfen den Fall.,Direct object: den Fall.,Direct object: den Fall.,,,,duplicate_v02_lineage_resolved,duplicate_v02_lineage_resolved,
content/b1-m09-complaints-customer-service.js,v080149_cat09_practice_family_cat09_pf_073,cat09-pf-073,cat09-pf-073,matched_replacement_layer,Exception,manual review: unrecognised v0.2 decision vocabulary,revise_light,revise_light,,CORE_SAFE_V02_REPLACEMENT,future apply patch may replace schema-compatible learner-facing fields from v0.2/recovery while preserving current item ID,Reparatur,typed,CAT09-practice_family-cat09_pf_073,true,prompt; stimulus/learnerCue,In Anhang finden Sie den Beleg.,Korrigiere den Satz.,Korrigiere den Satz.,In Anhang finden Sie den Beleg.,,,Im Anhang finden Sie den Beleg.,Im Anhang finden Sie den Beleg.,Fixed phrase: “im Anhang”.,Fixed phrase: “im Anhang”.,,,,duplicate_v02_lineage_resolved,duplicate_v02_lineage_resolved,
content/b1-m09-complaints-customer-service.js,v080149_cat09_practice_family_cat09_pf_074,cat09-pf-074,cat09-pf-074,matched_replacement_layer,Exception,manual review: unrecognised v0.2 decision vocabulary,revise_light,revise_light,,CORE_SAFE_V02_REPLACEMENT,future apply patch may replace schema-compatible learner-facing fields from v0.2/recovery while preserving current item ID,Reparatur,typed,CAT09-practice_family-cat09_pf_074,true,prompt; stimulus/learnerCue,Die Bestellnummer ist lautet 12345.,Korrigiere den Satz.,Korrigiere den Satz.,Die Bestellnummer ist lautet 12345.,,,Die Bestellnummer lautet 12345.,Die Bestellnummer lautet 12345.,Use either “ist” or “lautet”; here the natural verb is “lautet”.,Use either “ist” or “lautet”; here the natural verb is “lautet”.,,,,duplicate_v02_lineage_resolved,duplicate_v02_lineage_resolved,
content/b1-m09-complaints-customer-service.js,v080149_cat09_practice_family_cat09_pf_075,cat09-pf-075,cat09-pf-075,matched_replacement_layer,Exception,manual review: unrecognised v0.2 decision vocabulary,revise_light,revise_light,,CORE_SAFE_V02_REPLACEMENT,future apply patch may replace schema-compatible learner-facing fields from v0.2/recovery while preserving current item ID,Reparatur,typed,CAT09-practice_family-cat09_pf_075,true,prompt; stimulus/learnerCue,Ich bitte für Ersatz.,Korrigiere den Satz.,Korrigiere den Satz.,Ich bitte für Ersatz.,,,Ich bitte um Ersatz.,Ich bitte um Ersatz.,Solution/payment rows remain review-gated before import.,Solution/payment rows remain review-gated before import.,,,,duplicate_v02_lineage_resolved,duplicate_v02_lineage_resolved,
content/b1-m09-complaints-customer-service.js,v080149_cat09_practice_family_cat09_pf_076,cat09-pf-076,cat09-pf-076,matched_replacement_layer,Exception,manual review: unrecognised v0.2 decision vocabulary,revise_light,revise_light,,CORE_SAFE_V02_REPLACEMENT,future apply patch may replace schema-compatible learner-facing fields from v0.2/recovery while preserving current item ID,Reparatur,typed,CAT09-practice_family-cat09_pf_076,true,prompt; stimulus/learnerCue,Ich bin unzufrieden von dem Service.,Korrigiere den Satz.,Korrigiere den Satz.,Ich bin unzufrieden von dem Service.,,,Ich bin mit dem Service unzufrieden.,Ich bin mit dem Service unzufrieden.,`zufrieden sein` usually uses `mit + dative`.,`zufrieden sein` usually uses `mit + dative`.,,,,duplicate_v02_lineage_resolved,duplicate_v02_lineage_resolved,
content/b1-m09-complaints-customer-service.js,v080149_cat09_practice_family_cat09_pf_081,cat09-pf-081,cat09-pf-081,matched_replacement_layer,Exception,manual review: unrecognised v0.2 decision vocabulary,revise_light,revise_light,,CORE_SAFE_V02_REPLACEMENT,future apply patch may replace schema-compatible learner-facing fields from v0.2/recovery while preserving current item ID,Auswahl,selected_choice_value,CAT09-practice_family-cat09_pf_081,true,prompt; stimulus/learnerCue; microRule/explainText,Welche Form passt in dieser Beschwerde- oder Kundenservice-Situation am besten?,Welche Form passt in dieser Beschwerde- oder Kundenservice-Situation am besten?,A Ich möchte das Problem sachlich klären. / B Ich will Ärger machen. / C Sie müssen sofort alles machen.,A Ich möchte das Problem sachlich klären. / B Ich will Ärger machen. / C Sie müssen sofort alles machen.,A | A Ich möchte das Problem sachlich klären. | B Ich will Ärger machen. | C Sie müssen sofort alles machen.,,A,A,`ein Problem schildern` means describe the problem clearly.,`ein Problem schildern` means describe the problem clearly.,,,,duplicate_v02_lineage_resolved,duplicate_v02_lineage_resolved,
content/b1-m09-complaints-customer-service.js,v080149_cat09_practice_family_cat09_pf_082,cat09-pf-082,cat09-pf-082,matched_replacement_layer,Exception,manual review: unrecognised v0.2 decision vocabulary,revise_light,revise_light,,CORE_SAFE_V02_REPLACEMENT,future apply patch may replace schema-compatible learner-facing fields from v0.2/recovery while preserving current item ID,Auswahl,selected_choice_value,CAT09-practice_family-cat09_pf_082,true,prompt; stimulus/learnerCue; microRule/explainText,Welche Form passt in dieser Beschwerde- oder Kundenservice-Situation am besten?,Welche Form passt in dieser Beschwerde- oder Kundenservice-Situation am besten?,A Kundenservice / B Kassenbon / C Ersatzteil,A Kundenservice / B Kassenbon / C Ersatzteil,A | A Kundenservice | B Kassenbon | C Ersatzteil,,A,A,`kontaktieren` takes a direct object: `den Kundenservice kontaktieren`.,`kontaktieren` takes a direct object: `den Kundenservice kontaktieren`.,,,,duplicate_v02_lineage_resolved,duplicate_v02_lineage_resolved,
content/b1-m09-complaints-customer-service.js,v080149_cat09_practice_family_cat09_pf_084,cat09-pf-084,cat09-pf-084,matched_replacement_layer,Exception,manual review: unrecognised v0.2 decision vocabulary,revise_light,revise_light,,CORE_SAFE_V02_REPLACEMENT,future apply patch may replace schema-compatible learner-facing fields from v0.2/recovery while preserving current item ID,Auswahl,selected_choice_value,CAT09-practice_family-cat09_pf_084,true,prompt; stimulus/learnerCue; microRule/explainText,Welche Form passt in dieser Beschwerde- oder Kundenservice-Situation am besten?,Welche Form passt in dieser Beschwerde- oder Kundenservice-Situation am besten?,A Fallnummer / B Qualität / C Gutschein,A Fallnummer / B Qualität / C Gutschein,A | A Fallnummer | B Qualität | C Gutschein,,A,A,Fallnummer identifies an ongoing service case.,Fallnummer identifies an ongoing service case.,,,,duplicate_v02_lineage_resolved,duplicate_v02_lineage_resolved,
content/b1-m09-complaints-customer-service.js,v080149_cat09_practice_family_cat09_pf_085,cat09-pf-085,cat09-pf-085,matched_replacement_layer,Exception,manual review: unrecognised v0.2 decision vocabulary,revise_light,revise_light,,CORE_SAFE_V02_REPLACEMENT,future apply patch may replace schema-compatible learner-facing fields from v0.2/recovery while preserving current item ID,Auswahl,selected_choice_value,CAT09-practice_family-cat09_pf_085,true,prompt; stimulus/learnerCue; microRule/explainText,Welche Form passt in dieser Beschwerde- oder Kundenservice-Situation am besten?,Welche Form passt in dieser Beschwerde- oder Kundenservice-Situation am besten?,A Rücksendeetikett / B Kundennummer / C Qualität,A Rücksendeetikett / B Kundennummer / C Qualität,A | A Rücksendeetikett | B Kundennummer | C Qualität,,A,A,A return label is used to send goods back.,A return label is used to send goods back.,,,,duplicate_v02_lineage_resolved,duplicate_v02_lineage_resolved,
content/b1-m09-complaints-customer-service.js,v080149_cat09_practice_family_cat09_pf_086,cat09-pf-086,cat09-pf-086,matched_replacement_layer,Exception,manual review: unrecognised v0.2 decision vocabulary,revise_light,revise_light,,CORE_SAFE_V02_REPLACEMENT,future apply patch may replace schema-compatible learner-facing fields from v0.2/recovery while preserving current item ID,Auswahl,selected_choice_value,CAT09-practice_family-cat09_pf_086,true,prompt; stimulus/learnerCue; microRule/explainText,Welche Form passt in dieser Beschwerde- oder Kundenservice-Situation am besten?,Welche Form passt in dieser Beschwerde- oder Kundenservice-Situation am besten?,A Es tut uns leid. / B Es macht uns leid. / C Wir sind leid.,A Es tut uns leid. / B Es macht uns leid. / C Wir sind leid.,A | A Es tut uns leid. | B Es macht uns leid. | C Wir sind leid.,,A,A,Fixed apology phrase: “Es tut uns leid.”,Fixed apology phrase: “Es tut uns leid.”,,,,duplicate_v02_lineage_resolved,duplicate_v02_lineage_resolved,
content/b1-m09-complaints-customer-service.js,v080149_cat09_practice_family_cat09_pf_087,cat09-pf-087,cat09-pf-087,matched_replacement_layer,Exception,manual review: unrecognised v0.2 decision vocabulary,revise_light,revise_light,,CORE_SAFE_V02_REPLACEMENT,future apply patch may replace schema-compatible learner-facing fields from v0.2/recovery while preserving current item ID,Auswahl,selected_choice_value,CAT09-practice_family-cat09_pf_087,true,prompt; stimulus/learnerCue; microRule/explainText,Welche Form passt in dieser Beschwerde- oder Kundenservice-Situation am besten?,Welche Form passt in dieser Beschwerde- oder Kundenservice-Situation am besten?,A Ich habe den falschen Artikel erhalten. / B Ich habe die falsche Artikel erhalten. / C Ich bin falscher Artikel.,A Ich habe den falschen Artikel erhalten. / B Ich habe die falsche Artikel erhalten. / C Ich bin falscher Artikel.,A | A Ich habe den falschen Artikel erhalten. | B Ich habe die falsche Artikel erhalten. | C Ich bin falscher Artikel.,,A,A,Direct object: den falschen Artikel.,Direct object: den falschen Artikel.,,,,duplicate_v02_lineage_resolved,duplicate_v02_lineage_resolved,
content/b1-m09-complaints-customer-service.js,v080149_cat09_practice_family_cat09_pf_088,cat09-pf-088,cat09-pf-088,matched_replacement_layer,Exception,manual review: unrecognised v0.2 decision vocabulary,revise_light,revise_light,,CORE_SAFE_V02_REPLACEMENT,future apply patch may replace schema-compatible learner-facing fields from v0.2/recovery while preserving current item ID,Auswahl,selected_choice_value,CAT09-practice_family-cat09_pf_088,true,prompt; stimulus/learnerCue; microRule/explainText,Welche Form passt in dieser Beschwerde- oder Kundenservice-Situation am besten?,Welche Form passt in dieser Beschwerde- oder Kundenservice-Situation am besten?,A Ich habe bisher keine Antwort erhalten. / B Ich habe bisher nicht Antwort. / C Ich bin ohne Antwort machen.,A Ich habe bisher keine Antwort erhalten. / B Ich habe bisher nicht Antwort. / C Ich bin ohne Antwort machen.,A | A Ich habe bisher keine Antwort erhalten. | B Ich habe bisher nicht Antwort. | C Ich bin ohne Antwort machen.,,A,A,Formal-neutral follow-up: “keine Antwort erhalten”.,Formal-neutral follow-up: “keine Antwort erhalten”.,,,,duplicate_v02_lineage_resolved,duplicate_v02_lineage_resolved,
content/b1-m10-technical-problems.js,v080149_cat10_collocation_coll_cat10_001,coll-cat10-001,coll-cat10-001,matched_replacement_layer,Exception,manual review: unrecognised v0.2 decision vocabulary,revise_light,revise_light,,CORE_SAFE_V02_REPLACEMENT,future apply patch may replace schema-compatible learner-facing fields from v0.2/recovery while preserving current item ID,Auswahl,selected_choice_value,CAT10-collocation-coll_cat10_001,true,microRule/explainText,Welche Kollokation passt? restart the device,,Choose the best German option.,,das Gerät neu starten | starten | ausschalten | das Gerät neu machen,,das Gerät neu starten,das Gerät neu starten,Collocation: use `neu starten` for restarting a device or programme.,Collocation: use `neu starten` for restarting a device or programme.,,,,duplicate_v02_lineage_resolved,duplicate_v02_lineage_resolved,
content/b1-m10-technical-problems.js,v080149_cat10_collocation_coll_cat10_002,coll-cat10-002,coll-cat10-002,matched_replacement_layer,Exception,manual review: unrecognised v0.2 decision vocabulary,revise_light,revise_light,,CORE_SAFE_V02_REPLACEMENT,future apply patch may replace schema-compatible learner-facing fields from v0.2/recovery while preserving current item ID,Auswahl,selected_choice_value,CAT10-collocation-coll_cat10_002,true,microRule/explainText,Welche Kollokation passt? restart the computer,,Choose the best German option.,,den Computer neu starten | starten | ausschalten | den Computer neustarten as one word,,den Computer neu starten,den Computer neu starten,Collocation: use `neu starten` for restarting a device or programme.,Collocation: use `neu starten` for restarting a device or programme.,,,,duplicate_v02_lineage_resolved,duplicate_v02_lineage_resolved,
content/b1-m10-technical-problems.js,v080149_cat10_collocation_coll_cat10_003,coll-cat10-003,coll-cat10-003,matched_replacement_layer,Exception,manual review: unrecognised v0.2 decision vocabulary,revise_light,revise_light,,CORE_SAFE_V02_REPLACEMENT,future apply patch may replace schema-compatible learner-facing fields from v0.2/recovery while preserving current item ID,Auswahl,selected_choice_value,CAT10-collocation-coll_cat10_003,true,microRule/explainText,Welche Kollokation passt? open the app,,Choose the best German option.,,die App öffnen | starten | laden | die App aufmachen is spoken,,die App öffnen,die App öffnen,`sich öffnen`: Die App öffnet sich nicht.,`sich öffnen`: Die App öffnet sich nicht.,,,,duplicate_v02_lineage_resolved,duplicate_v02_lineage_resolved,
content/b1-m10-technical-problems.js,v080149_cat10_collocation_coll_cat10_005,coll-cat10-005,coll-cat10-005,matched_replacement_layer,Exception,manual review: unrecognised v0.2 decision vocabulary,revise_light,revise_light,,CORE_SAFE_V02_REPLACEMENT,future apply patch may replace schema-compatible learner-facing fields from v0.2/recovery while preserving current item ID,Auswahl,selected_choice_value,CAT10-collocation-coll_cat10_005,true,microRule/explainText,Welche Kollokation passt? report a problem,,Choose the best German option.,,ein Problem melden | lösen | beheben | ein Problem sagen,,ein Problem melden,ein Problem melden,Report the visible technical problem in simple B1 German; do not diagnose the cause.,Report the visible technical problem in simple B1 German; do not diagnose the cause.,,,,duplicate_v02_lineage_resolved,duplicate_v02_lineage_resolved,
content/b1-m10-technical-problems.js,v080149_cat10_collocation_coll_cat10_006,coll-cat10-006,coll-cat10-006,matched_replacement_layer,Exception,manual review: unrecognised v0.2 decision vocabulary,revise_light,revise_light,,CORE_SAFE_V02_REPLACEMENT,future apply patch may replace schema-compatible learner-facing fields from v0.2/recovery while preserving current item ID,Auswahl,selected_choice_value,CAT10-collocation-coll_cat10_006,true,microRule/explainText,Welche Kollokation passt? solve a problem,,Choose the best German option.,,ein Problem lösen | melden | beheben | ein Problem machen,,ein Problem lösen,ein Problem lösen,Report the visible technical problem in simple B1 German; do not diagnose the cause.,Report the visible technical problem in simple B1 German; do not diagnose the cause.,,,,duplicate_v02_lineage_resolved,duplicate_v02_lineage_resolved,
content/b1-m10-technical-problems.js,v080149_cat10_collocation_coll_cat10_007,coll-cat10-007,coll-cat10-007,matched_replacement_layer,Exception,manual review: unrecognised v0.2 decision vocabulary,revise_light,revise_light,,CORE_SAFE_V02_REPLACEMENT,future apply patch may replace schema-compatible learner-facing fields from v0.2/recovery while preserving current item ID,Auswahl,selected_choice_value,CAT10-collocation-coll_cat10_007,true,microRule/explainText,Welche Kollokation passt? report a fault/outage,,Choose the best German option.,,eine Störung melden | Problem | Fehler | eine Störung sagen,,eine Störung melden,eine Störung melden,Report the visible technical problem in simple B1 German; do not diagnose the cause.,Report the visible technical problem in simple B1 German; do not diagnose the cause.,,,,duplicate_v02_lineage_resolved,duplicate_v02_lineage_resolved,
content/b1-m10-technical-problems.js,v080149_cat10_collocation_coll_cat10_008,coll-cat10-008,coll-cat10-008,matched_replacement_layer,Exception,manual review: unrecognised v0.2 decision vocabulary,revise_light,revise_light,,CORE_SAFE_V02_REPLACEMENT,future apply patch may replace schema-compatible learner-facing fields from v0.2/recovery while preserving current item ID,Auswahl,selected_choice_value,CAT10-collocation-coll_cat10_008,true,microRule/explainText,Welche Kollokation passt? fix an error,,Choose the best German option.,,einen Fehler beheben | lösen | reparieren | einen Fehler reparieren,,einen Fehler beheben,einen Fehler beheben,Report the visible technical problem in simple B1 German; do not diagnose the cause.,Report the visible technical problem in simple B1 German; do not diagnose the cause.,,,,duplicate_v02_lineage_resolved,duplicate_v02_lineage_resolved,
content/b1-m10-technical-problems.js,v080149_cat10_collocation_coll_cat10_009,coll-cat10-009,coll-cat10-009,matched_replacement_layer,Exception,manual review: unrecognised v0.2 decision vocabulary,revise_light,revise_light,,CORE_SAFE_V02_REPLACEMENT,future apply patch may replace schema-compatible learner-facing fields from v0.2/recovery while preserving current item ID,Auswahl,selected_choice_value,CAT10-collocation-coll_cat10_009,true,microRule/explainText,Welche Kollokation passt? an error occurs,,Choose the best German option.,,ein Fehler tritt auf | passieren | erscheinen | ein Fehler kommt auf,,ein Fehler tritt auf,ein Fehler tritt auf,Report the visible technical problem in simple B1 German; do not diagnose the cause.,Report the visible technical problem in simple B1 German; do not diagnose the cause.,,,,duplicate_v02_lineage_resolved,duplicate_v02_lineage_resolved,
content/b1-m10-technical-problems.js,v080149_cat10_collocation_coll_cat10_010,coll-cat10-010,coll-cat10-010,matched_replacement_layer,Exception,manual review: unrecognised v0.2 decision vocabulary,revise_light,revise_light,,CORE_SAFE_V02_REPLACEMENT,future apply patch may replace schema-compatible learner-facing fields from v0.2/recovery while preserving current item ID,Auswahl,selected_choice_value,CAT10-collocation-coll_cat10_010,true,microRule/explainText,Welche Kollokation passt? get an error message,,Choose the best German option.,,eine Fehlermeldung bekommen | Fehler | Hinweis | einen Fehlermeldung bekommen,,eine Fehlermeldung bekommen,eine Fehlermeldung bekommen,Collocation: use `eine Fehlermeldung bekommen/sehen` for the message shown on screen.,Collocation: use `eine Fehlermeldung bekommen/sehen` for the message shown on screen.,,,,duplicate_v02_lineage_resolved,duplicate_v02_lineage_resolved,
content/b1-m10-technical-problems.js,v080149_cat10_collocation_coll_cat10_011,coll-cat10-011,coll-cat10-011,matched_replacement_layer,Exception,manual review: unrecognised v0.2 decision vocabulary,revise_light,revise_light,,CORE_SAFE_V02_REPLACEMENT,future apply patch may replace schema-compatible learner-facing fields from v0.2/recovery while preserving current item ID,Auswahl,selected_choice_value,CAT10-collocation-coll_cat10_011,true,microRule/explainText,Welche Kollokation passt? display an error message,,Choose the best German option.,,eine Fehlermeldung anzeigen | bekommen | schicken | die App macht einen Fehler,,eine Fehlermeldung anzeigen,eine Fehlermeldung anzeigen,Collocation: use `eine Fehlermeldung bekommen/sehen` for the message shown on screen.,Collocation: use `eine Fehlermeldung bekommen/sehen` for the message shown on screen.,,,,duplicate_v02_lineage_resolved,duplicate_v02_lineage_resolved,
content/b1-m10-technical-problems.js,v080149_cat10_collocation_coll_cat10_017,coll-cat10-017,coll-cat10-017,matched_replacement_layer,Exception,manual review: unrecognised v0.2 decision vocabulary,revise_light,revise_light,,CORE_SAFE_V02_REPLACEMENT,future apply patch may replace schema-compatible learner-facing fields from v0.2/recovery while preserving current item ID,Auswahl,selected_choice_value,CAT10-collocation-coll_cat10_017,true,microRule/explainText,Welche Kollokation passt? the internet is slow,,Choose the best German option.,,das Internet ist langsam | WLAN | Verbindung | Internet hat langsam,,das Internet ist langsam,das Internet ist langsam,"`Verbindung` is the connection; report what is visible, not a diagnosis.","`Verbindung` is the connection; report what is visible, not a diagnosis.",,,,duplicate_v02_lineage_resolved,duplicate_v02_lineage_resolved,
content/b1-m10-technical-problems.js,v080149_cat10_collocation_coll_cat10_018,coll-cat10-018,coll-cat10-018,matched_replacement_layer,Exception,manual review: unrecognised v0.2 decision vocabulary,revise_light,revise_light,,CORE_SAFE_V02_REPLACEMENT,future apply patch may replace schema-compatible learner-facing fields from v0.2/recovery while preserving current item ID,Auswahl,selected_choice_value,CAT10-collocation-coll_cat10_018,true,microRule/explainText,Welche Kollokation passt? connect to Wi-Fi,,Choose the best German option.,,sich mit dem WLAN verbinden | Internet | Netzwerk | ich verbinde das WLAN,,sich mit dem WLAN verbinden,sich mit dem WLAN verbinden,"`Verbindung` is the connection; report what is visible, not a diagnosis.","`Verbindung` is the connection; report what is visible, not a diagnosis.",,,,duplicate_v02_lineage_resolved,duplicate_v02_lineage_resolved,
content/b1-m10-technical-problems.js,v080149_cat10_collocation_coll_cat10_019,coll-cat10-019,coll-cat10-019,matched_replacement_layer,Exception,manual review: unrecognised v0.2 decision vocabulary,revise_light,revise_light,,CORE_SAFE_V02_REPLACEMENT,future apply patch may replace schema-compatible learner-facing fields from v0.2/recovery while preserving current item ID,Auswahl,selected_choice_value,CAT10-collocation-coll_cat10_019,true,microRule/explainText,Welche Kollokation passt? the connection drops,,Choose the best German option.,,die Verbindung bricht ab | trennen | ausfallen | die Verbindung bricht aus,,die Verbindung bricht ab,die Verbindung bricht ab,"`Verbindung` is the connection; report what is visible, not a diagnosis.","`Verbindung` is the connection; report what is visible, not a diagnosis.",,,,duplicate_v02_lineage_resolved,duplicate_v02_lineage_resolved,
content/b1-m10-technical-problems.js,v080149_cat10_collocation_coll_cat10_020,coll-cat10-020,coll-cat10-020,matched_replacement_layer,Exception,manual review: unrecognised v0.2 decision vocabulary,revise_light,revise_light,,CORE_SAFE_V02_REPLACEMENT,future apply patch may replace schema-compatible learner-facing fields from v0.2/recovery while preserving current item ID,Auswahl,selected_choice_value,CAT10-collocation-coll_cat10_020,true,microRule/explainText,Welche Kollokation passt? check the connection,,Choose the best German option.,,die Verbindung prüfen | testen | verbinden | die Verbindung kontrollieren only maybe,,die Verbindung prüfen,die Verbindung prüfen,"`Verbindung` is the connection; report what is visible, not a diagnosis.","`Verbindung` is the connection; report what is visible, not a diagnosis.",,,,duplicate_v02_lineage_resolved,duplicate_v02_lineage_resolved,
content/b1-m10-technical-problems.js,v080149_cat10_collocation_coll_cat10_021,coll-cat10-021,coll-cat10-021,matched_replacement_layer,Exception,manual review: unrecognised v0.2 decision vocabulary,revise_light,revise_light,,CORE_SAFE_V02_REPLACEMENT,future apply patch may replace schema-compatible learner-facing fields from v0.2/recovery while preserving current item ID,Auswahl,selected_choice_value,CAT10-collocation-coll_cat10_021,true,microRule/explainText,Welche Kollokation passt? open a file,,Choose the best German option.,,eine Datei öffnen | Anhang | Link | Datei aufmachen,,eine Datei öffnen,eine Datei öffnen,Report the visible technical problem in simple B1 German; do not diagnose the cause.,Report the visible technical problem in simple B1 German; do not diagnose the cause.,,,,duplicate_v02_lineage_resolved,duplicate_v02_lineage_resolved,
content/b1-m10-technical-problems.js,v080149_cat10_collocation_coll_cat10_022,coll-cat10-022,coll-cat10-022,matched_replacement_layer,Exception,manual review: unrecognised v0.2 decision vocabulary,revise_light,revise_light,,CORE_SAFE_V02_REPLACEMENT,future apply patch may replace schema-compatible learner-facing fields from v0.2/recovery while preserving current item ID,Auswahl,selected_choice_value,CAT10-collocation-coll_cat10_022,true,microRule/explainText,Welche Kollokation passt? save a file,,Choose the best German option.,,eine Datei speichern | herunterladen | hochladen | Datei sparen,,eine Datei speichern,eine Datei speichern,`speichern` = save a file or form.,`speichern` = save a file or form.,,,,duplicate_v02_lineage_resolved,duplicate_v02_lineage_resolved,
content/b1-m10-technical-problems.js,v080149_cat10_collocation_coll_cat10_023,coll-cat10-023,coll-cat10-023,matched_replacement_layer,Exception,manual review: unrecognised v0.2 decision vocabulary,revise_light,revise_light,,CORE_SAFE_V02_REPLACEMENT,future apply patch may replace schema-compatible learner-facing fields from v0.2/recovery while preserving current item ID,Auswahl,selected_choice_value,CAT10-collocation-coll_cat10_023,true,microRule/explainText,Welche Kollokation passt? upload a file,,Choose the best German option.,,eine Datei hochladen | herunterladen | anhängen | Datei aufladen,,eine Datei hochladen,eine Datei hochladen,`hochladen` = upload; the file goes from your device to the app/site.,`hochladen` = upload; the file goes from your device to the app/site.,,,,duplicate_v02_lineage_resolved,duplicate_v02_lineage_resolved,
content/b1-m10-technical-problems.js,v080149_cat10_collocation_coll_cat10_024,coll-cat10-024,coll-cat10-024,matched_replacement_layer,Exception,manual review: unrecognised v0.2 decision vocabulary,revise_light,revise_light,,CORE_SAFE_V02_REPLACEMENT,future apply patch may replace schema-compatible learner-facing fields from v0.2/recovery while preserving current item ID,Auswahl,selected_choice_value,CAT10-collocation-coll_cat10_024,true,microRule/explainText,Welche Kollokation passt? download a file,,Choose the best German option.,,eine Datei herunterladen | hochladen | speichern | Datei runterladen is spoken,,eine Datei herunterladen,eine Datei herunterladen,`herunterladen` = download; the file comes to your device.,`herunterladen` = download; the file comes to your device.,,,,duplicate_v02_lineage_resolved,duplicate_v02_lineage_resolved,
content/b1-m10-technical-problems.js,v080149_cat10_collocation_coll_cat10_025,coll-cat10-025,coll-cat10-025,matched_replacement_layer,Exception,manual review: unrecognised v0.2 decision vocabulary,revise_light,revise_light,,CORE_SAFE_V02_REPLACEMENT,future apply patch may replace schema-compatible learner-facing fields from v0.2/recovery while preserving current item ID,Auswahl,selected_choice_value,CAT10-collocation-coll_cat10_025,true,microRule/explainText,Welche Kollokation passt? open the attachment,,Choose the best German option.,,den Anhang öffnen | Datei | Link | der Anhang öffnen,,den Anhang öffnen,den Anhang öffnen,`Anhang` is an attachment in an email or form.,`Anhang` is an attachment in an email or form.,,,,duplicate_v02_lineage_resolved,duplicate_v02_lineage_resolved,
content/b1-m10-technical-problems.js,v080149_cat10_collocation_coll_cat10_026,coll-cat10-026,coll-cat10-026,matched_replacement_layer,Exception,manual review: unrecognised v0.2 decision vocabulary,revise_light,revise_light,,CORE_SAFE_V02_REPLACEMENT,future apply patch may replace schema-compatible learner-facing fields from v0.2/recovery while preserving current item ID,Auswahl,selected_choice_value,CAT10-collocation-coll_cat10_026,true,microRule/explainText,Welche Kollokation passt? attach a file,,Choose the best German option.,,eine Datei anhängen | hochladen | senden | eine Datei hängen,,eine Datei anhängen,eine Datei anhängen,Report the visible technical problem in simple B1 German; do not diagnose the cause.,Report the visible technical problem in simple B1 German; do not diagnose the cause.,,,,duplicate_v02_lineage_resolved,duplicate_v02_lineage_resolved,
content/b1-m10-technical-problems.js,v080149_cat10_collocation_coll_cat10_029,coll-cat10-029,coll-cat10-029,matched_replacement_layer,Exception,manual review: unrecognised v0.2 decision vocabulary,revise_light,revise_light,,CORE_SAFE_V02_REPLACEMENT,future apply patch may replace schema-compatible learner-facing fields from v0.2/recovery while preserving current item ID,Auswahl,selected_choice_value,CAT10-collocation-coll_cat10_029,true,microRule/explainText,Welche Kollokation passt? connect the printer,,Choose the best German option.,,den Drucker verbinden | anschließen | drucken | Drucker anmelden,,den Drucker verbinden,den Drucker verbinden,Use `der Drucker funktioniert nicht` for a simple printer problem report.,Use `der Drucker funktioniert nicht` for a simple printer problem report.,,,,duplicate_v02_lineage_resolved,duplicate_v02_lineage_resolved,
content/b1-m10-technical-problems.js,v080149_cat10_collocation_coll_cat10_030,coll-cat10-030,coll-cat10-030,matched_replacement_layer,Exception,manual review: unrecognised v0.2 decision vocabulary,revise_light,revise_light,,CORE_SAFE_V02_REPLACEMENT,future apply patch may replace schema-compatible learner-facing fields from v0.2/recovery while preserving current item ID,Auswahl,selected_choice_value,CAT10-collocation-coll_cat10_030,true,microRule/explainText,Welche Kollokation passt? print a document,,Choose the best German option.,,ein Dokument drucken | scannen | kopieren | Dokument printen,,ein Dokument drucken,ein Dokument drucken,Report the visible technical problem in simple B1 German; do not diagnose the cause.,Report the visible technical problem in simple B1 German; do not diagnose the cause.,,,,duplicate_v02_lineage_resolved,duplicate_v02_lineage_resolved,
content/b1-m10-technical-problems.js,v080149_cat10_collocation_coll_cat10_031,coll-cat10-031,coll-cat10-031,matched_replacement_layer,Exception,manual review: unrecognised v0.2 decision vocabulary,revise_light,revise_light,,CORE_SAFE_V02_REPLACEMENT,future apply patch may replace schema-compatible learner-facing fields from v0.2/recovery while preserving current item ID,Auswahl,selected_choice_value,CAT10-collocation-coll_cat10_031,true,microRule/explainText,Welche Kollokation passt? scan a document,,Choose the best German option.,,ein Dokument scannen | drucken | kopieren | Dokument einscannen also possible,,ein Dokument scannen,ein Dokument scannen,Report the visible technical problem in simple B1 German; do not diagnose the cause.,Report the visible technical problem in simple B1 German; do not diagnose the cause.,,,,duplicate_v02_lineage_resolved,duplicate_v02_lineage_resolved,
content/b1-m10-technical-problems.js,v080149_cat10_collocation_coll_cat10_032,coll-cat10-032,coll-cat10-032,matched_replacement_layer,Exception,manual review: unrecognised v0.2 decision vocabulary,revise_light,revise_light,,CORE_SAFE_V02_REPLACEMENT,future apply patch may replace schema-compatible learner-facing fields from v0.2/recovery while preserving current item ID,Auswahl,selected_choice_value,CAT10-collocation-coll_cat10_032,true,microRule/explainText,Welche Kollokation passt? plug in/connect a device,,Choose the best German option.,,ein Gerät anschließen | verbinden | anmelden | Gerät verbinden may be okay but different,,ein Gerät anschließen,ein Gerät anschließen,Report the visible technical problem in simple B1 German; do not diagnose the cause.,Report the visible technical problem in simple B1 German; do not diagnose the cause.,,,,duplicate_v02_lineage_resolved,duplicate_v02_lineage_resolved,
content/b1-m10-technical-problems.js,v080149_cat10_collocation_coll_cat10_033,coll-cat10-033,coll-cat10-033,matched_replacement_layer,Exception,manual review: unrecognised v0.2 decision vocabulary,revise_light,revise_light,,CORE_SAFE_V02_REPLACEMENT,future apply patch may replace schema-compatible learner-facing fields from v0.2/recovery while preserving current item ID,Auswahl,selected_choice_value,CAT10-collocation-coll_cat10_033,true,microRule/explainText,Welche Kollokation passt? charge the battery,,Choose the best German option.,,den Akku aufladen | laden | hochladen | Akku hochladen,,den Akku aufladen,den Akku aufladen,"`lädt nicht` means the page, app, or file does not load.","`lädt nicht` means the page, app, or file does not load.",,,,duplicate_v02_lineage_resolved,duplicate_v02_lineage_resolved,
content/b1-m10-technical-problems.js,v080149_cat10_collocation_coll_cat10_035,coll-cat10-035,coll-cat10-035,matched_replacement_layer,Exception,manual review: unrecognised v0.2 decision vocabulary,revise_light,revise_light,,CORE_SAFE_V02_REPLACEMENT,future apply patch may replace schema-compatible learner-facing fields from v0.2/recovery while preserving current item ID,Auswahl,selected_choice_value,CAT10-collocation-coll_cat10_035,true,microRule/explainText,Welche Kollokation passt? reload the page,,Choose the best German option.,,die Seite neu laden | aktualisieren | herunterladen | Seite herunterladen,,die Seite neu laden,die Seite neu laden,"`lädt nicht` means the page, app, or file does not load.","`lädt nicht` means the page, app, or file does not load.",,,,duplicate_v02_lineage_resolved,duplicate_v02_lineage_resolved,
content/b1-m10-technical-problems.js,v080149_cat10_collocation_coll_cat10_037,coll-cat10-037,coll-cat10-037,matched_replacement_layer,Exception,manual review: unrecognised v0.2 decision vocabulary,revise_light,revise_light,,CORE_SAFE_V02_REPLACEMENT,future apply patch may replace schema-compatible learner-facing fields from v0.2/recovery while preserving current item ID,Auswahl,selected_choice_value,CAT10-collocation-coll_cat10_037,true,microRule/explainText,Welche Kollokation passt? save the form,,Choose the best German option.,,das Formular speichern | absenden | herunterladen | Formular sparen,,das Formular speichern,das Formular speichern,`speichern` = save a file or form.,`speichern` = save a file or form.,,,,duplicate_v02_lineage_resolved,duplicate_v02_lineage_resolved,
content/b1-m10-technical-problems.js,v080149_cat10_collocation_coll_cat10_038,coll-cat10-038,coll-cat10-038,matched_replacement_layer,Exception,manual review: unrecognised v0.2 decision vocabulary,revise_light,revise_light,,CORE_SAFE_V02_REPLACEMENT,future apply patch may replace schema-compatible learner-facing fields from v0.2/recovery while preserving current item ID,Auswahl,selected_choice_value,CAT10-collocation-coll_cat10_038,true,microRule/explainText,Welche Kollokation passt? submit the form,,Choose the best German option.,,das Formular absenden | senden | speichern | Formular abschicken may be okay spoken,,das Formular absenden,das Formular absenden,Report the visible technical problem in simple B1 German; do not diagnose the cause.,Report the visible technical problem in simple B1 German; do not diagnose the cause.,,,,duplicate_v02_lineage_resolved,duplicate_v02_lineage_resolved,
content/b1-m10-technical-problems.js,v080149_cat10_collocation_coll_cat10_040,coll-cat10-040,coll-cat10-040,matched_replacement_layer,Exception,manual review: unrecognised v0.2 decision vocabulary,revise_light,revise_light,,CORE_SAFE_V02_REPLACEMENT,future apply patch may replace schema-compatible learner-facing fields from v0.2/recovery while preserving current item ID,Auswahl,selected_choice_value,CAT10-collocation-coll_cat10_040,true,microRule/explainText,Welche Kollokation passt? open the link,,Choose the best German option.,,den Link öffnen | teilen | schicken | Link aufmachen spoken,,den Link öffnen,den Link öffnen,Report the visible technical problem in simple B1 German; do not diagnose the cause.,Report the visible technical problem in simple B1 German; do not diagnose the cause.,,,,duplicate_v02_lineage_resolved,duplicate_v02_lineage_resolved,
content/b1-m10-technical-problems.js,v080149_cat10_collocation_coll_cat10_044,coll-cat10-044,coll-cat10-044,matched_replacement_layer,Exception,manual review: unrecognised v0.2 decision vocabulary,revise_light,revise_light,,CORE_SAFE_V02_REPLACEMENT,future apply patch may replace schema-compatible learner-facing fields from v0.2/recovery while preserving current item ID,Auswahl,selected_choice_value,CAT10-collocation-coll_cat10_044,true,microRule/explainText,Welche Kollokation passt? turn on the camera,,Choose the best German option.,,die Kamera einschalten | Mikrofon | Bildschirm | Kamera öffnen,,die Kamera einschalten,die Kamera einschalten,`die Kamera` is the camera; report the visible problem simply.,`die Kamera` is the camera; report the visible problem simply.,,,,duplicate_v02_lineage_resolved,duplicate_v02_lineage_resolved,
content/b1-m10-technical-problems.js,v080149_cat10_collocation_coll_cat10_045,coll-cat10-045,coll-cat10-045,matched_replacement_layer,Exception,manual review: unrecognised v0.2 decision vocabulary,revise_light,revise_light,,CORE_SAFE_V02_REPLACEMENT,future apply patch may replace schema-compatible learner-facing fields from v0.2/recovery while preserving current item ID,Auswahl,selected_choice_value,CAT10-collocation-coll_cat10_045,true,microRule/explainText,Welche Kollokation passt? mute the microphone,,Choose the best German option.,,das Mikrofon stumm schalten | ausschalten | Ton | Mikrofon leise machen,,das Mikrofon stumm schalten,das Mikrofon stumm schalten,`das Mikrofon` is the microphone; report the visible problem simply.,`das Mikrofon` is the microphone; report the visible problem simply.,,,,duplicate_v02_lineage_resolved,duplicate_v02_lineage_resolved,
content/b1-m10-technical-problems.js,v080149_cat10_contrast_cat10_cs_001,cat10-cs-001,cat10-cs-001,matched_replacement_layer,Exception,manual review: unrecognised v0.2 decision vocabulary,revise_light,revise_light,,CORE_SAFE_V02_REPLACEMENT,future apply patch may replace schema-compatible learner-facing fields from v0.2/recovery while preserving current item ID,Auswahl,selected_choice_value,CAT10-contrast-cat10_cs_001,true,prompt; microRule/explainText,Welche Form passt in dieser technischen Situation?,Welche Form passt in dieser technischen Situation?,problem terms,,Störung | Fehler | Problem | Fehlermeldung,Störung | Fehler | Problem | Fehlermeldung,Störung,Störung,`Störung` is a fault/outage; `Fehler` is an error or mistake.,`Störung` is a fault/outage; `Fehler` is an error or mistake.,,,,duplicate_v02_lineage_resolved,duplicate_v02_lineage_resolved,
content/b1-m10-technical-problems.js,v080149_cat10_contrast_cat10_cs_002,cat10-cs-002,cat10-cs-002,matched_replacement_layer,Exception,manual review: unrecognised v0.2 decision vocabulary,revise_light,revise_light,,CORE_SAFE_V02_REPLACEMENT,future apply patch may replace schema-compatible learner-facing fields from v0.2/recovery while preserving current item ID,Auswahl,selected_choice_value,CAT10-contrast-cat10_cs_002,true,prompt; microRule/explainText,Welche Form passt in dieser technischen Situation?,Welche Form passt in dieser technischen Situation?,app/program/webpage,,App | Programm | Webseite | Browser,App | Programm | Webseite | Browser,App,App,`App` is the installed/mobile application.,`App` is the installed/mobile application.,,,,duplicate_v02_lineage_resolved,duplicate_v02_lineage_resolved,
content/b1-m10-technical-problems.js,v080149_cat10_contrast_cat10_cs_005,cat10-cs-005,cat10-cs-005,matched_replacement_layer,Exception,manual review: unrecognised v0.2 decision vocabulary,revise_light,revise_light,,CORE_SAFE_V02_REPLACEMENT,future apply patch may replace schema-compatible learner-facing fields from v0.2/recovery while preserving current item ID,Auswahl,selected_choice_value,CAT10-contrast-cat10_cs_005,true,prompt; microRule/explainText,Welche Form passt in dieser technischen Situation?,Welche Form passt in dieser technischen Situation?,file direction,,hochladen | herunterladen | speichern | anhängen,hochladen | herunterladen | speichern | anhängen,hochladen,hochladen,`hochladen` sends a file out; `herunterladen` brings it to your device.,`hochladen` sends a file out; `herunterladen` brings it to your device.,,,,duplicate_v02_lineage_resolved,duplicate_v02_lineage_resolved,
content/b1-m10-technical-problems.js,v080149_cat10_contrast_cat10_cs_006,cat10-cs-006,cat10-cs-006,matched_replacement_layer,Exception,manual review: unrecognised v0.2 decision vocabulary,revise_light,revise_light,,CORE_SAFE_V02_REPLACEMENT,future apply patch may replace schema-compatible learner-facing fields from v0.2/recovery while preserving current item ID,Auswahl,selected_choice_value,CAT10-contrast-cat10_cs_006,true,prompt; microRule/explainText,Welche Form passt in dieser technischen Situation?,Welche Form passt in dieser technischen Situation?,file/link/attachment,,Anhang | Datei | Link | Ordner,Anhang | Datei | Link | Ordner,Anhang,Anhang,`Anhang` is attached to a message/form.,`Anhang` is attached to a message/form.,,,,duplicate_v02_lineage_resolved,duplicate_v02_lineage_resolved,
content/b1-m10-technical-problems.js,v080149_cat10_contrast_cat10_cs_007,cat10-cs-007,cat10-cs-007,matched_replacement_layer,Exception,manual review: unrecognised v0.2 decision vocabulary,revise_light,revise_light,,CORE_SAFE_V02_REPLACEMENT,future apply patch may replace schema-compatible learner-facing fields from v0.2/recovery while preserving current item ID,Auswahl,selected_choice_value,CAT10-contrast-cat10_cs_007,true,prompt; microRule/explainText,Welche Form passt in dieser technischen Situation?,Welche Form passt in dieser technischen Situation?,print/scan/copy,,drucken | scannen | kopieren | hochladen,drucken | scannen | kopieren | hochladen,drucken,drucken,`drucken` puts a document on paper.,`drucken` puts a document on paper.,,,,duplicate_v02_lineage_resolved,duplicate_v02_lineage_resolved,
content/b1-m10-technical-problems.js,v080149_cat10_contrast_cat10_cs_008,cat10-cs-008,cat10-cs-008,matched_replacement_layer,Exception,manual review: unrecognised v0.2 decision vocabulary,revise_light,revise_light,,CORE_SAFE_V02_REPLACEMENT,future apply patch may replace schema-compatible learner-facing fields from v0.2/recovery while preserving current item ID,Auswahl,selected_choice_value,CAT10-contrast-cat10_cs_008,true,prompt; microRule/explainText,Welche Form passt in dieser technischen Situation?,Welche Form passt in dieser technischen Situation?,device power,,neu starten | einschalten | ausschalten | aufladen,neu starten | einschalten | ausschalten | aufladen,neu starten,neu starten,`neu starten` restarts.,`neu starten` restarts.,,,,duplicate_v02_lineage_resolved,duplicate_v02_lineage_resolved,
content/b1-m10-technical-problems.js,v080149_cat10_contrast_cat10_cs_009,cat10-cs-009,cat10-cs-009,matched_replacement_layer,Exception,manual review: unrecognised v0.2 decision vocabulary,revise_light,revise_light,,CORE_SAFE_V02_REPLACEMENT,future apply patch may replace schema-compatible learner-facing fields from v0.2/recovery while preserving current item ID,Auswahl,selected_choice_value,CAT10-contrast-cat10_cs_009,true,prompt; microRule/explainText,Welche Form passt in dieser technischen Situation?,Welche Form passt in dieser technischen Situation?,connection verbs,,verbinden | anschließen | trennen | laden,verbinden | anschließen | trennen | laden,verbinden,verbinden,`verbinden` connects digitally/network-wise.,`verbinden` connects digitally/network-wise.,,,,duplicate_v02_lineage_resolved,duplicate_v02_lineage_resolved,
content/b1-m10-technical-problems.js,v080149_cat10_contrast_cat10_cs_011,cat10-cs-011,cat10-cs-011,matched_replacement_layer,Exception,manual review: unrecognised v0.2 decision vocabulary,revise_light,revise_light,,CORE_SAFE_V02_REPLACEMENT,future apply patch may replace schema-compatible learner-facing fields from v0.2/recovery while preserving current item ID,Auswahl,selected_choice_value,CAT10-contrast-cat10_cs_011,true,prompt; microRule/explainText,Welche Form passt in dieser technischen Situation?,Welche Form passt in dieser technischen Situation?,software verbs,,aktualisieren | installieren | deinstallieren | neu laden,aktualisieren | installieren | deinstallieren | neu laden,aktualisieren,aktualisieren,`aktualisieren` updates.,`aktualisieren` updates.,,,,duplicate_v02_lineage_resolved,duplicate_v02_lineage_resolved,
content/b1-m10-technical-problems.js,v080149_cat10_contrast_cat10_cs_013,cat10-cs-013,cat10-cs-013,matched_replacement_layer,Exception,manual review: unrecognised v0.2 decision vocabulary,revise_light,revise_light,,CORE_SAFE_V02_REPLACEMENT,future apply patch may replace schema-compatible learner-facing fields from v0.2/recovery while preserving current item ID,Auswahl,selected_choice_value,CAT10-contrast-cat10_cs_013,true,prompt; microRule/explainText,Welche Form passt in dieser technischen Situation?,Welche Form passt in dieser technischen Situation?,availability,,verfügbar | erreichbar | frei | aktuell,verfügbar | erreichbar | frei | aktuell,verfügbar,verfügbar,`verfügbar` means available for service/function/update.,`verfügbar` means available for service/function/update.,,,,duplicate_v02_lineage_resolved,duplicate_v02_lineage_resolved,
content/b1-m10-technical-problems.js,v080149_cat10_contrast_cat10_cs_014,cat10-cs-014,cat10-cs-014,matched_replacement_layer,Exception,manual review: unrecognised v0.2 decision vocabulary,revise_light,revise_light,,CORE_SAFE_V02_REPLACEMENT,future apply patch may replace schema-compatible learner-facing fields from v0.2/recovery while preserving current item ID,Auswahl,selected_choice_value,CAT10-contrast-cat10_cs_014,true,prompt; microRule/explainText,Welche Form passt in dieser technischen Situation?,Welche Form passt in dieser technischen Situation?,app behaviour,,reagiert nicht | hängt | lädt nicht | stürzt ab,reagiert nicht | hängt | lädt nicht | stürzt ab,reagiert nicht,reagiert nicht,`reagiert nicht` means it does nothing when used.,`reagiert nicht` means it does nothing when used.,,,,duplicate_v02_lineage_resolved,duplicate_v02_lineage_resolved,
content/b1-m10-technical-problems.js,v080149_cat10_contrast_cat10_cs_015,cat10-cs-015,cat10-cs-015,matched_replacement_layer,Exception,manual review: unrecognised v0.2 decision vocabulary,revise_light,revise_light,,CORE_SAFE_V02_REPLACEMENT,future apply patch may replace schema-compatible learner-facing fields from v0.2/recovery while preserving current item ID,Auswahl,selected_choice_value,CAT10-contrast-cat10_cs_015,true,prompt; microRule/explainText,Welche Form passt in dieser technischen Situation?,Welche Form passt in dieser technischen Situation?,system notices,,Fehlermeldung | Warnung | Hinweis | Benachrichtigung,Fehlermeldung | Warnung | Hinweis | Benachrichtigung,Fehlermeldung,Fehlermeldung,`Fehlermeldung` is the visible message; `Fehlercode` is the short code.,`Fehlermeldung` is the visible message; `Fehlercode` is the short code.,,,,duplicate_v02_lineage_resolved,duplicate_v02_lineage_resolved,
content/b1-m10-technical-problems.js,v080149_cat10_contrast_cat10_cs_016,cat10-cs-016,cat10-cs-016,matched_replacement_layer,Exception,manual review: unrecognised v0.2 decision vocabulary,revise_light,revise_light,,CORE_SAFE_V02_REPLACEMENT,future apply patch may replace schema-compatible learner-facing fields from v0.2/recovery while preserving current item ID,Auswahl,selected_choice_value,CAT10-contrast-cat10_cs_016,true,prompt; microRule/explainText,Welche Form passt in dieser technischen Situation?,Welche Form passt in dieser technischen Situation?,support handling,,Ticket erstellen | Support kontaktieren | Rückruf bitten | Termin vereinbaren,Ticket erstellen | Support kontaktieren | Rückruf bitten | Termin vereinbaren,Ticket erstellen,Ticket erstellen,`Ticket erstellen` opens a support case.,`Ticket erstellen` opens a support case.,,,,duplicate_v02_lineage_resolved,duplicate_v02_lineage_resolved,
content/b1-m10-technical-problems.js,v080149_cat10_contrast_cat10_cs_019,cat10-cs-019,cat10-cs-019,matched_replacement_layer,Exception,manual review: unrecognised v0.2 decision vocabulary,revise_light,revise_light,,CORE_SAFE_V02_REPLACEMENT,future apply patch may replace schema-compatible learner-facing fields from v0.2/recovery while preserving current item ID,Auswahl,selected_choice_value,CAT10-contrast-cat10_cs_019,true,prompt; microRule/explainText,Welche Form passt in dieser technischen Situation?,Welche Form passt in dieser technischen Situation?,meeting tech,,Mikrofon | Lautsprecher | Ton | Kamera,Mikrofon | Lautsprecher | Ton | Kamera,Mikrofon,Mikrofon,`Mikrofon` records your voice.,`Mikrofon` records your voice.,,,,duplicate_v02_lineage_resolved,duplicate_v02_lineage_resolved,
content/b1-m10-technical-problems.js,v080149_cat10_contrast_cat10_cs_022,cat10-cs-022,cat10-cs-022,matched_replacement_layer,Exception,manual review: unrecognised v0.2 decision vocabulary,revise_light,revise_light,,CORE_SAFE_V02_REPLACEMENT,future apply patch may replace schema-compatible learner-facing fields from v0.2/recovery while preserving current item ID,Auswahl,selected_choice_value,CAT10-contrast-cat10_cs_022,true,prompt; microRule/explainText,Welche Form passt in dieser technischen Situation?,Welche Form passt in dieser technischen Situation?,upload/download,,Upload | Download | Anhang | Update,Upload | Download | Anhang | Update,Upload,Upload,`Upload` sends up/to system.,`Upload` sends up/to system.,,,,duplicate_v02_lineage_resolved,duplicate_v02_lineage_resolved,
content/b1-m10-technical-problems.js,v080149_cat10_contrast_cat10_cs_025,cat10-cs-025,cat10-cs-025,matched_replacement_layer,Exception,manual review: unrecognised v0.2 decision vocabulary,revise_light,revise_light,,CORE_SAFE_V02_REPLACEMENT,future apply patch may replace schema-compatible learner-facing fields from v0.2/recovery while preserving current item ID,Auswahl,selected_choice_value,CAT10-contrast-cat10_cs_025,true,prompt; microRule/explainText,Welche Form passt in dieser technischen Situation?,Welche Form passt in dieser technischen Situation?,report vs solve,,Problem melden | Problem lösen | Fehler beheben | Anleitung lesen,Problem melden | Problem lösen | Fehler beheben | Anleitung lesen,Problem melden,Problem melden,`melden` reports the problem.,`melden` reports the problem.,,,,duplicate_v02_lineage_resolved,duplicate_v02_lineage_resolved,
content/b1-m10-technical-problems.js,v080149_cat10_contrast_cat10_cs_026,cat10-cs-026,cat10-cs-026,matched_replacement_layer,Exception,manual review: unrecognised v0.2 decision vocabulary,revise_light,revise_light,,CORE_SAFE_V02_REPLACEMENT,future apply patch may replace schema-compatible learner-facing fields from v0.2/recovery while preserving current item ID,Auswahl,selected_choice_value,CAT10-contrast-cat10_cs_026,true,prompt; microRule/explainText,Welche Form passt in dieser technischen Situation?,Welche Form passt in dieser technischen Situation?,broken/faulty,,defekt | kaputt | beschädigt | leer,defekt | kaputt | beschädigt | leer,defekt,defekt,`defekt` is neutral/formal for faulty.,`defekt` is neutral/formal for faulty.,,,,duplicate_v02_lineage_resolved,duplicate_v02_lineage_resolved,
content/b1-m10-technical-problems.js,v080149_cat10_contrast_cat10_cs_027,cat10-cs-027,cat10-cs-027,matched_replacement_layer,Exception,manual review: unrecognised v0.2 decision vocabulary,revise_light,revise_light,,CORE_SAFE_V02_REPLACEMENT,future apply patch may replace schema-compatible learner-facing fields from v0.2/recovery while preserving current item ID,Auswahl,selected_choice_value,CAT10-contrast-cat10_cs_027,true,prompt; microRule/explainText,Welche Form passt in dieser technischen Situation?,Welche Form passt in dieser technischen Situation?,support request,,um Hilfe bitten | Hilfe brauchen | Support kontaktieren | Ticket schließen,um Hilfe bitten | Hilfe brauchen | Support kontaktieren | Ticket schließen,um Hilfe bitten,um Hilfe bitten,`um Hilfe bitten` is a request.,`um Hilfe bitten` is a request.,,,,duplicate_v02_lineage_resolved,duplicate_v02_lineage_resolved,
content/b1-m10-technical-problems.js,v080149_cat10_contrast_cat10_cs_028,cat10-cs-028,cat10-cs-028,matched_replacement_layer,Exception,manual review: unrecognised v0.2 decision vocabulary,revise_light,revise_light,,CORE_SAFE_V02_REPLACEMENT,future apply patch may replace schema-compatible learner-facing fields from v0.2/recovery while preserving current item ID,Auswahl,selected_choice_value,CAT10-contrast-cat10_cs_028,true,prompt; microRule/explainText,Welche Form passt in dieser technischen Situation?,Welche Form passt in dieser technischen Situation?,technical email tone,,Könnten Sie das bitte prüfen? | Prüfen Sie das sofort. | Das geht nicht. | Ihr System ist schlecht.,Könnten Sie das bitte prüfen? | Prüfen Sie das sofort. | Das geht nicht. | Ihr System ist schlecht.,Könnten Sie das bitte prüfen?,Könnten Sie das bitte prüfen?,Polite request is B1-safe and useful.,Polite request is B1-safe and useful.,,,,duplicate_v02_lineage_resolved,duplicate_v02_lineage_resolved,
content/b1-m10-technical-problems.js,v080149_cat10_practice_family_cat10_pf_069,cat10-pf-069,cat10-pf-069,matched_replacement_layer,Exception,manual review: unrecognised v0.2 decision vocabulary,revise_light,revise_light,,CORE_SAFE_V02_REPLACEMENT,future apply patch may replace schema-compatible learner-facing fields from v0.2/recovery while preserving current item ID,Reparatur,typed,CAT10-practice_family-cat10_pf_069,true,prompt; stimulus/learnerCue,Ich kann nicht mich anmelden.,Korrigiere den Satz.,Korrigiere den Satz.,Ich kann nicht mich anmelden.,,,Ich kann mich nicht anmelden.,Ich kann mich nicht anmelden.,`sich anmelden` means log in; do not include password details in practice text.,`sich anmelden` means log in; do not include password details in practice text.,,,,duplicate_v02_lineage_resolved,duplicate_v02_lineage_resolved,
content/b1-m10-technical-problems.js,v080149_cat10_practice_family_cat10_pf_070,cat10-pf-070,cat10-pf-070,matched_replacement_layer,Exception,manual review: unrecognised v0.2 decision vocabulary,revise_light,revise_light,,CORE_SAFE_V02_REPLACEMENT,future apply patch may replace schema-compatible learner-facing fields from v0.2/recovery while preserving current item ID,Reparatur,typed,CAT10-practice_family-cat10_pf_070,true,prompt; stimulus/learnerCue,Ich bekomme einen Fehlermeldung.,Korrigiere den Satz.,Korrigiere den Satz.,Ich bekomme einen Fehlermeldung.,,,Ich bekomme eine Fehlermeldung.,Ich bekomme eine Fehlermeldung.,`Fehlermeldung` is the error message shown on screen.,`Fehlermeldung` is the error message shown on screen.,,,,duplicate_v02_lineage_resolved,duplicate_v02_lineage_resolved,
content/b1-m10-technical-problems.js,v080149_cat10_practice_family_cat10_pf_071,cat10-pf-071,cat10-pf-071,matched_replacement_layer,Exception,manual review: unrecognised v0.2 decision vocabulary,revise_light,revise_light,,CORE_SAFE_V02_REPLACEMENT,future apply patch may replace schema-compatible learner-facing fields from v0.2/recovery while preserving current item ID,Reparatur,typed,CAT10-practice_family-cat10_pf_071,true,prompt; stimulus/learnerCue,Das Programm antwortet nicht.,Korrigiere den Satz.,Korrigiere den Satz.,Das Programm antwortet nicht.,,,Das Programm reagiert nicht.,Das Programm reagiert nicht.,Report the visible technical problem in simple B1 German; do not diagnose the cause.,Report the visible technical problem in simple B1 German; do not diagnose the cause.,,,,duplicate_v02_lineage_resolved,duplicate_v02_lineage_resolved,
content/b1-m10-technical-problems.js,v080149_cat10_practice_family_cat10_pf_072,cat10-pf-072,cat10-pf-072,matched_replacement_layer,Exception,manual review: unrecognised v0.2 decision vocabulary,revise_light,revise_light,,CORE_SAFE_V02_REPLACEMENT,future apply patch may replace schema-compatible learner-facing fields from v0.2/recovery while preserving current item ID,Reparatur,typed,CAT10-practice_family-cat10_pf_072,true,prompt; stimulus/learnerCue,Ich kann die Datei nicht aufladen.,Korrigiere den Satz.,Korrigiere den Satz.,Ich kann die Datei nicht aufladen.,,,Ich kann die Datei nicht hochladen.,Ich kann die Datei nicht hochladen.,`hochladen` = upload; the file goes from your device to the site/app.,`hochladen` = upload; the file goes from your device to the site/app.,,,,duplicate_v02_lineage_resolved,duplicate_v02_lineage_resolved,
content/b1-m10-technical-problems.js,v080149_cat10_practice_family_cat10_pf_073,cat10-pf-073,cat10-pf-073,matched_replacement_layer,Exception,manual review: unrecognised v0.2 decision vocabulary,revise_light,revise_light,,CORE_SAFE_V02_REPLACEMENT,future apply patch may replace schema-compatible learner-facing fields from v0.2/recovery while preserving current item ID,Reparatur,typed,CAT10-practice_family-cat10_pf_073,true,prompt; stimulus/learnerCue,Der Akku ist voll leer.,Korrigiere den Satz.,Korrigiere den Satz.,Der Akku ist voll leer.,,,Der Akku ist leer.,Der Akku ist leer.,Report the visible technical problem in simple B1 German; do not diagnose the cause.,Report the visible technical problem in simple B1 German; do not diagnose the cause.,,,,duplicate_v02_lineage_resolved,duplicate_v02_lineage_resolved,
content/b1-m10-technical-problems.js,v080149_cat10_practice_family_cat10_pf_074,cat10-pf-074,cat10-pf-074,matched_replacement_layer,Exception,manual review: unrecognised v0.2 decision vocabulary,revise_light,revise_light,,CORE_SAFE_V02_REPLACEMENT,future apply patch may replace schema-compatible learner-facing fields from v0.2/recovery while preserving current item ID,Reparatur,typed,CAT10-practice_family-cat10_pf_074,true,prompt; stimulus/learnerCue,Ich kann das Formular nicht sparen.,Korrigiere den Satz.,Korrigiere den Satz.,Ich kann das Formular nicht sparen.,,,Ich kann das Formular nicht speichern.,Ich kann das Formular nicht speichern.,`speichern` = save a file or form.,`speichern` = save a file or form.,,,,duplicate_v02_lineage_resolved,duplicate_v02_lineage_resolved,
content/b1-m10-technical-problems.js,v080149_cat10_practice_family_cat10_pf_075,cat10-pf-075,cat10-pf-075,matched_replacement_layer,Exception,manual review: unrecognised v0.2 decision vocabulary,revise_light,revise_light,,CORE_SAFE_V02_REPLACEMENT,future apply patch may replace schema-compatible learner-facing fields from v0.2/recovery while preserving current item ID,Reparatur,typed,CAT10-practice_family-cat10_pf_075,true,prompt; stimulus/learnerCue,Können Sie das Problem prüfen bitte?,Korrigiere den Satz.,Korrigiere den Satz.,Können Sie das Problem prüfen bitte?,,,Können Sie das Problem bitte prüfen?,Können Sie das Problem bitte prüfen?,Report the visible technical problem in simple B1 German; do not diagnose the cause.,Report the visible technical problem in simple B1 German; do not diagnose the cause.,,,,duplicate_v02_lineage_resolved,duplicate_v02_lineage_resolved,
content/b1-m10-technical-problems.js,v080149_cat10_practice_family_cat10_pf_076,cat10-pf-076,cat10-pf-076,matched_replacement_layer,Exception,manual review: unrecognised v0.2 decision vocabulary,revise_light,revise_light,,CORE_SAFE_V02_REPLACEMENT,future apply patch may replace schema-compatible learner-facing fields from v0.2/recovery while preserving current item ID,Reparatur,typed,CAT10-practice_family-cat10_pf_076,true,prompt; stimulus/learnerCue,Die Verbindung bricht immer wieder aus.,Korrigiere den Satz.,Korrigiere den Satz.,Die Verbindung bricht immer wieder aus.,,,Die Verbindung bricht immer wieder ab.,Die Verbindung bricht immer wieder ab.,"`Verbindung` is the connection; report what is visible, not a diagnosis.","`Verbindung` is the connection; report what is visible, not a diagnosis.",,,,duplicate_v02_lineage_resolved,duplicate_v02_lineage_resolved,
content/b1-m10-technical-problems.js,v080149_cat10_practice_family_cat10_pf_077,cat10-pf-077,cat10-pf-077,matched_replacement_layer,Exception,manual review: unrecognised v0.2 decision vocabulary,revise_light,revise_light,,CORE_SAFE_V02_REPLACEMENT,future apply patch may replace schema-compatible learner-facing fields from v0.2/recovery while preserving current item ID,Reparatur,typed,CAT10-practice_family-cat10_pf_077,true,prompt; stimulus/learnerCue,Ich lade die Datei herunter ins Formular.,Korrigiere den Satz.,Korrigiere den Satz.,Ich lade die Datei herunter ins Formular.,,,Ich lade die Datei ins Formular hoch.,Ich lade die Datei ins Formular hoch.,`hochladen` = upload; the file goes from your device to the site/app.,`hochladen` = upload; the file goes from your device to the site/app.,,,,duplicate_v02_lineage_resolved,duplicate_v02_lineage_resolved,
content/b1-m10-technical-problems.js,v080149_cat10_practice_family_cat10_pf_081,cat10-pf-081,cat10-pf-081,matched_replacement_layer,Exception,manual review: unrecognised v0.2 decision vocabulary,revise_light,revise_light,,CORE_SAFE_V02_REPLACEMENT,future apply patch may replace schema-compatible learner-facing fields from v0.2/recovery while preserving current item ID,Reparatur,typed,CAT10-practice_family-cat10_pf_081,true,prompt; stimulus/learnerCue,Der Link macht nicht.,Korrigiere den Satz.,Korrigiere den Satz.,Der Link macht nicht.,,,Der Link funktioniert nicht.,Der Link funktioniert nicht.,Report the visible technical problem in simple B1 German; do not diagnose the cause.,Report the visible technical problem in simple B1 German; do not diagnose the cause.,,,,duplicate_v02_lineage_resolved,duplicate_v02_lineage_resolved,
content/b1-m10-technical-problems.js,v080149_cat10_practice_family_cat10_pf_084,cat10-pf-084,cat10-pf-084,matched_replacement_layer,Exception,manual review: unrecognised v0.2 decision vocabulary,revise_light,revise_light,,CORE_SAFE_V02_REPLACEMENT,future apply patch may replace schema-compatible learner-facing fields from v0.2/recovery while preserving current item ID,Reparatur,typed,CAT10-practice_family-cat10_pf_084,true,prompt; stimulus/learnerCue,Das Mikrofon ist stumm geschaltet.,Korrigiere den Satz.,Korrigiere den Satz.,Das Mikrofon ist stumm geschaltet.,,,Das Mikrofon ist stummgeschaltet.,Das Mikrofon ist stummgeschaltet.,`das Mikrofon` is the microphone; report the visible problem simply.,`das Mikrofon` is the microphone; report the visible problem simply.,,,,duplicate_v02_lineage_resolved,duplicate_v02_lineage_resolved,
content/b1-m10-technical-problems.js,v080149_cat10_practice_family_cat10_pf_087,cat10-pf-087,cat10-pf-087,matched_replacement_layer,Exception,manual review: unrecognised v0.2 decision vocabulary,revise_light,revise_light,,CORE_SAFE_V02_REPLACEMENT,future apply patch may replace schema-compatible learner-facing fields from v0.2/recovery while preserving current item ID,Reparatur,typed,CAT10-practice_family-cat10_pf_087,true,prompt; stimulus/learnerCue,Die Seite ladet nicht.,Korrigiere den Satz.,Korrigiere den Satz.,Die Seite ladet nicht.,,,Die Seite lädt nicht.,Die Seite lädt nicht.,"`lädt nicht` means the page, app, or file does not load.","`lädt nicht` means the page, app, or file does not load.",,,,duplicate_v02_lineage_resolved,duplicate_v02_lineage_resolved,
content/b1-m10-technical-problems.js,v080149_cat10_practice_family_cat10_pf_088,cat10-pf-088,cat10-pf-088,matched_replacement_layer,Exception,manual review: unrecognised v0.2 decision vocabulary,revise_light,revise_light,,CORE_SAFE_V02_REPLACEMENT,future apply patch may replace schema-compatible learner-facing fields from v0.2/recovery while preserving current item ID,Reparatur,typed,CAT10-practice_family-cat10_pf_088,true,prompt; stimulus/learnerCue,"Ich habe den Computer neu gestartet, aber Problem bleibt.",Korrigiere den Satz.,Korrigiere den Satz.,"Ich habe den Computer neu gestartet, aber Problem bleibt.",,,"Ich habe den Computer neu gestartet, aber das Problem bleibt.","Ich habe den Computer neu gestartet, aber das Problem bleibt.",Report the visible technical problem in simple B1 German; do not diagnose the cause.,Report the visible technical problem in simple B1 German; do not diagnose the cause.,,,,duplicate_v02_lineage_resolved,duplicate_v02_lineage_resolved,
content/b1-m11-colleague-feedback-conflict.js,v080149_cat11_collocation_coll_cat11_001,coll-cat11-001,coll-cat11-001,matched_replacement_layer,Exception,manual review: unrecognised v0.2 decision vocabulary,revise_light,revise_light,,CORE_SAFE_V02_REPLACEMENT,future apply patch may replace schema-compatible learner-facing fields from v0.2/recovery while preserving current item ID,Auswahl,selected_choice_value,CAT11-collocation-coll_cat11_001,true,microRule/explainText,Welche Kollokation passt? give feedback,,Choose the best German option.,,Feedback geben | Rückmeldung | Kritik | Feedback machen,,Feedback geben,Feedback geben,Collocation: use `Feedback/Rückmeldung geben` for giving feedback.,Collocation: use `Feedback/Rückmeldung geben` for giving feedback.,,,,duplicate_v02_lineage_resolved,duplicate_v02_lineage_resolved,
content/b1-m11-colleague-feedback-conflict.js,v080149_cat11_collocation_coll_cat11_003,coll-cat11-003,coll-cat11-003,matched_replacement_layer,Exception,manual review: unrecognised v0.2 decision vocabulary,revise_light,revise_light,,CORE_SAFE_V02_REPLACEMENT,future apply patch may replace schema-compatible learner-facing fields from v0.2/recovery while preserving current item ID,Auswahl,selected_choice_value,CAT11-collocation-coll_cat11_003,true,microRule/explainText,Welche Kollokation passt? express criticism,,Choose the best German option.,,Kritik äußern | Feedback geben | sich beschweren | Kritik geben,,Kritik äußern,Kritik äußern,"Keep feedback or disagreement factual, polite and specific; avoid blame language.","Keep feedback or disagreement factual, polite and specific; avoid blame language.",,,,duplicate_v02_lineage_resolved,duplicate_v02_lineage_resolved,
content/b1-m11-colleague-feedback-conflict.js,v080149_cat11_collocation_coll_cat11_004,coll-cat11-004,coll-cat11-004,matched_replacement_layer,Exception,manual review: unrecognised v0.2 decision vocabulary,revise_light,revise_light,,CORE_SAFE_V02_REPLACEMENT,future apply patch may replace schema-compatible learner-facing fields from v0.2/recovery while preserving current item ID,Auswahl,selected_choice_value,CAT11-collocation-coll_cat11_004,true,microRule/explainText,Welche Kollokation passt? give a note/pointer,,Choose the best German option.,,einen Hinweis geben | Tipp geben | Kritik äußern | Hinweis machen,,einen Hinweis geben,einen Hinweis geben,"Keep feedback or disagreement factual, polite and specific; avoid blame language.","Keep feedback or disagreement factual, polite and specific; avoid blame language.",,,,duplicate_v02_lineage_resolved,duplicate_v02_lineage_resolved,
content/b1-m11-colleague-feedback-conflict.js,v080149_cat11_collocation_coll_cat11_005,coll-cat11-005,coll-cat11-005,matched_replacement_layer,Exception,manual review: unrecognised v0.2 decision vocabulary,revise_light,revise_light,,CORE_SAFE_V02_REPLACEMENT,future apply patch may replace schema-compatible learner-facing fields from v0.2/recovery while preserving current item ID,Auswahl,selected_choice_value,CAT11-collocation-coll_cat11_005,true,microRule/explainText,Welche Kollokation passt? make a suggestion for improvement,,Choose the best German option.,,einen Verbesserungsvorschlag machen | Vorschlag machen | Kritik äußern | Verbesserungsvorschlag geben,,einen Verbesserungsvorschlag machen,einen Verbesserungsvorschlag machen,`vorschlagen` means suggest an idea; keep the sentence practical.,`vorschlagen` means suggest an idea; keep the sentence practical.,,,,duplicate_v02_lineage_resolved,duplicate_v02_lineage_resolved,
content/b1-m11-colleague-feedback-conflict.js,v080149_cat11_collocation_coll_cat11_006,coll-cat11-006,coll-cat11-006,matched_replacement_layer,Exception,manual review: unrecognised v0.2 decision vocabulary,revise_light,revise_light,,CORE_SAFE_V02_REPLACEMENT,future apply patch may replace schema-compatible learner-facing fields from v0.2/recovery while preserving current item ID,Auswahl,selected_choice_value,CAT11-collocation-coll_cat11_006,true,microRule/explainText,Welche Kollokation passt? make a suggestion,,Choose the best German option.,,einen Vorschlag machen | Hinweis geben | Lösung finden | Vorschlag geben,,einen Vorschlag machen,einen Vorschlag machen,`vorschlagen` means suggest an idea; keep the sentence practical.,`vorschlagen` means suggest an idea; keep the sentence practical.,,,,duplicate_v02_lineage_resolved,duplicate_v02_lineage_resolved,
content/b1-m11-colleague-feedback-conflict.js,v080149_cat11_collocation_coll_cat11_007,coll-cat11-007,coll-cat11-007,matched_replacement_layer,Exception,manual review: unrecognised v0.2 decision vocabulary,revise_light,revise_light,,CORE_SAFE_V02_REPLACEMENT,future apply patch may replace schema-compatible learner-facing fields from v0.2/recovery while preserving current item ID,Auswahl,selected_choice_value,CAT11-collocation-coll_cat11_007,true,microRule/explainText,Welche Kollokation passt? have an objection/reservation,,Choose the best German option.,,einen Einwand haben | widersprechen | anderer Meinung sein | Einwand machen,,einen Einwand haben,einen Einwand haben,"Keep feedback or disagreement factual, polite and specific; avoid blame language.","Keep feedback or disagreement factual, polite and specific; avoid blame language.",,,,duplicate_v02_lineage_resolved,duplicate_v02_lineage_resolved,
content/b1-m11-colleague-feedback-conflict.js,v080149_cat11_collocation_coll_cat11_008,coll-cat11-008,coll-cat11-008,matched_replacement_layer,Exception,manual review: unrecognised v0.2 decision vocabulary,revise_light,revise_light,,CORE_SAFE_V02_REPLACEMENT,future apply patch may replace schema-compatible learner-facing fields from v0.2/recovery while preserving current item ID,Auswahl,selected_choice_value,CAT11-collocation-coll_cat11_008,true,microRule/explainText,Welche Kollokation passt? name/give an argument,,Choose the best German option.,,ein Argument nennen | Grund nennen | Meinung sagen | Argument sagen,,ein Argument nennen,ein Argument nennen,"Keep feedback or disagreement factual, polite and specific; avoid blame language.","Keep feedback or disagreement factual, polite and specific; avoid blame language.",,,,duplicate_v02_lineage_resolved,duplicate_v02_lineage_resolved,
content/b1-m11-colleague-feedback-conflict.js,v080149_cat11_collocation_coll_cat11_009,coll-cat11-009,coll-cat11-009,matched_replacement_layer,Exception,manual review: unrecognised v0.2 decision vocabulary,revise_light,revise_light,,CORE_SAFE_V02_REPLACEMENT,future apply patch may replace schema-compatible learner-facing fields from v0.2/recovery while preserving current item ID,Auswahl,selected_choice_value,CAT11-collocation-coll_cat11_009,true,microRule/explainText,Welche Kollokation passt? bring up a point,,Choose the best German option.,,einen Punkt ansprechen | Thema besprechen | Punkt klären | Punkt sprechen,,einen Punkt ansprechen,einen Punkt ansprechen,"Keep feedback or disagreement factual, polite and specific; avoid blame language.","Keep feedback or disagreement factual, polite and specific; avoid blame language.",,,,duplicate_v02_lineage_resolved,duplicate_v02_lineage_resolved,
content/b1-m11-colleague-feedback-conflict.js,v080149_cat11_collocation_coll_cat11_010,coll-cat11-010,coll-cat11-010,matched_replacement_layer,Exception,manual review: unrecognised v0.2 decision vocabulary,revise_light,revise_light,,CORE_SAFE_V02_REPLACEMENT,future apply patch may replace schema-compatible learner-facing fields from v0.2/recovery while preserving current item ID,Auswahl,selected_choice_value,CAT11-collocation-coll_cat11_010,true,microRule/explainText,Welche Kollokation passt? discuss a topic,,Choose the best German option.,,ein Thema besprechen | sprechen über | Thema ansprechen | über ein Thema besprechen,,ein Thema besprechen,ein Thema besprechen,"Keep feedback or disagreement factual, polite and specific; avoid blame language.","Keep feedback or disagreement factual, polite and specific; avoid blame language.",,,,duplicate_v02_lineage_resolved,duplicate_v02_lineage_resolved,
content/b1-m11-colleague-feedback-conflict.js,v080149_cat11_collocation_coll_cat11_012,coll-cat11-012,coll-cat11-012,matched_replacement_layer,Exception,manual review: unrecognised v0.2 decision vocabulary,revise_light,revise_light,,CORE_SAFE_V02_REPLACEMENT,future apply patch may replace schema-compatible learner-facing fields from v0.2/recovery while preserving current item ID,Auswahl,selected_choice_value,CAT11-collocation-coll_cat11_012,true,microRule/explainText,Welche Kollokation passt? clarify/resolve a problem,,Choose the best German option.,,ein Problem klären | Problem lösen | Problem ansprechen | Problem klaren,,ein Problem klären,ein Problem klären,"Keep feedback or disagreement factual, polite and specific; avoid blame language.","Keep feedback or disagreement factual, polite and specific; avoid blame language.",,,,duplicate_v02_lineage_resolved,duplicate_v02_lineage_resolved,
content/b1-m11-colleague-feedback-conflict.js,v080149_cat11_collocation_coll_cat11_014,coll-cat11-014,coll-cat11-014,matched_replacement_layer,Exception,manual review: unrecognised v0.2 decision vocabulary,revise_light,revise_light,,CORE_SAFE_V02_REPLACEMENT,future apply patch may replace schema-compatible learner-facing fields from v0.2/recovery while preserving current item ID,Auswahl,selected_choice_value,CAT11-collocation-coll_cat11_014,true,microRule/explainText,Welche Kollokation passt? clear up a misunderstanding,,Choose the best German option.,,ein Missverständnis klären | Fehler erklären | Konflikt lösen | Missverständnis machen,,ein Missverständnis klären,ein Missverständnis klären,Collocation: use `ein Missverständnis klären` for clearing up a misunderstanding.,Collocation: use `ein Missverständnis klären` for clearing up a misunderstanding.,,,,duplicate_v02_lineage_resolved,duplicate_v02_lineage_resolved,
content/b1-m11-colleague-feedback-conflict.js,v080149_cat11_collocation_coll_cat11_016,coll-cat11-016,coll-cat11-016,matched_replacement_layer,Exception,manual review: unrecognised v0.2 decision vocabulary,revise_light,revise_light,,CORE_SAFE_V02_REPLACEMENT,future apply patch may replace schema-compatible learner-facing fields from v0.2/recovery while preserving current item ID,Auswahl,selected_choice_value,CAT11-collocation-coll_cat11_016,true,microRule/explainText,Welche Kollokation passt? find a solution,,Choose the best German option.,,eine Lösung finden | Kompromiss finden | Ergebnis festhalten | Lösung machen,,eine Lösung finden,eine Lösung finden,Collocation: use `eine Lösung finden` for finding a solution.,Collocation: use `eine Lösung finden` for finding a solution.,,,,duplicate_v02_lineage_resolved,duplicate_v02_lineage_resolved,
content/b1-m11-colleague-feedback-conflict.js,v080149_cat11_collocation_coll_cat11_017,coll-cat11-017,coll-cat11-017,matched_replacement_layer,Exception,manual review: unrecognised v0.2 decision vocabulary,revise_light,revise_light,,CORE_SAFE_V02_REPLACEMENT,future apply patch may replace schema-compatible learner-facing fields from v0.2/recovery while preserving current item ID,Auswahl,selected_choice_value,CAT11-collocation-coll_cat11_017,true,microRule/explainText,Welche Kollokation passt? find a compromise,,Choose the best German option.,,einen Kompromiss finden | Lösung finden | Vereinbarung treffen | Kompromiss machen,,einen Kompromiss finden,einen Kompromiss finden,"Keep feedback or disagreement factual, polite and specific; avoid blame language.","Keep feedback or disagreement factual, polite and specific; avoid blame language.",,,,duplicate_v02_lineage_resolved,duplicate_v02_lineage_resolved,
content/b1-m11-colleague-feedback-conflict.js,v080149_cat11_collocation_coll_cat11_018,coll-cat11-018,coll-cat11-018,matched_replacement_layer,Exception,manual review: unrecognised v0.2 decision vocabulary,revise_light,revise_light,,CORE_SAFE_V02_REPLACEMENT,future apply patch may replace schema-compatible learner-facing fields from v0.2/recovery while preserving current item ID,Auswahl,selected_choice_value,CAT11-collocation-coll_cat11_018,true,microRule/explainText,Welche Kollokation passt? make/reach an agreement,,Choose the best German option.,,eine Vereinbarung treffen | Absprache treffen | Vertrag schließen | Vereinbarung machen,,eine Vereinbarung treffen,eine Vereinbarung treffen,"Keep feedback or disagreement factual, polite and specific; avoid blame language.","Keep feedback or disagreement factual, polite and specific; avoid blame language.",,,,duplicate_v02_lineage_resolved,duplicate_v02_lineage_resolved,
content/b1-m11-colleague-feedback-conflict.js,v080149_cat11_collocation_coll_cat11_019,coll-cat11-019,coll-cat11-019,matched_replacement_layer,Exception,manual review: unrecognised v0.2 decision vocabulary,revise_light,revise_light,,CORE_SAFE_V02_REPLACEMENT,future apply patch may replace schema-compatible learner-facing fields from v0.2/recovery while preserving current item ID,Auswahl,selected_choice_value,CAT11-collocation-coll_cat11_019,true,microRule/explainText,Welche Kollokation passt? make an arrangement,,Choose the best German option.,,eine Absprache treffen | Vereinbarung treffen | Termin vereinbaren | Absprache machen,,eine Absprache treffen,eine Absprache treffen,"Keep feedback or disagreement factual, polite and specific; avoid blame language.","Keep feedback or disagreement factual, polite and specific; avoid blame language.",,,,duplicate_v02_lineage_resolved,duplicate_v02_lineage_resolved,
content/b1-m11-colleague-feedback-conflict.js,v080149_cat11_collocation_coll_cat11_020,coll-cat11-020,coll-cat11-020,matched_replacement_layer,Exception,manual review: unrecognised v0.2 decision vocabulary,revise_light,revise_light,,CORE_SAFE_V02_REPLACEMENT,future apply patch may replace schema-compatible learner-facing fields from v0.2/recovery while preserving current item ID,Auswahl,selected_choice_value,CAT11-collocation-coll_cat11_020,true,microRule/explainText,Welche Kollokation passt? record the result,,Choose the best German option.,,ein Ergebnis festhalten | notieren | vereinbaren | Ergebnis machen,,ein Ergebnis festhalten,ein Ergebnis festhalten,"Keep feedback or disagreement factual, polite and specific; avoid blame language.","Keep feedback or disagreement factual, polite and specific; avoid blame language.",,,,duplicate_v02_lineage_resolved,duplicate_v02_lineage_resolved,
content/b1-m11-colleague-feedback-conflict.js,v080149_cat11_collocation_coll_cat11_022,coll-cat11-022,coll-cat11-022,matched_replacement_layer,Exception,manual review: unrecognised v0.2 decision vocabulary,revise_light,revise_light,,CORE_SAFE_V02_REPLACEMENT,future apply patch may replace schema-compatible learner-facing fields from v0.2/recovery while preserving current item ID,Auswahl,selected_choice_value,CAT11-collocation-coll_cat11_022,true,microRule/explainText,Welche Kollokation passt? resolve a conflict,,Choose the best German option.,,einen Konflikt lösen | Problem lösen | Streit vermeiden | Konflikt machen,,einen Konflikt lösen,einen Konflikt lösen,"Keep feedback or disagreement factual, polite and specific; avoid blame language.","Keep feedback or disagreement factual, polite and specific; avoid blame language.",,,,duplicate_v02_lineage_resolved,duplicate_v02_lineage_resolved,
content/b1-m11-colleague-feedback-conflict.js,v080149_cat11_collocation_coll_cat11_023,coll-cat11-023,coll-cat11-023,matched_replacement_layer,Exception,manual review: unrecognised v0.2 decision vocabulary,revise_light,revise_light,,CORE_SAFE_V02_REPLACEMENT,future apply patch may replace schema-compatible learner-facing fields from v0.2/recovery while preserving current item ID,Auswahl,selected_choice_value,CAT11-collocation-coll_cat11_023,true,microRule/explainText,Welche Kollokation passt? avoid an argument,,Choose the best German option.,,Streit vermeiden | Konflikt lösen | sachlich bleiben | einen Streit machen vermeiden,,Streit vermeiden,Streit vermeiden,"Keep feedback or disagreement factual, polite and specific; avoid blame language.","Keep feedback or disagreement factual, polite and specific; avoid blame language.",,,,duplicate_v02_lineage_resolved,duplicate_v02_lineage_resolved,
content/b1-m11-colleague-feedback-conflict.js,v080149_cat11_collocation_coll_cat11_025,coll-cat11-025,coll-cat11-025,matched_replacement_layer,Exception,manual review: unrecognised v0.2 decision vocabulary,revise_light,revise_light,,CORE_SAFE_V02_REPLACEMENT,future apply patch may replace schema-compatible learner-facing fields from v0.2/recovery while preserving current item ID,Auswahl,selected_choice_value,CAT11-collocation-coll_cat11_025,true,microRule/explainText,Welche Kollokation passt? reduce tensions,,Choose the best German option.,,Spannungen abbauen | Konflikt lösen | Stimmung verbessern | Spannungen wegmachen,,Spannungen abbauen,Spannungen abbauen,"Keep feedback or disagreement factual, polite and specific; avoid blame language.","Keep feedback or disagreement factual, polite and specific; avoid blame language.",,,,duplicate_v02_lineage_resolved,duplicate_v02_lineage_resolved,
content/b1-m11-colleague-feedback-conflict.js,v080149_cat11_collocation_coll_cat11_026,coll-cat11-026,coll-cat11-026,matched_replacement_layer,Exception,manual review: unrecognised v0.2 decision vocabulary,revise_light,revise_light,,CORE_SAFE_V02_REPLACEMENT,future apply patch may replace schema-compatible learner-facing fields from v0.2/recovery while preserving current item ID,Auswahl,selected_choice_value,CAT11-collocation-coll_cat11_026,true,microRule/explainText,Welche Kollokation passt? avoid trouble/annoyance,,Choose the best German option.,,Ärger vermeiden | Streit vermeiden | Problem lösen | Ärger machen vermeiden,,Ärger vermeiden,Ärger vermeiden,"Keep feedback or disagreement factual, polite and specific; avoid blame language.","Keep feedback or disagreement factual, polite and specific; avoid blame language.",,,,duplicate_v02_lineage_resolved,duplicate_v02_lineage_resolved,
content/b1-m11-colleague-feedback-conflict.js,v080149_cat11_collocation_coll_cat11_028,coll-cat11-028,coll-cat11-028,matched_replacement_layer,Exception,manual review: unrecognised v0.2 decision vocabulary,revise_light,revise_light,,CORE_SAFE_V02_REPLACEMENT,future apply patch may replace schema-compatible learner-facing fields from v0.2/recovery while preserving current item ID,Auswahl,selected_choice_value,CAT11-collocation-coll_cat11_028,true,microRule/explainText,Welche Kollokation passt? reduce strain,,Choose the best German option.,,Belastung reduzieren | Stress vermeiden | Aufgabe teilen | Belastung weniger machen,,Belastung reduzieren,Belastung reduzieren,"Keep feedback or disagreement factual, polite and specific; avoid blame language.","Keep feedback or disagreement factual, polite and specific; avoid blame language.",,,,duplicate_v02_lineage_resolved,duplicate_v02_lineage_resolved,
content/b1-m11-colleague-feedback-conflict.js,v080149_cat11_collocation_coll_cat11_030,coll-cat11-030,coll-cat11-030,matched_replacement_layer,Exception,manual review: unrecognised v0.2 decision vocabulary,revise_light,revise_light,,CORE_SAFE_V02_REPLACEMENT,future apply patch may replace schema-compatible learner-facing fields from v0.2/recovery while preserving current item ID,Auswahl,selected_choice_value,CAT11-collocation-coll_cat11_030,true,microRule/explainText,Welche Kollokation passt? express a concern,,Choose the best German option.,,eine Sorge äußern | Anliegen ansprechen | Kritik äußern | Sorge sagen,,eine Sorge äußern,eine Sorge äußern,"Keep feedback or disagreement factual, polite and specific; avoid blame language.","Keep feedback or disagreement factual, polite and specific; avoid blame language.",,,,duplicate_v02_lineage_resolved,duplicate_v02_lineage_resolved,
content/b1-m11-colleague-feedback-conflict.js,v080149_cat11_collocation_coll_cat11_031,coll-cat11-031,coll-cat11-031,matched_replacement_layer,Exception,manual review: unrecognised v0.2 decision vocabulary,revise_light,revise_light,,CORE_SAFE_V02_REPLACEMENT,future apply patch may replace schema-compatible learner-facing fields from v0.2/recovery while preserving current item ID,Auswahl,selected_choice_value,CAT11-collocation-coll_cat11_031,true,microRule/explainText,Welche Kollokation passt? avoid uncertainty,,Choose the best German option.,,Unsicherheit vermeiden | Klärung | Frage | Unsicherheit wegmachen,,Unsicherheit vermeiden,Unsicherheit vermeiden,"Keep feedback or disagreement factual, polite and specific; avoid blame language.","Keep feedback or disagreement factual, polite and specific; avoid blame language.",,,,duplicate_v02_lineage_resolved,duplicate_v02_lineage_resolved,
content/b1-m11-colleague-feedback-conflict.js,v080149_cat11_collocation_coll_cat11_038,coll-cat11-038,coll-cat11-038,matched_replacement_layer,Exception,manual review: unrecognised v0.2 decision vocabulary,revise_light,revise_light,,CORE_SAFE_V02_REPLACEMENT,future apply patch may replace schema-compatible learner-facing fields from v0.2/recovery while preserving current item ID,Auswahl,selected_choice_value,CAT11-collocation-coll_cat11_038,true,microRule/explainText,Welche Kollokation passt? show respect,,Choose the best German option.,,Respekt zeigen | höflich sein | respektieren | Respekt machen,,Respekt zeigen,Respekt zeigen,"Keep feedback or disagreement factual, polite and specific; avoid blame language.","Keep feedback or disagreement factual, polite and specific; avoid blame language.",,,,duplicate_v02_lineage_resolved,duplicate_v02_lineage_resolved,
content/b1-m11-colleague-feedback-conflict.js,v080149_cat11_collocation_coll_cat11_039,coll-cat11-039,coll-cat11-039,matched_replacement_layer,Exception,manual review: unrecognised v0.2 decision vocabulary,revise_light,revise_light,,CORE_SAFE_V02_REPLACEMENT,future apply patch may replace schema-compatible learner-facing fields from v0.2/recovery while preserving current item ID,Auswahl,selected_choice_value,CAT11-collocation-coll_cat11_039,true,microRule/explainText,Welche Kollokation passt? speak in this tone,,Choose the best German option.,,in diesem Ton sprechen | laut sprechen | respektvoll sprechen | mit diesem Ton sprechen,,in diesem Ton sprechen,in diesem Ton sprechen,"Keep feedback or disagreement factual, polite and specific; avoid blame language.","Keep feedback or disagreement factual, polite and specific; avoid blame language.",,,,duplicate_v02_lineage_resolved,duplicate_v02_lineage_resolved,
content/b1-m11-colleague-feedback-conflict.js,v080149_cat11_collocation_coll_cat11_040,coll-cat11-040,coll-cat11-040,matched_replacement_layer,Exception,manual review: unrecognised v0.2 decision vocabulary,revise_light,revise_light,,CORE_SAFE_V02_REPLACEMENT,future apply patch may replace schema-compatible learner-facing fields from v0.2/recovery while preserving current item ID,Auswahl,selected_choice_value,CAT11-collocation-coll_cat11_040,true,microRule/explainText,Welche Kollokation passt? avoid interruptions,,Choose the best German option.,,Unterbrechungen vermeiden | ausreden lassen | zuhören | Unterbrechungen machen,,Unterbrechungen vermeiden,Unterbrechungen vermeiden,"Keep feedback or disagreement factual, polite and specific; avoid blame language.","Keep feedback or disagreement factual, polite and specific; avoid blame language.",,,,duplicate_v02_lineage_resolved,duplicate_v02_lineage_resolved,
content/b1-m11-colleague-feedback-conflict.js,v080149_cat11_collocation_coll_cat11_043,coll-cat11-043,coll-cat11-043,matched_replacement_layer,Exception,manual review: unrecognised v0.2 decision vocabulary,revise_light,revise_light,,CORE_SAFE_V02_REPLACEMENT,future apply patch may replace schema-compatible learner-facing fields from v0.2/recovery while preserving current item ID,Auswahl,selected_choice_value,CAT11-collocation-coll_cat11_043,true,microRule/explainText,Welche Kollokation passt? not be intentional,,Choose the best German option.,,keine Absicht sein | aus Versehen | Grund | mein Absicht,,keine Absicht sein,keine Absicht sein,"Keep feedback or disagreement factual, polite and specific; avoid blame language.","Keep feedback or disagreement factual, polite and specific; avoid blame language.",,,,duplicate_v02_lineage_resolved,duplicate_v02_lineage_resolved,
content/b1-m11-colleague-feedback-conflict.js,v080149_cat11_collocation_coll_cat11_045,coll-cat11-045,coll-cat11-045,matched_replacement_layer,Exception,manual review: unrecognised v0.2 decision vocabulary,revise_light,revise_light,,CORE_SAFE_V02_REPLACEMENT,future apply patch may replace schema-compatible learner-facing fields from v0.2/recovery while preserving current item ID,Auswahl,selected_choice_value,CAT11-collocation-coll_cat11_045,true,microRule/explainText,Welche Kollokation passt? react to criticism,,Choose the best German option.,,auf Kritik reagieren | antworten auf | reagieren zu | zu Kritik reagieren,,auf Kritik reagieren,auf Kritik reagieren,"Keep feedback or disagreement factual, polite and specific; avoid blame language.","Keep feedback or disagreement factual, polite and specific; avoid blame language.",,,,duplicate_v02_lineage_resolved,duplicate_v02_lineage_resolved,
content/b1-m11-colleague-feedback-conflict.js,v080149_cat11_contrast_cat11_cs_002,cat11-cs-002,cat11-cs-002,matched_replacement_layer,Exception,manual review: unrecognised v0.2 decision vocabulary,revise_light,revise_light,,CORE_SAFE_V02_REPLACEMENT,future apply patch may replace schema-compatible learner-facing fields from v0.2/recovery while preserving current item ID,Auswahl,selected_choice_value,CAT11-contrast-cat11_cs_002,true,prompt; microRule/explainText,Welche Form passt in dieser Feedback- oder Konfliktsituation?,Welche Form passt in dieser Feedback- oder Konfliktsituation?,clarify vs explain,,klären | erklären | besprechen | melden,klären | erklären | besprechen | melden,klären,klären,Use `klären` for an unclear issue or misunderstanding.,Use `klären` for an unclear issue or misunderstanding.,,,,duplicate_v02_lineage_resolved,duplicate_v02_lineage_resolved,
content/b1-m11-colleague-feedback-conflict.js,v080149_cat11_contrast_cat11_cs_003,cat11-cs-003,cat11-cs-003,matched_replacement_layer,Exception,manual review: unrecognised v0.2 decision vocabulary,revise_light,revise_light,,CORE_SAFE_V02_REPLACEMENT,future apply patch may replace schema-compatible learner-facing fields from v0.2/recovery while preserving current item ID,Auswahl,selected_choice_value,CAT11-contrast-cat11_cs_003,true,prompt; microRule/explainText,Welche Form passt in dieser Feedback- oder Konfliktsituation?,Welche Form passt in dieser Feedback- oder Konfliktsituation?,make a suggestion,,einen Vorschlag machen | einen Vorschlag geben | einen Vorschlag tun | einen Vorschlag sprechen,einen Vorschlag machen | einen Vorschlag geben | einen Vorschlag tun | einen Vorschlag sprechen,einen Vorschlag machen,einen Vorschlag machen,Collocation: `einen Vorschlag machen`.,Collocation: `einen Vorschlag machen`.,,,,duplicate_v02_lineage_resolved,duplicate_v02_lineage_resolved,
content/b1-m11-colleague-feedback-conflict.js,v080149_cat11_contrast_cat11_cs_004,cat11-cs-004,cat11-cs-004,matched_replacement_layer,Exception,manual review: unrecognised v0.2 decision vocabulary,revise_light,revise_light,,CORE_SAFE_V02_REPLACEMENT,future apply patch may replace schema-compatible learner-facing fields from v0.2/recovery while preserving current item ID,Auswahl,selected_choice_value,CAT11-contrast-cat11_cs_004,true,prompt; microRule/explainText,Welche Form passt in dieser Feedback- oder Konfliktsituation?,Welche Form passt in dieser Feedback- oder Konfliktsituation?,resolve conflict,,einen Konflikt lösen | einen Konflikt machen | einen Konflikt nehmen | einen Konflikt sprechen,einen Konflikt lösen | einen Konflikt machen | einen Konflikt nehmen | einen Konflikt sprechen,einen Konflikt lösen,einen Konflikt lösen,Use `lösen` for resolving a conflict.,Use `lösen` for resolving a conflict.,,,,duplicate_v02_lineage_resolved,duplicate_v02_lineage_resolved,
content/b1-m11-colleague-feedback-conflict.js,v080149_cat11_contrast_cat11_cs_005,cat11-cs-005,cat11-cs-005,matched_replacement_layer,Exception,manual review: unrecognised v0.2 decision vocabulary,revise_light,revise_light,,CORE_SAFE_V02_REPLACEMENT,future apply patch may replace schema-compatible learner-facing fields from v0.2/recovery while preserving current item ID,Auswahl,selected_choice_value,CAT11-contrast-cat11_cs_005,true,prompt; microRule/explainText,Welche Form passt in dieser Feedback- oder Konfliktsituation?,Welche Form passt in dieser Feedback- oder Konfliktsituation?,polite disagreement,,"Ich sehe das etwas anders. | Das ist falsch. | Sie haben Unrecht. | Nein, so nicht.","Ich sehe das etwas anders. | Das ist falsch. | Sie haben Unrecht. | Nein, so nicht.",Ich sehe das etwas anders.,Ich sehe das etwas anders.,Soft disagreement: `Ich sehe das etwas anders.`,Soft disagreement: `Ich sehe das etwas anders.`,,,,duplicate_v02_lineage_resolved,duplicate_v02_lineage_resolved,
content/b1-m11-colleague-feedback-conflict.js,v080149_cat11_contrast_cat11_cs_006,cat11-cs-006,cat11-cs-006,matched_replacement_layer,Exception,manual review: unrecognised v0.2 decision vocabulary,revise_light,revise_light,,CORE_SAFE_V02_REPLACEMENT,future apply patch may replace schema-compatible learner-facing fields from v0.2/recovery while preserving current item ID,Auswahl,selected_choice_value,CAT11-contrast-cat11_cs_006,true,prompt; microRule/explainText,Welche Form passt in dieser Feedback- oder Konfliktsituation?,Welche Form passt in dieser Feedback- oder Konfliktsituation?,ask for clarity,,Können wir das kurz klären? | Was soll das? | Das ist unklar von Ihnen. | Warum erklären Sie schlecht?,Können wir das kurz klären? | Was soll das? | Das ist unklar von Ihnen. | Warum erklären Sie schlecht?,Können wir das kurz klären?,Können wir das kurz klären?,"Ask to clarify the thing, not blame the person.","Ask to clarify the thing, not blame the person.",,,,duplicate_v02_lineage_resolved,duplicate_v02_lineage_resolved,
content/b1-m11-colleague-feedback-conflict.js,v080149_cat11_contrast_cat11_cs_010,cat11-cs-010,cat11-cs-010,matched_replacement_layer,Exception,manual review: unrecognised v0.2 decision vocabulary,revise_light,revise_light,,CORE_SAFE_V02_REPLACEMENT,future apply patch may replace schema-compatible learner-facing fields from v0.2/recovery while preserving current item ID,Auswahl,selected_choice_value,CAT11-contrast-cat11_cs_010,true,prompt; microRule/explainText,Welche Form passt in dieser Feedback- oder Konfliktsituation?,Welche Form passt in dieser Feedback- oder Konfliktsituation?,react to criticism,,auf Kritik reagieren | zu Kritik reagieren | mit Kritik reagieren | Kritik reagieren,auf Kritik reagieren | zu Kritik reagieren | mit Kritik reagieren | Kritik reagieren,auf Kritik reagieren,auf Kritik reagieren,Frame: `auf etwas reagieren`.,Frame: `auf etwas reagieren`.,,,,duplicate_v02_lineage_resolved,duplicate_v02_lineage_resolved,
content/b1-m11-colleague-feedback-conflict.js,v080149_cat11_contrast_cat11_cs_011,cat11-cs-011,cat11-cs-011,matched_replacement_layer,Exception,manual review: unrecognised v0.2 decision vocabulary,revise_light,revise_light,,CORE_SAFE_V02_REPLACEMENT,future apply patch may replace schema-compatible learner-facing fields from v0.2/recovery while preserving current item ID,Auswahl,selected_choice_value,CAT11-contrast-cat11_cs_011,true,prompt; microRule/explainText,Welche Form passt in dieser Feedback- oder Konfliktsituation?,Welche Form passt in dieser Feedback- oder Konfliktsituation?,support someone,,jemanden unterstützen | jemandem unterstützen | mit jemandem unterstützen | an jemanden unterstützen,jemanden unterstützen | jemandem unterstützen | mit jemandem unterstützen | an jemanden unterstützen,jemanden unterstützen,jemanden unterstützen,`unterstützen` takes accusative/direct object.,`unterstützen` takes accusative/direct object.,,,,duplicate_v02_lineage_resolved,duplicate_v02_lineage_resolved,
content/b1-m11-colleague-feedback-conflict.js,v080149_cat11_contrast_cat11_cs_012,cat11-cs-012,cat11-cs-012,matched_replacement_layer,Exception,manual review: unrecognised v0.2 decision vocabulary,revise_light,revise_light,,CORE_SAFE_V02_REPLACEMENT,future apply patch may replace schema-compatible learner-facing fields from v0.2/recovery while preserving current item ID,Auswahl,selected_choice_value,CAT11-contrast-cat11_cs_012,true,prompt; microRule/explainText,Welche Form passt in dieser Feedback- oder Konfliktsituation?,Welche Form passt in dieser Feedback- oder Konfliktsituation?,listen to someone,,jemandem zuhören | jemanden zuhören | zu jemandem zuhören | jemand hören zu,jemandem zuhören | jemanden zuhören | zu jemandem zuhören | jemand hören zu,jemandem zuhören,jemandem zuhören,Frame: `jemandem zuhören`.,Frame: `jemandem zuhören`.,,,,duplicate_v02_lineage_resolved,duplicate_v02_lineage_resolved,
content/b1-m11-colleague-feedback-conflict.js,v080149_cat11_contrast_cat11_cs_014,cat11-cs-014,cat11-cs-014,matched_replacement_layer,Exception,manual review: unrecognised v0.2 decision vocabulary,revise_light,revise_light,,CORE_SAFE_V02_REPLACEMENT,future apply patch may replace schema-compatible learner-facing fields from v0.2/recovery while preserving current item ID,Auswahl,selected_choice_value,CAT11-contrast-cat11_cs_014,true,prompt; microRule/explainText,Welche Form passt in dieser Feedback- oder Konfliktsituation?,Welche Form passt in dieser Feedback- oder Konfliktsituation?,problem vs misunderstanding,,Missverständnis | Fehler | Konflikt | Streit,Missverständnis | Fehler | Konflikt | Streit,Missverständnis,Missverständnis,"`Missverständnis` means wrong understanding, not every conflict.","`Missverständnis` means wrong understanding, not every conflict.",,,,duplicate_v02_lineage_resolved,duplicate_v02_lineage_resolved,
content/b1-m11-colleague-feedback-conflict.js,v080149_cat11_contrast_cat11_cs_015,cat11-cs-015,cat11-cs-015,matched_replacement_layer,Exception,manual review: unrecognised v0.2 decision vocabulary,revise_light,revise_light,,CORE_SAFE_V02_REPLACEMENT,future apply patch may replace schema-compatible learner-facing fields from v0.2/recovery while preserving current item ID,Auswahl,selected_choice_value,CAT11-contrast-cat11_cs_015,true,prompt; microRule/explainText,Welche Form passt in dieser Feedback- oder Konfliktsituation?,Welche Form passt in dieser Feedback- oder Konfliktsituation?,make agreement,,eine Absprache treffen | eine Absprache machen | eine Absprache geben | eine Absprache tun,eine Absprache treffen | eine Absprache machen | eine Absprache geben | eine Absprache tun,eine Absprache treffen,eine Absprache treffen,Collocation: `eine Absprache treffen`.,Collocation: `eine Absprache treffen`.,,,,duplicate_v02_lineage_resolved,duplicate_v02_lineage_resolved,
content/b1-m11-colleague-feedback-conflict.js,v080149_cat11_contrast_cat11_cs_016,cat11-cs-016,cat11-cs-016,matched_replacement_layer,Exception,manual review: unrecognised v0.2 decision vocabulary,revise_light,revise_light,,CORE_SAFE_V02_REPLACEMENT,future apply patch may replace schema-compatible learner-facing fields from v0.2/recovery while preserving current item ID,Auswahl,selected_choice_value,CAT11-contrast-cat11_cs_016,true,prompt; microRule/explainText,Welche Form passt in dieser Feedback- oder Konfliktsituation?,Welche Form passt in dieser Feedback- oder Konfliktsituation?,find compromise,,einen Kompromiss finden | einen Kompromiss machen | einen Kompromiss tun | einen Kompromiss bekommen,einen Kompromiss finden | einen Kompromiss machen | einen Kompromiss tun | einen Kompromiss bekommen,einen Kompromiss finden,einen Kompromiss finden,Use `einen Kompromiss finden`.,Use `einen Kompromiss finden`.,,,,duplicate_v02_lineage_resolved,duplicate_v02_lineage_resolved,
content/b1-m11-colleague-feedback-conflict.js,v080149_cat11_contrast_cat11_cs_018,cat11-cs-018,cat11-cs-018,matched_replacement_layer,Exception,manual review: unrecognised v0.2 decision vocabulary,revise_light,revise_light,,CORE_SAFE_V02_REPLACEMENT,future apply patch may replace schema-compatible learner-facing fields from v0.2/recovery while preserving current item ID,Auswahl,selected_choice_value,CAT11-contrast-cat11_cs_018,true,prompt; microRule/explainText,Welche Form passt in dieser Feedback- oder Konfliktsituation?,Welche Form passt in dieser Feedback- oder Konfliktsituation?,feedback receive,,Danke für die Rückmeldung. | Na gut. | Ja ja. | Das weiß ich schon.,Danke für die Rückmeldung. | Na gut. | Ja ja. | Das weiß ich schon.,Danke für die Rückmeldung.,Danke für die Rückmeldung.,`Danke für die Rückmeldung` is a safe feedback response.,`Danke für die Rückmeldung` is a safe feedback response.,,,,duplicate_v02_lineage_resolved,duplicate_v02_lineage_resolved,
content/b1-m11-colleague-feedback-conflict.js,v080149_cat11_contrast_cat11_cs_019,cat11-cs-019,cat11-cs-019,matched_replacement_layer,Exception,manual review: unrecognised v0.2 decision vocabulary,revise_light,revise_light,,CORE_SAFE_V02_REPLACEMENT,future apply patch may replace schema-compatible learner-facing fields from v0.2/recovery while preserving current item ID,Auswahl,selected_choice_value,CAT11-contrast-cat11_cs_019,true,prompt; microRule/explainText,Welche Form passt in dieser Feedback- oder Konfliktsituation?,Welche Form passt in dieser Feedback- oder Konfliktsituation?,tone vs volume,,Ton | Lautstärke | Stimme | Meinung,Ton | Lautstärke | Stimme | Meinung,Ton,Ton,"For conflict style, use `Ton`.","For conflict style, use `Ton`.",,,,duplicate_v02_lineage_resolved,duplicate_v02_lineage_resolved,
content/b1-m11-colleague-feedback-conflict.js,v080149_cat11_contrast_cat11_cs_024,cat11-cs-024,cat11-cs-024,matched_replacement_layer,Exception,manual review: unrecognised v0.2 decision vocabulary,revise_light,revise_light,,CORE_SAFE_V02_REPLACEMENT,future apply patch may replace schema-compatible learner-facing fields from v0.2/recovery while preserving current item ID,Auswahl,selected_choice_value,CAT11-contrast-cat11_cs_024,true,prompt; microRule/explainText,Welche Form passt in dieser Feedback- oder Konfliktsituation?,Welche Form passt in dieser Feedback- oder Konfliktsituation?,dass clause in suggestion,,"Ich schlage vor, dass wir das klären. | Ich schlage vor, wir das klären. | Ich schlage vor, dass wir klären das. | Ich schlage vor, das wir klären.","Ich schlage vor, dass wir das klären. | Ich schlage vor, wir das klären. | Ich schlage vor, dass wir klären das. | Ich schlage vor, das wir klären.","Ich schlage vor, dass wir das klären.","Ich schlage vor, dass wir das klären.",`dass` sends the finite verb to the end.,`dass` sends the finite verb to the end.,,,,duplicate_v02_lineage_resolved,duplicate_v02_lineage_resolved,
content/b1-m11-colleague-feedback-conflict.js,v080149_cat11_contrast_cat11_cs_025,cat11-cs-025,cat11-cs-025,matched_replacement_layer,Exception,manual review: unrecognised v0.2 decision vocabulary,revise_light,revise_light,,CORE_SAFE_V02_REPLACEMENT,future apply patch may replace schema-compatible learner-facing fields from v0.2/recovery while preserving current item ID,Auswahl,selected_choice_value,CAT11-contrast-cat11_cs_025,true,prompt; microRule/explainText,Welche Form passt in dieser Feedback- oder Konfliktsituation?,Welche Form passt in dieser Feedback- oder Konfliktsituation?,could request,,"Könnten Sie mir bitte ein Beispiel geben? | Geben Sie mir ein Beispiel. | Ich brauche ein Beispiel jetzt. | Beispiel, bitte.","Könnten Sie mir bitte ein Beispiel geben? | Geben Sie mir ein Beispiel. | Ich brauche ein Beispiel jetzt. | Beispiel, bitte.",Könnten Sie mir bitte ein Beispiel geben?,Könnten Sie mir bitte ein Beispiel geben?,`Könnten Sie bitte ...?` is a polite request pattern.,`Könnten Sie bitte ...?` is a polite request pattern.,,,,duplicate_v02_lineage_resolved,duplicate_v02_lineage_resolved,
content/b1-m11-colleague-feedback-conflict.js,v080149_cat11_contrast_cat11_cs_026,cat11-cs-026,cat11-cs-026,matched_replacement_layer,Exception,manual review: unrecognised v0.2 decision vocabulary,revise_light,revise_light,,CORE_SAFE_V02_REPLACEMENT,future apply patch may replace schema-compatible learner-facing fields from v0.2/recovery while preserving current item ID,Auswahl,selected_choice_value,CAT11-contrast-cat11_cs_026,true,prompt; microRule/explainText,Welche Form passt in dieser Feedback- oder Konfliktsituation?,Welche Form passt in dieser Feedback- oder Konfliktsituation?,not my intention article,,Das war nicht meine Absicht. | Das war nicht mein Absicht. | Das war nicht meine Absichten. | Das war nicht meinen Absicht.,Das war nicht meine Absicht. | Das war nicht mein Absicht. | Das war nicht meine Absichten. | Das war nicht meinen Absicht.,Das war nicht meine Absicht.,Das war nicht meine Absicht.,"Feminine noun: `die Absicht`, so `meine Absicht`.","Feminine noun: `die Absicht`, so `meine Absicht`.",,,,duplicate_v02_lineage_resolved,duplicate_v02_lineage_resolved,
content/b1-m11-colleague-feedback-conflict.js,v080149_cat11_contrast_cat11_cs_027,cat11-cs-027,cat11-cs-027,matched_replacement_layer,Exception,manual review: unrecognised v0.2 decision vocabulary,revise_light,revise_light,,CORE_SAFE_V02_REPLACEMENT,future apply patch may replace schema-compatible learner-facing fields from v0.2/recovery while preserving current item ID,Auswahl,selected_choice_value,CAT11-contrast-cat11_cs_027,true,prompt; microRule/explainText,Welche Form passt in dieser Feedback- oder Konfliktsituation?,Welche Form passt in dieser Feedback- oder Konfliktsituation?,clarify priorities,,Prioritäten klären | Prioritäten erklären | Prioritäten machen | Prioritäten sprechen,Prioritäten klären | Prioritäten erklären | Prioritäten machen | Prioritäten sprechen,Prioritäten klären,Prioritäten klären,Collocation: `Prioritäten klären`.,Collocation: `Prioritäten klären`.,,,,duplicate_v02_lineage_resolved,duplicate_v02_lineage_resolved,
content/b1-m11-colleague-feedback-conflict.js,v080149_cat11_contrast_cat11_cs_028,cat11-cs-028,cat11-cs-028,matched_replacement_layer,Exception,manual review: unrecognised v0.2 decision vocabulary,revise_light,revise_light,,CORE_SAFE_V02_REPLACEMENT,future apply patch may replace schema-compatible learner-facing fields from v0.2/recovery while preserving current item ID,Auswahl,selected_choice_value,CAT11-contrast-cat11_cs_028,true,prompt; microRule/explainText,Welche Form passt in dieser Feedback- oder Konfliktsituation?,Welche Form passt in dieser Feedback- oder Konfliktsituation?,directness boundary,,"Ich kann diese Aufgabe heute nicht zusätzlich übernehmen. | Das ist nicht mein Job. | Machen Sie es selbst. | Nein, keine Zeit.","Ich kann diese Aufgabe heute nicht zusätzlich übernehmen. | Das ist nicht mein Job. | Machen Sie es selbst. | Nein, keine Zeit.",Ich kann diese Aufgabe heute nicht zusätzlich übernehmen.,Ich kann diese Aufgabe heute nicht zusätzlich übernehmen.,A good refusal names the limit and context.,A good refusal names the limit and context.,,,,duplicate_v02_lineage_resolved,duplicate_v02_lineage_resolved,
content/b1-m11-colleague-feedback-conflict.js,v080149_cat11_practice_family_cat11_pf_021,cat11-pf-021,cat11-pf-021,matched_replacement_layer,Exception,manual review: unrecognised v0.2 decision vocabulary,revise_light,revise_light,,CORE_SAFE_V02_REPLACEMENT,future apply patch may replace schema-compatible learner-facing fields from v0.2/recovery while preserving current item ID,Auswahl,selected_choice_value,CAT11-practice_family-cat11_pf_021,true,prompt; stimulus/learnerCue; microRule/explainText,Welche Form passt in dieser Situation am besten?,Welche Form passt in dieser Situation am besten?,A Ich sehe das etwas anders. / B Sie haben Unrecht. / C Das ist Unsinn.,A Ich sehe das etwas anders. / B Sie haben Unrecht. / C Das ist Unsinn.,Ich sehe das etwas anders. | A Ich sehe das etwas anders. | B Sie haben Unrecht. | C Das ist Unsinn.,,Ich sehe das etwas anders.,Ich sehe das etwas anders.,Use soft disagreement: `Ich sehe das etwas anders` or `Ich bin nicht ganz einverstanden`.,Use soft disagreement: `Ich sehe das etwas anders` or `Ich bin nicht ganz einverstanden`.,,,,duplicate_v02_lineage_resolved,duplicate_v02_lineage_resolved,
content/b1-m11-colleague-feedback-conflict.js,v080149_cat11_practice_family_cat11_pf_022,cat11-pf-022,cat11-pf-022,matched_replacement_layer,Exception,manual review: unrecognised v0.2 decision vocabulary,revise_light,revise_light,,CORE_SAFE_V02_REPLACEMENT,future apply patch may replace schema-compatible learner-facing fields from v0.2/recovery while preserving current item ID,Auswahl,selected_choice_value,CAT11-practice_family-cat11_pf_022,true,prompt; stimulus/learnerCue; microRule/explainText,Welche Form passt in dieser Situation am besten?,Welche Form passt in dieser Situation am besten?,A Können wir das kurz klären? / B Was soll das? / C Warum erklären Sie so schlecht?,A Können wir das kurz klären? / B Was soll das? / C Warum erklären Sie so schlecht?,Können wir das kurz klären? | A Können wir das kurz klären? | B Was soll das? | C Warum erklären Sie so schlecht?,,Können wir das kurz klären?,Können wir das kurz klären?,"Keep feedback or disagreement factual, polite and specific; avoid blame language.","Keep feedback or disagreement factual, polite and specific; avoid blame language.",,,,duplicate_v02_lineage_resolved,duplicate_v02_lineage_resolved,
content/b1-m11-colleague-feedback-conflict.js,v080149_cat11_practice_family_cat11_pf_026,cat11-pf-026,cat11-pf-026,matched_replacement_layer,Exception,manual review: unrecognised v0.2 decision vocabulary,revise_light,revise_light,,CORE_SAFE_V02_REPLACEMENT,future apply patch may replace schema-compatible learner-facing fields from v0.2/recovery while preserving current item ID,Auswahl,selected_choice_value,CAT11-practice_family-cat11_pf_026,true,prompt; stimulus/learnerCue; microRule/explainText,Welche Form passt in dieser Situation am besten?,Welche Form passt in dieser Situation am besten?,A Ich kann diese Aufgabe heute nicht zusätzlich übernehmen. / B Das ist nicht mein Job. / C Machen Sie es selbst.,A Ich kann diese Aufgabe heute nicht zusätzlich übernehmen. / B Das ist nicht mein Job. / C Machen Sie es selbst.,Ich kann diese Aufgabe heute nicht zusätzlich übernehmen. | A Ich kann diese Aufgabe heute nicht zusätzlich übernehmen. | B Das ist nicht mein Job. | C Machen Sie es selbst.,,Ich kann diese Aufgabe heute nicht zusätzlich übernehmen.,Ich kann diese Aufgabe heute nicht zusätzlich übernehmen.,"Keep feedback or disagreement factual, polite and specific; avoid blame language.","Keep feedback or disagreement factual, polite and specific; avoid blame language.",,,,duplicate_v02_lineage_resolved,duplicate_v02_lineage_resolved,
content/b1-m11-colleague-feedback-conflict.js,v080149_cat11_practice_family_cat11_pf_028,cat11-pf-028,cat11-pf-028,matched_replacement_layer,Exception,manual review: unrecognised v0.2 decision vocabulary,revise_light,revise_light,,CORE_SAFE_V02_REPLACEMENT,future apply patch may replace schema-compatible learner-facing fields from v0.2/recovery while preserving current item ID,Auswahl,selected_choice_value,CAT11-practice_family-cat11_pf_028,true,prompt; stimulus/learnerCue; microRule/explainText,Welche Form passt in dieser Situation am besten?,Welche Form passt in dieser Situation am besten?,A Könnten wir bitte sachlich bleiben? / B Beruhigen Sie sich. / C Seien Sie nicht so emotional.,A Könnten wir bitte sachlich bleiben? / B Beruhigen Sie sich. / C Seien Sie nicht so emotional.,Könnten wir bitte sachlich bleiben? | A Könnten wir bitte sachlich bleiben? | B Beruhigen Sie sich. | C Seien Sie nicht so emotional.,,Könnten wir bitte sachlich bleiben?,Könnten wir bitte sachlich bleiben?,Use a calm setting phrase when you want to discuss a sensitive point privately.,Use a calm setting phrase when you want to discuss a sensitive point privately.,,,,duplicate_v02_lineage_resolved,duplicate_v02_lineage_resolved,
content/b1-m11-colleague-feedback-conflict.js,v080149_cat11_practice_family_cat11_pf_029,cat11-pf-029,cat11-pf-029,matched_replacement_layer,Exception,manual review: unrecognised v0.2 decision vocabulary,revise_light,revise_light,,CORE_SAFE_V02_REPLACEMENT,future apply patch may replace schema-compatible learner-facing fields from v0.2/recovery while preserving current item ID,Reparatur,typed,CAT11-practice_family-cat11_pf_029,true,prompt; stimulus/learnerCue,Ich möchte einen Vorschlag geben.,Korrigiere den Satz.,Korrigiere den Satz.,Ich möchte einen Vorschlag geben.,,,Ich möchte einen Vorschlag machen.,Ich möchte einen Vorschlag machen.,`vorschlagen` means suggest an idea; keep the sentence practical.,`vorschlagen` means suggest an idea; keep the sentence practical.,,,,duplicate_v02_lineage_resolved,duplicate_v02_lineage_resolved,
content/b1-m11-colleague-feedback-conflict.js,v080149_cat11_practice_family_cat11_pf_030,cat11-pf-030,cat11-pf-030,matched_replacement_layer,Exception,manual review: unrecognised v0.2 decision vocabulary,revise_light,revise_light,,CORE_SAFE_V02_REPLACEMENT,future apply patch may replace schema-compatible learner-facing fields from v0.2/recovery while preserving current item ID,Reparatur,typed,CAT11-practice_family-cat11_pf_030,true,prompt; stimulus/learnerCue,Können wir das Problem kurz klaren?,Korrigiere den Satz.,Korrigiere den Satz.,Können wir das Problem kurz klaren?,,,Können wir das Problem kurz klären?,Können wir das Problem kurz klären?,"Keep feedback or disagreement factual, polite and specific; avoid blame language.","Keep feedback or disagreement factual, polite and specific; avoid blame language.",,,,duplicate_v02_lineage_resolved,duplicate_v02_lineage_resolved,
content/b1-m11-colleague-feedback-conflict.js,v080149_cat11_practice_family_cat11_pf_031,cat11-pf-031,cat11-pf-031,matched_replacement_layer,Exception,manual review: unrecognised v0.2 decision vocabulary,revise_light,revise_light,,CORE_SAFE_V02_REPLACEMENT,future apply patch may replace schema-compatible learner-facing fields from v0.2/recovery while preserving current item ID,Reparatur,typed,CAT11-practice_family-cat11_pf_031,true,prompt; stimulus/learnerCue,Ich nehme die Verantwortung für den Fehler.,Korrigiere den Satz.,Korrigiere den Satz.,Ich nehme die Verantwortung für den Fehler.,,,Ich übernehme die Verantwortung für den Fehler.,Ich übernehme die Verantwortung für den Fehler.,"Keep feedback or disagreement factual, polite and specific; avoid blame language.","Keep feedback or disagreement factual, polite and specific; avoid blame language.",,,,duplicate_v02_lineage_resolved,duplicate_v02_lineage_resolved,
content/b1-m11-colleague-feedback-conflict.js,v080149_cat11_practice_family_cat11_pf_032,cat11-pf-032,cat11-pf-032,matched_replacement_layer,Exception,manual review: unrecognised v0.2 decision vocabulary,revise_light,revise_light,,CORE_SAFE_V02_REPLACEMENT,future apply patch may replace schema-compatible learner-facing fields from v0.2/recovery while preserving current item ID,Reparatur,typed,CAT11-practice_family-cat11_pf_032,true,prompt; stimulus/learnerCue,Ich kann Ihnen dabei unterstützen.,Korrigiere den Satz.,Korrigiere den Satz.,Ich kann Ihnen dabei unterstützen.,,,Ich kann Sie dabei unterstützen.,Ich kann Sie dabei unterstützen.,"Keep feedback or disagreement factual, polite and specific; avoid blame language.","Keep feedback or disagreement factual, polite and specific; avoid blame language.",,,,duplicate_v02_lineage_resolved,duplicate_v02_lineage_resolved,
content/b1-m11-colleague-feedback-conflict.js,v080149_cat11_practice_family_cat11_pf_033,cat11-pf-033,cat11-pf-033,matched_replacement_layer,Exception,manual review: unrecognised v0.2 decision vocabulary,revise_light,revise_light,,CORE_SAFE_V02_REPLACEMENT,future apply patch may replace schema-compatible learner-facing fields from v0.2/recovery while preserving current item ID,Reparatur,typed,CAT11-practice_family-cat11_pf_033,true,prompt; stimulus/learnerCue,Ich möchte Sie besser zuhören.,Korrigiere den Satz.,Korrigiere den Satz.,Ich möchte Sie besser zuhören.,,,Ich möchte Ihnen besser zuhören.,Ich möchte Ihnen besser zuhören.,"Keep feedback or disagreement factual, polite and specific; avoid blame language.","Keep feedback or disagreement factual, polite and specific; avoid blame language.",,,,duplicate_v02_lineage_resolved,duplicate_v02_lineage_resolved,
content/b1-m11-colleague-feedback-conflict.js,v080149_cat11_practice_family_cat11_pf_034,cat11-pf-034,cat11-pf-034,matched_replacement_layer,Exception,manual review: unrecognised v0.2 decision vocabulary,revise_light,revise_light,,CORE_SAFE_V02_REPLACEMENT,future apply patch may replace schema-compatible learner-facing fields from v0.2/recovery while preserving current item ID,Reparatur,typed,CAT11-practice_family-cat11_pf_034,true,prompt; stimulus/learnerCue,Ich möchte sachlich zu der Kritik reagieren.,Korrigiere den Satz.,Korrigiere den Satz.,Ich möchte sachlich zu der Kritik reagieren.,,,Ich möchte sachlich auf die Kritik reagieren.,Ich möchte sachlich auf die Kritik reagieren.,"Keep feedback or disagreement factual, polite and specific; avoid blame language.","Keep feedback or disagreement factual, polite and specific; avoid blame language.",,,,duplicate_v02_lineage_resolved,duplicate_v02_lineage_resolved,
content/b1-m11-colleague-feedback-conflict.js,v080149_cat11_practice_family_cat11_pf_035,cat11-pf-035,cat11-pf-035,matched_replacement_layer,Exception,manual review: unrecognised v0.2 decision vocabulary,revise_light,revise_light,,CORE_SAFE_V02_REPLACEMENT,future apply patch may replace schema-compatible learner-facing fields from v0.2/recovery while preserving current item ID,Reparatur,typed,CAT11-practice_family-cat11_pf_035,true,prompt; stimulus/learnerCue,Das war nicht mein Absicht.,Korrigiere den Satz.,Korrigiere den Satz.,Das war nicht mein Absicht.,,,Das war nicht meine Absicht.,Das war nicht meine Absicht.,"Keep feedback or disagreement factual, polite and specific; avoid blame language.","Keep feedback or disagreement factual, polite and specific; avoid blame language.",,,,duplicate_v02_lineage_resolved,duplicate_v02_lineage_resolved,
content/b1-m11-colleague-feedback-conflict.js,v080149_cat11_practice_family_cat11_pf_036,cat11-pf-036,cat11-pf-036,matched_replacement_layer,Exception,manual review: unrecognised v0.2 decision vocabulary,revise_light,revise_light,,CORE_SAFE_V02_REPLACEMENT,future apply patch may replace schema-compatible learner-facing fields from v0.2/recovery while preserving current item ID,Reparatur,typed,CAT11-practice_family-cat11_pf_036,true,prompt; stimulus/learnerCue,"Ich schlage vor, dass wir klären das.",Korrigiere den Satz.,Korrigiere den Satz.,"Ich schlage vor, dass wir klären das.",,,"Ich schlage vor, dass wir das klären.","Ich schlage vor, dass wir das klären.","Keep feedback or disagreement factual, polite and specific; avoid blame language.","Keep feedback or disagreement factual, polite and specific; avoid blame language.",,,,duplicate_v02_lineage_resolved,duplicate_v02_lineage_resolved,
content/b1-m12-forms-admin-certificates.js,v080149_cat12_collocation_cat12_coll_012,cat12-coll-012,cat12-coll-012,matched_replacement_layer,Exception,manual review: unrecognised v0.2 decision vocabulary,revise_light,revise_light,,CORE_SAFE_V02_REPLACEMENT,future apply patch may replace schema-compatible learner-facing fields from v0.2/recovery while preserving current item ID,Auswahl,selected_choice_value,CAT12-collocation-cat12_coll_012,true,microRule/explainText,Welche Kollokation passt? attach a file,,Choose the best German option.,,eine Datei anhängen | Datei hochladen | Datei beilegen | Datei anlegen,,eine Datei anhängen,eine Datei anhängen,"Keep admin language factual: name the document, action, and missing information without giving advice.","Keep admin language factual: name the document, action, and missing information without giving advice.",,,,duplicate_v02_lineage_resolved,duplicate_v02_lineage_resolved,
content/b1-m12-forms-admin-certificates.js,v080149_cat12_collocation_cat12_coll_013,cat12-coll-013,cat12-coll-013,matched_replacement_layer,Exception,manual review: unrecognised v0.2 decision vocabulary,revise_light,revise_light,,CORE_SAFE_V02_REPLACEMENT,future apply patch may replace schema-compatible learner-facing fields from v0.2/recovery while preserving current item ID,Auswahl,selected_choice_value,CAT12-collocation-cat12_coll_013,true,microRule/explainText,Welche Kollokation passt? upload a file,,Choose the best German option.,,eine Datei hochladen | Datei herunterladen | Datei anhängen | Datei aufladen,,eine Datei hochladen,eine Datei hochladen,`hochladen` means upload a file to a website or portal.,`hochladen` means upload a file to a website or portal.,,,,duplicate_v02_lineage_resolved,duplicate_v02_lineage_resolved,
content/b1-m12-forms-admin-certificates.js,v080149_cat12_collocation_cat12_coll_026,cat12-coll-026,cat12-coll-026,matched_replacement_layer,Exception,manual review: unrecognised v0.2 decision vocabulary,revise_light,revise_light,,CORE_SAFE_V02_REPLACEMENT,future apply patch may replace schema-compatible learner-facing fields from v0.2/recovery while preserving current item ID,Auswahl,selected_choice_value,CAT12-collocation-cat12_coll_026,true,microRule/explainText,Welche Kollokation passt? notify a new postal address,,Choose the best German option.,,eine neue Anschrift mitteilen | Adresse ändern | Meldeadresse angeben | Anschrift sagen,,eine neue Anschrift mitteilen,eine neue Anschrift mitteilen,"Keep admin language factual: name the document, action, and missing information without giving advice.","Keep admin language factual: name the document, action, and missing information without giving advice.",,,,duplicate_v02_lineage_resolved,duplicate_v02_lineage_resolved,
content/b1-m12-forms-admin-certificates.js,v080149_cat12_collocation_cat12_coll_029,cat12-coll-029,cat12-coll-029,matched_replacement_layer,Exception,manual review: unrecognised v0.2 decision vocabulary,revise_light,revise_light,,CORE_SAFE_V02_REPLACEMENT,future apply patch may replace schema-compatible learner-facing fields from v0.2/recovery while preserving current item ID,Auswahl,selected_choice_value,CAT12-collocation-cat12_coll_029,true,microRule/explainText,Welche Kollokation passt? hand in documents in person,,Choose the best German option.,,Unterlagen persönlich abgeben | Unterlagen per Post schicken | Unterlagen hochladen | persönlich geben,,Unterlagen persönlich abgeben,Unterlagen persönlich abgeben,`Unterlagen` means the documents/papers you provide together.,`Unterlagen` means the documents/papers you provide together.,,,,duplicate_v02_lineage_resolved,duplicate_v02_lineage_resolved,
content/b1-m12-forms-admin-certificates.js,v080149_cat12_collocation_cat12_coll_034,cat12-coll-034,cat12-coll-034,matched_replacement_layer,Exception,manual review: unrecognised v0.2 decision vocabulary,revise_light,revise_light,,CORE_SAFE_V02_REPLACEMENT,future apply patch may replace schema-compatible learner-facing fields from v0.2/recovery while preserving current item ID,Auswahl,selected_choice_value,CAT12-collocation-cat12_coll_034,true,microRule/explainText,Welche Kollokation passt? note/follow an instruction,,Choose the best German option.,,einen Hinweis beachten | Hinweis lesen | Anleitung lesen | Hinweis sehen,,einen Hinweis beachten,einen Hinweis beachten,"Keep admin language factual: name the document, action, and missing information without giving advice.","Keep admin language factual: name the document, action, and missing information without giving advice.",,,,duplicate_v02_lineage_resolved,duplicate_v02_lineage_resolved,
content/b1-m12-forms-admin-certificates.js,v080149_cat12_collocation_cat12_coll_036,cat12-coll-036,cat12-coll-036,matched_replacement_layer,Exception,manual review: unrecognised v0.2 decision vocabulary,revise_light,revise_light,,CORE_SAFE_V02_REPLACEMENT,future apply patch may replace schema-compatible learner-facing fields from v0.2/recovery while preserving current item ID,Auswahl,selected_choice_value,CAT12-collocation-cat12_coll_036,true,microRule/explainText,Welche Kollokation passt? enter something in a field,,Choose the best German option.,,etwas in ein Feld eintragen | Formular ausfüllen | Option auswählen | im Feld schreiben,,etwas in ein Feld eintragen,etwas in ein Feld eintragen,"Keep admin language factual: name the document, action, and missing information without giving advice.","Keep admin language factual: name the document, action, and missing information without giving advice.",,,,duplicate_v02_lineage_resolved,duplicate_v02_lineage_resolved,
content/b1-m12-forms-admin-certificates.js,v080149_cat12_collocation_cat12_coll_037,cat12-coll-037,cat12-coll-037,matched_replacement_layer,Exception,manual review: unrecognised v0.2 decision vocabulary,revise_light,revise_light,,CORE_SAFE_V02_REPLACEMENT,future apply patch may replace schema-compatible learner-facing fields from v0.2/recovery while preserving current item ID,Auswahl,selected_choice_value,CAT12-collocation-cat12_coll_037,true,microRule/explainText,Welche Kollokation passt? tick/check a box,,Choose the best German option.,,ein Kästchen ankreuzen | Option auswählen | Feld ausfüllen | Kästchen kreuzen,,ein Kästchen ankreuzen,ein Kästchen ankreuzen,"Keep admin language factual: name the document, action, and missing information without giving advice.","Keep admin language factual: name the document, action, and missing information without giving advice.",,,,duplicate_v02_lineage_resolved,duplicate_v02_lineage_resolved,
content/b1-m12-forms-admin-certificates.js,v080149_cat12_collocation_cat12_coll_038,cat12-coll-038,cat12-coll-038,matched_replacement_layer,Exception,manual review: unrecognised v0.2 decision vocabulary,revise_light,revise_light,,CORE_SAFE_V02_REPLACEMENT,future apply patch may replace schema-compatible learner-facing fields from v0.2/recovery while preserving current item ID,Auswahl,selected_choice_value,CAT12-collocation-cat12_coll_038,true,microRule/explainText,Welche Kollokation passt? select an option,,Choose the best German option.,,eine Option auswählen | Kästchen ankreuzen | Feld ausfüllen | Option wählen is possible,,eine Option auswählen,eine Option auswählen,"Keep admin language factual: name the document, action, and missing information without giving advice.","Keep admin language factual: name the document, action, and missing information without giving advice.",,,,duplicate_v02_lineage_resolved,duplicate_v02_lineage_resolved,
content/b1-m12-forms-admin-certificates.js,v080149_cat12_collocation_cat12_coll_039,cat12-coll-039,cat12-coll-039,matched_replacement_layer,Exception,manual review: unrecognised v0.2 decision vocabulary,revise_light,revise_light,,CORE_SAFE_V02_REPLACEMENT,future apply patch may replace schema-compatible learner-facing fields from v0.2/recovery while preserving current item ID,Auswahl,selected_choice_value,CAT12-collocation-cat12_coll_039,true,microRule/explainText,Welche Kollokation passt? enter the date,,Choose the best German option.,,das Datum eintragen | Datum schreiben | Formular datieren | Datum angeben also valid,,das Datum eintragen,das Datum eintragen,"Keep admin language factual: name the document, action, and missing information without giving advice.","Keep admin language factual: name the document, action, and missing information without giving advice.",,,,duplicate_v02_lineage_resolved,duplicate_v02_lineage_resolved,
content/b1-m12-forms-admin-certificates.js,v080149_cat12_collocation_cat12_coll_040,cat12-coll-040,cat12-coll-040,matched_replacement_layer,Exception,manual review: unrecognised v0.2 decision vocabulary,revise_light,revise_light,,CORE_SAFE_V02_REPLACEMENT,future apply patch may replace schema-compatible learner-facing fields from v0.2/recovery while preserving current item ID,Auswahl,selected_choice_value,CAT12-collocation-cat12_coll_040,true,microRule/explainText,Welche Kollokation passt? bring the original,,Choose the best German option.,,das Original mitbringen | Kopie beilegen | Original vorlegen | Original bringen,,das Original mitbringen,das Original mitbringen,"Keep admin language factual: name the document, action, and missing information without giving advice.","Keep admin language factual: name the document, action, and missing information without giving advice.",,,,duplicate_v02_lineage_resolved,duplicate_v02_lineage_resolved,
content/b1-m12-forms-admin-certificates.js,v080149_cat12_practice_family_cat12_pf_003,cat12-pf-003,cat12-pf-003,matched_replacement_layer,Exception,manual review: unrecognised v0.2 decision vocabulary,revise_light,revise_light,,CORE_SAFE_V02_REPLACEMENT,future apply patch may replace schema-compatible learner-facing fields from v0.2/recovery while preserving current item ID,Reparatur,typed,CAT12-practice_family-cat12_pf_003,true,prompt; stimulus/learnerCue,Ich habe das Formular ausgefüllen.,Korrigiere den Satz.,Korrigiere den Satz.,Ich habe das Formular ausgefüllen.,,,Ich habe das Formular ausgefüllt.,Ich habe das Formular ausgefüllt.,`Formular` is the form you fill in; `Antrag` is the application/request.,`Formular` is the form you fill in; `Antrag` is the application/request.,,,,duplicate_v02_lineage_resolved,duplicate_v02_lineage_resolved,
content/b1-m12-forms-admin-certificates.js,v080149_cat12_practice_family_cat12_pf_012,cat12-pf-012,cat12-pf-012,matched_replacement_layer,Exception,manual review: unrecognised v0.2 decision vocabulary,revise_light,revise_light,,CORE_SAFE_V02_REPLACEMENT,future apply patch may replace schema-compatible learner-facing fields from v0.2/recovery while preserving current item ID,Reparatur,typed,CAT12-practice_family-cat12_pf_012,true,prompt; stimulus/learnerCue,Ich lege mit eine Kopie.,Korrigiere den Satz.,Korrigiere den Satz.,Ich lege mit eine Kopie.,,,Ich lege eine Kopie bei.,Ich lege eine Kopie bei.,"Keep admin language factual: name the document, action, and missing information without giving advice.","Keep admin language factual: name the document, action, and missing information without giving advice.",,,,duplicate_v02_lineage_resolved,duplicate_v02_lineage_resolved,
content/b1-m12-forms-admin-certificates.js,v080149_cat12_practice_family_cat12_pf_014,cat12-pf-014,cat12-pf-014,matched_replacement_layer,Exception,manual review: unrecognised v0.2 decision vocabulary,revise_light,revise_light,,CORE_SAFE_V02_REPLACEMENT,future apply patch may replace schema-compatible learner-facing fields from v0.2/recovery while preserving current item ID,Reparatur,typed,CAT12-practice_family-cat12_pf_014,true,prompt; stimulus/learnerCue,Ich habe die Datei aufgeladen.,Korrigiere den Satz.,Korrigiere den Satz.,Ich habe die Datei aufgeladen.,,,Ich habe die Datei hochgeladen.,Ich habe die Datei hochgeladen.,`hochladen` means upload a file to a website or portal.,`hochladen` means upload a file to a website or portal.,,,,duplicate_v02_lineage_resolved,duplicate_v02_lineage_resolved,
content/b1-m12-forms-admin-certificates.js,v080149_cat12_practice_family_cat12_pf_027,cat12-pf-027,cat12-pf-027,matched_replacement_layer,Exception,manual review: unrecognised v0.2 decision vocabulary,revise_light,revise_light,,CORE_SAFE_V02_REPLACEMENT,future apply patch may replace schema-compatible learner-facing fields from v0.2/recovery while preserving current item ID,Reparatur,typed,CAT12-practice_family-cat12_pf_027,true,prompt; stimulus/learnerCue,Ich eintrage meinen Namen.,Korrigiere den Satz.,Korrigiere den Satz.,Ich eintrage meinen Namen.,,,Ich trage meinen Namen ein.,Ich trage meinen Namen ein.,"Keep admin language factual: name the document, action, and missing information without giving advice.","Keep admin language factual: name the document, action, and missing information without giving advice.",,,,duplicate_v02_lineage_resolved,duplicate_v02_lineage_resolved,
content/b1-m13-learning-exam-language.js,v080149_cat13_collocation_cat13_coll_002,cat13-coll-002,cat13-coll-002,matched_replacement_layer,Core Safe,keep current row unchanged,revise_light,revise_light,,CORE_SAFE_V02_REPLACEMENT,future apply patch may replace schema-compatible learner-facing fields from v0.2/recovery while preserving current item ID,Auswahl,selected_choice_value,CAT13-collocation-cat13_coll_002,true,microRule/explainText,Welche Kollokation passt? sit/write a test,,Choose the best German option.,,einen Test schreiben | Prüfung machen | einen Test machen | eine Prüfung machen,,einen Test schreiben,einen Test schreiben,"Keep learning/exam language factual: name the task, ask for clarification, and avoid exam-readiness claims.","Keep learning/exam language factual: name the task, ask for clarification, and avoid exam-readiness claims.",,,,duplicate_v02_lineage_resolved,duplicate_v02_lineage_resolved,
content/b1-m13-learning-exam-language.js,v080149_cat13_collocation_cat13_coll_008,cat13-coll-008,cat13-coll-008,matched_replacement_layer,Core Safe,keep current row unchanged,revise_light,revise_light,,CORE_SAFE_V02_REPLACEMENT,future apply patch may replace schema-compatible learner-facing fields from v0.2/recovery while preserving current item ID,Auswahl,selected_choice_value,CAT13-collocation-cat13_coll_008,true,microRule/explainText,Welche Kollokation passt? solve/do a task,,Choose the best German option.,,eine Aufgabe lösen | Übung machen | eine Aufgabe machen | eine Prüfung machen,,eine Aufgabe lösen,eine Aufgabe lösen,"Keep learning/exam language factual: name the task, ask for clarification, and avoid exam-readiness claims.","Keep learning/exam language factual: name the task, ask for clarification, and avoid exam-readiness claims.",,,,duplicate_v02_lineage_resolved,duplicate_v02_lineage_resolved,
content/b1-m13-learning-exam-language.js,v080149_cat13_collocation_cat13_coll_009,cat13-coll-009,cat13-coll-009,matched_replacement_layer,Core Safe,keep current row unchanged,revise_light,revise_light,,CORE_SAFE_V02_REPLACEMENT,future apply patch may replace schema-compatible learner-facing fields from v0.2/recovery while preserving current item ID,Auswahl,selected_choice_value,CAT13-collocation-cat13_coll_009,true,microRule/explainText,Welche Kollokation passt? read the prompt/instruction,,Choose the best German option.,,die Aufgabenstellung lesen | Aufgabe lesen | Aufgabenstellung machen | eine Prüfung machen,,die Aufgabenstellung lesen,die Aufgabenstellung lesen,"Keep learning/exam language factual: name the task, ask for clarification, and avoid exam-readiness claims.","Keep learning/exam language factual: name the task, ask for clarification, and avoid exam-readiness claims.",,,,duplicate_v02_lineage_resolved,duplicate_v02_lineage_resolved,
content/b1-m13-learning-exam-language.js,v080149_cat13_collocation_cat13_coll_010,cat13-coll-010,cat13-coll-010,matched_replacement_layer,Core Safe,keep current row unchanged,revise_light,revise_light,,CORE_SAFE_V02_REPLACEMENT,future apply patch may replace schema-compatible learner-facing fields from v0.2/recovery while preserving current item ID,Auswahl,selected_choice_value,CAT13-collocation-cat13_coll_010,true,microRule/explainText,Welche Kollokation passt? follow an instruction,,Choose the best German option.,,eine Anweisung befolgen | Aufgabe lösen | Anweisung machen | eine Prüfung machen,,eine Anweisung befolgen,eine Anweisung befolgen,"Keep learning/exam language factual: name the task, ask for clarification, and avoid exam-readiness claims.","Keep learning/exam language factual: name the task, ask for clarification, and avoid exam-readiness claims.",,,,duplicate_v02_lineage_resolved,duplicate_v02_lineage_resolved,
content/b1-m13-learning-exam-language.js,v080149_cat13_collocation_cat13_coll_011,cat13-coll-011,cat13-coll-011,matched_replacement_layer,Core Safe,keep current row unchanged,revise_light,revise_light,,CORE_SAFE_V02_REPLACEMENT,future apply patch may replace schema-compatible learner-facing fields from v0.2/recovery while preserving current item ID,Auswahl,selected_choice_value,CAT13-collocation-cat13_coll_011,true,microRule/explainText,Welche Kollokation passt? ask a question,,Choose the best German option.,,eine Frage stellen | Frage machen | eine Frage fragen | eine Prüfung machen,,eine Frage stellen,eine Frage stellen,Collocation: use `eine Frage stellen` for asking a question.,Collocation: use `eine Frage stellen` for asking a question.,,,,duplicate_v02_lineage_resolved,duplicate_v02_lineage_resolved,
content/b1-m13-learning-exam-language.js,v080149_cat13_collocation_cat13_coll_012,cat13-coll-012,cat13-coll-012,matched_replacement_layer,Core Safe,keep current row unchanged,revise_light,revise_light,,CORE_SAFE_V02_REPLACEMENT,future apply patch may replace schema-compatible learner-facing fields from v0.2/recovery while preserving current item ID,Auswahl,selected_choice_value,CAT13-collocation-cat13_coll_012,true,microRule/explainText,Welche Kollokation passt? give an answer,,Choose the best German option.,,eine Antwort geben | Lösung geben | Antwort machen | eine Prüfung machen,,eine Antwort geben,eine Antwort geben,"Keep learning/exam language factual: name the task, ask for clarification, and avoid exam-readiness claims.","Keep learning/exam language factual: name the task, ask for clarification, and avoid exam-readiness claims.",,,,duplicate_v02_lineage_resolved,duplicate_v02_lineage_resolved,
content/b1-m13-learning-exam-language.js,v080149_cat13_collocation_cat13_coll_013,cat13-coll-013,cat13-coll-013,matched_replacement_layer,Core Safe,keep current row unchanged,revise_light,revise_light,,CORE_SAFE_V02_REPLACEMENT,future apply patch may replace schema-compatible learner-facing fields from v0.2/recovery while preserving current item ID,Auswahl,selected_choice_value,CAT13-collocation-cat13_coll_013,true,microRule/explainText,Welche Kollokation passt? check the solution,,Choose the best German option.,,die Lösung kontrollieren | Antwort kontrollieren | Lösung prüfen lassen | eine Prüfung machen,,die Lösung kontrollieren,die Lösung kontrollieren,"Keep learning/exam language factual: name the task, ask for clarification, and avoid exam-readiness claims.","Keep learning/exam language factual: name the task, ask for clarification, and avoid exam-readiness claims.",,,,duplicate_v02_lineage_resolved,duplicate_v02_lineage_resolved,
content/b1-m13-learning-exam-language.js,v080149_cat13_collocation_cat13_coll_014,cat13-coll-014,cat13-coll-014,matched_replacement_layer,Core Safe,keep current row unchanged,revise_light,revise_light,,CORE_SAFE_V02_REPLACEMENT,future apply patch may replace schema-compatible learner-facing fields from v0.2/recovery while preserving current item ID,Auswahl,selected_choice_value,CAT13-collocation-cat13_coll_014,true,microRule/explainText,Welche Kollokation passt? give an example,,Choose the best German option.,,ein Beispiel geben | Grund nennen | Beispiel machen | eine Prüfung machen,,ein Beispiel geben,ein Beispiel geben,`ein Beispiel geben` means give an example.,`ein Beispiel geben` means give an example.,,,,duplicate_v02_lineage_resolved,duplicate_v02_lineage_resolved,
content/b1-m13-learning-exam-language.js,v080149_cat13_collocation_cat13_coll_015,cat13-coll-015,cat13-coll-015,matched_replacement_layer,Core Safe,keep current row unchanged,revise_light,revise_light,,CORE_SAFE_V02_REPLACEMENT,future apply patch may replace schema-compatible learner-facing fields from v0.2/recovery while preserving current item ID,Auswahl,selected_choice_value,CAT13-collocation-cat13_coll_015,true,microRule/explainText,Welche Kollokation passt? ask for an explanation,,Choose the best German option.,,um eine Erklärung bitten | eine Frage stellen | eine Erklärung fragen | eine Prüfung machen,,um eine Erklärung bitten,um eine Erklärung bitten,"Keep learning/exam language factual: name the task, ask for clarification, and avoid exam-readiness claims.","Keep learning/exam language factual: name the task, ask for clarification, and avoid exam-readiness claims.",,,,duplicate_v02_lineage_resolved,duplicate_v02_lineage_resolved,
content/b1-m13-learning-exam-language.js,v080149_cat13_collocation_cat13_coll_016,cat13-coll-016,cat13-coll-016,matched_replacement_layer,Core Safe,keep current row unchanged,revise_light,revise_light,,CORE_SAFE_V02_REPLACEMENT,future apply patch may replace schema-compatible learner-facing fields from v0.2/recovery while preserving current item ID,Auswahl,selected_choice_value,CAT13-collocation-cat13_coll_016,true,microRule/explainText,Welche Kollokation passt? fill the blank,,Choose the best German option.,,die Lücke ergänzen | Tabelle ausfüllen | Lücke machen | eine Prüfung machen,,die Lücke ergänzen,die Lücke ergänzen,`Lücke` is the gap/blank in a task.,`Lücke` is the gap/blank in a task.,,,,duplicate_v02_lineage_resolved,duplicate_v02_lineage_resolved,
content/b1-m13-learning-exam-language.js,v080149_cat13_collocation_cat13_coll_017,cat13-coll-017,cat13-coll-017,matched_replacement_layer,Core Safe,keep current row unchanged,revise_light,revise_light,,CORE_SAFE_V02_REPLACEMENT,future apply patch may replace schema-compatible learner-facing fields from v0.2/recovery while preserving current item ID,Auswahl,selected_choice_value,CAT13-collocation-cat13_coll_017,true,microRule/explainText,Welche Kollokation passt? make progress,,Choose the best German option.,,Fortschritte machen | Fortschritt bekommen | Fortschritte haben | eine Prüfung machen,,Fortschritte machen,Fortschritte machen,"Keep learning/exam language factual: name the task, ask for clarification, and avoid exam-readiness claims.","Keep learning/exam language factual: name the task, ask for clarification, and avoid exam-readiness claims.",,,,duplicate_v02_lineage_resolved,duplicate_v02_lineage_resolved,
content/b1-m13-learning-exam-language.js,v080149_cat13_collocation_cat13_coll_018,cat13-coll-018,cat13-coll-018,matched_replacement_layer,Core Safe,keep current row unchanged,revise_light,revise_light,,CORE_SAFE_V02_REPLACEMENT,future apply patch may replace schema-compatible learner-facing fields from v0.2/recovery while preserving current item ID,Auswahl,selected_choice_value,CAT13-collocation-cat13_coll_018,true,microRule/explainText,Welche Kollokation passt? notice an improvement,,Choose the best German option.,,eine Verbesserung merken | Fortschritte machen | Verbesserung machen | eine Prüfung machen,,eine Verbesserung merken,eine Verbesserung merken,"Keep learning/exam language factual: name the task, ask for clarification, and avoid exam-readiness claims.","Keep learning/exam language factual: name the task, ask for clarification, and avoid exam-readiness claims.",,,,duplicate_v02_lineage_resolved,duplicate_v02_lineage_resolved,
content/b1-m13-learning-exam-language.js,v080149_cat13_collocation_cat13_coll_019,cat13-coll-019,cat13-coll-019,matched_replacement_layer,Core Safe,keep current row unchanged,revise_light,revise_light,,CORE_SAFE_V02_REPLACEMENT,future apply patch may replace schema-compatible learner-facing fields from v0.2/recovery while preserving current item ID,Auswahl,selected_choice_value,CAT13-collocation-cat13_coll_019,true,microRule/explainText,Welche Kollokation passt? correct a mistake,,Choose the best German option.,,einen Fehler korrigieren | Fehler verbessern | Fehler reparieren | eine Prüfung machen,,einen Fehler korrigieren,einen Fehler korrigieren,`Fehler` is a mistake/error; `Korrektur` is the correction.,`Fehler` is a mistake/error; `Korrektur` is the correction.,,,,duplicate_v02_lineage_resolved,duplicate_v02_lineage_resolved,
content/b1-m13-learning-exam-language.js,v080149_cat13_collocation_cat13_coll_020,cat13-coll-020,cat13-coll-020,matched_replacement_layer,Core Safe,keep current row unchanged,revise_light,revise_light,,CORE_SAFE_V02_REPLACEMENT,future apply patch may replace schema-compatible learner-facing fields from v0.2/recovery while preserving current item ID,Auswahl,selected_choice_value,CAT13-collocation-cat13_coll_020,true,microRule/explainText,Welche Kollokation passt? receive a correction,,Choose the best German option.,,eine Korrektur bekommen | Feedback bekommen | Korrektur nehmen | eine Prüfung machen,,eine Korrektur bekommen,eine Korrektur bekommen,"Keep learning/exam language factual: name the task, ask for clarification, and avoid exam-readiness claims.","Keep learning/exam language factual: name the task, ask for clarification, and avoid exam-readiness claims.",,,,duplicate_v02_lineage_resolved,duplicate_v02_lineage_resolved,
content/b1-m13-learning-exam-language.js,v080149_cat13_collocation_cat13_coll_021,cat13-coll-021,cat13-coll-021,matched_replacement_layer,Core Safe,keep current row unchanged,revise_light,revise_light,,CORE_SAFE_V02_REPLACEMENT,future apply patch may replace schema-compatible learner-facing fields from v0.2/recovery while preserving current item ID,Auswahl,selected_choice_value,CAT13-collocation-cat13_coll_021,true,microRule/explainText,Welche Kollokation passt? receive feedback,,Choose the best German option.,,Rückmeldung bekommen | Antwort bekommen | Rückmeldung nehmen | eine Prüfung machen,,Rückmeldung bekommen,Rückmeldung bekommen,"Keep learning/exam language factual: name the task, ask for clarification, and avoid exam-readiness claims.","Keep learning/exam language factual: name the task, ask for clarification, and avoid exam-readiness claims.",,,,duplicate_v02_lineage_resolved,duplicate_v02_lineage_resolved,
content/b1-m13-learning-exam-language.js,v080149_cat13_collocation_cat13_coll_022,cat13-coll-022,cat13-coll-022,matched_replacement_layer,Core Safe,keep current row unchanged,revise_light,revise_light,,CORE_SAFE_V02_REPLACEMENT,future apply patch may replace schema-compatible learner-facing fields from v0.2/recovery while preserving current item ID,Auswahl,selected_choice_value,CAT13-collocation-cat13_coll_022,true,microRule/explainText,Welche Kollokation passt? do a revision/repetition,,Choose the best German option.,,eine Wiederholung machen | Prüfung machen | Wiederholung schreiben | eine Prüfung machen,,eine Wiederholung machen,eine Wiederholung machen,"Keep learning/exam language factual: name the task, ask for clarification, and avoid exam-readiness claims.","Keep learning/exam language factual: name the task, ask for clarification, and avoid exam-readiness claims.",,,,duplicate_v02_lineage_resolved,duplicate_v02_lineage_resolved,
content/b1-m13-learning-exam-language.js,v080149_cat13_collocation_cat13_coll_024,cat13-coll-024,cat13-coll-024,matched_replacement_layer,Core Safe,keep current row unchanged,revise_light,revise_light,,CORE_SAFE_V02_REPLACEMENT,future apply patch may replace schema-compatible learner-facing fields from v0.2/recovery while preserving current item ID,Auswahl,selected_choice_value,CAT13-collocation-cat13_coll_024,true,microRule/explainText,Welche Kollokation passt? revise vocabulary words,,Choose the best German option.,,Vokabeln wiederholen | Wortschatz lernen | Vokabeln machen | eine Prüfung machen,,Vokabeln wiederholen,Vokabeln wiederholen,`wiederholen` means repeat; use it when you did not hear or need more practice.,`wiederholen` means repeat; use it when you did not hear or need more practice.,,,,duplicate_v02_lineage_resolved,duplicate_v02_lineage_resolved,
content/b1-m13-learning-exam-language.js,v080149_cat13_collocation_cat13_coll_025,cat13-coll-025,cat13-coll-025,matched_replacement_layer,Core Safe,keep current row unchanged,revise_light,revise_light,,CORE_SAFE_V02_REPLACEMENT,future apply patch may replace schema-compatible learner-facing fields from v0.2/recovery while preserving current item ID,Auswahl,selected_choice_value,CAT13-collocation-cat13_coll_025,true,microRule/explainText,Welche Kollokation passt? improve pronunciation,,Choose the best German option.,,die Aussprache verbessern | Sprechen verbessern | Aussprache korrigieren | eine Prüfung machen,,die Aussprache verbessern,die Aussprache verbessern,"Keep learning/exam language factual: name the task, ask for clarification, and avoid exam-readiness claims.","Keep learning/exam language factual: name the task, ask for clarification, and avoid exam-readiness claims.",,,,duplicate_v02_lineage_resolved,duplicate_v02_lineage_resolved,
content/b1-m13-learning-exam-language.js,v080149_cat13_collocation_cat13_coll_027,cat13-coll-027,cat13-coll-027,matched_replacement_layer,Core Safe,keep current row unchanged,revise_light,revise_light,,CORE_SAFE_V02_REPLACEMENT,future apply patch may replace schema-compatible learner-facing fields from v0.2/recovery while preserving current item ID,Auswahl,selected_choice_value,CAT13-collocation-cat13_coll_027,true,microRule/explainText,Welche Kollokation passt? write a summary,,Choose the best German option.,,eine Zusammenfassung schreiben | Text zusammenfassen | Zusammenfassung machen | eine Prüfung machen,,eine Zusammenfassung schreiben,eine Zusammenfassung schreiben,"Keep learning/exam language factual: name the task, ask for clarification, and avoid exam-readiness claims.","Keep learning/exam language factual: name the task, ask for clarification, and avoid exam-readiness claims.",,,,duplicate_v02_lineage_resolved,duplicate_v02_lineage_resolved,
content/b1-m13-learning-exam-language.js,v080149_cat13_collocation_cat13_coll_028,cat13-coll-028,cat13-coll-028,matched_replacement_layer,Core Safe,keep current row unchanged,revise_light,revise_light,,CORE_SAFE_V02_REPLACEMENT,future apply patch may replace schema-compatible learner-facing fields from v0.2/recovery while preserving current item ID,Auswahl,selected_choice_value,CAT13-collocation-cat13_coll_028,true,microRule/explainText,Welche Kollokation passt? explain the difference,,Choose the best German option.,,den Unterschied erklären | Vergleich machen | Unterschied sagen | eine Prüfung machen,,den Unterschied erklären,den Unterschied erklären,`erklären` means explain; use it when you need the rule or task made clearer.,`erklären` means explain; use it when you need the rule or task made clearer.,,,,duplicate_v02_lineage_resolved,duplicate_v02_lineage_resolved,
content/b1-m13-learning-exam-language.js,v080149_cat13_collocation_cat13_coll_029,cat13-coll-029,cat13-coll-029,matched_replacement_layer,Core Safe,keep current row unchanged,revise_light,revise_light,,CORE_SAFE_V02_REPLACEMENT,future apply patch may replace schema-compatible learner-facing fields from v0.2/recovery while preserving current item ID,Auswahl,selected_choice_value,CAT13-collocation-cat13_coll_029,true,microRule/explainText,Welche Kollokation passt? put into the correct order,,Choose the best German option.,,in die richtige Reihenfolge bringen | Reihenfolge machen | in richtiger Reihenfolge machen | eine Prüfung machen,,in die richtige Reihenfolge bringen,in die richtige Reihenfolge bringen,"Keep learning/exam language factual: name the task, ask for clarification, and avoid exam-readiness claims.","Keep learning/exam language factual: name the task, ask for clarification, and avoid exam-readiness claims.",,,,duplicate_v02_lineage_resolved,duplicate_v02_lineage_resolved,
content/b1-m13-learning-exam-language.js,v080149_cat13_collocation_cat13_coll_030,cat13-coll-030,cat13-coll-030,matched_replacement_layer,Core Safe,keep current row unchanged,revise_light,revise_light,,CORE_SAFE_V02_REPLACEMENT,future apply patch may replace schema-compatible learner-facing fields from v0.2/recovery while preserving current item ID,Auswahl,selected_choice_value,CAT13-collocation-cat13_coll_030,true,microRule/explainText,Welche Kollokation passt? explain the task,,Choose the best German option.,,die Aufgabe erklären | Aufgabe beschreiben | die Aufgabe erzählen | eine Prüfung machen,,die Aufgabe erklären,die Aufgabe erklären,`erklären` means explain; use it when you need the rule or task made clearer.,`erklären` means explain; use it when you need the rule or task made clearer.,,,,duplicate_v02_lineage_resolved,duplicate_v02_lineage_resolved,
content/b1-m13-learning-exam-language.js,v080149_cat13_collocation_cat13_coll_031,cat13-coll-031,cat13-coll-031,matched_replacement_layer,Core Safe,keep current row unchanged,revise_light,revise_light,,CORE_SAFE_V02_REPLACEMENT,future apply patch may replace schema-compatible learner-facing fields from v0.2/recovery while preserving current item ID,Auswahl,selected_choice_value,CAT13-collocation-cat13_coll_031,true,microRule/explainText,Welche Kollokation passt? repeat the sentence,,Choose the best German option.,,den Satz wiederholen | Satz nochmal sagen | den Satz neu machen | eine Prüfung machen,,den Satz wiederholen,den Satz wiederholen,`wiederholen` means repeat; use it when you did not hear or need more practice.,`wiederholen` means repeat; use it when you did not hear or need more practice.,,,,duplicate_v02_lineage_resolved,duplicate_v02_lineage_resolved,
content/b1-m13-learning-exam-language.js,v080149_cat13_collocation_cat13_coll_032,cat13-coll-032,cat13-coll-032,matched_replacement_layer,Core Safe,keep current row unchanged,revise_light,revise_light,,CORE_SAFE_V02_REPLACEMENT,future apply patch may replace schema-compatible learner-facing fields from v0.2/recovery while preserving current item ID,Auswahl,selected_choice_value,CAT13-collocation-cat13_coll_032,true,microRule/explainText,Welche Kollokation passt? improve pronunciation,,Choose the best German option.,,die Aussprache verbessern | Fehler verbessern | Aussprache korrigieren | eine Prüfung machen,,die Aussprache verbessern,die Aussprache verbessern,"Keep learning/exam language factual: name the task, ask for clarification, and avoid exam-readiness claims.","Keep learning/exam language factual: name the task, ask for clarification, and avoid exam-readiness claims.",,,,duplicate_v02_lineage_resolved,duplicate_v02_lineage_resolved,
content/b1-m13-learning-exam-language.js,v080149_cat13_collocation_cat13_coll_033,cat13-coll-033,cat13-coll-033,matched_replacement_layer,Core Safe,keep current row unchanged,revise_light,revise_light,,CORE_SAFE_V02_REPLACEMENT,future apply patch may replace schema-compatible learner-facing fields from v0.2/recovery while preserving current item ID,Auswahl,selected_choice_value,CAT13-collocation-cat13_coll_033,true,microRule/explainText,Welche Kollokation passt? correct a mistake,,Choose the best German option.,,einen Fehler korrigieren | Fehler verbessern | Fehler ändern | eine Prüfung machen,,einen Fehler korrigieren,einen Fehler korrigieren,`Fehler` is a mistake/error; `Korrektur` is the correction.,`Fehler` is a mistake/error; `Korrektur` is the correction.,,,,duplicate_v02_lineage_resolved,duplicate_v02_lineage_resolved,
content/b1-m13-learning-exam-language.js,v080149_cat13_collocation_cat13_coll_034,cat13-coll-034,cat13-coll-034,matched_replacement_layer,Core Safe,keep current row unchanged,revise_light,revise_light,,CORE_SAFE_V02_REPLACEMENT,future apply patch may replace schema-compatible learner-facing fields from v0.2/recovery while preserving current item ID,Auswahl,selected_choice_value,CAT13-collocation-cat13_coll_034,true,microRule/explainText,Welche Kollokation passt? check the answer,,Choose the best German option.,,die Antwort kontrollieren | Antwort korrigieren | Antwort prüfen lassen | eine Prüfung machen,,die Antwort kontrollieren,die Antwort kontrollieren,"Keep learning/exam language factual: name the task, ask for clarification, and avoid exam-readiness claims.","Keep learning/exam language factual: name the task, ask for clarification, and avoid exam-readiness claims.",,,,duplicate_v02_lineage_resolved,duplicate_v02_lineage_resolved,
content/b1-m13-learning-exam-language.js,v080149_cat13_collocation_cat13_coll_035,cat13-coll-035,cat13-coll-035,matched_replacement_layer,Core Safe,keep current row unchanged,revise_light,revise_light,,CORE_SAFE_V02_REPLACEMENT,future apply patch may replace schema-compatible learner-facing fields from v0.2/recovery while preserving current item ID,Auswahl,selected_choice_value,CAT13-collocation-cat13_coll_035,true,microRule/explainText,Welche Kollokation passt? practise speaking,,Choose the best German option.,,das Sprechen üben | Sprechen lernen | Sprechen praktizieren | eine Prüfung machen,,das Sprechen üben,das Sprechen üben,"Keep learning/exam language factual: name the task, ask for clarification, and avoid exam-readiness claims.","Keep learning/exam language factual: name the task, ask for clarification, and avoid exam-readiness claims.",,,,duplicate_v02_lineage_resolved,duplicate_v02_lineage_resolved,
content/b1-m13-learning-exam-language.js,v080149_cat13_collocation_cat13_coll_036,cat13-coll-036,cat13-coll-036,matched_replacement_layer,Core Safe,keep current row unchanged,revise_light,revise_light,,CORE_SAFE_V02_REPLACEMENT,future apply patch may replace schema-compatible learner-facing fields from v0.2/recovery while preserving current item ID,Auswahl,selected_choice_value,CAT13-collocation-cat13_coll_036,true,microRule/explainText,Welche Kollokation passt? study for the exam,,Choose the best German option.,,für die Prüfung lernen | zur Prüfung lernen | Prüfung lernen | eine Prüfung machen,,für die Prüfung lernen,für die Prüfung lernen,"Keep learning/exam language factual: name the task, ask for clarification, and avoid exam-readiness claims.","Keep learning/exam language factual: name the task, ask for clarification, and avoid exam-readiness claims.",,,,duplicate_v02_lineage_resolved,duplicate_v02_lineage_resolved,
content/b1-m13-learning-exam-language.js,v080149_cat13_collocation_cat13_coll_037,cat13-coll-037,cat13-coll-037,matched_replacement_layer,Core Safe,keep current row unchanged,revise_light,revise_light,,CORE_SAFE_V02_REPLACEMENT,future apply patch may replace schema-compatible learner-facing fields from v0.2/recovery while preserving current item ID,Auswahl,selected_choice_value,CAT13-collocation-cat13_coll_037,true,microRule/explainText,Welche Kollokation passt? pay attention to the ending,,Choose the best German option.,,auf die Endung achten | die Endung beachten | auf der Endung achten | eine Prüfung machen,,auf die Endung achten,auf die Endung achten,"Keep learning/exam language factual: name the task, ask for clarification, and avoid exam-readiness claims.","Keep learning/exam language factual: name the task, ask for clarification, and avoid exam-readiness claims.",,,,duplicate_v02_lineage_resolved,duplicate_v02_lineage_resolved,
content/b1-m13-learning-exam-language.js,v080149_cat13_collocation_cat13_coll_038,cat13-coll-038,cat13-coll-038,matched_replacement_layer,Core Safe,keep current row unchanged,revise_light,revise_light,,CORE_SAFE_V02_REPLACEMENT,future apply patch may replace schema-compatible learner-facing fields from v0.2/recovery while preserving current item ID,Auswahl,selected_choice_value,CAT13-collocation-cat13_coll_038,true,microRule/explainText,Welche Kollokation passt? ask/check briefly,,Choose the best German option.,,kurz nachfragen | kurz fragen | nach eine Frage machen | eine Prüfung machen,,kurz nachfragen,kurz nachfragen,"Keep learning/exam language factual: name the task, ask for clarification, and avoid exam-readiness claims.","Keep learning/exam language factual: name the task, ask for clarification, and avoid exam-readiness claims.",,,,duplicate_v02_lineage_resolved,duplicate_v02_lineage_resolved,
content/b1-m13-learning-exam-language.js,v080149_cat13_collocation_cat13_coll_039,cat13-coll-039,cat13-coll-039,matched_replacement_layer,Core Safe,keep current row unchanged,revise_light,revise_light,,CORE_SAFE_V02_REPLACEMENT,future apply patch may replace schema-compatible learner-facing fields from v0.2/recovery while preserving current item ID,Auswahl,selected_choice_value,CAT13-collocation-cat13_coll_039,true,microRule/explainText,Welche Kollokation passt? fill in a table,,Choose the best German option.,,eine Tabelle ausfüllen | Tabelle ergänzen | Tabelle einfüllen | eine Prüfung machen,,eine Tabelle ausfüllen,eine Tabelle ausfüllen,"Keep learning/exam language factual: name the task, ask for clarification, and avoid exam-readiness claims.","Keep learning/exam language factual: name the task, ask for clarification, and avoid exam-readiness claims.",,,,duplicate_v02_lineage_resolved,duplicate_v02_lineage_resolved,
content/b1-m13-learning-exam-language.js,v080149_cat13_collocation_cat13_coll_040,cat13-coll-040,cat13-coll-040,matched_replacement_layer,Core Safe,keep current row unchanged,revise_light,revise_light,,CORE_SAFE_V02_REPLACEMENT,future apply patch may replace schema-compatible learner-facing fields from v0.2/recovery while preserving current item ID,Auswahl,selected_choice_value,CAT13-collocation-cat13_coll_040,true,microRule/explainText,Welche Kollokation passt? complete the sentence,,Choose the best German option.,,den Satz ergänzen | Satz ausfüllen | Satz komplett machen | eine Prüfung machen,,den Satz ergänzen,den Satz ergänzen,`ergänzen` means complete/add the missing part.,`ergänzen` means complete/add the missing part.,,,,duplicate_v02_lineage_resolved,duplicate_v02_lineage_resolved,
content/b1-m13-learning-exam-language.js,v080149_cat13_collocation_cat13_coll_041,cat13-coll-041,cat13-coll-041,matched_replacement_layer,Core Safe,keep current row unchanged,revise_light,revise_light,,CORE_SAFE_V02_REPLACEMENT,future apply patch may replace schema-compatible learner-facing fields from v0.2/recovery while preserving current item ID,Auswahl,selected_choice_value,CAT13-collocation-cat13_coll_041,true,microRule/explainText,Welche Kollokation passt? tick the correct answer,,Choose the best German option.,,die richtige Antwort ankreuzen | Antwort auswählen | Antwort kreuzen | eine Prüfung machen,,die richtige Antwort ankreuzen,die richtige Antwort ankreuzen,`ankreuzen` means tick/select an answer.,`ankreuzen` means tick/select an answer.,,,,duplicate_v02_lineage_resolved,duplicate_v02_lineage_resolved,
content/b1-m13-learning-exam-language.js,v080149_cat13_collocation_cat13_coll_042,cat13-coll-042,cat13-coll-042,matched_replacement_layer,Core Safe,keep current row unchanged,revise_light,revise_light,,CORE_SAFE_V02_REPLACEMENT,future apply patch may replace schema-compatible learner-facing fields from v0.2/recovery while preserving current item ID,Auswahl,selected_choice_value,CAT13-collocation-cat13_coll_042,true,microRule/explainText,Welche Kollokation passt? match terms,,Choose the best German option.,,Begriffe zuordnen | Begriffe verbinden | Begriffe ordnen | eine Prüfung machen,,Begriffe zuordnen,Begriffe zuordnen,`zuordnen` means match or assign items to the right place.,`zuordnen` means match or assign items to the right place.,,,,duplicate_v02_lineage_resolved,duplicate_v02_lineage_resolved,
content/b1-m13-learning-exam-language.js,v080149_cat13_collocation_cat13_coll_043,cat13-coll-043,cat13-coll-043,matched_replacement_layer,Core Safe,keep current row unchanged,revise_light,revise_light,,CORE_SAFE_V02_REPLACEMENT,future apply patch may replace schema-compatible learner-facing fields from v0.2/recovery while preserving current item ID,Auswahl,selected_choice_value,CAT13-collocation-cat13_coll_043,true,microRule/explainText,Welche Kollokation passt? give/name two examples,,Choose the best German option.,,zwei Beispiele nennen | Beispiele geben | Beispiele sagen | eine Prüfung machen,,zwei Beispiele nennen,zwei Beispiele nennen,`ein Beispiel geben` means give an example.,`ein Beispiel geben` means give an example.,,,,duplicate_v02_lineage_resolved,duplicate_v02_lineage_resolved,
content/b1-m13-learning-exam-language.js,v080149_cat13_practice_family_cat13_pf_031,cat13-pf-031,cat13-pf-031,matched_replacement_layer,Exception,manual review: unrecognised v0.2 decision vocabulary,revise_light,revise_light,,CORE_SAFE_V02_REPLACEMENT,future apply patch may replace schema-compatible learner-facing fields from v0.2/recovery while preserving current item ID,Reparatur,typed,CAT13-practice_family-cat13_pf_031,true,prompt; stimulus/learnerCue,Ich möchte Frage stellen.,Korrigiere den Satz.,Korrigiere den Satz.,Ich möchte Frage stellen.,,,Ich möchte eine Frage stellen.,Ich möchte eine Frage stellen.,Collocation: use `eine Frage stellen` for asking a question.,Collocation: use `eine Frage stellen` for asking a question.,,,,duplicate_v02_lineage_resolved,duplicate_v02_lineage_resolved,
content/b1-m13-learning-exam-language.js,v080149_cat13_practice_family_cat13_pf_032,cat13-pf-032,cat13-pf-032,matched_replacement_layer,Exception,manual review: unrecognised v0.2 decision vocabulary,revise_light,revise_light,,CORE_SAFE_V02_REPLACEMENT,future apply patch may replace schema-compatible learner-facing fields from v0.2/recovery while preserving current item ID,Reparatur,typed,CAT13-practice_family-cat13_pf_032,true,prompt; stimulus/learnerCue,Könnten Sie Aufgabe bitte erklären?,Korrigiere den Satz.,Korrigiere den Satz.,Könnten Sie Aufgabe bitte erklären?,,,Könnten Sie die Aufgabe bitte erklären?,Könnten Sie die Aufgabe bitte erklären?,`erklären` means explain; use it when you need the rule or task made clearer.,`erklären` means explain; use it when you need the rule or task made clearer.,,,,duplicate_v02_lineage_resolved,duplicate_v02_lineage_resolved,
content/b1-m13-learning-exam-language.js,v080149_cat13_practice_family_cat13_pf_033,cat13-pf-033,cat13-pf-033,matched_replacement_layer,Exception,manual review: unrecognised v0.2 decision vocabulary,revise_light,revise_light,,CORE_SAFE_V02_REPLACEMENT,future apply patch may replace schema-compatible learner-facing fields from v0.2/recovery while preserving current item ID,Reparatur,typed,CAT13-practice_family-cat13_pf_033,true,prompt; stimulus/learnerCue,Können Sie wiederholen das bitte?,Korrigiere den Satz.,Korrigiere den Satz.,Können Sie wiederholen das bitte?,,,Können Sie das bitte wiederholen?,Können Sie das bitte wiederholen?,`wiederholen` means repeat; use it when you did not hear or need more practice.,`wiederholen` means repeat; use it when you did not hear or need more practice.,,,,duplicate_v02_lineage_resolved,duplicate_v02_lineage_resolved,
content/b1-m13-learning-exam-language.js,v080149_cat13_practice_family_cat13_pf_034,cat13-pf-034,cat13-pf-034,matched_replacement_layer,Exception,manual review: unrecognised v0.2 decision vocabulary,revise_light,revise_light,,CORE_SAFE_V02_REPLACEMENT,future apply patch may replace schema-compatible learner-facing fields from v0.2/recovery while preserving current item ID,Reparatur,typed,CAT13-practice_family-cat13_pf_034,true,prompt; stimulus/learnerCue,Könnten Sie ein Beispiel machen?,Korrigiere den Satz.,Korrigiere den Satz.,Könnten Sie ein Beispiel machen?,,,Könnten Sie ein Beispiel geben?,Könnten Sie ein Beispiel geben?,`ein Beispiel geben` means give an example.,`ein Beispiel geben` means give an example.,,,,duplicate_v02_lineage_resolved,duplicate_v02_lineage_resolved,
content/b1-m13-learning-exam-language.js,v080149_cat13_practice_family_cat13_pf_035,cat13-pf-035,cat13-pf-035,matched_replacement_layer,Exception,manual review: unrecognised v0.2 decision vocabulary,revise_light,revise_light,,CORE_SAFE_V02_REPLACEMENT,future apply patch may replace schema-compatible learner-facing fields from v0.2/recovery while preserving current item ID,Reparatur,typed,CAT13-practice_family-cat13_pf_035,true,prompt; stimulus/learnerCue,Wie man schreibt das?,Korrigiere den Satz.,Korrigiere den Satz.,Wie man schreibt das?,,,Wie schreibt man das?,Wie schreibt man das?,"Keep learning/exam language factual: name the task, ask for clarification, and avoid exam-readiness claims.","Keep learning/exam language factual: name the task, ask for clarification, and avoid exam-readiness claims.",,,,duplicate_v02_lineage_resolved,duplicate_v02_lineage_resolved,
content/b1-m13-learning-exam-language.js,v080149_cat13_practice_family_cat13_pf_036,cat13-pf-036,cat13-pf-036,matched_replacement_layer,Exception,manual review: unrecognised v0.2 decision vocabulary,revise_light,revise_light,,CORE_SAFE_V02_REPLACEMENT,future apply patch may replace schema-compatible learner-facing fields from v0.2/recovery while preserving current item ID,Reparatur,typed,CAT13-practice_family-cat13_pf_036,true,prompt; stimulus/learnerCue,Wie sprecht man das aus?,Korrigiere den Satz.,Korrigiere den Satz.,Wie sprecht man das aus?,,,Wie spricht man das aus?,Wie spricht man das aus?,"Keep learning/exam language factual: name the task, ask for clarification, and avoid exam-readiness claims.","Keep learning/exam language factual: name the task, ask for clarification, and avoid exam-readiness claims.",,,,duplicate_v02_lineage_resolved,duplicate_v02_lineage_resolved,
content/b1-m13-learning-exam-language.js,v080149_cat13_practice_family_cat13_pf_037,cat13-pf-037,cat13-pf-037,matched_replacement_layer,Exception,manual review: unrecognised v0.2 decision vocabulary,revise_light,revise_light,,CORE_SAFE_V02_REPLACEMENT,future apply patch may replace schema-compatible learner-facing fields from v0.2/recovery while preserving current item ID,Reparatur,typed,CAT13-practice_family-cat13_pf_037,true,prompt; stimulus/learnerCue,Ich will meine Aussprache korrigieren.,Korrigiere den Satz.,Korrigiere den Satz.,Ich will meine Aussprache korrigieren.,,,Ich möchte meine Aussprache verbessern.,Ich möchte meine Aussprache verbessern.,"Keep learning/exam language factual: name the task, ask for clarification, and avoid exam-readiness claims.","Keep learning/exam language factual: name the task, ask for clarification, and avoid exam-readiness claims.",,,,duplicate_v02_lineage_resolved,duplicate_v02_lineage_resolved,
content/b1-m13-learning-exam-language.js,v080149_cat13_practice_family_cat13_pf_038,cat13-pf-038,cat13-pf-038,matched_replacement_layer,Exception,manual review: unrecognised v0.2 decision vocabulary,revise_light,revise_light,,CORE_SAFE_V02_REPLACEMENT,future apply patch may replace schema-compatible learner-facing fields from v0.2/recovery while preserving current item ID,Reparatur,typed,CAT13-practice_family-cat13_pf_038,true,prompt; stimulus/learnerCue,Ich nehme Notizen.,Korrigiere den Satz.,Korrigiere den Satz.,Ich nehme Notizen.,,,Ich mache mir Notizen.,Ich mache mir Notizen.,"Keep learning/exam language factual: name the task, ask for clarification, and avoid exam-readiness claims.","Keep learning/exam language factual: name the task, ask for clarification, and avoid exam-readiness claims.",,,,duplicate_v02_lineage_resolved,duplicate_v02_lineage_resolved,
content/b1-m13-learning-exam-language.js,v080149_cat13_practice_family_cat13_pf_039,cat13-pf-039,cat13-pf-039,matched_replacement_layer,Exception,manual review: unrecognised v0.2 decision vocabulary,revise_light,revise_light,,CORE_SAFE_V02_REPLACEMENT,future apply patch may replace schema-compatible learner-facing fields from v0.2/recovery while preserving current item ID,Reparatur,typed,CAT13-practice_family-cat13_pf_039,true,prompt; stimulus/learnerCue,Ich vorbereite mich auf die Prüfung.,Korrigiere den Satz.,Korrigiere den Satz.,Ich vorbereite mich auf die Prüfung.,,,Ich bereite mich auf die Prüfung vor.,Ich bereite mich auf die Prüfung vor.,`sich auf etwas vorbereiten` takes `auf`: sich auf die Prüfung vorbereiten.,`sich auf etwas vorbereiten` takes `auf`: sich auf die Prüfung vorbereiten.,,,,duplicate_v02_lineage_resolved,duplicate_v02_lineage_resolved,
content/b1-m13-learning-exam-language.js,v080149_cat13_practice_family_cat13_pf_042,cat13-pf-042,cat13-pf-042,matched_replacement_layer,Exception,manual review: unrecognised v0.2 decision vocabulary,revise_light,revise_light,,CORE_SAFE_V02_REPLACEMENT,future apply patch may replace schema-compatible learner-facing fields from v0.2/recovery while preserving current item ID,Reparatur,typed,CAT13-practice_family-cat13_pf_042,true,prompt; stimulus/learnerCue,Ich gebe ab den Antwortbogen.,Korrigiere den Satz.,Korrigiere den Satz.,Ich gebe ab den Antwortbogen.,,,Ich gebe den Antwortbogen ab.,Ich gebe den Antwortbogen ab.,"Keep learning/exam language factual: name the task, ask for clarification, and avoid exam-readiness claims.","Keep learning/exam language factual: name the task, ask for clarification, and avoid exam-readiness claims.",,,,duplicate_v02_lineage_resolved,duplicate_v02_lineage_resolved,
content/b1-m13-learning-exam-language.js,v080149_cat13_practice_family_cat13_pf_043,cat13-pf-043,cat13-pf-043,matched_replacement_layer,Exception,manual review: unrecognised v0.2 decision vocabulary,revise_light,revise_light,,CORE_SAFE_V02_REPLACEMENT,future apply patch may replace schema-compatible learner-facing fields from v0.2/recovery while preserving current item ID,Reparatur,typed,CAT13-practice_family-cat13_pf_043,true,prompt; stimulus/learnerCue,Ich mache Fortschritt.,Korrigiere den Satz.,Korrigiere den Satz.,Ich mache Fortschritt.,,,Ich mache Fortschritte.,Ich mache Fortschritte.,"Keep learning/exam language factual: name the task, ask for clarification, and avoid exam-readiness claims.","Keep learning/exam language factual: name the task, ask for clarification, and avoid exam-readiness claims.",,,,duplicate_v02_lineage_resolved,duplicate_v02_lineage_resolved,
content/b1-m13-learning-exam-language.js,v080149_cat13_practice_family_cat13_pf_044,cat13-pf-044,cat13-pf-044,matched_replacement_layer,Exception,manual review: unrecognised v0.2 decision vocabulary,revise_light,revise_light,,CORE_SAFE_V02_REPLACEMENT,future apply patch may replace schema-compatible learner-facing fields from v0.2/recovery while preserving current item ID,Reparatur,typed,CAT13-practice_family-cat13_pf_044,true,prompt; stimulus/learnerCue,Achten Sie die Endung.,Korrigiere den Satz.,Korrigiere den Satz.,Achten Sie die Endung.,,,Achten Sie auf die Endung.,Achten Sie auf die Endung.,"Keep learning/exam language factual: name the task, ask for clarification, and avoid exam-readiness claims.","Keep learning/exam language factual: name the task, ask for clarification, and avoid exam-readiness claims.",,,,duplicate_v02_lineage_resolved,duplicate_v02_lineage_resolved,
content/b1-m13-learning-exam-language.js,v080149_cat13_practice_family_cat13_pf_045,cat13-pf-045,cat13-pf-045,matched_replacement_layer,Exception,manual review: unrecognised v0.2 decision vocabulary,revise_light,revise_light,,CORE_SAFE_V02_REPLACEMENT,future apply patch may replace schema-compatible learner-facing fields from v0.2/recovery while preserving current item ID,Reparatur,typed,CAT13-practice_family-cat13_pf_045,true,prompt; stimulus/learnerCue,Ich praktiziere das Sprechen.,Korrigiere den Satz.,Korrigiere den Satz.,Ich praktiziere das Sprechen.,,,Ich übe das Sprechen.,Ich übe das Sprechen.,"Keep learning/exam language factual: name the task, ask for clarification, and avoid exam-readiness claims.","Keep learning/exam language factual: name the task, ask for clarification, and avoid exam-readiness claims.",,,,duplicate_v02_lineage_resolved,duplicate_v02_lineage_resolved,
content/b1-m13-learning-exam-language.js,v080149_cat13_practice_family_cat13_pf_046,cat13-pf-046,cat13-pf-046,matched_replacement_layer,Exception,manual review: unrecognised v0.2 decision vocabulary,revise_light,revise_light,,CORE_SAFE_V02_REPLACEMENT,future apply patch may replace schema-compatible learner-facing fields from v0.2/recovery while preserving current item ID,Reparatur,typed,CAT13-practice_family-cat13_pf_046,true,prompt; stimulus/learnerCue,Ich studiere für die Prüfung.,Korrigiere den Satz.,Korrigiere den Satz.,Ich studiere für die Prüfung.,,,Ich lerne für die Prüfung.,Ich lerne für die Prüfung.,"Keep learning/exam language factual: name the task, ask for clarification, and avoid exam-readiness claims.","Keep learning/exam language factual: name the task, ask for clarification, and avoid exam-readiness claims.",,,,duplicate_v02_lineage_resolved,duplicate_v02_lineage_resolved,
content/b1-m13-learning-exam-language.js,v080149_cat13_practice_family_cat13_pf_049,cat13-pf-049,cat13-pf-049,matched_replacement_layer,Exception,manual review: unrecognised v0.2 decision vocabulary,revise_light,revise_light,,CORE_SAFE_V02_REPLACEMENT,future apply patch may replace schema-compatible learner-facing fields from v0.2/recovery while preserving current item ID,Reparatur,typed,CAT13-practice_family-cat13_pf_049,true,prompt; stimulus/learnerCue,Ich will eine Erklärung.,Korrigiere den Satz.,Korrigiere den Satz.,Ich will eine Erklärung.,,,Könnten Sie das bitte erklären?,Könnten Sie das bitte erklären?,`erklären` means explain; use it when you need the rule or task made clearer.,`erklären` means explain; use it when you need the rule or task made clearer.,,,,duplicate_v02_lineage_resolved,duplicate_v02_lineage_resolved,
content/b1-m13-learning-exam-language.js,v080149_cat13_practice_family_cat13_pf_050,cat13-pf-050,cat13-pf-050,matched_replacement_layer,Exception,manual review: unrecognised v0.2 decision vocabulary,revise_light,revise_light,,CORE_SAFE_V02_REPLACEMENT,future apply patch may replace schema-compatible learner-facing fields from v0.2/recovery while preserving current item ID,Reparatur,typed,CAT13-practice_family-cat13_pf_050,true,prompt; stimulus/learnerCue,Ich war nicht sicher bei die Antwort.,Korrigiere den Satz.,Korrigiere den Satz.,Ich war nicht sicher bei die Antwort.,,,Ich war mir bei der Antwort nicht sicher.,Ich war mir bei der Antwort nicht sicher.,"Keep learning/exam language factual: name the task, ask for clarification, and avoid exam-readiness claims.","Keep learning/exam language factual: name the task, ask for clarification, and avoid exam-readiness claims.",,,,duplicate_v02_lineage_resolved,duplicate_v02_lineage_resolved,
content/b1-m14-connectors-sentence-functions.js,v080149_cat14_collocation_cat14_coll_001,cat14-coll-001,cat14-coll-001,matched_replacement_layer,Exception,manual review: unrecognised v0.2 decision vocabulary,revise_light,revise_light,,CORE_SAFE_V02_REPLACEMENT,future apply patch may replace schema-compatible learner-facing fields from v0.2/recovery while preserving current item ID,Auswahl,selected_choice_value,CAT14-collocation-cat14_coll_001,true,microRule/explainText,Welche Kollokation passt? because + subordinate clause,,Choose the best German option.,,weil ich krank bin | denn | da | weil ich bin krank,,weil ich krank bin,weil ich krank bin,`weil` gives a reason; the finite verb goes to the end.,`weil` gives a reason; the finite verb goes to the end.,,,,duplicate_v02_lineage_resolved,duplicate_v02_lineage_resolved,
content/b1-m14-connectors-sentence-functions.js,v080149_cat14_collocation_cat14_coll_002,cat14-coll-002,cat14-coll-002,matched_replacement_layer,Exception,manual review: unrecognised v0.2 decision vocabulary,revise_light,revise_light,,CORE_SAFE_V02_REPLACEMENT,future apply patch may replace schema-compatible learner-facing fields from v0.2/recovery while preserving current item ID,Auswahl,selected_choice_value,CAT14-collocation-cat14_coll_002,true,microRule/explainText,Welche Kollokation passt? because + main clause,,Choose the best German option.,,denn ich bin krank | weil | denn ich krank bin | weil ich krank bin,,denn ich bin krank,denn ich bin krank,`weil` gives a reason; the finite verb goes to the end.,`weil` gives a reason; the finite verb goes to the end.,,,,duplicate_v02_lineage_resolved,duplicate_v02_lineage_resolved,
content/b1-m14-connectors-sentence-functions.js,v080149_cat14_collocation_cat14_coll_003,cat14-coll-003,cat14-coll-003,matched_replacement_layer,Exception,manual review: unrecognised v0.2 decision vocabulary,revise_light,revise_light,,CORE_SAFE_V02_REPLACEMENT,future apply patch may replace schema-compatible learner-facing fields from v0.2/recovery while preserving current item ID,Auswahl,selected_choice_value,CAT14-collocation-cat14_coll_003,true,microRule/explainText,Welche Kollokation passt? therefore + V2 main clause,,Choose the best German option.,,deshalb kann ich nicht kommen | weil | denn | deswegen,,deshalb kann ich nicht kommen,deshalb kann ich nicht kommen,`weil` gives a reason; the finite verb goes to the end.,`weil` gives a reason; the finite verb goes to the end.,,,,duplicate_v02_lineage_resolved,duplicate_v02_lineage_resolved,
content/b1-m14-connectors-sentence-functions.js,v080149_cat14_collocation_cat14_coll_004,cat14-coll-004,cat14-coll-004,matched_replacement_layer,Exception,manual review: unrecognised v0.2 decision vocabulary,revise_light,revise_light,,CORE_SAFE_V02_REPLACEMENT,future apply patch may replace schema-compatible learner-facing fields from v0.2/recovery while preserving current item ID,Auswahl,selected_choice_value,CAT14-collocation-cat14_coll_004,true,microRule/explainText,Welche Kollokation passt? therefore/for that reason + V2,,Choose the best German option.,,deswegen schreibe ich Ihnen | deshalb | wegen | deswegen ich schreibe,,deswegen schreibe ich Ihnen,deswegen schreibe ich Ihnen,`deshalb/deswegen` show a result; the finite verb stays in position 2.,`deshalb/deswegen` show a result; the finite verb stays in position 2.,,,,duplicate_v02_lineage_resolved,duplicate_v02_lineage_resolved,
content/b1-m14-connectors-sentence-functions.js,v080149_cat14_collocation_cat14_coll_005,cat14-coll-005,cat14-coll-005,matched_replacement_layer,Exception,manual review: unrecognised v0.2 decision vocabulary,revise_light,revise_light,,CORE_SAFE_V02_REPLACEMENT,future apply patch may replace schema-compatible learner-facing fields from v0.2/recovery while preserving current item ID,Auswahl,selected_choice_value,CAT14-collocation-cat14_coll_005,true,microRule/explainText,Welche Kollokation passt? that is why + V2,,Choose the best German option.,,darum rufe ich an | deshalb | deswegen | darum ich rufe,,darum rufe ich an,darum rufe ich an,`deshalb/deswegen` show a result; the finite verb stays in position 2.,`deshalb/deswegen` show a result; the finite verb stays in position 2.,,,,duplicate_v02_lineage_resolved,duplicate_v02_lineage_resolved,
content/b1-m14-connectors-sentence-functions.js,v080149_cat14_collocation_cat14_coll_010,cat14-coll-010,cat14-coll-010,matched_replacement_layer,Exception,manual review: unrecognised v0.2 decision vocabulary,revise_light,revise_light,,CORE_SAFE_V02_REPLACEMENT,future apply patch may replace schema-compatible learner-facing fields from v0.2/recovery while preserving current item ID,Auswahl,selected_choice_value,CAT14-collocation-cat14_coll_010,true,microRule/explainText,Welche Kollokation passt? so/therefore + V2,,Choose the best German option.,,Also brauche ich eine Kopie | auch | deshalb | Also ich brauche as direct English also,,Also brauche ich eine Kopie,Also brauche ich eine Kopie,`deshalb/deswegen` show a result; the finite verb stays in position 2.,`deshalb/deswegen` show a result; the finite verb stays in position 2.,,,,duplicate_v02_lineage_resolved,duplicate_v02_lineage_resolved,
content/b1-m14-connectors-sentence-functions.js,v080149_cat14_collocation_cat14_coll_012,cat14-coll-012,cat14-coll-012,matched_replacement_layer,Exception,manual review: unrecognised v0.2 decision vocabulary,revise_light,revise_light,,CORE_SAFE_V02_REPLACEMENT,future apply patch may replace schema-compatible learner-facing fields from v0.2/recovery while preserving current item ID,Auswahl,selected_choice_value,CAT14-collocation-cat14_coll_012,true,microRule/explainText,Welche Kollokation passt? but + main clause,,Choose the best German option.,,aber ich brauche eine Bestätigung | obwohl | trotzdem | sondern,,aber ich brauche eine Bestätigung,aber ich brauche eine Bestätigung,`obwohl` introduces a concession; the finite verb goes to the end.,`obwohl` introduces a concession; the finite verb goes to the end.,,,,duplicate_v02_lineage_resolved,duplicate_v02_lineage_resolved,
content/b1-m14-connectors-sentence-functions.js,v080149_cat14_collocation_cat14_coll_013,cat14-coll-013,cat14-coll-013,matched_replacement_layer,Exception,manual review: unrecognised v0.2 decision vocabulary,revise_light,revise_light,,CORE_SAFE_V02_REPLACEMENT,future apply patch may replace schema-compatible learner-facing fields from v0.2/recovery while preserving current item ID,Auswahl,selected_choice_value,CAT14-collocation-cat14_coll_013,true,microRule/explainText,Welche Kollokation passt? not X but Y,,Choose the best German option.,,"keine Kopie, sondern das Original | aber | positive first clause + sondern | weil ich krank bin",,"keine Kopie, sondern das Original","keine Kopie, sondern das Original","`sondern` corrects a negative first idea: nicht A, sondern B.","`sondern` corrects a negative first idea: nicht A, sondern B.",,,,duplicate_v02_lineage_resolved,duplicate_v02_lineage_resolved,
content/b1-m14-connectors-sentence-functions.js,v080149_cat14_collocation_cat14_coll_014,cat14-coll-014,cat14-coll-014,matched_replacement_layer,Exception,manual review: unrecognised v0.2 decision vocabulary,revise_light,revise_light,,CORE_SAFE_V02_REPLACEMENT,future apply patch may replace schema-compatible learner-facing fields from v0.2/recovery while preserving current item ID,Auswahl,selected_choice_value,CAT14-collocation-cat14_coll_014,true,microRule/explainText,Welche Kollokation passt? although + subordinate clause,,Choose the best German option.,,obwohl ich wenig Zeit habe | trotzdem | aber | obwohl ich habe wenig Zeit,,obwohl ich wenig Zeit habe,obwohl ich wenig Zeit habe,`obwohl` introduces a concession; the finite verb goes to the end.,`obwohl` introduces a concession; the finite verb goes to the end.,,,,duplicate_v02_lineage_resolved,duplicate_v02_lineage_resolved,
content/b1-m14-connectors-sentence-functions.js,v080149_cat14_collocation_cat14_coll_015,cat14-coll-015,cat14-coll-015,matched_replacement_layer,Exception,manual review: unrecognised v0.2 decision vocabulary,revise_light,revise_light,,CORE_SAFE_V02_REPLACEMENT,future apply patch may replace schema-compatible learner-facing fields from v0.2/recovery while preserving current item ID,Auswahl,selected_choice_value,CAT14-collocation-cat14_coll_015,true,microRule/explainText,Welche Kollokation passt? nevertheless + V2,,Choose the best German option.,,trotzdem rufe ich an | obwohl | aber | trotzdem ich rufe an,,trotzdem rufe ich an,trotzdem rufe ich an,`obwohl` introduces a concession; the finite verb goes to the end.,`obwohl` introduces a concession; the finite verb goes to the end.,,,,duplicate_v02_lineage_resolved,duplicate_v02_lineage_resolved,
content/b1-m14-connectors-sentence-functions.js,v080149_cat14_collocation_cat14_coll_019,cat14-coll-019,cat14-coll-019,matched_replacement_layer,Exception,manual review: unrecognised v0.2 decision vocabulary,revise_light,revise_light,,CORE_SAFE_V02_REPLACEMENT,future apply patch may replace schema-compatible learner-facing fields from v0.2/recovery while preserving current item ID,Auswahl,selected_choice_value,CAT14-collocation-cat14_coll_019,true,microRule/explainText,Welche Kollokation passt? if/when + subordinate clause,,Choose the best German option.,,wenn Sie Zeit haben | ob | als | falls,,wenn Sie Zeit haben,wenn Sie Zeit haben,`wenn` is used for conditions/repeated times; `als` is for one past time.,`wenn` is used for conditions/repeated times; `als` is for one past time.,,,,duplicate_v02_lineage_resolved,duplicate_v02_lineage_resolved,
content/b1-m14-connectors-sentence-functions.js,v080149_cat14_collocation_cat14_coll_020,cat14-coll-020,cat14-coll-020,matched_replacement_layer,Exception,manual review: unrecognised v0.2 decision vocabulary,revise_light,revise_light,,CORE_SAFE_V02_REPLACEMENT,future apply patch may replace schema-compatible learner-facing fields from v0.2/recovery while preserving current item ID,Auswahl,selected_choice_value,CAT14-collocation-cat14_coll_020,true,microRule/explainText,Welche Kollokation passt? if/in case + subordinate clause,,Choose the best German option.,,"falls etwas fehlt | wenn | ob | falls etwas fehlt, ich melde",,falls etwas fehlt,falls etwas fehlt,`wenn` introduces a condition; the finite verb goes to the end.,`wenn` introduces a condition; the finite verb goes to the end.,,,,duplicate_v02_lineage_resolved,duplicate_v02_lineage_resolved,
content/b1-m14-connectors-sentence-functions.js,v080149_cat14_collocation_cat14_coll_022,cat14-coll-022,cat14-coll-022,matched_replacement_layer,Exception,manual review: unrecognised v0.2 decision vocabulary,revise_light,revise_light,,CORE_SAFE_V02_REPLACEMENT,future apply patch may replace schema-compatible learner-facing fields from v0.2/recovery while preserving current item ID,Auswahl,selected_choice_value,CAT14-collocation-cat14_coll_022,true,microRule/explainText,Welche Kollokation passt? whether + subordinate clause,,Choose the best German option.,,"ob der Termin bestätigt ist | wenn | dass | Ich weiß nicht, wenn...",,ob der Termin bestätigt ist,ob der Termin bestätigt ist,`wenn` introduces a condition; the finite verb goes to the end.,`wenn` introduces a condition; the finite verb goes to the end.,,,,duplicate_v02_lineage_resolved,duplicate_v02_lineage_resolved,
content/b1-m14-connectors-sentence-functions.js,v080149_cat14_collocation_cat14_coll_023,cat14-coll-023,cat14-coll-023,matched_replacement_layer,Exception,manual review: unrecognised v0.2 decision vocabulary,revise_light,revise_light,,CORE_SAFE_V02_REPLACEMENT,future apply patch may replace schema-compatible learner-facing fields from v0.2/recovery while preserving current item ID,Auswahl,selected_choice_value,CAT14-collocation-cat14_coll_023,true,microRule/explainText,Welche Kollokation passt? that + subordinate clause,,Choose the best German option.,,"dass der Termin stattfindet | das | ob | Ich hoffe, das der Termin...",,dass der Termin stattfindet,dass der Termin stattfindet,`ob` introduces an indirect yes/no question; the finite verb goes to the end.,`ob` introduces an indirect yes/no question; the finite verb goes to the end.,,,,duplicate_v02_lineage_resolved,duplicate_v02_lineage_resolved,
content/b1-m14-connectors-sentence-functions.js,v080149_cat14_collocation_cat14_coll_024,cat14-coll-024,cat14-coll-024,matched_replacement_layer,Exception,manual review: unrecognised v0.2 decision vocabulary,revise_light,revise_light,,CORE_SAFE_V02_REPLACEMENT,future apply patch may replace schema-compatible learner-facing fields from v0.2/recovery while preserving current item ID,Auswahl,selected_choice_value,CAT14-collocation-cat14_coll_024,true,microRule/explainText,Welche Kollokation passt? why in indirect question,,Choose the best German option.,,warum der Termin ausfällt | weil | warum fällt der Termin aus in indirect clause | weil ich krank bin,,warum der Termin ausfällt,warum der Termin ausfällt,`weil` gives a reason; the finite verb goes to the end.,`weil` gives a reason; the finite verb goes to the end.,,,,duplicate_v02_lineage_resolved,duplicate_v02_lineage_resolved,
content/b1-m14-connectors-sentence-functions.js,v080149_cat14_collocation_cat14_coll_025,cat14-coll-025,cat14-coll-025,matched_replacement_layer,Exception,manual review: unrecognised v0.2 decision vocabulary,revise_light,revise_light,,CORE_SAFE_V02_REPLACEMENT,future apply patch may replace schema-compatible learner-facing fields from v0.2/recovery while preserving current item ID,Auswahl,selected_choice_value,CAT14-collocation-cat14_coll_025,true,microRule/explainText,Welche Kollokation passt? when in indirect question,,Choose the best German option.,,wann der Termin beginnt | wenn | als | wann beginnt der Termin in indirect clause,,wann der Termin beginnt,wann der Termin beginnt,`wenn` is used for conditions/repeated times; `als` is for one past time.,`wenn` is used for conditions/repeated times; `als` is for one past time.,,,,duplicate_v02_lineage_resolved,duplicate_v02_lineage_resolved,
content/b1-m14-connectors-sentence-functions.js,v080149_cat14_collocation_cat14_coll_026,cat14-coll-026,cat14-coll-026,matched_replacement_layer,Exception,manual review: unrecognised v0.2 decision vocabulary,revise_light,revise_light,,CORE_SAFE_V02_REPLACEMENT,future apply patch may replace schema-compatible learner-facing fields from v0.2/recovery while preserving current item ID,Auswahl,selected_choice_value,CAT14-collocation-cat14_coll_026,true,microRule/explainText,Welche Kollokation passt? where in indirect question,,Choose the best German option.,,wo der Raum ist | wohin | wenn | wo ist der Raum in indirect clause,,wo der Raum ist,wo der Raum ist,`wenn` introduces a condition; the finite verb goes to the end.,`wenn` introduces a condition; the finite verb goes to the end.,,,,duplicate_v02_lineage_resolved,duplicate_v02_lineage_resolved,
content/b1-m14-connectors-sentence-functions.js,v080149_cat14_collocation_cat14_coll_027,cat14-coll-027,cat14-coll-027,matched_replacement_layer,Exception,manual review: unrecognised v0.2 decision vocabulary,revise_light,revise_light,,CORE_SAFE_V02_REPLACEMENT,future apply patch may replace schema-compatible learner-facing fields from v0.2/recovery while preserving current item ID,Auswahl,selected_choice_value,CAT14-collocation-cat14_coll_027,true,microRule/explainText,Welche Kollokation passt? how in indirect question,,Choose the best German option.,,wie ich das Formular speichern kann | ob | was | wie kann ich... in indirect clause,,wie ich das Formular speichern kann,wie ich das Formular speichern kann,`ob` introduces an indirect yes/no question; the finite verb goes to the end.,`ob` introduces an indirect yes/no question; the finite verb goes to the end.,,,,duplicate_v02_lineage_resolved,duplicate_v02_lineage_resolved,
content/b1-m14-connectors-sentence-functions.js,v080149_cat14_collocation_cat14_coll_030,cat14-coll-030,cat14-coll-030,matched_replacement_layer,Exception,manual review: unrecognised v0.2 decision vocabulary,revise_light,revise_light,,CORE_SAFE_V02_REPLACEMENT,future apply patch may replace schema-compatible learner-facing fields from v0.2/recovery while preserving current item ID,Auswahl,selected_choice_value,CAT14-collocation-cat14_coll_030,true,microRule/explainText,Welche Kollokation passt? while + subordinate clause,,Choose the best German option.,,"während ich warte | bevor | nachdem | während ich warte, ich fülle",,während ich warte,während ich warte,`bevor` means before; the finite verb goes to the end.,`bevor` means before; the finite verb goes to the end.,,,,duplicate_v02_lineage_resolved,duplicate_v02_lineage_resolved,
content/b1-m14-connectors-sentence-functions.js,v080149_cat14_collocation_cat14_coll_037,cat14-coll-037,cat14-coll-037,matched_replacement_layer,Exception,manual review: unrecognised v0.2 decision vocabulary,revise_light,revise_light,,CORE_SAFE_V02_REPLACEMENT,future apply patch may replace schema-compatible learner-facing fields from v0.2/recovery while preserving current item ID,Auswahl,selected_choice_value,CAT14-collocation-cat14_coll_037,true,microRule/explainText,Welche Kollokation passt? whenever + repeated situation,,Choose the best German option.,,immer wenn ich Fragen habe | als | wenn | immer als ich Fragen habe,,immer wenn ich Fragen habe,immer wenn ich Fragen habe,`wenn` is used for conditions/repeated times; `als` is for one past time.,`wenn` is used for conditions/repeated times; `als` is for one past time.,,,,duplicate_v02_lineage_resolved,duplicate_v02_lineage_resolved,
content/b1-m14-connectors-sentence-functions.js,v080149_cat14_collocation_cat14_coll_045,cat14-coll-045,cat14-coll-045,matched_replacement_layer,Exception,manual review: unrecognised v0.2 decision vocabulary,revise_light,revise_light,,CORE_SAFE_V02_REPLACEMENT,future apply patch may replace schema-compatible learner-facing fields from v0.2/recovery while preserving current item ID,Auswahl,selected_choice_value,CAT14-collocation-cat14_coll_045,true,microRule/explainText,Welche Kollokation passt? first + V2,,Choose the best German option.,,Zuerst lese ich die Aufgabe | erst | dann | Zuerst ich lese,,Zuerst lese ich die Aufgabe,Zuerst lese ich die Aufgabe,Sequence words order events; main-clause word order still needs verb in position 2.,Sequence words order events; main-clause word order still needs verb in position 2.,,,,duplicate_v02_lineage_resolved,duplicate_v02_lineage_resolved,
content/b1-m14-connectors-sentence-functions.js,v080149_cat14_collocation_cat14_coll_046,cat14-coll-046,cat14-coll-046,matched_replacement_layer,Exception,manual review: unrecognised v0.2 decision vocabulary,revise_light,revise_light,,CORE_SAFE_V02_REPLACEMENT,future apply patch may replace schema-compatible learner-facing fields from v0.2/recovery while preserving current item ID,Auswahl,selected_choice_value,CAT14-collocation-cat14_coll_046,true,microRule/explainText,Welche Kollokation passt? then + V2,,Choose the best German option.,,Dann schreibe ich die Antwort | wenn | danach | Dann ich schreibe,,Dann schreibe ich die Antwort,Dann schreibe ich die Antwort,`wenn` introduces a condition; the finite verb goes to the end.,`wenn` introduces a condition; the finite verb goes to the end.,,,,duplicate_v02_lineage_resolved,duplicate_v02_lineage_resolved,
content/b1-m14-connectors-sentence-functions.js,v080149_cat14_collocation_cat14_coll_047,cat14-coll-047,cat14-coll-047,matched_replacement_layer,Exception,manual review: unrecognised v0.2 decision vocabulary,revise_light,revise_light,,CORE_SAFE_V02_REPLACEMENT,future apply patch may replace schema-compatible learner-facing fields from v0.2/recovery while preserving current item ID,Auswahl,selected_choice_value,CAT14-collocation-cat14_coll_047,true,microRule/explainText,Welche Kollokation passt? after that + V2,,Choose the best German option.,,Danach kontrolliere ich die Lösung | nachdem | dann | Danach ich kontrolliere,,Danach kontrolliere ich die Lösung,Danach kontrolliere ich die Lösung,`nachdem` means after something has happened; tense/order nuance needs review.,`nachdem` means after something has happened; tense/order nuance needs review.,,,,duplicate_v02_lineage_resolved,duplicate_v02_lineage_resolved,
content/b1-m14-connectors-sentence-functions.js,v080149_cat14_collocation_cat14_coll_048,cat14-coll-048,cat14-coll-048,matched_replacement_layer,Exception,manual review: unrecognised v0.2 decision vocabulary,revise_light,revise_light,,CORE_SAFE_V02_REPLACEMENT,future apply patch may replace schema-compatible learner-facing fields from v0.2/recovery while preserving current item ID,Auswahl,selected_choice_value,CAT14-collocation-cat14_coll_048,true,microRule/explainText,Welche Kollokation passt? beforehand + V2,,Choose the best German option.,,Vorher prüfe ich die Angaben | bevor | Vorher ich prüfe | weil ich krank bin,,Vorher prüfe ich die Angaben,Vorher prüfe ich die Angaben,`bevor` means before; the finite verb goes to the end.,`bevor` means before; the finite verb goes to the end.,,,,duplicate_v02_lineage_resolved,duplicate_v02_lineage_resolved,
content/b1-m14-connectors-sentence-functions.js,v080149_cat14_collocation_cat14_coll_051,cat14-coll-051,cat14-coll-051,matched_replacement_layer,Exception,manual review: unrecognised v0.2 decision vocabulary,revise_light,revise_light,,CORE_SAFE_V02_REPLACEMENT,future apply patch may replace schema-compatible learner-facing fields from v0.2/recovery while preserving current item ID,Auswahl,selected_choice_value,CAT14-collocation-cat14_coll_051,true,microRule/explainText,Welche Kollokation passt? in addition + V2,,Choose the best German option.,,Außerdem brauche ich eine Bestätigung | auch | zusätzlich | Außerdem ich brauche,,Außerdem brauche ich eine Bestätigung,Außerdem brauche ich eine Bestätigung,`außerdem/zusätzlich` add information; the finite verb stays in position 2.,`außerdem/zusätzlich` add information; the finite verb stays in position 2.,,,,duplicate_v02_lineage_resolved,duplicate_v02_lineage_resolved,
content/b1-m14-connectors-sentence-functions.js,v080149_cat14_collocation_cat14_coll_052,cat14-coll-052,cat14-coll-052,matched_replacement_layer,Exception,manual review: unrecognised v0.2 decision vocabulary,revise_light,revise_light,,CORE_SAFE_V02_REPLACEMENT,future apply patch may replace schema-compatible learner-facing fields from v0.2/recovery while preserving current item ID,Auswahl,selected_choice_value,CAT14-collocation-cat14_coll_052,true,microRule/explainText,Welche Kollokation passt? additionally + V2,,Choose the best German option.,,Zusätzlich schicke ich eine Kopie | außerdem | auch | Zusätzlich ich schicke,,Zusätzlich schicke ich eine Kopie,Zusätzlich schicke ich eine Kopie,`außerdem/zusätzlich` add information; the finite verb stays in position 2.,`außerdem/zusätzlich` add information; the finite verb stays in position 2.,,,,duplicate_v02_lineage_resolved,duplicate_v02_lineage_resolved,
content/b1-m14-connectors-sentence-functions.js,v080149_cat14_collocation_cat14_coll_053,cat14-coll-053,cat14-coll-053,matched_replacement_layer,Exception,manual review: unrecognised v0.2 decision vocabulary,revise_light,revise_light,,CORE_SAFE_V02_REPLACEMENT,future apply patch may replace schema-compatible learner-facing fields from v0.2/recovery while preserving current item ID,Auswahl,selected_choice_value,CAT14-collocation-cat14_coll_053,true,microRule/explainText,Welche Kollokation passt? also/too,,Choose the best German option.,,Ich brauche auch eine Kopie | also | außerdem | Auch ich brauche... when not intended,,Ich brauche auch eine Kopie,Ich brauche auch eine Kopie,`als` is used for one past time; word order is verb-final in the clause.,`als` is used for one past time; word order is verb-final in the clause.,,,,duplicate_v02_lineage_resolved,duplicate_v02_lineage_resolved,
content/b1-m14-connectors-sentence-functions.js,v080149_cat14_collocation_cat14_coll_054,cat14-coll-054,cat14-coll-054,matched_replacement_layer,Exception,manual review: unrecognised v0.2 decision vocabulary,revise_light,revise_light,,CORE_SAFE_V02_REPLACEMENT,future apply patch may replace schema-compatible learner-facing fields from v0.2/recovery while preserving current item ID,Auswahl,selected_choice_value,CAT14-collocation-cat14_coll_054,true,microRule/explainText,Welche Kollokation passt? or,,Choose the best German option.,,anrufen oder schreiben | entweder ... oder | oder as contrast correction | weil ich krank bin,,anrufen oder schreiben,anrufen oder schreiben,`entweder ... oder` gives alternatives.,`entweder ... oder` gives alternatives.,,,,duplicate_v02_lineage_resolved,duplicate_v02_lineage_resolved,
content/b1-m14-connectors-sentence-functions.js,v080149_cat14_collocation_cat14_coll_058,cat14-coll-058,cat14-coll-058,matched_replacement_layer,Exception,manual review: unrecognised v0.2 decision vocabulary,revise_light,revise_light,,CORE_SAFE_V02_REPLACEMENT,future apply patch may replace schema-compatible learner-facing fields from v0.2/recovery while preserving current item ID,Auswahl,selected_choice_value,CAT14-collocation-cat14_coll_058,true,microRule/explainText,Welche Kollokation passt? instead + V2,,Choose the best German option.,,Stattdessen schreibe ich eine E-Mail | statt ... zu | sondern | Stattdessen ich schreibe,,Stattdessen schreibe ich eine E-Mail,Stattdessen schreibe ich eine E-Mail,"`sondern` corrects a negative first idea: nicht A, sondern B.","`sondern` corrects a negative first idea: nicht A, sondern B.",,,,duplicate_v02_lineage_resolved,duplicate_v02_lineage_resolved,
content/b1-m14-connectors-sentence-functions.js,v080149_cat14_contrast_cat14_cs_001,cat14-cs-001,cat14-cs-001,matched_replacement_layer,Exception,manual review: unrecognised v0.2 decision vocabulary,revise_light,revise_light,,CORE_SAFE_V02_REPLACEMENT,future apply patch may replace schema-compatible learner-facing fields from v0.2/recovery while preserving current item ID,Auswahl,selected_choice_value,CAT14-contrast-cat14_cs_001,true,prompt; microRule/explainText,Welche Verbindung passt in dieser Situation?,Welche Verbindung passt in dieser Situation?,weil vs denn,,weil ich krank bin | denn ich krank bin | deshalb ich krank bin | weil ich bin krank,weil ich krank bin | denn ich krank bin | deshalb ich krank bin | weil ich bin krank,weil ich krank bin,weil ich krank bin,`weil` gives a reason; the finite verb goes to the end.,`weil` gives a reason; the finite verb goes to the end.,,,,duplicate_v02_lineage_resolved,duplicate_v02_lineage_resolved,
content/b1-m14-connectors-sentence-functions.js,v080149_cat14_contrast_cat14_cs_002,cat14-cs-002,cat14-cs-002,matched_replacement_layer,Exception,manual review: unrecognised v0.2 decision vocabulary,revise_light,revise_light,,CORE_SAFE_V02_REPLACEMENT,future apply patch may replace schema-compatible learner-facing fields from v0.2/recovery while preserving current item ID,Auswahl,selected_choice_value,CAT14-contrast-cat14_cs_002,true,prompt; microRule/explainText,Welche Verbindung passt in dieser Situation?,Welche Verbindung passt in dieser Situation?,denn vs weil,,denn ich bin krank | weil ich bin krank | denn ich krank bin | deshalb ich bin krank,denn ich bin krank | weil ich bin krank | denn ich krank bin | deshalb ich bin krank,denn ich bin krank,denn ich bin krank,`weil` gives a reason; the finite verb goes to the end.,`weil` gives a reason; the finite verb goes to the end.,,,,duplicate_v02_lineage_resolved,duplicate_v02_lineage_resolved,
content/b1-m14-connectors-sentence-functions.js,v080149_cat14_contrast_cat14_cs_003,cat14-cs-003,cat14-cs-003,matched_replacement_layer,Exception,manual review: unrecognised v0.2 decision vocabulary,revise_light,revise_light,,CORE_SAFE_V02_REPLACEMENT,future apply patch may replace schema-compatible learner-facing fields from v0.2/recovery while preserving current item ID,Auswahl,selected_choice_value,CAT14-contrast-cat14_cs_003,true,prompt; microRule/explainText,Welche Verbindung passt in dieser Situation?,Welche Verbindung passt in dieser Situation?,deshalb vs weil,,deshalb kann ich nicht kommen | weil ich nicht kommen kann | denn kann ich nicht kommen | deshalb ich kann nicht kommen,deshalb kann ich nicht kommen | weil ich nicht kommen kann | denn kann ich nicht kommen | deshalb ich kann nicht kommen,deshalb kann ich nicht kommen,deshalb kann ich nicht kommen,`weil` gives a reason; the finite verb goes to the end.,`weil` gives a reason; the finite verb goes to the end.,,,,duplicate_v02_lineage_resolved,duplicate_v02_lineage_resolved,
content/b1-m14-connectors-sentence-functions.js,v080149_cat14_contrast_cat14_cs_004,cat14-cs-004,cat14-cs-004,matched_replacement_layer,Exception,manual review: unrecognised v0.2 decision vocabulary,revise_light,revise_light,,CORE_SAFE_V02_REPLACEMENT,future apply patch may replace schema-compatible learner-facing fields from v0.2/recovery while preserving current item ID,Auswahl,selected_choice_value,CAT14-contrast-cat14_cs_004,true,prompt; microRule/explainText,Welche Verbindung passt in dieser Situation?,Welche Verbindung passt in dieser Situation?,obwohl vs trotzdem,,obwohl ich wenig Zeit habe | trotzdem ich wenig Zeit habe | aber ich wenig Zeit habe | obwohl ich habe wenig Zeit,obwohl ich wenig Zeit habe | trotzdem ich wenig Zeit habe | aber ich wenig Zeit habe | obwohl ich habe wenig Zeit,obwohl ich wenig Zeit habe,obwohl ich wenig Zeit habe,`obwohl` introduces a concession; the finite verb goes to the end.,`obwohl` introduces a concession; the finite verb goes to the end.,,,,duplicate_v02_lineage_resolved,duplicate_v02_lineage_resolved,
content/b1-m14-connectors-sentence-functions.js,v080149_cat14_contrast_cat14_cs_005,cat14-cs-005,cat14-cs-005,matched_replacement_layer,Exception,manual review: unrecognised v0.2 decision vocabulary,revise_light,revise_light,,CORE_SAFE_V02_REPLACEMENT,future apply patch may replace schema-compatible learner-facing fields from v0.2/recovery while preserving current item ID,Auswahl,selected_choice_value,CAT14-contrast-cat14_cs_005,true,prompt; microRule/explainText,Welche Verbindung passt in dieser Situation?,Welche Verbindung passt in dieser Situation?,trotzdem vs obwohl,,trotzdem rufe ich an | obwohl rufe ich an | trotzdem ich rufe an | aber rufe ich an,trotzdem rufe ich an | obwohl rufe ich an | trotzdem ich rufe an | aber rufe ich an,trotzdem rufe ich an,trotzdem rufe ich an,`obwohl` introduces a concession; the finite verb goes to the end.,`obwohl` introduces a concession; the finite verb goes to the end.,,,,duplicate_v02_lineage_resolved,duplicate_v02_lineage_resolved,
content/b1-m14-connectors-sentence-functions.js,v080149_cat14_contrast_cat14_cs_006,cat14-cs-006,cat14-cs-006,matched_replacement_layer,Exception,manual review: unrecognised v0.2 decision vocabulary,revise_light,revise_light,,CORE_SAFE_V02_REPLACEMENT,future apply patch may replace schema-compatible learner-facing fields from v0.2/recovery while preserving current item ID,Auswahl,selected_choice_value,CAT14-contrast-cat14_cs_006,true,prompt; microRule/explainText,Welche Verbindung passt in dieser Situation?,Welche Verbindung passt in dieser Situation?,aber vs sondern,,sondern das Original | aber das Original | obwohl das Original | trotzdem das Original,sondern das Original | aber das Original | obwohl das Original | trotzdem das Original,sondern das Original,sondern das Original,`obwohl` introduces a concession; the finite verb goes to the end.,`obwohl` introduces a concession; the finite verb goes to the end.,,,,duplicate_v02_lineage_resolved,duplicate_v02_lineage_resolved,
content/b1-m14-connectors-sentence-functions.js,v080149_cat14_contrast_cat14_cs_007,cat14-cs-007,cat14-cs-007,matched_replacement_layer,Exception,manual review: unrecognised v0.2 decision vocabulary,revise_light,revise_light,,CORE_SAFE_V02_REPLACEMENT,future apply patch may replace schema-compatible learner-facing fields from v0.2/recovery while preserving current item ID,Auswahl,selected_choice_value,CAT14-contrast-cat14_cs_007,true,prompt; microRule/explainText,Welche Verbindung passt in dieser Situation?,Welche Verbindung passt in dieser Situation?,wenn vs ob,,ob der Termin frei ist | wenn der Termin frei ist | als der Termin frei ist | weil der Termin frei ist,ob der Termin frei ist | wenn der Termin frei ist | als der Termin frei ist | weil der Termin frei ist,ob der Termin frei ist,ob der Termin frei ist,`weil` gives a reason; the finite verb goes to the end.,`weil` gives a reason; the finite verb goes to the end.,,,,duplicate_v02_lineage_resolved,duplicate_v02_lineage_resolved,
content/b1-m14-connectors-sentence-functions.js,v080149_cat14_contrast_cat14_cs_008,cat14-cs-008,cat14-cs-008,matched_replacement_layer,Exception,manual review: unrecognised v0.2 decision vocabulary,revise_light,revise_light,,CORE_SAFE_V02_REPLACEMENT,future apply patch may replace schema-compatible learner-facing fields from v0.2/recovery while preserving current item ID,Auswahl,selected_choice_value,CAT14-contrast-cat14_cs_008,true,prompt; microRule/explainText,Welche Verbindung passt in dieser Situation?,Welche Verbindung passt in dieser Situation?,wenn vs falls,,wenn Sie Zeit haben | ob Sie Zeit haben | als Sie Zeit haben | dass Sie Zeit haben,wenn Sie Zeit haben | ob Sie Zeit haben | als Sie Zeit haben | dass Sie Zeit haben,wenn Sie Zeit haben,wenn Sie Zeit haben,`wenn` is used for conditions/repeated times; `als` is for one past time.,`wenn` is used for conditions/repeated times; `als` is for one past time.,,,,duplicate_v02_lineage_resolved,duplicate_v02_lineage_resolved,
content/b1-m14-connectors-sentence-functions.js,v080149_cat14_contrast_cat14_cs_017,cat14-cs-017,cat14-cs-017,matched_replacement_layer,Exception,manual review: unrecognised v0.2 decision vocabulary,revise_light,revise_light,,CORE_SAFE_V02_REPLACEMENT,future apply patch may replace schema-compatible learner-facing fields from v0.2/recovery while preserving current item ID,Auswahl,selected_choice_value,CAT14-contrast-cat14_cs_017,true,prompt; microRule/explainText,Welche Verbindung passt in dieser Situation?,Welche Verbindung passt in dieser Situation?,dass vs das,,dass der Termin stattfindet | das der Termin stattfindet | ob der Termin stattfindet | wenn der Termin stattfindet,dass der Termin stattfindet | das der Termin stattfindet | ob der Termin stattfindet | wenn der Termin stattfindet,dass der Termin stattfindet,dass der Termin stattfindet,`wenn` introduces a condition; the finite verb goes to the end.,`wenn` introduces a condition; the finite verb goes to the end.,,,,duplicate_v02_lineage_resolved,duplicate_v02_lineage_resolved,
content/b1-m14-connectors-sentence-functions.js,v080149_cat14_contrast_cat14_cs_018,cat14-cs-018,cat14-cs-018,matched_replacement_layer,Exception,manual review: unrecognised v0.2 decision vocabulary,revise_light,revise_light,,CORE_SAFE_V02_REPLACEMENT,future apply patch may replace schema-compatible learner-facing fields from v0.2/recovery while preserving current item ID,Auswahl,selected_choice_value,CAT14-contrast-cat14_cs_018,true,prompt; microRule/explainText,Welche Verbindung passt in dieser Situation?,Welche Verbindung passt in dieser Situation?,wann vs wenn,,wann der Termin beginnt | wenn der Termin beginnt | als der Termin beginnt | dass der Termin beginnt,wann der Termin beginnt | wenn der Termin beginnt | als der Termin beginnt | dass der Termin beginnt,wann der Termin beginnt,wann der Termin beginnt,`wenn` is used for conditions/repeated times; `als` is for one past time.,`wenn` is used for conditions/repeated times; `als` is for one past time.,,,,duplicate_v02_lineage_resolved,duplicate_v02_lineage_resolved,
content/b1-m14-connectors-sentence-functions.js,v080149_cat14_contrast_cat14_cs_019,cat14-cs-019,cat14-cs-019,matched_replacement_layer,Exception,manual review: unrecognised v0.2 decision vocabulary,revise_light,revise_light,,CORE_SAFE_V02_REPLACEMENT,future apply patch may replace schema-compatible learner-facing fields from v0.2/recovery while preserving current item ID,Auswahl,selected_choice_value,CAT14-contrast-cat14_cs_019,true,prompt; microRule/explainText,Welche Verbindung passt in dieser Situation?,Welche Verbindung passt in dieser Situation?,außerdem vs auch,,außerdem brauche ich ... | auch brauche ich ... | also brauche ich ... | weil brauche ich ...,außerdem brauche ich ... | auch brauche ich ... | also brauche ich ... | weil brauche ich ...,außerdem brauche ich ...,außerdem brauche ich ...,`weil` gives a reason; the finite verb goes to the end.,`weil` gives a reason; the finite verb goes to the end.,,,,duplicate_v02_lineage_resolved,duplicate_v02_lineage_resolved,
content/b1-m14-connectors-sentence-functions.js,v080149_cat14_contrast_cat14_cs_020,cat14-cs-020,cat14-cs-020,matched_replacement_layer,Exception,manual review: unrecognised v0.2 decision vocabulary,revise_light,revise_light,,CORE_SAFE_V02_REPLACEMENT,future apply patch may replace schema-compatible learner-facing fields from v0.2/recovery while preserving current item ID,Auswahl,selected_choice_value,CAT14-contrast-cat14_cs_020,true,prompt; microRule/explainText,Welche Verbindung passt in dieser Situation?,Welche Verbindung passt in dieser Situation?,zuerst/dann,,"Zuerst lese ich, dann schreibe ich. | Zuerst ich lese, dann ich schreibe. | Bevor lese ich, dann schreibe ich. | Zuerst lese ich, weil schreibe ich.","Zuerst lese ich, dann schreibe ich. | Zuerst ich lese, dann ich schreibe. | Bevor lese ich, dann schreibe ich. | Zuerst lese ich, weil schreibe ich.","Zuerst lese ich, dann schreibe ich.","Zuerst lese ich, dann schreibe ich.",`weil` gives a reason; the finite verb goes to the end.,`weil` gives a reason; the finite verb goes to the end.,,,,duplicate_v02_lineage_resolved,duplicate_v02_lineage_resolved,
content/b1-m14-connectors-sentence-functions.js,v080149_cat14_contrast_cat14_cs_021,cat14-cs-021,cat14-cs-021,matched_replacement_layer,Exception,manual review: unrecognised v0.2 decision vocabulary,revise_light,revise_light,,CORE_SAFE_V02_REPLACEMENT,future apply patch may replace schema-compatible learner-facing fields from v0.2/recovery while preserving current item ID,Auswahl,selected_choice_value,CAT14-contrast-cat14_cs_021,true,prompt; microRule/explainText,Welche Verbindung passt in dieser Situation?,Welche Verbindung passt in dieser Situation?,vorher vs bevor,,vorher prüfe ich die Angaben | bevor prüfe ich die Angaben | vorher ich prüfe | bevor ich prüfe ich,vorher prüfe ich die Angaben | bevor prüfe ich die Angaben | vorher ich prüfe | bevor ich prüfe ich,vorher prüfe ich die Angaben,vorher prüfe ich die Angaben,`als` is used for one past time; word order is verb-final in the clause.,`als` is used for one past time; word order is verb-final in the clause.,,,,duplicate_v02_lineage_resolved,duplicate_v02_lineage_resolved,
content/b1-m14-connectors-sentence-functions.js,v080149_cat14_contrast_cat14_cs_028,cat14-cs-028,cat14-cs-028,matched_replacement_layer,Exception,manual review: unrecognised v0.2 decision vocabulary,revise_light,revise_light,,CORE_SAFE_V02_REPLACEMENT,future apply patch may replace schema-compatible learner-facing fields from v0.2/recovery while preserving current item ID,Auswahl,selected_choice_value,CAT14-contrast-cat14_cs_028,true,prompt; microRule/explainText,Welche Verbindung passt in dieser Situation?,Welche Verbindung passt in dieser Situation?,fronted connector V2,,Deshalb komme ich später. | Deshalb ich komme später. | Weil komme ich später. | Obwohl komme ich später.,Deshalb komme ich später. | Deshalb ich komme später. | Weil komme ich später. | Obwohl komme ich später.,Deshalb komme ich später.,Deshalb komme ich später.,`weil` gives a reason; the finite verb goes to the end.,`weil` gives a reason; the finite verb goes to the end.,,,,duplicate_v02_lineage_resolved,duplicate_v02_lineage_resolved,
content/b1-m14-connectors-sentence-functions.js,v080149_cat14_contrast_cat14_cs_029,cat14-cs-029,cat14-cs-029,matched_replacement_layer,Exception,manual review: unrecognised v0.2 decision vocabulary,revise_light,revise_light,,CORE_SAFE_V02_REPLACEMENT,future apply patch may replace schema-compatible learner-facing fields from v0.2/recovery while preserving current item ID,Auswahl,selected_choice_value,CAT14-contrast-cat14_cs_029,true,prompt; microRule/explainText,Welche Verbindung passt in dieser Situation?,Welche Verbindung passt in dieser Situation?,verb at end after weil,,weil ich später komme | weil ich komme später | weil komme ich später | weil später ich komme,weil ich später komme | weil ich komme später | weil komme ich später | weil später ich komme,weil ich später komme,weil ich später komme,`weil` gives a reason; the finite verb goes to the end.,`weil` gives a reason; the finite verb goes to the end.,,,,duplicate_v02_lineage_resolved,duplicate_v02_lineage_resolved,
content/b1-m14-connectors-sentence-functions.js,v080149_cat14_contrast_cat14_cs_030,cat14-cs-030,cat14-cs-030,matched_replacement_layer,Exception,manual review: unrecognised v0.2 decision vocabulary,revise_light,revise_light,,CORE_SAFE_V02_REPLACEMENT,future apply patch may replace schema-compatible learner-facing fields from v0.2/recovery while preserving current item ID,Auswahl,selected_choice_value,CAT14-contrast-cat14_cs_030,true,prompt; microRule/explainText,Welche Verbindung passt in dieser Situation?,Welche Verbindung passt in dieser Situation?,main clause after subordinate clause,,"Wenn Sie Zeit haben, rufen Sie mich an. | Wenn Sie Zeit haben, Sie rufen mich an. | Wenn haben Sie Zeit, rufen Sie mich an. | Wenn Sie Zeit haben, mich rufen Sie an.","Wenn Sie Zeit haben, rufen Sie mich an. | Wenn Sie Zeit haben, Sie rufen mich an. | Wenn haben Sie Zeit, rufen Sie mich an. | Wenn Sie Zeit haben, mich rufen Sie an.","Wenn Sie Zeit haben, rufen Sie mich an.","Wenn Sie Zeit haben, rufen Sie mich an.",`wenn` introduces a condition; the finite verb goes to the end.,`wenn` introduces a condition; the finite verb goes to the end.,,,,duplicate_v02_lineage_resolved,duplicate_v02_lineage_resolved,
content/b1-m14-connectors-sentence-functions.js,v080149_cat14_contrast_cat14_cs_033,cat14-cs-033,cat14-cs-033,matched_replacement_layer,Exception,manual review: unrecognised v0.2 decision vocabulary,revise_light,revise_light,,CORE_SAFE_V02_REPLACEMENT,future apply patch may replace schema-compatible learner-facing fields from v0.2/recovery while preserving current item ID,Auswahl,selected_choice_value,CAT14-contrast-cat14_cs_033,true,prompt; microRule/explainText,Welche Verbindung passt in dieser Situation?,Welche Verbindung passt in dieser Situation?,also vs auch,,Ich brauche auch eine Kopie. | Ich brauche also eine Kopie. | Außerdem ich brauche eine Kopie. | Ich also brauche eine Kopie.,Ich brauche auch eine Kopie. | Ich brauche also eine Kopie. | Außerdem ich brauche eine Kopie. | Ich also brauche eine Kopie.,Ich brauche auch eine Kopie.,Ich brauche auch eine Kopie.,`als` is used for one past time; word order is verb-final in the clause.,`als` is used for one past time; word order is verb-final in the clause.,,,,duplicate_v02_lineage_resolved,duplicate_v02_lineage_resolved,
content/b1-m14-connectors-sentence-functions.js,v080149_cat14_practice_family_cat14_pf_019,cat14-pf-019,cat14-pf-019,matched_replacement_layer,Exception,manual review: unrecognised v0.2 decision vocabulary,revise_light,revise_light,,CORE_SAFE_V02_REPLACEMENT,future apply patch may replace schema-compatible learner-facing fields from v0.2/recovery while preserving current item ID,Reparatur,typed,CAT14-practice_family-cat14_pf_019,true,prompt; stimulus/learnerCue,"Ich kann nicht kommen, weil ich bin krank.",Korrigiere den Satz.,Korrigiere den Satz.,"Ich kann nicht kommen, weil ich bin krank.",,,"Ich kann nicht kommen, weil ich krank bin.","Ich kann nicht kommen, weil ich krank bin.",`weil` gives a reason; the finite verb goes to the end.,`weil` gives a reason; the finite verb goes to the end.,,,,duplicate_v02_lineage_resolved,duplicate_v02_lineage_resolved,
content/b1-m14-connectors-sentence-functions.js,v080149_cat14_practice_family_cat14_pf_020,cat14-pf-020,cat14-pf-020,matched_replacement_layer,Exception,manual review: unrecognised v0.2 decision vocabulary,revise_light,revise_light,,CORE_SAFE_V02_REPLACEMENT,future apply patch may replace schema-compatible learner-facing fields from v0.2/recovery while preserving current item ID,Reparatur,typed,CAT14-practice_family-cat14_pf_020,true,prompt; stimulus/learnerCue,"Ich kann nicht kommen, denn ich krank bin.",Korrigiere den Satz.,Korrigiere den Satz.,"Ich kann nicht kommen, denn ich krank bin.",,,"Ich kann nicht kommen, denn ich bin krank.","Ich kann nicht kommen, denn ich bin krank.",`denn` gives a reason but keeps normal main-clause word order.,`denn` gives a reason but keeps normal main-clause word order.,,,,duplicate_v02_lineage_resolved,duplicate_v02_lineage_resolved,
content/b1-m14-connectors-sentence-functions.js,v080149_cat14_practice_family_cat14_pf_021,cat14-pf-021,cat14-pf-021,matched_replacement_layer,Exception,manual review: unrecognised v0.2 decision vocabulary,revise_light,revise_light,,CORE_SAFE_V02_REPLACEMENT,future apply patch may replace schema-compatible learner-facing fields from v0.2/recovery while preserving current item ID,Reparatur,typed,CAT14-practice_family-cat14_pf_021,true,prompt; stimulus/learnerCue,"Ich bin krank, deshalb ich kann nicht kommen.",Korrigiere den Satz.,Korrigiere den Satz.,"Ich bin krank, deshalb ich kann nicht kommen.",,,"Ich bin krank, deshalb kann ich nicht kommen.","Ich bin krank, deshalb kann ich nicht kommen.",`deshalb/deswegen` show a result; the finite verb stays in position 2.,`deshalb/deswegen` show a result; the finite verb stays in position 2.,,,,duplicate_v02_lineage_resolved,duplicate_v02_lineage_resolved,
content/b1-m14-connectors-sentence-functions.js,v080149_cat14_practice_family_cat14_pf_022,cat14-pf-022,cat14-pf-022,matched_replacement_layer,Exception,manual review: unrecognised v0.2 decision vocabulary,revise_light,revise_light,,CORE_SAFE_V02_REPLACEMENT,future apply patch may replace schema-compatible learner-facing fields from v0.2/recovery while preserving current item ID,Reparatur,typed,CAT14-practice_family-cat14_pf_022,true,prompt; stimulus/learnerCue,"Obwohl ich habe wenig Zeit, rufe ich an.",Korrigiere den Satz.,Korrigiere den Satz.,"Obwohl ich habe wenig Zeit, rufe ich an.",,,"Obwohl ich wenig Zeit habe, rufe ich an.","Obwohl ich wenig Zeit habe, rufe ich an.",`obwohl` introduces a concession; the finite verb goes to the end.,`obwohl` introduces a concession; the finite verb goes to the end.,,,,duplicate_v02_lineage_resolved,duplicate_v02_lineage_resolved,
content/b1-m14-connectors-sentence-functions.js,v080149_cat14_practice_family_cat14_pf_023,cat14-pf-023,cat14-pf-023,matched_replacement_layer,Exception,manual review: unrecognised v0.2 decision vocabulary,revise_light,revise_light,,CORE_SAFE_V02_REPLACEMENT,future apply patch may replace schema-compatible learner-facing fields from v0.2/recovery while preserving current item ID,Reparatur,typed,CAT14-practice_family-cat14_pf_023,true,prompt; stimulus/learnerCue,"Ich habe wenig Zeit, trotzdem ich rufe an.",Korrigiere den Satz.,Korrigiere den Satz.,"Ich habe wenig Zeit, trotzdem ich rufe an.",,,"Ich habe wenig Zeit, trotzdem rufe ich an.","Ich habe wenig Zeit, trotzdem rufe ich an.",`trotzdem` starts a main clause; the finite verb stays in position 2.,`trotzdem` starts a main clause; the finite verb stays in position 2.,,,,duplicate_v02_lineage_resolved,duplicate_v02_lineage_resolved,
content/b1-m14-connectors-sentence-functions.js,v080149_cat14_practice_family_cat14_pf_024,cat14-pf-024,cat14-pf-024,matched_replacement_layer,Exception,manual review: unrecognised v0.2 decision vocabulary,revise_light,revise_light,,CORE_SAFE_V02_REPLACEMENT,future apply patch may replace schema-compatible learner-facing fields from v0.2/recovery while preserving current item ID,Reparatur,typed,CAT14-practice_family-cat14_pf_024,true,prompt; stimulus/learnerCue,"Wenn Sie haben Zeit, rufen Sie mich an.",Korrigiere den Satz.,Korrigiere den Satz.,"Wenn Sie haben Zeit, rufen Sie mich an.",,,"Wenn Sie Zeit haben, rufen Sie mich an.","Wenn Sie Zeit haben, rufen Sie mich an.",`wenn` introduces a condition; the finite verb goes to the end.,`wenn` introduces a condition; the finite verb goes to the end.,,,,duplicate_v02_lineage_resolved,duplicate_v02_lineage_resolved,
content/b1-m14-connectors-sentence-functions.js,v080149_cat14_practice_family_cat14_pf_025,cat14-pf-025,cat14-pf-025,matched_replacement_layer,Exception,manual review: unrecognised v0.2 decision vocabulary,revise_light,revise_light,,CORE_SAFE_V02_REPLACEMENT,future apply patch may replace schema-compatible learner-facing fields from v0.2/recovery while preserving current item ID,Reparatur,typed,CAT14-practice_family-cat14_pf_025,true,prompt; stimulus/learnerCue,"Ich weiß nicht, wenn der Termin bestätigt ist.",Korrigiere den Satz.,Korrigiere den Satz.,"Ich weiß nicht, wenn der Termin bestätigt ist.",,,"Ich weiß nicht, ob der Termin bestätigt ist.","Ich weiß nicht, ob der Termin bestätigt ist.",`wenn` introduces a condition; the finite verb goes to the end.,`wenn` introduces a condition; the finite verb goes to the end.,,,,duplicate_v02_lineage_resolved,duplicate_v02_lineage_resolved,
content/b1-m14-connectors-sentence-functions.js,v080149_cat14_practice_family_cat14_pf_026,cat14-pf-026,cat14-pf-026,matched_replacement_layer,Exception,manual review: unrecognised v0.2 decision vocabulary,revise_light,revise_light,,CORE_SAFE_V02_REPLACEMENT,future apply patch may replace schema-compatible learner-facing fields from v0.2/recovery while preserving current item ID,Reparatur,typed,CAT14-practice_family-cat14_pf_026,true,prompt; stimulus/learnerCue,"Ich hoffe, das der Termin stattfindet.",Korrigiere den Satz.,Korrigiere den Satz.,"Ich hoffe, das der Termin stattfindet.",,,"Ich hoffe, dass der Termin stattfindet.","Ich hoffe, dass der Termin stattfindet.",`dass` introduces reported information; the finite verb goes to the end.,`dass` introduces reported information; the finite verb goes to the end.,,,,duplicate_v02_lineage_resolved,duplicate_v02_lineage_resolved,
content/b1-m14-connectors-sentence-functions.js,v080149_cat14_practice_family_cat14_pf_027,cat14-pf-027,cat14-pf-027,matched_replacement_layer,Exception,manual review: unrecognised v0.2 decision vocabulary,revise_light,revise_light,,CORE_SAFE_V02_REPLACEMENT,future apply patch may replace schema-compatible learner-facing fields from v0.2/recovery while preserving current item ID,Reparatur,typed,CAT14-practice_family-cat14_pf_027,true,prompt; stimulus/learnerCue,"Wenn ich gestern angerufen habe, war niemand erreichbar.",Korrigiere den Satz.,Korrigiere den Satz.,"Wenn ich gestern angerufen habe, war niemand erreichbar.",,,"Als ich gestern angerufen habe, war niemand erreichbar.","Als ich gestern angerufen habe, war niemand erreichbar.",`wenn` is used for conditions/repeated times; `als` is for one past time.,`wenn` is used for conditions/repeated times; `als` is for one past time.,,,,duplicate_v02_lineage_resolved,duplicate_v02_lineage_resolved,
content/b1-m14-connectors-sentence-functions.js,v080149_cat14_practice_family_cat14_pf_029,cat14-pf-029,cat14-pf-029,matched_replacement_layer,Exception,manual review: unrecognised v0.2 decision vocabulary,revise_light,revise_light,,CORE_SAFE_V02_REPLACEMENT,future apply patch may replace schema-compatible learner-facing fields from v0.2/recovery while preserving current item ID,Reparatur,typed,CAT14-practice_family-cat14_pf_029,true,prompt; stimulus/learnerCue,"Bevor ich unterschreibe, ich lese den Text.",Korrigiere den Satz.,Korrigiere den Satz.,"Bevor ich unterschreibe, ich lese den Text.",,,"Bevor ich unterschreibe, lese ich den Text.","Bevor ich unterschreibe, lese ich den Text.",`bevor` means before; the finite verb goes to the end.,`bevor` means before; the finite verb goes to the end.,,,,duplicate_v02_lineage_resolved,duplicate_v02_lineage_resolved,
content/b1-m14-connectors-sentence-functions.js,v080149_cat14_practice_family_cat14_pf_033,cat14-pf-033,cat14-pf-033,matched_replacement_layer,Exception,manual review: unrecognised v0.2 decision vocabulary,revise_light,revise_light,,CORE_SAFE_V02_REPLACEMENT,future apply patch may replace schema-compatible learner-facing fields from v0.2/recovery while preserving current item ID,Reparatur,typed,CAT14-practice_family-cat14_pf_033,true,prompt; stimulus/learnerCue,Danach ich kontrolliere die Lösung.,Korrigiere den Satz.,Korrigiere den Satz.,Danach ich kontrolliere die Lösung.,,,Danach kontrolliere ich die Lösung.,Danach kontrolliere ich die Lösung.,Sequence words order events; main-clause word order still needs verb in position 2.,Sequence words order events; main-clause word order still needs verb in position 2.,,,,duplicate_v02_lineage_resolved,duplicate_v02_lineage_resolved,
content/b1-m14-connectors-sentence-functions.js,v080149_cat14_practice_family_cat14_pf_034,cat14-pf-034,cat14-pf-034,matched_replacement_layer,Exception,manual review: unrecognised v0.2 decision vocabulary,revise_light,revise_light,,CORE_SAFE_V02_REPLACEMENT,future apply patch may replace schema-compatible learner-facing fields from v0.2/recovery while preserving current item ID,Reparatur,typed,CAT14-practice_family-cat14_pf_034,true,prompt; stimulus/learnerCue,Außerdem ich brauche eine Bestätigung.,Korrigiere den Satz.,Korrigiere den Satz.,Außerdem ich brauche eine Bestätigung.,,,Außerdem brauche ich eine Bestätigung.,Außerdem brauche ich eine Bestätigung.,`außerdem/zusätzlich` add information; the finite verb stays in position 2.,`außerdem/zusätzlich` add information; the finite verb stays in position 2.,,,,duplicate_v02_lineage_resolved,duplicate_v02_lineage_resolved,
content/b1-m14-connectors-sentence-functions.js,v080149_cat14_practice_family_cat14_pf_051,cat14-pf-051,cat14-pf-051,matched_replacement_layer,Exception,manual review: unrecognised v0.2 decision vocabulary,revise_light,revise_light,,CORE_SAFE_V02_REPLACEMENT,future apply patch may replace schema-compatible learner-facing fields from v0.2/recovery while preserving current item ID,Auswahl,selected_choice_value,CAT14-practice_family-cat14_pf_051,true,prompt; stimulus/learnerCue; microRule/explainText,Welche Verbindung passt in dieser Situation am besten?,Welche Verbindung passt in dieser Situation am besten?,Optionen: weil ich krank bin / denn ich krank bin / deshalb ich krank bin / weil ich bin krank,Optionen: weil ich krank bin / denn ich krank bin / deshalb ich krank bin / weil ich bin krank,weil ich krank bin | denn ich krank bin | deshalb ich krank bin | weil ich bin krank,,weil ich krank bin,weil ich krank bin,`weil` gives a reason; the finite verb goes to the end.,`weil` gives a reason; the finite verb goes to the end.,,,,duplicate_v02_lineage_resolved,duplicate_v02_lineage_resolved,
content/b1-m14-connectors-sentence-functions.js,v080149_cat14_practice_family_cat14_pf_052,cat14-pf-052,cat14-pf-052,matched_replacement_layer,Exception,manual review: unrecognised v0.2 decision vocabulary,revise_light,revise_light,,CORE_SAFE_V02_REPLACEMENT,future apply patch may replace schema-compatible learner-facing fields from v0.2/recovery while preserving current item ID,Auswahl,selected_choice_value,CAT14-practice_family-cat14_pf_052,true,prompt; stimulus/learnerCue; microRule/explainText,Welche Verbindung passt in dieser Situation am besten?,Welche Verbindung passt in dieser Situation am besten?,Optionen: denn ich bin krank / weil ich bin krank / denn ich krank bin / deshalb ich bin krank,Optionen: denn ich bin krank / weil ich bin krank / denn ich krank bin / deshalb ich bin krank,denn ich bin krank | weil ich bin krank | denn ich krank bin | deshalb ich bin krank,,denn ich bin krank,denn ich bin krank,`weil` gives a reason; the finite verb goes to the end.,`weil` gives a reason; the finite verb goes to the end.,,,,duplicate_v02_lineage_resolved,duplicate_v02_lineage_resolved,
content/b1-m14-connectors-sentence-functions.js,v080149_cat14_practice_family_cat14_pf_053,cat14-pf-053,cat14-pf-053,matched_replacement_layer,Exception,manual review: unrecognised v0.2 decision vocabulary,revise_light,revise_light,,CORE_SAFE_V02_REPLACEMENT,future apply patch may replace schema-compatible learner-facing fields from v0.2/recovery while preserving current item ID,Auswahl,selected_choice_value,CAT14-practice_family-cat14_pf_053,true,prompt; stimulus/learnerCue; microRule/explainText,Welche Verbindung passt in dieser Situation am besten?,Welche Verbindung passt in dieser Situation am besten?,Optionen: deshalb kann ich nicht kommen / weil ich nicht kommen kann / denn kann ich nicht kommen / deshalb ich kann nicht kommen,Optionen: deshalb kann ich nicht kommen / weil ich nicht kommen kann / denn kann ich nicht kommen / deshalb ich kann nicht kommen,deshalb kann ich nicht kommen | weil ich nicht kommen kann | denn kann ich nicht kommen | deshalb ich kann nicht kommen,,deshalb kann ich nicht kommen,deshalb kann ich nicht kommen,`weil` gives a reason; the finite verb goes to the end.,`weil` gives a reason; the finite verb goes to the end.,,,,duplicate_v02_lineage_resolved,duplicate_v02_lineage_resolved,
content/b1-m14-connectors-sentence-functions.js,v080149_cat14_practice_family_cat14_pf_054,cat14-pf-054,cat14-pf-054,matched_replacement_layer,Exception,manual review: unrecognised v0.2 decision vocabulary,revise_light,revise_light,,CORE_SAFE_V02_REPLACEMENT,future apply patch may replace schema-compatible learner-facing fields from v0.2/recovery while preserving current item ID,Auswahl,selected_choice_value,CAT14-practice_family-cat14_pf_054,true,prompt; stimulus/learnerCue; microRule/explainText,Welche Verbindung passt in dieser Situation am besten?,Welche Verbindung passt in dieser Situation am besten?,Optionen: obwohl ich wenig Zeit habe / trotzdem ich wenig Zeit habe / aber ich wenig Zeit habe / obwohl ich habe wenig Zeit,Optionen: obwohl ich wenig Zeit habe / trotzdem ich wenig Zeit habe / aber ich wenig Zeit habe / obwohl ich habe wenig Zeit,obwohl ich wenig Zeit habe | trotzdem ich wenig Zeit habe | aber ich wenig Zeit habe | obwohl ich habe wenig Zeit,,obwohl ich wenig Zeit habe,obwohl ich wenig Zeit habe,`obwohl` introduces a concession; the finite verb goes to the end.,`obwohl` introduces a concession; the finite verb goes to the end.,,,,duplicate_v02_lineage_resolved,duplicate_v02_lineage_resolved,
content/b1-m14-connectors-sentence-functions.js,v080149_cat14_practice_family_cat14_pf_055,cat14-pf-055,cat14-pf-055,matched_replacement_layer,Exception,manual review: unrecognised v0.2 decision vocabulary,revise_light,revise_light,,CORE_SAFE_V02_REPLACEMENT,future apply patch may replace schema-compatible learner-facing fields from v0.2/recovery while preserving current item ID,Auswahl,selected_choice_value,CAT14-practice_family-cat14_pf_055,true,prompt; stimulus/learnerCue; microRule/explainText,Welche Verbindung passt in dieser Situation am besten?,Welche Verbindung passt in dieser Situation am besten?,Optionen: trotzdem rufe ich an / obwohl rufe ich an / trotzdem ich rufe an / aber rufe ich an,Optionen: trotzdem rufe ich an / obwohl rufe ich an / trotzdem ich rufe an / aber rufe ich an,trotzdem rufe ich an | obwohl rufe ich an | trotzdem ich rufe an | aber rufe ich an,,trotzdem rufe ich an,trotzdem rufe ich an,`obwohl` introduces a concession; the finite verb goes to the end.,`obwohl` introduces a concession; the finite verb goes to the end.,,,,duplicate_v02_lineage_resolved,duplicate_v02_lineage_resolved,
content/b1-m14-connectors-sentence-functions.js,v080149_cat14_practice_family_cat14_pf_056,cat14-pf-056,cat14-pf-056,matched_replacement_layer,Exception,manual review: unrecognised v0.2 decision vocabulary,revise_light,revise_light,,CORE_SAFE_V02_REPLACEMENT,future apply patch may replace schema-compatible learner-facing fields from v0.2/recovery while preserving current item ID,Auswahl,selected_choice_value,CAT14-practice_family-cat14_pf_056,true,prompt; stimulus/learnerCue; microRule/explainText,Welche Verbindung passt in dieser Situation am besten?,Welche Verbindung passt in dieser Situation am besten?,Optionen: sondern das Original / aber das Original / obwohl das Original / trotzdem das Original,Optionen: sondern das Original / aber das Original / obwohl das Original / trotzdem das Original,sondern das Original | aber das Original | obwohl das Original | trotzdem das Original,,sondern das Original,sondern das Original,`obwohl` introduces a concession; the finite verb goes to the end.,`obwohl` introduces a concession; the finite verb goes to the end.,,,,duplicate_v02_lineage_resolved,duplicate_v02_lineage_resolved,
content/b1-m14-connectors-sentence-functions.js,v080149_cat14_practice_family_cat14_pf_057,cat14-pf-057,cat14-pf-057,matched_replacement_layer,Exception,manual review: unrecognised v0.2 decision vocabulary,revise_light,revise_light,,CORE_SAFE_V02_REPLACEMENT,future apply patch may replace schema-compatible learner-facing fields from v0.2/recovery while preserving current item ID,Auswahl,selected_choice_value,CAT14-practice_family-cat14_pf_057,true,prompt; stimulus/learnerCue; microRule/explainText,Welche Verbindung passt in dieser Situation am besten?,Welche Verbindung passt in dieser Situation am besten?,Optionen: ob der Termin frei ist / wenn der Termin frei ist / als der Termin frei ist / weil der Termin frei ist,Optionen: ob der Termin frei ist / wenn der Termin frei ist / als der Termin frei ist / weil der Termin frei ist,ob der Termin frei ist | wenn der Termin frei ist | als der Termin frei ist | weil der Termin frei ist,,ob der Termin frei ist,ob der Termin frei ist,`weil` gives a reason; the finite verb goes to the end.,`weil` gives a reason; the finite verb goes to the end.,,,,duplicate_v02_lineage_resolved,duplicate_v02_lineage_resolved,
content/b1-m14-connectors-sentence-functions.js,v080149_cat14_practice_family_cat14_pf_058,cat14-pf-058,cat14-pf-058,matched_replacement_layer,Exception,manual review: unrecognised v0.2 decision vocabulary,revise_light,revise_light,,CORE_SAFE_V02_REPLACEMENT,future apply patch may replace schema-compatible learner-facing fields from v0.2/recovery while preserving current item ID,Auswahl,selected_choice_value,CAT14-practice_family-cat14_pf_058,true,prompt; stimulus/learnerCue; microRule/explainText,Welche Verbindung passt in dieser Situation am besten?,Welche Verbindung passt in dieser Situation am besten?,Optionen: wenn Sie Zeit haben / ob Sie Zeit haben / als Sie Zeit haben / dass Sie Zeit haben,Optionen: wenn Sie Zeit haben / ob Sie Zeit haben / als Sie Zeit haben / dass Sie Zeit haben,wenn Sie Zeit haben | ob Sie Zeit haben | als Sie Zeit haben | dass Sie Zeit haben,,wenn Sie Zeit haben,wenn Sie Zeit haben,`wenn` is used for conditions/repeated times; `als` is for one past time.,`wenn` is used for conditions/repeated times; `als` is for one past time.,,,,duplicate_v02_lineage_resolved,duplicate_v02_lineage_resolved,
content/b1-m14-connectors-sentence-functions.js,v080149_cat14_practice_family_cat14_pf_061,cat14-pf-061,cat14-pf-061,matched_replacement_layer,Exception,manual review: unrecognised v0.2 decision vocabulary,revise_light,revise_light,,CORE_SAFE_V02_REPLACEMENT,future apply patch may replace schema-compatible learner-facing fields from v0.2/recovery while preserving current item ID,Auswahl,selected_choice_value,CAT14-practice_family-cat14_pf_061,true,prompt; stimulus/learnerCue; microRule/explainText,Welche Verbindung passt in dieser Situation am besten?,Welche Verbindung passt in dieser Situation am besten?,Optionen: während ich warte / bevor ich warte / nachdem ich warte / bis ich warte,Optionen: während ich warte / bevor ich warte / nachdem ich warte / bis ich warte,während ich warte | bevor ich warte | nachdem ich warte | bis ich warte,,während ich warte,während ich warte,`bevor` means before; the finite verb goes to the end.,`bevor` means before; the finite verb goes to the end.,,,,duplicate_v02_lineage_resolved,duplicate_v02_lineage_resolved,
content/b1-m14-connectors-sentence-functions.js,v080149_cat14_practice_family_cat14_pf_062,cat14-pf-062,cat14-pf-062,matched_replacement_layer,Exception,manual review: unrecognised v0.2 decision vocabulary,revise_light,revise_light,,CORE_SAFE_V02_REPLACEMENT,future apply patch may replace schema-compatible learner-facing fields from v0.2/recovery while preserving current item ID,Auswahl,selected_choice_value,CAT14-practice_family-cat14_pf_062,true,prompt; stimulus/learnerCue; microRule/explainText,Welche Verbindung passt in dieser Situation am besten?,Welche Verbindung passt in dieser Situation am besten?,Optionen: bevor ich unterschreibe / nachdem ich unterschreibe / während ich unterschreibe / seitdem ich unterschreibe,Optionen: bevor ich unterschreibe / nachdem ich unterschreibe / während ich unterschreibe / seitdem ich unterschreibe,bevor ich unterschreibe | nachdem ich unterschreibe | während ich unterschreibe | seitdem ich unterschreibe,,bevor ich unterschreibe,bevor ich unterschreibe,`bevor` means before; the finite verb goes to the end.,`bevor` means before; the finite verb goes to the end.,,,,duplicate_v02_lineage_resolved,duplicate_v02_lineage_resolved,
content/b1-m14-connectors-sentence-functions.js,v080149_cat14_practice_family_cat14_pf_064,cat14-pf-064,cat14-pf-064,matched_replacement_layer,Exception,manual review: unrecognised v0.2 decision vocabulary,revise_light,revise_light,,CORE_SAFE_V02_REPLACEMENT,future apply patch may replace schema-compatible learner-facing fields from v0.2/recovery while preserving current item ID,Auswahl,selected_choice_value,CAT14-practice_family-cat14_pf_064,true,prompt; stimulus/learnerCue; microRule/explainText,Welche Verbindung passt in dieser Situation am besten?,Welche Verbindung passt in dieser Situation am besten?,Optionen: danach warte ich / nachdem warte ich / danach ich warte / nachdem ich warte ich,Optionen: danach warte ich / nachdem warte ich / danach ich warte / nachdem ich warte ich,danach warte ich | nachdem warte ich | danach ich warte | nachdem ich warte ich,,danach warte ich,danach warte ich,`als` is used for one past time; word order is verb-final in the clause.,`als` is used for one past time; word order is verb-final in the clause.,,,,duplicate_v02_lineage_resolved,duplicate_v02_lineage_resolved,
content/b1-m14-connectors-sentence-functions.js,v080149_cat14_practice_family_cat14_pf_065,cat14-pf-065,cat14-pf-065,matched_replacement_layer,Exception,manual review: unrecognised v0.2 decision vocabulary,revise_light,revise_light,,CORE_SAFE_V02_REPLACEMENT,future apply patch may replace schema-compatible learner-facing fields from v0.2/recovery while preserving current item ID,Auswahl,selected_choice_value,CAT14-practice_family-cat14_pf_065,true,prompt; stimulus/learnerCue; microRule/explainText,Welche Verbindung passt in dieser Situation am besten?,Welche Verbindung passt in dieser Situation am besten?,Optionen: damit Sie die Daten haben / um Sie die Daten haben / damit die Daten zu haben / um Sie haben die Daten,Optionen: damit Sie die Daten haben / um Sie die Daten haben / damit die Daten zu haben / um Sie haben die Daten,damit Sie die Daten haben | um Sie die Daten haben | damit die Daten zu haben | um Sie haben die Daten,,damit Sie die Daten haben,damit Sie die Daten haben,`um ... zu` expresses purpose when the subject stays the same.,`um ... zu` expresses purpose when the subject stays the same.,,,,duplicate_v02_lineage_resolved,duplicate_v02_lineage_resolved,
content/b1-m14-connectors-sentence-functions.js,v080149_cat14_practice_family_cat14_pf_066,cat14-pf-066,cat14-pf-066,matched_replacement_layer,Exception,manual review: unrecognised v0.2 decision vocabulary,revise_light,revise_light,,CORE_SAFE_V02_REPLACEMENT,future apply patch may replace schema-compatible learner-facing fields from v0.2/recovery while preserving current item ID,Auswahl,selected_choice_value,CAT14-practice_family-cat14_pf_066,true,prompt; stimulus/learnerCue; microRule/explainText,Welche Verbindung passt in dieser Situation am besten?,Welche Verbindung passt in dieser Situation am besten?,Optionen: um einen Termin zu vereinbaren / damit einen Termin zu vereinbaren / um ich einen Termin vereinbare / weil einen Termin zu vereinbaren,Optionen: um einen Termin zu vereinbaren / damit einen Termin zu vereinbaren / um ich einen Termin vereinbare / weil einen Termin zu vereinbaren,um einen Termin zu vereinbaren | damit einen Termin zu vereinbaren | um ich einen Termin vereinbare | weil einen Termin zu vereinbaren,,um einen Termin zu vereinbaren,um einen Termin zu vereinbaren,`weil` gives a reason; the finite verb goes to the end.,`weil` gives a reason; the finite verb goes to the end.,,,,duplicate_v02_lineage_resolved,duplicate_v02_lineage_resolved,
content/b1-m14-connectors-sentence-functions.js,v080149_cat14_practice_family_cat14_pf_067,cat14-pf-067,cat14-pf-067,matched_replacement_layer,Exception,manual review: unrecognised v0.2 decision vocabulary,revise_light,revise_light,,CORE_SAFE_V02_REPLACEMENT,future apply patch may replace schema-compatible learner-facing fields from v0.2/recovery while preserving current item ID,Auswahl,selected_choice_value,CAT14-practice_family-cat14_pf_067,true,prompt; stimulus/learnerCue; microRule/explainText,Welche Verbindung passt in dieser Situation am besten?,Welche Verbindung passt in dieser Situation am besten?,Optionen: dass der Termin stattfindet / das der Termin stattfindet / ob der Termin stattfindet / wenn der Termin stattfindet,Optionen: dass der Termin stattfindet / das der Termin stattfindet / ob der Termin stattfindet / wenn der Termin stattfindet,dass der Termin stattfindet | das der Termin stattfindet | ob der Termin stattfindet | wenn der Termin stattfindet,,dass der Termin stattfindet,dass der Termin stattfindet,`wenn` introduces a condition; the finite verb goes to the end.,`wenn` introduces a condition; the finite verb goes to the end.,,,,duplicate_v02_lineage_resolved,duplicate_v02_lineage_resolved,
content/b1-m14-connectors-sentence-functions.js,v080149_cat14_practice_family_cat14_pf_068,cat14-pf-068,cat14-pf-068,matched_replacement_layer,Exception,manual review: unrecognised v0.2 decision vocabulary,revise_light,revise_light,,CORE_SAFE_V02_REPLACEMENT,future apply patch may replace schema-compatible learner-facing fields from v0.2/recovery while preserving current item ID,Auswahl,selected_choice_value,CAT14-practice_family-cat14_pf_068,true,prompt; stimulus/learnerCue; microRule/explainText,Welche Verbindung passt in dieser Situation am besten?,Welche Verbindung passt in dieser Situation am besten?,Optionen: wann der Termin beginnt / wenn der Termin beginnt / als der Termin beginnt / dass der Termin beginnt,Optionen: wann der Termin beginnt / wenn der Termin beginnt / als der Termin beginnt / dass der Termin beginnt,wann der Termin beginnt | wenn der Termin beginnt | als der Termin beginnt | dass der Termin beginnt,,wann der Termin beginnt,wann der Termin beginnt,`wenn` is used for conditions/repeated times; `als` is for one past time.,`wenn` is used for conditions/repeated times; `als` is for one past time.,,,,duplicate_v02_lineage_resolved,duplicate_v02_lineage_resolved,
content/b1-m14-connectors-sentence-functions.js,v080149_cat14_practice_family_cat14_pf_069,cat14-pf-069,cat14-pf-069,matched_replacement_layer,Exception,manual review: unrecognised v0.2 decision vocabulary,revise_light,revise_light,,CORE_SAFE_V02_REPLACEMENT,future apply patch may replace schema-compatible learner-facing fields from v0.2/recovery while preserving current item ID,Auswahl,selected_choice_value,CAT14-practice_family-cat14_pf_069,true,prompt; stimulus/learnerCue; microRule/explainText,Welche Verbindung passt in dieser Situation am besten?,Welche Verbindung passt in dieser Situation am besten?,Optionen: außerdem brauche ich ... / auch brauche ich ... / also brauche ich ... / weil brauche ich ...,Optionen: außerdem brauche ich ... / auch brauche ich ... / also brauche ich ... / weil brauche ich ...,außerdem brauche ich ... | auch brauche ich ... | also brauche ich ... | weil brauche ich ...,,außerdem brauche ich ...,außerdem brauche ich ...,`weil` gives a reason; the finite verb goes to the end.,`weil` gives a reason; the finite verb goes to the end.,,,,duplicate_v02_lineage_resolved,duplicate_v02_lineage_resolved,
content/b1-m14-connectors-sentence-functions.js,v080149_cat14_practice_family_cat14_pf_070,cat14-pf-070,cat14-pf-070,matched_replacement_layer,Exception,manual review: unrecognised v0.2 decision vocabulary,revise_light,revise_light,,CORE_SAFE_V02_REPLACEMENT,future apply patch may replace schema-compatible learner-facing fields from v0.2/recovery while preserving current item ID,Auswahl,selected_choice_value,CAT14-practice_family-cat14_pf_070,true,prompt; stimulus/learnerCue; microRule/explainText,Welche Verbindung passt in dieser Situation am besten?,Welche Verbindung passt in dieser Situation am besten?,"Optionen: Zuerst lese ich, dann schreibe ich. / Zuerst ich lese, dann ich schreibe. / Bevor lese ich, dann schreibe ich. / Zuerst lese ich, weil schreibe ich.","Optionen: Zuerst lese ich, dann schreibe ich. / Zuerst ich lese, dann ich schreibe. / Bevor lese ich, dann schreibe ich. / Zuerst lese ich, weil schreibe ich.","Zuerst lese ich, dann schreibe ich. | Zuerst ich lese, dann ich schreibe. | Bevor lese ich, dann schreibe ich. | Zuerst lese ich, weil schreibe ich.",,"Zuerst lese ich, dann schreibe ich.","Zuerst lese ich, dann schreibe ich.",`weil` gives a reason; the finite verb goes to the end.,`weil` gives a reason; the finite verb goes to the end.,,,,duplicate_v02_lineage_resolved,duplicate_v02_lineage_resolved,
content/b1-m14-connectors-sentence-functions.js,v080149_cat14_practice_family_cat14_pf_071,cat14-pf-071,cat14-pf-071,matched_replacement_layer,Exception,manual review: unrecognised v0.2 decision vocabulary,revise_light,revise_light,,CORE_SAFE_V02_REPLACEMENT,future apply patch may replace schema-compatible learner-facing fields from v0.2/recovery while preserving current item ID,Auswahl,selected_choice_value,CAT14-practice_family-cat14_pf_071,true,prompt; stimulus/learnerCue; microRule/explainText,Welche Verbindung passt in dieser Situation am besten?,Welche Verbindung passt in dieser Situation am besten?,Optionen: vorher prüfe ich die Angaben / bevor prüfe ich die Angaben / vorher ich prüfe / bevor ich prüfe ich,Optionen: vorher prüfe ich die Angaben / bevor prüfe ich die Angaben / vorher ich prüfe / bevor ich prüfe ich,vorher prüfe ich die Angaben | bevor prüfe ich die Angaben | vorher ich prüfe | bevor ich prüfe ich,,vorher prüfe ich die Angaben,vorher prüfe ich die Angaben,`als` is used for one past time; word order is verb-final in the clause.,`als` is used for one past time; word order is verb-final in the clause.,,,,duplicate_v02_lineage_resolved,duplicate_v02_lineage_resolved,
content/b1-m14-connectors-sentence-functions.js,v080149_cat14_practice_family_cat14_pf_078,cat14-pf-078,cat14-pf-078,matched_replacement_layer,Exception,manual review: unrecognised v0.2 decision vocabulary,revise_light,revise_light,,CORE_SAFE_V02_REPLACEMENT,future apply patch may replace schema-compatible learner-facing fields from v0.2/recovery while preserving current item ID,Auswahl,selected_choice_value,CAT14-practice_family-cat14_pf_078,true,prompt; stimulus/learnerCue; microRule/explainText,Welche Verbindung passt in dieser Situation am besten?,Welche Verbindung passt in dieser Situation am besten?,Optionen: Deshalb komme ich später. / Deshalb ich komme später. / Weil komme ich später. / Obwohl komme ich später.,Optionen: Deshalb komme ich später. / Deshalb ich komme später. / Weil komme ich später. / Obwohl komme ich später.,Deshalb komme ich später. | Deshalb ich komme später. | Weil komme ich später. | Obwohl komme ich später.,,Deshalb komme ich später.,Deshalb komme ich später.,`weil` gives a reason; the finite verb goes to the end.,`weil` gives a reason; the finite verb goes to the end.,,,,duplicate_v02_lineage_resolved,duplicate_v02_lineage_resolved,
content/b1-m14-connectors-sentence-functions.js,v080149_cat14_practice_family_cat14_pf_079,cat14-pf-079,cat14-pf-079,matched_replacement_layer,Exception,manual review: unrecognised v0.2 decision vocabulary,revise_light,revise_light,,CORE_SAFE_V02_REPLACEMENT,future apply patch may replace schema-compatible learner-facing fields from v0.2/recovery while preserving current item ID,Auswahl,selected_choice_value,CAT14-practice_family-cat14_pf_079,true,prompt; stimulus/learnerCue; microRule/explainText,Welche Verbindung passt in dieser Situation am besten?,Welche Verbindung passt in dieser Situation am besten?,Optionen: weil ich später komme / weil ich komme später / weil komme ich später / weil später ich komme,Optionen: weil ich später komme / weil ich komme später / weil komme ich später / weil später ich komme,weil ich später komme | weil ich komme später | weil komme ich später | weil später ich komme,,weil ich später komme,weil ich später komme,`weil` gives a reason; the finite verb goes to the end.,`weil` gives a reason; the finite verb goes to the end.,,,,duplicate_v02_lineage_resolved,duplicate_v02_lineage_resolved,
content/b1-m14-connectors-sentence-functions.js,v080149_cat14_practice_family_cat14_pf_080,cat14-pf-080,cat14-pf-080,matched_replacement_layer,Exception,manual review: unrecognised v0.2 decision vocabulary,revise_light,revise_light,,CORE_SAFE_V02_REPLACEMENT,future apply patch may replace schema-compatible learner-facing fields from v0.2/recovery while preserving current item ID,Auswahl,selected_choice_value,CAT14-practice_family-cat14_pf_080,true,prompt; stimulus/learnerCue; microRule/explainText,Welche Verbindung passt in dieser Situation am besten?,Welche Verbindung passt in dieser Situation am besten?,"Optionen: Wenn Sie Zeit haben, rufen Sie mich an. / Wenn Sie Zeit haben, Sie rufen mich an. / Wenn haben Sie Zeit, rufen Sie mich an. / Wenn Sie Zeit haben, mich rufen Sie an.","Optionen: Wenn Sie Zeit haben, rufen Sie mich an. / Wenn Sie Zeit haben, Sie rufen mich an. / Wenn haben Sie Zeit, rufen Sie mich an. / Wenn Sie Zeit haben, mich rufen Sie an.","Wenn Sie Zeit haben, rufen Sie mich an. | Wenn Sie Zeit haben, Sie rufen mich an. | Wenn haben Sie Zeit, rufen Sie mich an. | Wenn Sie Zeit haben, mich rufen Sie an.",,"Wenn Sie Zeit haben, rufen Sie mich an.","Wenn Sie Zeit haben, rufen Sie mich an.",`wenn` introduces a condition; the finite verb goes to the end.,`wenn` introduces a condition; the finite verb goes to the end.,,,,duplicate_v02_lineage_resolved,duplicate_v02_lineage_resolved,
content/b1-m14-connectors-sentence-functions.js,v080149_cat14_practice_family_cat14_pf_081,cat14-pf-081,cat14-pf-081,matched_replacement_layer,Exception,manual review: unrecognised v0.2 decision vocabulary,revise_light,revise_light,,CORE_SAFE_V02_REPLACEMENT,future apply patch may replace schema-compatible learner-facing fields from v0.2/recovery while preserving current item ID,Auswahl,selected_choice_value,CAT14-practice_family-cat14_pf_081,true,prompt; stimulus/learnerCue; microRule/explainText,Welche Verbindung passt in dieser Situation am besten?,Welche Verbindung passt in dieser Situation am besten?,"Optionen: Ich lese den Satz, um den Fehler zu finden. / Ich lese den Satz, damit den Fehler zu finden. / Ich lese den Satz, um ich finde den Fehler. / Ich lese den Satz, weil den Fehler zu finden.","Optionen: Ich lese den Satz, um den Fehler zu finden. / Ich lese den Satz, damit den Fehler zu finden. / Ich lese den Satz, um ich finde den Fehler. / Ich lese den Satz, weil den Fehler zu finden.","Ich lese den Satz, um den Fehler zu finden. | Ich lese den Satz, damit den Fehler zu finden. | Ich lese den Satz, um ich finde den Fehler. | Ich lese den Satz, weil den Fehler zu finden.",,"Ich lese den Satz, um den Fehler zu finden.","Ich lese den Satz, um den Fehler zu finden.",`weil` gives a reason; the finite verb goes to the end.,`weil` gives a reason; the finite verb goes to the end.,,,,duplicate_v02_lineage_resolved,duplicate_v02_lineage_resolved,
content/b1-m14-connectors-sentence-functions.js,v080149_cat14_practice_family_cat14_pf_082,cat14-pf-082,cat14-pf-082,matched_replacement_layer,Exception,manual review: unrecognised v0.2 decision vocabulary,revise_light,revise_light,,CORE_SAFE_V02_REPLACEMENT,future apply patch may replace schema-compatible learner-facing fields from v0.2/recovery while preserving current item ID,Auswahl,selected_choice_value,CAT14-practice_family-cat14_pf_082,true,prompt; stimulus/learnerCue; microRule/explainText,Welche Verbindung passt in dieser Situation am besten?,Welche Verbindung passt in dieser Situation am besten?,"Optionen: Ich schreibe Ihnen, damit Sie die Nummer haben. / Ich schreibe Ihnen, um Sie die Nummer zu haben. / Ich schreibe Ihnen, weil Sie die Nummer haben. / Ich schreibe Ihnen, deshalb Sie die Nummer haben.","Optionen: Ich schreibe Ihnen, damit Sie die Nummer haben. / Ich schreibe Ihnen, um Sie die Nummer zu haben. / Ich schreibe Ihnen, weil Sie die Nummer haben. / Ich schreibe Ihnen, deshalb Sie die Nummer haben.","Ich schreibe Ihnen, damit Sie die Nummer haben. | Ich schreibe Ihnen, um Sie die Nummer zu haben. | Ich schreibe Ihnen, weil Sie die Nummer haben. | Ich schreibe Ihnen, deshalb Sie die Nummer haben.",,"Ich schreibe Ihnen, damit Sie die Nummer haben.","Ich schreibe Ihnen, damit Sie die Nummer haben.",`weil` gives a reason; the finite verb goes to the end.,`weil` gives a reason; the finite verb goes to the end.,,,,duplicate_v02_lineage_resolved,duplicate_v02_lineage_resolved,
content/b1-m14-connectors-sentence-functions.js,v080149_cat14_practice_family_cat14_pf_083,cat14-pf-083,cat14-pf-083,matched_replacement_layer,Exception,manual review: unrecognised v0.2 decision vocabulary,revise_light,revise_light,,CORE_SAFE_V02_REPLACEMENT,future apply patch may replace schema-compatible learner-facing fields from v0.2/recovery while preserving current item ID,Auswahl,selected_choice_value,CAT14-practice_family-cat14_pf_083,true,prompt; stimulus/learnerCue; microRule/explainText,Welche Verbindung passt in dieser Situation am besten?,Welche Verbindung passt in dieser Situation am besten?,Optionen: Ich brauche auch eine Kopie. / Ich brauche also eine Kopie. / Außerdem ich brauche eine Kopie. / Ich also brauche eine Kopie.,Optionen: Ich brauche auch eine Kopie. / Ich brauche also eine Kopie. / Außerdem ich brauche eine Kopie. / Ich also brauche eine Kopie.,Ich brauche auch eine Kopie. | Ich brauche also eine Kopie. | Außerdem ich brauche eine Kopie. | Ich also brauche eine Kopie.,,Ich brauche auch eine Kopie.,Ich brauche auch eine Kopie.,`als` is used for one past time; word order is verb-final in the clause.,`als` is used for one past time; word order is verb-final in the clause.,,,,duplicate_v02_lineage_resolved,duplicate_v02_lineage_resolved,
content/b1-m15-time-place-movement.js,v080149_cat15_contrast_cat15_cs_001,cat15-cs-001,cat15-cs-001,matched_replacement_layer,Exception,manual review: unrecognised v0.2 decision vocabulary,revise_light,revise_light,,CORE_SAFE_V02_REPLACEMENT,future apply patch may replace schema-compatible learner-facing fields from v0.2/recovery while preserving current item ID,Auswahl,selected_choice_value,CAT15-contrast-cat15_cs_001,true,prompt; microRule/explainText,"Welche Form passt in dieser Zeit-, Orts- oder Wegsituation?","Welche Form passt in dieser Zeit-, Orts- oder Wegsituation?",exact clock time,,um 9 Uhr | am 9 Uhr | im 9 Uhr | in 9 Uhr,um 9 Uhr | am 9 Uhr | im 9 Uhr | in 9 Uhr,um 9 Uhr,um 9 Uhr,Use `um` with exact clock times: `um 9 Uhr`.,Use `um` with exact clock times: `um 9 Uhr`.,,,,duplicate_v02_lineage_resolved,duplicate_v02_lineage_resolved,
content/b1-m15-time-place-movement.js,v080149_cat15_contrast_cat15_cs_002,cat15-cs-002,cat15-cs-002,matched_replacement_layer,Exception,manual review: unrecognised v0.2 decision vocabulary,revise_light,revise_light,,CORE_SAFE_V02_REPLACEMENT,future apply patch may replace schema-compatible learner-facing fields from v0.2/recovery while preserving current item ID,Auswahl,selected_choice_value,CAT15-contrast-cat15_cs_002,true,prompt; microRule/explainText,"Welche Form passt in dieser Zeit-, Orts- oder Wegsituation?","Welche Form passt in dieser Zeit-, Orts- oder Wegsituation?",day vs month,,am Montag | im Montag | um Montag | zu Montag,am Montag | im Montag | um Montag | zu Montag,am Montag,am Montag,Use `um` with exact clock times: `um 9 Uhr`.,Use `um` with exact clock times: `um 9 Uhr`.,,,,duplicate_v02_lineage_resolved,duplicate_v02_lineage_resolved,
content/b1-m15-time-place-movement.js,v080149_cat15_contrast_cat15_cs_003,cat15-cs-003,cat15-cs-003,matched_replacement_layer,Exception,manual review: unrecognised v0.2 decision vocabulary,revise_light,revise_light,,CORE_SAFE_V02_REPLACEMENT,future apply patch may replace schema-compatible learner-facing fields from v0.2/recovery while preserving current item ID,Auswahl,selected_choice_value,CAT15-contrast-cat15_cs_003,true,prompt; microRule/explainText,"Welche Form passt in dieser Zeit-, Orts- oder Wegsituation?","Welche Form passt in dieser Zeit-, Orts- oder Wegsituation?",month/season/year,,im September | am September | um September | auf September,im September | am September | um September | auf September,im September,im September,Use `um` with exact clock times: `um 9 Uhr`.,Use `um` with exact clock times: `um 9 Uhr`.,,,,duplicate_v02_lineage_resolved,duplicate_v02_lineage_resolved,
content/b1-m15-time-place-movement.js,v080149_cat15_contrast_cat15_cs_004,cat15-cs-004,cat15-cs-004,matched_replacement_layer,Exception,manual review: unrecognised v0.2 decision vocabulary,revise_light,revise_light,,CORE_SAFE_V02_REPLACEMENT,future apply patch may replace schema-compatible learner-facing fields from v0.2/recovery while preserving current item ID,Auswahl,selected_choice_value,CAT15-contrast-cat15_cs_004,true,prompt; microRule/explainText,"Welche Form passt in dieser Zeit-, Orts- oder Wegsituation?","Welche Form passt in dieser Zeit-, Orts- oder Wegsituation?",since vs ago,,seit Montag | vor Montag | ab Montag | bis Montag,seit Montag | vor Montag | ab Montag | bis Montag,seit Montag,seit Montag,`seit` marks a period continuing until now.,`seit` marks a period continuing until now.,,,,duplicate_v02_lineage_resolved,duplicate_v02_lineage_resolved,
content/b1-m15-time-place-movement.js,v080149_cat15_contrast_cat15_cs_005,cat15-cs-005,cat15-cs-005,matched_replacement_layer,Exception,manual review: unrecognised v0.2 decision vocabulary,revise_light,revise_light,,CORE_SAFE_V02_REPLACEMENT,future apply patch may replace schema-compatible learner-facing fields from v0.2/recovery while preserving current item ID,Auswahl,selected_choice_value,CAT15-contrast-cat15_cs_005,true,prompt; microRule/explainText,"Welche Form passt in dieser Zeit-, Orts- oder Wegsituation?","Welche Form passt in dieser Zeit-, Orts- oder Wegsituation?",ago vs since,,vor zwei Tagen | seit zwei Tagen | ab zwei Tagen | bis zwei Tagen,vor zwei Tagen | seit zwei Tagen | ab zwei Tagen | bis zwei Tagen,vor zwei Tagen,vor zwei Tagen,`seit` marks a period continuing until now.,`seit` marks a period continuing until now.,,,,duplicate_v02_lineage_resolved,duplicate_v02_lineage_resolved,
content/b1-m15-time-place-movement.js,v080149_cat15_contrast_cat15_cs_006,cat15-cs-006,cat15-cs-006,matched_replacement_layer,Exception,manual review: unrecognised v0.2 decision vocabulary,revise_light,revise_light,,CORE_SAFE_V02_REPLACEMENT,future apply patch may replace schema-compatible learner-facing fields from v0.2/recovery while preserving current item ID,Auswahl,selected_choice_value,CAT15-contrast-cat15_cs_006,true,prompt; microRule/explainText,"Welche Form passt in dieser Zeit-, Orts- oder Wegsituation?","Welche Form passt in dieser Zeit-, Orts- oder Wegsituation?",start vs endpoint,,ab Montag | bis Montag | seit Montag | vor Montag,ab Montag | bis Montag | seit Montag | vor Montag,ab Montag,ab Montag,`seit` marks a period continuing until now.,`seit` marks a period continuing until now.,,,,duplicate_v02_lineage_resolved,duplicate_v02_lineage_resolved,
content/b1-m15-time-place-movement.js,v080149_cat15_contrast_cat15_cs_007,cat15-cs-007,cat15-cs-007,matched_replacement_layer,Exception,manual review: unrecognised v0.2 decision vocabulary,revise_light,revise_light,,CORE_SAFE_V02_REPLACEMENT,future apply patch may replace schema-compatible learner-facing fields from v0.2/recovery while preserving current item ID,Auswahl,selected_choice_value,CAT15-contrast-cat15_cs_007,true,prompt; microRule/explainText,"Welche Form passt in dieser Zeit-, Orts- oder Wegsituation?","Welche Form passt in dieser Zeit-, Orts- oder Wegsituation?",time range,,von 9 bis 12 Uhr | ab 9 bis 12 Uhr | von 9 zu 12 Uhr | zwischen 9 bis 12 Uhr,von 9 bis 12 Uhr | ab 9 bis 12 Uhr | von 9 zu 12 Uhr | zwischen 9 bis 12 Uhr,von 9 bis 12 Uhr,von 9 bis 12 Uhr,Use `um` with exact clock times: `um 9 Uhr`.,Use `um` with exact clock times: `um 9 Uhr`.,,,,duplicate_v02_lineage_resolved,duplicate_v02_lineage_resolved,
content/b1-m15-time-place-movement.js,v080149_cat15_contrast_cat15_cs_008,cat15-cs-008,cat15-cs-008,matched_replacement_layer,Exception,manual review: unrecognised v0.2 decision vocabulary,revise_light,revise_light,,CORE_SAFE_V02_REPLACEMENT,future apply patch may replace schema-compatible learner-facing fields from v0.2/recovery while preserving current item ID,Auswahl,selected_choice_value,CAT15-contrast-cat15_cs_008,true,prompt; microRule/explainText,"Welche Form passt in dieser Zeit-, Orts- oder Wegsituation?","Welche Form passt in dieser Zeit-, Orts- oder Wegsituation?",future time span,,in zehn Minuten | nach zehn Minuten | seit zehn Minuten | vor zehn Minuten,in zehn Minuten | nach zehn Minuten | seit zehn Minuten | vor zehn Minuten,in zehn Minuten,in zehn Minuten,`seit` marks a period continuing until now.,`seit` marks a period continuing until now.,,,,duplicate_v02_lineage_resolved,duplicate_v02_lineage_resolved,
content/b1-m15-time-place-movement.js,v080149_cat15_contrast_cat15_cs_009,cat15-cs-009,cat15-cs-009,matched_replacement_layer,Exception,manual review: unrecognised v0.2 decision vocabulary,revise_light,revise_light,,CORE_SAFE_V02_REPLACEMENT,future apply patch may replace schema-compatible learner-facing fields from v0.2/recovery while preserving current item ID,Auswahl,selected_choice_value,CAT15-contrast-cat15_cs_009,true,prompt; microRule/explainText,"Welche Form passt in dieser Zeit-, Orts- oder Wegsituation?","Welche Form passt in dieser Zeit-, Orts- oder Wegsituation?",after a noun event,,nach der Pause | nach die Pause | nachdem der Pause | in der Pause nach,nach der Pause | nach die Pause | nachdem der Pause | in der Pause nach,nach der Pause,nach der Pause,Use `in/im` for being inside a place.,Use `in/im` for being inside a place.,,,,duplicate_v02_lineage_resolved,duplicate_v02_lineage_resolved,
content/b1-m15-time-place-movement.js,v080149_cat15_contrast_cat15_cs_011,cat15-cs-011,cat15-cs-011,matched_replacement_layer,Exception,manual review: unrecognised v0.2 decision vocabulary,revise_light,revise_light,,CORE_SAFE_V02_REPLACEMENT,future apply patch may replace schema-compatible learner-facing fields from v0.2/recovery while preserving current item ID,Auswahl,selected_choice_value,CAT15-contrast-cat15_cs_011,true,prompt; microRule/explainText,"Welche Form passt in dieser Zeit-, Orts- oder Wegsituation?","Welche Form passt in dieser Zeit-, Orts- oder Wegsituation?",building destination,,zum Bahnhof | nach Bahnhof | in Bahnhof | am Bahnhof,zum Bahnhof | nach Bahnhof | in Bahnhof | am Bahnhof,zum Bahnhof,zum Bahnhof,Use `um` with exact clock times: `um 9 Uhr`.,Use `um` with exact clock times: `um 9 Uhr`.,,,,duplicate_v02_lineage_resolved,duplicate_v02_lineage_resolved,
content/b1-m15-time-place-movement.js,v080149_cat15_contrast_cat15_cs_012,cat15-cs-012,cat15-cs-012,matched_replacement_layer,Exception,manual review: unrecognised v0.2 decision vocabulary,revise_light,revise_light,,CORE_SAFE_V02_REPLACEMENT,future apply patch may replace schema-compatible learner-facing fields from v0.2/recovery while preserving current item ID,Auswahl,selected_choice_value,CAT15-contrast-cat15_cs_012,true,prompt; microRule/explainText,"Welche Form passt in dieser Zeit-, Orts- oder Wegsituation?","Welche Form passt in dieser Zeit-, Orts- oder Wegsituation?",city destination,,nach Frankfurt | zu Frankfurt | in Frankfurt | bei Frankfurt,nach Frankfurt | zu Frankfurt | in Frankfurt | bei Frankfurt,nach Frankfurt,nach Frankfurt,"`bei` often means at/with a person, office or organisation.","`bei` often means at/with a person, office or organisation.",,,,duplicate_v02_lineage_resolved,duplicate_v02_lineage_resolved,
content/b1-m15-time-place-movement.js,v080149_cat15_contrast_cat15_cs_013,cat15-cs-013,cat15-cs-013,matched_replacement_layer,Exception,manual review: unrecognised v0.2 decision vocabulary,revise_light,revise_light,,CORE_SAFE_V02_REPLACEMENT,future apply patch may replace schema-compatible learner-facing fields from v0.2/recovery while preserving current item ID,Auswahl,selected_choice_value,CAT15-contrast-cat15_cs_013,true,prompt; microRule/explainText,"Welche Form passt in dieser Zeit-, Orts- oder Wegsituation?","Welche Form passt in dieser Zeit-, Orts- oder Wegsituation?",home direction vs location,,nach Hause gehen | zu Hause gehen | im Hause gehen | nach dem Haus gehen,nach Hause gehen | zu Hause gehen | im Hause gehen | nach dem Haus gehen,nach Hause gehen,nach Hause gehen,`aus` marks coming out of a place or origin.,`aus` marks coming out of a place or origin.,,,,duplicate_v02_lineage_resolved,duplicate_v02_lineage_resolved,
content/b1-m15-time-place-movement.js,v080149_cat15_contrast_cat15_cs_014,cat15-cs-014,cat15-cs-014,matched_replacement_layer,Exception,manual review: unrecognised v0.2 decision vocabulary,revise_light,revise_light,,CORE_SAFE_V02_REPLACEMENT,future apply patch may replace schema-compatible learner-facing fields from v0.2/recovery while preserving current item ID,Auswahl,selected_choice_value,CAT15-contrast-cat15_cs_014,true,prompt; microRule/explainText,"Welche Form passt in dieser Zeit-, Orts- oder Wegsituation?","Welche Form passt in dieser Zeit-, Orts- oder Wegsituation?",home location,,zu Hause sein | nach Hause sein | im Hause sein | bei Hause sein,zu Hause sein | nach Hause sein | im Hause sein | bei Hause sein,zu Hause sein,zu Hause sein,"`bei` often means at/with a person, office or organisation.","`bei` often means at/with a person, office or organisation.",,,,duplicate_v02_lineage_resolved,duplicate_v02_lineage_resolved,
content/b1-m15-time-place-movement.js,v080149_cat15_contrast_cat15_cs_017,cat15-cs-017,cat15-cs-017,matched_replacement_layer,Exception,manual review: unrecognised v0.2 decision vocabulary,revise_light,revise_light,,CORE_SAFE_V02_REPLACEMENT,future apply patch may replace schema-compatible learner-facing fields from v0.2/recovery while preserving current item ID,Auswahl,selected_choice_value,CAT15-contrast-cat15_cs_017,true,prompt; microRule/explainText,"Welche Form passt in dieser Zeit-, Orts- oder Wegsituation?","Welche Form passt in dieser Zeit-, Orts- oder Wegsituation?",in location vs direction,,im Büro | ins Büro | zum Büro | nach Büro,im Büro | ins Büro | zum Büro | nach Büro,im Büro,im Büro,Use `um` with exact clock times: `um 9 Uhr`.,Use `um` with exact clock times: `um 9 Uhr`.,,,,duplicate_v02_lineage_resolved,duplicate_v02_lineage_resolved,
content/b1-m15-time-place-movement.js,v080149_cat15_contrast_cat15_cs_018,cat15-cs-018,cat15-cs-018,matched_replacement_layer,Exception,manual review: unrecognised v0.2 decision vocabulary,revise_light,revise_light,,CORE_SAFE_V02_REPLACEMENT,future apply patch may replace schema-compatible learner-facing fields from v0.2/recovery while preserving current item ID,Auswahl,selected_choice_value,CAT15-contrast-cat15_cs_018,true,prompt; microRule/explainText,"Welche Form passt in dieser Zeit-, Orts- oder Wegsituation?","Welche Form passt in dieser Zeit-, Orts- oder Wegsituation?",movement into office,,ins Büro | im Büro | bei Büro | nach Büro,ins Büro | im Büro | bei Büro | nach Büro,ins Büro,ins Büro,Use `in/im` for being inside a place.,Use `in/im` for being inside a place.,,,,duplicate_v02_lineage_resolved,duplicate_v02_lineage_resolved,
content/b1-m15-time-place-movement.js,v080149_cat15_contrast_cat15_cs_020,cat15-cs-020,cat15-cs-020,matched_replacement_layer,Exception,manual review: unrecognised v0.2 decision vocabulary,revise_light,revise_light,,CORE_SAFE_V02_REPLACEMENT,future apply patch may replace schema-compatible learner-facing fields from v0.2/recovery while preserving current item ID,Auswahl,selected_choice_value,CAT15-contrast-cat15_cs_020,true,prompt; microRule/explainText,"Welche Form passt in dieser Zeit-, Orts- oder Wegsituation?","Welche Form passt in dieser Zeit-, Orts- oder Wegsituation?",state on table,,auf dem Tisch | auf den Tisch | an dem Tisch | in dem Tisch,auf dem Tisch | auf den Tisch | an dem Tisch | in dem Tisch,auf dem Tisch,auf dem Tisch,"Time/place/movement phrases need the right preposition: time, location or destination.","Time/place/movement phrases need the right preposition: time, location or destination.",,,,duplicate_v02_lineage_resolved,duplicate_v02_lineage_resolved,
content/b1-m15-time-place-movement.js,v080149_cat15_contrast_cat15_cs_021,cat15-cs-021,cat15-cs-021,matched_replacement_layer,Exception,manual review: unrecognised v0.2 decision vocabulary,revise_light,revise_light,,CORE_SAFE_V02_REPLACEMENT,future apply patch may replace schema-compatible learner-facing fields from v0.2/recovery while preserving current item ID,Auswahl,selected_choice_value,CAT15-contrast-cat15_cs_021,true,prompt; microRule/explainText,"Welche Form passt in dieser Zeit-, Orts- oder Wegsituation?","Welche Form passt in dieser Zeit-, Orts- oder Wegsituation?",put onto table,,auf den Tisch | auf dem Tisch | an den Tisch | über den Tisch,auf den Tisch | auf dem Tisch | an den Tisch | über den Tisch,auf den Tisch,auf den Tisch,"Time/place/movement phrases need the right preposition: time, location or destination.","Time/place/movement phrases need the right preposition: time, location or destination.",,,,duplicate_v02_lineage_resolved,duplicate_v02_lineage_resolved,
content/b1-m15-time-place-movement.js,v080149_cat15_contrast_cat15_cs_022,cat15-cs-022,cat15-cs-022,matched_replacement_layer,Exception,manual review: unrecognised v0.2 decision vocabulary,revise_light,revise_light,,CORE_SAFE_V02_REPLACEMENT,future apply patch may replace schema-compatible learner-facing fields from v0.2/recovery while preserving current item ID,Auswahl,selected_choice_value,CAT15-contrast-cat15_cs_022,true,prompt; microRule/explainText,"Welche Form passt in dieser Zeit-, Orts- oder Wegsituation?","Welche Form passt in dieser Zeit-, Orts- oder Wegsituation?",hanging on door state,,an der Tür | an die Tür | auf der Tür | bei der Tür,an der Tür | an die Tür | auf der Tür | bei der Tür,an der Tür,an der Tür,"`bei` often means at/with a person, office or organisation.","`bei` often means at/with a person, office or organisation.",,,,duplicate_v02_lineage_resolved,duplicate_v02_lineage_resolved,
content/b1-m15-time-place-movement.js,v080149_cat15_contrast_cat15_cs_023,cat15-cs-023,cat15-cs-023,matched_replacement_layer,Exception,manual review: unrecognised v0.2 decision vocabulary,revise_light,revise_light,,CORE_SAFE_V02_REPLACEMENT,future apply patch may replace schema-compatible learner-facing fields from v0.2/recovery while preserving current item ID,Auswahl,selected_choice_value,CAT15-contrast-cat15_cs_023,true,prompt; microRule/explainText,"Welche Form passt in dieser Zeit-, Orts- oder Wegsituation?","Welche Form passt in dieser Zeit-, Orts- oder Wegsituation?",hang onto door action,,an die Tür | an der Tür | bei die Tür | auf die Tür,an die Tür | an der Tür | bei die Tür | auf die Tür,an die Tür,an die Tür,"`bei` often means at/with a person, office or organisation.","`bei` often means at/with a person, office or organisation.",,,,duplicate_v02_lineage_resolved,duplicate_v02_lineage_resolved,
content/b1-m15-time-place-movement.js,v080149_cat15_contrast_cat15_cs_024,cat15-cs-024,cat15-cs-024,matched_replacement_layer,Exception,manual review: unrecognised v0.2 decision vocabulary,revise_light,revise_light,,CORE_SAFE_V02_REPLACEMENT,future apply patch may replace schema-compatible learner-facing fields from v0.2/recovery while preserving current item ID,Auswahl,selected_choice_value,CAT15-contrast-cat15_cs_024,true,prompt; microRule/explainText,"Welche Form passt in dieser Zeit-, Orts- oder Wegsituation?","Welche Form passt in dieser Zeit-, Orts- oder Wegsituation?",standing in front,,vor dem Eingang | vor den Eingang | vorne Eingang | bei den Eingang,vor dem Eingang | vor den Eingang | vorne Eingang | bei den Eingang,vor dem Eingang,vor dem Eingang,"`vor` means ago/before, not a period continuing until now.","`vor` means ago/before, not a period continuing until now.",,,,duplicate_v02_lineage_resolved,duplicate_v02_lineage_resolved,
content/b1-m15-time-place-movement.js,v080149_cat15_contrast_cat15_cs_025,cat15-cs-025,cat15-cs-025,matched_replacement_layer,Exception,manual review: unrecognised v0.2 decision vocabulary,revise_light,revise_light,,CORE_SAFE_V02_REPLACEMENT,future apply patch may replace schema-compatible learner-facing fields from v0.2/recovery while preserving current item ID,Auswahl,selected_choice_value,CAT15-contrast-cat15_cs_025,true,prompt; microRule/explainText,"Welche Form passt in dieser Zeit-, Orts- oder Wegsituation?","Welche Form passt in dieser Zeit-, Orts- oder Wegsituation?",move to front,,vor den Eingang | vor dem Eingang | zum Eingang | vorne den Eingang,vor den Eingang | vor dem Eingang | zum Eingang | vorne den Eingang,vor den Eingang,vor den Eingang,Use `um` with exact clock times: `um 9 Uhr`.,Use `um` with exact clock times: `um 9 Uhr`.,,,,duplicate_v02_lineage_resolved,duplicate_v02_lineage_resolved,
content/b1-m15-time-place-movement.js,v080149_cat15_contrast_cat15_cs_030,cat15-cs-030,cat15-cs-030,matched_replacement_layer,Exception,manual review: unrecognised v0.2 decision vocabulary,revise_light,revise_light,,CORE_SAFE_V02_REPLACEMENT,future apply patch may replace schema-compatible learner-facing fields from v0.2/recovery while preserving current item ID,Auswahl,selected_choice_value,CAT15-contrast-cat15_cs_030,true,prompt; microRule/explainText,"Welche Form passt in dieser Zeit-, Orts- oder Wegsituation?","Welche Form passt in dieser Zeit-, Orts- oder Wegsituation?",by bus,,mit dem Bus | mit den Bus | bei dem Bus | in dem Bus,mit dem Bus | mit den Bus | bei dem Bus | in dem Bus,mit dem Bus,mit dem Bus,"`bei` often means at/with a person, office or organisation.","`bei` often means at/with a person, office or organisation.",,,,duplicate_v02_lineage_resolved,duplicate_v02_lineage_resolved,
content/b1-m15-time-place-movement.js,v080149_cat15_contrast_cat15_cs_031,cat15-cs-031,cat15-cs-031,matched_replacement_layer,Exception,manual review: unrecognised v0.2 decision vocabulary,revise_light,revise_light,,CORE_SAFE_V02_REPLACEMENT,future apply patch may replace schema-compatible learner-facing fields from v0.2/recovery while preserving current item ID,Auswahl,selected_choice_value,CAT15-contrast-cat15_cs_031,true,prompt; microRule/explainText,"Welche Form passt in dieser Zeit-, Orts- oder Wegsituation?","Welche Form passt in dieser Zeit-, Orts- oder Wegsituation?",get on bus,,in den Bus einsteigen | im Bus einsteigen | auf den Bus einsteigen | mit dem Bus einsteigen,in den Bus einsteigen | im Bus einsteigen | auf den Bus einsteigen | mit dem Bus einsteigen,in den Bus einsteigen,in den Bus einsteigen,Use `in/ins` for movement into a place.,Use `in/ins` for movement into a place.,,,,duplicate_v02_lineage_resolved,duplicate_v02_lineage_resolved,
content/b1-m15-time-place-movement.js,v080149_cat15_contrast_cat15_cs_032,cat15-cs-032,cat15-cs-032,matched_replacement_layer,Exception,manual review: unrecognised v0.2 decision vocabulary,revise_light,revise_light,,CORE_SAFE_V02_REPLACEMENT,future apply patch may replace schema-compatible learner-facing fields from v0.2/recovery while preserving current item ID,Auswahl,selected_choice_value,CAT15-contrast-cat15_cs_032,true,prompt; microRule/explainText,"Welche Form passt in dieser Zeit-, Orts- oder Wegsituation?","Welche Form passt in dieser Zeit-, Orts- oder Wegsituation?",get off at stop,,an der Haltestelle aussteigen | aus der Haltestelle aussteigen | in der Haltestelle aussteigen | zu der Haltestelle aussteigen,an der Haltestelle aussteigen | aus der Haltestelle aussteigen | in der Haltestelle aussteigen | zu der Haltestelle aussteigen,an der Haltestelle aussteigen,an der Haltestelle aussteigen,Use `in/im` for being inside a place.,Use `in/im` for being inside a place.,,,,duplicate_v02_lineage_resolved,duplicate_v02_lineage_resolved,
content/b1-m15-time-place-movement.js,v080149_cat15_contrast_cat15_cs_036,cat15-cs-036,cat15-cs-036,matched_replacement_layer,Exception,manual review: unrecognised v0.2 decision vocabulary,revise_light,revise_light,,CORE_SAFE_V02_REPLACEMENT,future apply patch may replace schema-compatible learner-facing fields from v0.2/recovery while preserving current item ID,Auswahl,selected_choice_value,CAT15-contrast-cat15_cs_036,true,prompt; microRule/explainText,"Welche Form passt in dieser Zeit-, Orts- oder Wegsituation?","Welche Form passt in dieser Zeit-, Orts- oder Wegsituation?",straight ahead,,geradeaus | gerade | direkt | vorne,geradeaus | gerade | direkt | vorne,geradeaus,geradeaus,`aus` marks coming out of a place or origin.,`aus` marks coming out of a place or origin.,,,,duplicate_v02_lineage_resolved,duplicate_v02_lineage_resolved,
content/b1-m15-time-place-movement.js,v080149_cat15_contrast_cat15_cs_037,cat15-cs-037,cat15-cs-037,matched_replacement_layer,Exception,manual review: unrecognised v0.2 decision vocabulary,revise_light,revise_light,,CORE_SAFE_V02_REPLACEMENT,future apply patch may replace schema-compatible learner-facing fields from v0.2/recovery while preserving current item ID,Auswahl,selected_choice_value,CAT15-contrast-cat15_cs_037,true,prompt; microRule/explainText,"Welche Form passt in dieser Zeit-, Orts- oder Wegsituation?","Welche Form passt in dieser Zeit-, Orts- oder Wegsituation?",left/right adverbs,,links | linke | recht | richtig,links | linke | recht | richtig,links,links,"Route words such as `links`, `rechts` and `geradeaus` give direction.","Route words such as `links`, `rechts` and `geradeaus` give direction.",,,,duplicate_v02_lineage_resolved,duplicate_v02_lineage_resolved,
content/b1-m16-money-payment-contracts.js,v080149_cat16_collocation_cat16_coll_001,cat16-coll-001,cat16-coll-001,matched_replacement_layer,Exception,manual review: unrecognised v0.2 decision vocabulary,revise_light,revise_light,,CORE_SAFE_V02_REPLACEMENT,future apply patch may replace schema-compatible learner-facing fields from v0.2/recovery while preserving current item ID,Auswahl,selected_choice_value,CAT16-collocation-cat16_coll_001,true,microRule/explainText,Welche Kollokation passt? transfer the amount,,Choose the best German option.,,den Betrag überweisen | Betrag zahlen | Summe überweisen | Betrag schicken,,den Betrag überweisen,den Betrag überweisen,Collocation: use `den Betrag überweisen` for transferring the amount.,Collocation: use `den Betrag überweisen` for transferring the amount.,,,,duplicate_v02_lineage_resolved,duplicate_v02_lineage_resolved,
content/b1-m16-money-payment-contracts.js,v080149_cat16_collocation_cat16_coll_002,cat16-coll-002,cat16-coll-002,matched_replacement_layer,Exception,manual review: unrecognised v0.2 decision vocabulary,revise_light,revise_light,,CORE_SAFE_V02_REPLACEMENT,future apply patch may replace schema-compatible learner-facing fields from v0.2/recovery while preserving current item ID,Auswahl,selected_choice_value,CAT16-collocation-cat16_coll_002,true,microRule/explainText,Welche Kollokation passt? check the amount,,Choose the best German option.,,den Betrag prüfen | Summe prüfen | Rechnung prüfen | Betrag kontrollieren lassen,,den Betrag prüfen,den Betrag prüfen,"`Betrag` is the amount of money, not the document or payment method.","`Betrag` is the amount of money, not the document or payment method.",,,,duplicate_v02_lineage_resolved,duplicate_v02_lineage_resolved,
content/b1-m16-money-payment-contracts.js,v080149_cat16_collocation_cat16_coll_003,cat16-coll-003,cat16-coll-003,matched_replacement_layer,Exception,manual review: unrecognised v0.2 decision vocabulary,revise_light,revise_light,,CORE_SAFE_V02_REPLACEMENT,future apply patch may replace schema-compatible learner-facing fields from v0.2/recovery while preserving current item ID,Auswahl,selected_choice_value,CAT16-collocation-cat16_coll_003,true,microRule/explainText,Welche Kollokation passt? pay the full amount,,Choose the best German option.,,den Gesamtbetrag bezahlen | Teilbetrag zahlen | Gesamtbetrag machen | den Betrag überweisen,,den Gesamtbetrag bezahlen,den Gesamtbetrag bezahlen,Collocation: use `den Betrag überweisen` for transferring the amount.,Collocation: use `den Betrag überweisen` for transferring the amount.,,,,duplicate_v02_lineage_resolved,duplicate_v02_lineage_resolved,
content/b1-m16-money-payment-contracts.js,v080149_cat16_collocation_cat16_coll_004,cat16-coll-004,cat16-coll-004,matched_replacement_layer,Exception,manual review: unrecognised v0.2 decision vocabulary,revise_light,revise_light,,CORE_SAFE_V02_REPLACEMENT,future apply patch may replace schema-compatible learner-facing fields from v0.2/recovery while preserving current item ID,Auswahl,selected_choice_value,CAT16-collocation-cat16_coll_004,true,microRule/explainText,Welche Kollokation passt? pay part of the amount,,Choose the best German option.,,einen Teilbetrag zahlen | Restbetrag zahlen | Teilbetrag bezahlen machen | den Betrag überweisen,,einen Teilbetrag zahlen,einen Teilbetrag zahlen,"`Betrag` is the amount of money, not the document or payment method.","`Betrag` is the amount of money, not the document or payment method.",,,,duplicate_v02_lineage_resolved,duplicate_v02_lineage_resolved,
content/b1-m16-money-payment-contracts.js,v080149_cat16_collocation_cat16_coll_006,cat16-coll-006,cat16-coll-006,matched_replacement_layer,Exception,manual review: unrecognised v0.2 decision vocabulary,revise_light,revise_light,,CORE_SAFE_V02_REPLACEMENT,future apply patch may replace schema-compatible learner-facing fields from v0.2/recovery while preserving current item ID,Auswahl,selected_choice_value,CAT16-collocation-cat16_coll_006,true,microRule/explainText,Welche Kollokation passt? bear the costs,,Choose the best German option.,,die Kosten tragen | Kosten übernehmen | Kosten zahlen for every context | den Betrag überweisen,,die Kosten tragen,die Kosten tragen,`Kosten` are costs; usually plural in this meaning.,`Kosten` are costs; usually plural in this meaning.,,,,duplicate_v02_lineage_resolved,duplicate_v02_lineage_resolved,
content/b1-m16-money-payment-contracts.js,v080149_cat16_collocation_cat16_coll_008,cat16-coll-008,cat16-coll-008,matched_replacement_layer,Exception,manual review: unrecognised v0.2 decision vocabulary,revise_light,revise_light,,CORE_SAFE_V02_REPLACEMENT,future apply patch may replace schema-compatible learner-facing fields from v0.2/recovery while preserving current item ID,Auswahl,selected_choice_value,CAT16-collocation-cat16_coll_008,true,microRule/explainText,Welche Kollokation passt? pay a contribution,,Choose the best German option.,,einen Beitrag zahlen | Gebühr zahlen | Rate zahlen | Beitrag bezahlen for every context,,einen Beitrag zahlen,einen Beitrag zahlen,"`Gebühr` is a fee, often for a service or administration.","`Gebühr` is a fee, often for a service or administration.",,,,duplicate_v02_lineage_resolved,duplicate_v02_lineage_resolved,
content/b1-m16-money-payment-contracts.js,v080149_cat16_collocation_cat16_coll_009,cat16-coll-009,cat16-coll-009,matched_replacement_layer,Exception,manual review: unrecognised v0.2 decision vocabulary,revise_light,revise_light,,CORE_SAFE_V02_REPLACEMENT,future apply patch may replace schema-compatible learner-facing fields from v0.2/recovery while preserving current item ID,Auswahl,selected_choice_value,CAT16-collocation-cat16_coll_009,true,microRule/explainText,Welche Kollokation passt? transfer the invoice amount,,Choose the best German option.,,den Rechnungsbetrag überweisen | Betrag überweisen | Rechnungsbetrag bezahlen machen | den Betrag überweisen,,den Rechnungsbetrag überweisen,den Rechnungsbetrag überweisen,Collocation: use `den Betrag überweisen` for transferring the amount.,Collocation: use `den Betrag überweisen` for transferring the amount.,,,,duplicate_v02_lineage_resolved,duplicate_v02_lineage_resolved,
content/b1-m16-money-payment-contracts.js,v080149_cat16_collocation_cat16_coll_012,cat16-coll-012,cat16-coll-012,matched_replacement_layer,Exception,manual review: unrecognised v0.2 decision vocabulary,revise_light,revise_light,,CORE_SAFE_V02_REPLACEMENT,future apply patch may replace schema-compatible learner-facing fields from v0.2/recovery while preserving current item ID,Auswahl,selected_choice_value,CAT16-collocation-cat16_coll_012,true,microRule/explainText,Welche Kollokation passt? pay out credit balance,,Choose the best German option.,,Guthaben auszahlen | Betrag erstatten | Guthaben zurückgeben | den Betrag überweisen,,Guthaben auszahlen,Guthaben auszahlen,"`Betrag` is the amount of money, not the document or payment method.","`Betrag` is the amount of money, not the document or payment method.",,,,duplicate_v02_lineage_resolved,duplicate_v02_lineage_resolved,
content/b1-m16-money-payment-contracts.js,v080149_cat16_collocation_cat16_coll_018,cat16-coll-018,cat16-coll-018,matched_replacement_layer,Exception,manual review: unrecognised v0.2 decision vocabulary,revise_light,revise_light,,CORE_SAFE_V02_REPLACEMENT,future apply patch may replace schema-compatible learner-facing fields from v0.2/recovery while preserving current item ID,Auswahl,selected_choice_value,CAT16-collocation-cat16_coll_018,true,microRule/explainText,Welche Kollokation passt? pay a surcharge,,Choose the best German option.,,einen Zuschlag zahlen | Gebühr zahlen | Zuschlag bekommen | den Betrag überweisen,,einen Zuschlag zahlen,einen Zuschlag zahlen,"`Gebühr` is a fee, often for a service or administration.","`Gebühr` is a fee, often for a service or administration.",,,,duplicate_v02_lineage_resolved,duplicate_v02_lineage_resolved,
content/b1-m16-money-payment-contracts.js,v080149_cat16_collocation_cat16_coll_020,cat16-coll-020,cat16-coll-020,matched_replacement_layer,Exception,manual review: unrecognised v0.2 decision vocabulary,revise_light,revise_light,,CORE_SAFE_V02_REPLACEMENT,future apply patch may replace schema-compatible learner-facing fields from v0.2/recovery while preserving current item ID,Auswahl,selected_choice_value,CAT16-collocation-cat16_coll_020,true,microRule/explainText,Welche Kollokation passt? make a payment,,Choose the best German option.,,eine Zahlung leisten | Betrag zahlen | Zahlung machen | den Betrag überweisen,,eine Zahlung leisten,eine Zahlung leisten,"`Betrag` is the amount of money, not the document or payment method.","`Betrag` is the amount of money, not the document or payment method.",,,,duplicate_v02_lineage_resolved,duplicate_v02_lineage_resolved,
content/b1-m16-money-payment-contracts.js,v080149_cat16_collocation_cat16_coll_021,cat16-coll-021,cat16-coll-021,matched_replacement_layer,Exception,manual review: unrecognised v0.2 decision vocabulary,revise_light,revise_light,,CORE_SAFE_V02_REPLACEMENT,future apply patch may replace schema-compatible learner-facing fields from v0.2/recovery while preserving current item ID,Auswahl,selected_choice_value,CAT16-collocation-cat16_coll_021,true,microRule/explainText,Welche Kollokation passt? payment is received,,Choose the best German option.,,die Zahlung geht ein | Zahlung erhalten | Zahlung kommt | den Betrag überweisen,,die Zahlung geht ein,die Zahlung geht ein,`Zahlung` is the payment; keep legal/payment consequences out of auto-grading.,`Zahlung` is the payment; keep legal/payment consequences out of auto-grading.,,,,duplicate_v02_lineage_resolved,duplicate_v02_lineage_resolved,
content/b1-m16-money-payment-contracts.js,v080149_cat16_collocation_cat16_coll_022,cat16-coll-022,cat16-coll-022,matched_replacement_layer,Exception,manual review: unrecognised v0.2 decision vocabulary,revise_light,revise_light,,CORE_SAFE_V02_REPLACEMENT,future apply patch may replace schema-compatible learner-facing fields from v0.2/recovery while preserving current item ID,Auswahl,selected_choice_value,CAT16-collocation-cat16_coll_022,true,microRule/explainText,Welche Kollokation passt? make a bank transfer,,Choose the best German option.,,eine Überweisung tätigen | Betrag überweisen | Überweisung machen | den Betrag überweisen,,eine Überweisung tätigen,eine Überweisung tätigen,Collocation: use `den Betrag überweisen` for transferring the amount.,Collocation: use `den Betrag überweisen` for transferring the amount.,,,,duplicate_v02_lineage_resolved,duplicate_v02_lineage_resolved,
content/b1-m16-money-payment-contracts.js,v080149_cat16_collocation_cat16_coll_025,cat16-coll-025,cat16-coll-025,matched_replacement_layer,Exception,manual review: unrecognised v0.2 decision vocabulary,revise_light,revise_light,,CORE_SAFE_V02_REPLACEMENT,future apply patch may replace schema-compatible learner-facing fields from v0.2/recovery while preserving current item ID,Auswahl,selected_choice_value,CAT16-collocation-cat16_coll_025,true,microRule/explainText,Welche Kollokation passt? accept cash payment,,Choose the best German option.,,Barzahlung akzeptieren | bar zahlen | Barzahlung nehmen | den Betrag überweisen,,Barzahlung akzeptieren,Barzahlung akzeptieren,`bar bezahlen` means pay in cash.,`bar bezahlen` means pay in cash.,,,,duplicate_v02_lineage_resolved,duplicate_v02_lineage_resolved,
content/b1-m16-money-payment-contracts.js,v080149_cat16_collocation_cat16_coll_026,cat16-coll-026,cat16-coll-026,matched_replacement_layer,Exception,manual review: unrecognised v0.2 decision vocabulary,revise_light,revise_light,,CORE_SAFE_V02_REPLACEMENT,future apply patch may replace schema-compatible learner-facing fields from v0.2/recovery while preserving current item ID,Auswahl,selected_choice_value,CAT16-collocation-cat16_coll_026,true,microRule/explainText,Welche Kollokation passt? pay by card,,Choose the best German option.,,mit Karte zahlen | Kartenzahlung möglich | durch Karte zahlen | den Betrag überweisen,,mit Karte zahlen,mit Karte zahlen,`mit Karte bezahlen` means pay by card.,`mit Karte bezahlen` means pay by card.,,,,duplicate_v02_lineage_resolved,duplicate_v02_lineage_resolved,
content/b1-m16-money-payment-contracts.js,v080149_cat16_collocation_cat16_coll_027,cat16-coll-027,cat16-coll-027,matched_replacement_layer,Exception,manual review: unrecognised v0.2 decision vocabulary,revise_light,revise_light,,CORE_SAFE_V02_REPLACEMENT,future apply patch may replace schema-compatible learner-facing fields from v0.2/recovery while preserving current item ID,Auswahl,selected_choice_value,CAT16-collocation-cat16_coll_027,true,microRule/explainText,Welche Kollokation passt? pay in advance,,Choose the best German option.,,per Vorkasse zahlen | Nachnahme | Überweisung | in Vorkasse zahlen,,per Vorkasse zahlen,per Vorkasse zahlen,"Money/payment wording needs a clear target: amount, invoice, receipt, payment method or contract language.","Money/payment wording needs a clear target: amount, invoice, receipt, payment method or contract language.",,,,duplicate_v02_lineage_resolved,duplicate_v02_lineage_resolved,
content/b1-m16-money-payment-contracts.js,v080149_cat16_collocation_cat16_coll_031,cat16-coll-031,cat16-coll-031,matched_replacement_layer,Exception,manual review: unrecognised v0.2 decision vocabulary,revise_light,revise_light,,CORE_SAFE_V02_REPLACEMENT,future apply patch may replace schema-compatible learner-facing fields from v0.2/recovery while preserving current item ID,Auswahl,selected_choice_value,CAT16-collocation-cat16_coll_031,true,microRule/explainText,Welche Kollokation passt? pay an invoice/bill,,Choose the best German option.,,eine Rechnung bezahlen | Betrag zahlen | Rechnung zahlen is possible but less precise | den Betrag überweisen,,eine Rechnung bezahlen,eine Rechnung bezahlen,"`Betrag` is the amount of money, not the document or payment method.","`Betrag` is the amount of money, not the document or payment method.",,,,duplicate_v02_lineage_resolved,duplicate_v02_lineage_resolved,
content/b1-m16-money-payment-contracts.js,v080149_cat16_collocation_cat16_coll_032,cat16-coll-032,cat16-coll-032,matched_replacement_layer,Exception,manual review: unrecognised v0.2 decision vocabulary,revise_light,revise_light,,CORE_SAFE_V02_REPLACEMENT,future apply patch may replace schema-compatible learner-facing fields from v0.2/recovery while preserving current item ID,Auswahl,selected_choice_value,CAT16-collocation-cat16_coll_032,true,microRule/explainText,Welche Kollokation passt? check an invoice,,Choose the best German option.,,eine Rechnung prüfen | Betrag prüfen | Rechnung kontrollieren | den Betrag überweisen,,eine Rechnung prüfen,eine Rechnung prüfen,"`Betrag` is the amount of money, not the document or payment method.","`Betrag` is the amount of money, not the document or payment method.",,,,duplicate_v02_lineage_resolved,duplicate_v02_lineage_resolved,
content/b1-m16-money-payment-contracts.js,v080149_cat16_collocation_cat16_coll_033,cat16-coll-033,cat16-coll-033,matched_replacement_layer,Exception,manual review: unrecognised v0.2 decision vocabulary,revise_light,revise_light,,CORE_SAFE_V02_REPLACEMENT,future apply patch may replace schema-compatible learner-facing fields from v0.2/recovery while preserving current item ID,Auswahl,selected_choice_value,CAT16-collocation-cat16_coll_033,true,microRule/explainText,Welche Kollokation passt? get a receipt,,Choose the best German option.,,eine Quittung bekommen | Beleg erhalten | Quittung nehmen | den Betrag überweisen,,eine Quittung bekommen,eine Quittung bekommen,`Quittung` is the receipt/proof after payment.,`Quittung` is the receipt/proof after payment.,,,,duplicate_v02_lineage_resolved,duplicate_v02_lineage_resolved,
content/b1-m16-money-payment-contracts.js,v080149_cat16_collocation_cat16_coll_034,cat16-coll-034,cat16-coll-034,matched_replacement_layer,Exception,manual review: unrecognised v0.2 decision vocabulary,revise_light,revise_light,,CORE_SAFE_V02_REPLACEMENT,future apply patch may replace schema-compatible learner-facing fields from v0.2/recovery while preserving current item ID,Auswahl,selected_choice_value,CAT16-collocation-cat16_coll_034,true,microRule/explainText,Welche Kollokation passt? keep a receipt/proof,,Choose the best German option.,,einen Beleg aufbewahren | Quittung aufbewahren | Beleg halten | den Betrag überweisen,,einen Beleg aufbewahren,einen Beleg aufbewahren,`Quittung` is the receipt/proof after payment.,`Quittung` is the receipt/proof after payment.,,,,duplicate_v02_lineage_resolved,duplicate_v02_lineage_resolved,
content/b1-m16-money-payment-contracts.js,v080149_cat16_collocation_cat16_coll_035,cat16-coll-035,cat16-coll-035,matched_replacement_layer,Exception,manual review: unrecognised v0.2 decision vocabulary,revise_light,revise_light,,CORE_SAFE_V02_REPLACEMENT,future apply patch may replace schema-compatible learner-facing fields from v0.2/recovery while preserving current item ID,Auswahl,selected_choice_value,CAT16-collocation-cat16_coll_035,true,microRule/explainText,Welche Kollokation passt? state/provide invoice number,,Choose the best German option.,,Rechnungsnummer angeben | Kundennummer angeben | Rechnungsnummer sagen in formal writing | den Betrag überweisen,,Rechnungsnummer angeben,Rechnungsnummer angeben,`Rechnung` is the invoice/bill; it is not the same as a receipt.,`Rechnung` is the invoice/bill; it is not the same as a receipt.,,,,duplicate_v02_lineage_resolved,duplicate_v02_lineage_resolved,
content/b1-m16-money-payment-contracts.js,v080149_cat16_collocation_cat16_coll_036,cat16-coll-036,cat16-coll-036,matched_replacement_layer,Exception,manual review: unrecognised v0.2 decision vocabulary,revise_light,revise_light,,CORE_SAFE_V02_REPLACEMENT,future apply patch may replace schema-compatible learner-facing fields from v0.2/recovery while preserving current item ID,Auswahl,selected_choice_value,CAT16-collocation-cat16_coll_036,true,microRule/explainText,Welche Kollokation passt? submit proof of payment,,Choose the best German option.,,Zahlungsnachweis einreichen | Beleg schicken | Zahlungsnachweis geben | den Betrag überweisen,,Zahlungsnachweis einreichen,Zahlungsnachweis einreichen,`Zahlung` is the payment; keep legal/payment consequences out of auto-grading.,`Zahlung` is the payment; keep legal/payment consequences out of auto-grading.,,,,duplicate_v02_lineage_resolved,duplicate_v02_lineage_resolved,
content/b1-m16-money-payment-contracts.js,v080149_cat16_collocation_cat16_coll_052,cat16-coll-052,cat16-coll-052,matched_replacement_layer,Exception,manual review: unrecognised v0.2 decision vocabulary,revise_light,revise_light,,CORE_SAFE_V02_REPLACEMENT,future apply patch may replace schema-compatible learner-facing fields from v0.2/recovery while preserving current item ID,Auswahl,selected_choice_value,CAT16-collocation-cat16_coll_052,true,microRule/explainText,Welche Kollokation passt? send confirmation,,Choose the best German option.,,Bestätigung schicken | schriftlich bestätigen | Bestätigung machen | den Betrag überweisen,,Bestätigung schicken,Bestätigung schicken,"Money/payment wording needs a clear target: amount, invoice, receipt, payment method or contract language.","Money/payment wording needs a clear target: amount, invoice, receipt, payment method or contract language.",,,,duplicate_v02_lineage_resolved,duplicate_v02_lineage_resolved,
content/b1-m16-money-payment-contracts.js,v080149_cat16_collocation_cat16_coll_053,cat16-coll-053,cat16-coll-053,matched_replacement_layer,Exception,manual review: unrecognised v0.2 decision vocabulary,revise_light,revise_light,,CORE_SAFE_V02_REPLACEMENT,future apply patch may replace schema-compatible learner-facing fields from v0.2/recovery while preserving current item ID,Auswahl,selected_choice_value,CAT16-collocation-cat16_coll_053,true,microRule/explainText,Welche Kollokation passt? receive repayment/refund,,Choose the best German option.,,Rückzahlung erhalten | Betrag zurückbekommen | Rückzahlung bekommen is possible | den Betrag überweisen,,Rückzahlung erhalten,Rückzahlung erhalten,"`Betrag` is the amount of money, not the document or payment method.","`Betrag` is the amount of money, not the document or payment method.",,,,duplicate_v02_lineage_resolved,duplicate_v02_lineage_resolved,
content/b1-m16-money-payment-contracts.js,v080149_cat16_practice_family_cat16_pf_002,cat16-pf-002,cat16-pf-002,matched_replacement_layer,Exception,manual review: unrecognised v0.2 decision vocabulary,revise_light,revise_light,,CORE_SAFE_V02_REPLACEMENT,future apply patch may replace schema-compatible learner-facing fields from v0.2/recovery while preserving current item ID,Auswahl,selected_choice_value,CAT16-practice_family-cat16_pf_002,true,prompt; stimulus/learnerCue; microRule/explainText,"Welche Form passt in dieser Geld-, Zahlungs- oder Vertragssituation?","Welche Form passt in dieser Geld-, Zahlungs- oder Vertragssituation?",A Wie hoch ist der Betrag? / B Wie teuer ist die Zahlung? / C Wie viel macht der Betrag?,A Wie hoch ist der Betrag? / B Wie teuer ist die Zahlung? / C Wie viel macht der Betrag?,Wie hoch ist der Betrag? | A Wie hoch ist der Betrag? | B Wie teuer ist die Zahlung? | C Wie viel macht der Betrag?,,Wie hoch ist der Betrag?,Wie hoch ist der Betrag?,"`Betrag` is the amount of money, not the document or payment method.","`Betrag` is the amount of money, not the document or payment method.",,,,duplicate_v02_lineage_resolved,duplicate_v02_lineage_resolved,
content/b1-m16-money-payment-contracts.js,v080149_cat16_practice_family_cat16_pf_005,cat16-pf-005,cat16-pf-005,matched_replacement_layer,Exception,manual review: unrecognised v0.2 decision vocabulary,revise_light,revise_light,,CORE_SAFE_V02_REPLACEMENT,future apply patch may replace schema-compatible learner-facing fields from v0.2/recovery while preserving current item ID,Auswahl,selected_choice_value,CAT16-practice_family-cat16_pf_005,true,prompt; stimulus/learnerCue; microRule/explainText,"Welche Form passt in dieser Geld-, Zahlungs- oder Vertragssituation?","Welche Form passt in dieser Geld-, Zahlungs- oder Vertragssituation?",A Kann ich mit Karte zahlen? / B Kann ich durch Karte zahlen? / C Kann ich in Karte zahlen?,A Kann ich mit Karte zahlen? / B Kann ich durch Karte zahlen? / C Kann ich in Karte zahlen?,Kann ich mit Karte zahlen? | A Kann ich mit Karte zahlen? | B Kann ich durch Karte zahlen? | C Kann ich in Karte zahlen?,,Kann ich mit Karte zahlen?,Kann ich mit Karte zahlen?,`mit Karte bezahlen` means pay by card.,`mit Karte bezahlen` means pay by card.,,,,duplicate_v02_lineage_resolved,duplicate_v02_lineage_resolved,
content/b1-m16-money-payment-contracts.js,v080149_cat16_practice_family_cat16_pf_006,cat16-pf-006,cat16-pf-006,matched_replacement_layer,Exception,manual review: unrecognised v0.2 decision vocabulary,revise_light,revise_light,,CORE_SAFE_V02_REPLACEMENT,future apply patch may replace schema-compatible learner-facing fields from v0.2/recovery while preserving current item ID,Reparatur,typed,CAT16-practice_family-cat16_pf_006,true,prompt; stimulus/learnerCue,Ich habe Rechnung bereits bezahlt.,Korrigiere den Satz.,Korrigiere den Satz.,Ich habe Rechnung bereits bezahlt.,,,Ich habe die Rechnung bereits bezahlt.,Ich habe die Rechnung bereits bezahlt.,`Rechnung` is the invoice/bill; it is not the same as a receipt.,`Rechnung` is the invoice/bill; it is not the same as a receipt.,,,,duplicate_v02_lineage_resolved,duplicate_v02_lineage_resolved,
content/b1-m16-money-payment-contracts.js,v080149_cat16_practice_family_cat16_pf_009,cat16-pf-009,cat16-pf-009,matched_replacement_layer,Exception,manual review: unrecognised v0.2 decision vocabulary,revise_light,revise_light,,CORE_SAFE_V02_REPLACEMENT,future apply patch may replace schema-compatible learner-facing fields from v0.2/recovery while preserving current item ID,Auswahl,selected_choice_value,CAT16-practice_family-cat16_pf_009,true,prompt; stimulus/learnerCue; microRule/explainText,"Welche Form passt in dieser Geld-, Zahlungs- oder Vertragssituation?","Welche Form passt in dieser Geld-, Zahlungs- oder Vertragssituation?",A Rechnung = asks for payment / B Rechnung = proof of payment / C Rechnung = bank account,A Rechnung = asks for payment / B Rechnung = proof of payment / C Rechnung = bank account,Rechnung = asks for payment | A Rechnung = asks for payment | B Rechnung = proof of payment | C Rechnung = bank account,,Rechnung = asks for payment,Rechnung = asks for payment,`Rechnung` is the invoice/bill; it is not the same as a receipt.,`Rechnung` is the invoice/bill; it is not the same as a receipt.,,,,duplicate_v02_lineage_resolved,duplicate_v02_lineage_resolved,
content/b1-m16-money-payment-contracts.js,v080149_cat16_practice_family_cat16_pf_011,cat16-pf-011,cat16-pf-011,matched_replacement_layer,Exception,manual review: unrecognised v0.2 decision vocabulary,revise_light,revise_light,,CORE_SAFE_V02_REPLACEMENT,future apply patch may replace schema-compatible learner-facing fields from v0.2/recovery while preserving current item ID,Reparatur,typed,CAT16-practice_family-cat16_pf_011,true,prompt; stimulus/learnerCue,Ist meine Zahlung gekommen?,Korrigiere den Satz.,Korrigiere den Satz.,Ist meine Zahlung gekommen?,,,Ist meine Zahlung eingegangen?,Ist meine Zahlung eingegangen?,`Zahlung` is the payment; keep legal/payment consequences out of auto-grading.,`Zahlung` is the payment; keep legal/payment consequences out of auto-grading.,,,,duplicate_v02_lineage_resolved,duplicate_v02_lineage_resolved,
content/b1-m16-money-payment-contracts.js,v080149_cat16_practice_family_cat16_pf_016,cat16-pf-016,cat16-pf-016,matched_replacement_layer,Exception,manual review: unrecognised v0.2 decision vocabulary,revise_light,revise_light,,CORE_SAFE_V02_REPLACEMENT,future apply patch may replace schema-compatible learner-facing fields from v0.2/recovery while preserving current item ID,Auswahl,selected_choice_value,CAT16-practice_family-cat16_pf_016,true,prompt; stimulus/learnerCue; microRule/explainText,"Welche Form passt in dieser Geld-, Zahlungs- oder Vertragssituation?","Welche Form passt in dieser Geld-, Zahlungs- oder Vertragssituation?",A offen / B bezahlt / C kostenlos,A offen / B bezahlt / C kostenlos,offen | A offen | B bezahlt | C kostenlos,,offen,offen,`Kosten` are costs; usually plural in this meaning.,`Kosten` are costs; usually plural in this meaning.,,,,duplicate_v02_lineage_resolved,duplicate_v02_lineage_resolved,
content/b1-m16-money-payment-contracts.js,v080149_cat16_practice_family_cat16_pf_017,cat16-pf-017,cat16-pf-017,matched_replacement_layer,Exception,manual review: unrecognised v0.2 decision vocabulary,revise_light,revise_light,,CORE_SAFE_V02_REPLACEMENT,future apply patch may replace schema-compatible learner-facing fields from v0.2/recovery while preserving current item ID,Reparatur,typed,CAT16-practice_family-cat16_pf_017,true,prompt; stimulus/learnerCue,Die Rechnung ist geöffnet.,Korrigiere den Satz.,Korrigiere den Satz.,Die Rechnung ist geöffnet.,,,Die Rechnung ist offen.,Die Rechnung ist offen.,`Rechnung` is the invoice/bill; it is not the same as a receipt.,`Rechnung` is the invoice/bill; it is not the same as a receipt.,,,,duplicate_v02_lineage_resolved,duplicate_v02_lineage_resolved,
content/b1-m16-money-payment-contracts.js,v080149_cat16_practice_family_cat16_pf_020,cat16-pf-020,cat16-pf-020,matched_replacement_layer,Exception,manual review: unrecognised v0.2 decision vocabulary,revise_light,revise_light,,CORE_SAFE_V02_REPLACEMENT,future apply patch may replace schema-compatible learner-facing fields from v0.2/recovery while preserving current item ID,Auswahl,selected_choice_value,CAT16-practice_family-cat16_pf_020,true,prompt; stimulus/learnerCue; microRule/explainText,"Welche Form passt in dieser Geld-, Zahlungs- oder Vertragssituation?","Welche Form passt in dieser Geld-, Zahlungs- oder Vertragssituation?",A jährlich / B monatlich / C einmalig,A jährlich / B monatlich / C einmalig,jährlich | A jährlich | B monatlich | C einmalig,,jährlich,jährlich,"Money/payment wording needs a clear target: amount, invoice, receipt, payment method or contract language.","Money/payment wording needs a clear target: amount, invoice, receipt, payment method or contract language.",,,,duplicate_v02_lineage_resolved,duplicate_v02_lineage_resolved,
content/b1-m16-money-payment-contracts.js,v080149_cat16_practice_family_cat16_pf_022,cat16-pf-022,cat16-pf-022,matched_replacement_layer,Exception,manual review: unrecognised v0.2 decision vocabulary,revise_light,revise_light,,CORE_SAFE_V02_REPLACEMENT,future apply patch may replace schema-compatible learner-facing fields from v0.2/recovery while preserving current item ID,Auswahl,selected_choice_value,CAT16-practice_family-cat16_pf_022,true,prompt; stimulus/learnerCue; microRule/explainText,"Welche Form passt in dieser Geld-, Zahlungs- oder Vertragssituation?","Welche Form passt in dieser Geld-, Zahlungs- oder Vertragssituation?",A Rechnungsadresse / B Lieferadresse / C E-Mail-Adresse,A Rechnungsadresse / B Lieferadresse / C E-Mail-Adresse,Rechnungsadresse | A Rechnungsadresse | B Lieferadresse | C E-Mail-Adresse,,Rechnungsadresse,Rechnungsadresse,`Rechnung` is the invoice/bill; it is not the same as a receipt.,`Rechnung` is the invoice/bill; it is not the same as a receipt.,,,,duplicate_v02_lineage_resolved,duplicate_v02_lineage_resolved,
content/b1-m16-money-payment-contracts.js,v080149_cat16_practice_family_cat16_pf_029,cat16-pf-029,cat16-pf-029,matched_replacement_layer,Exception,manual review: unrecognised v0.2 decision vocabulary,revise_light,revise_light,,CORE_SAFE_V02_REPLACEMENT,future apply patch may replace schema-compatible learner-facing fields from v0.2/recovery while preserving current item ID,Auswahl,selected_choice_value,CAT16-practice_family-cat16_pf_029,true,prompt; stimulus/learnerCue; microRule/explainText,"Welche Form passt in dieser Geld-, Zahlungs- oder Vertragssituation?","Welche Form passt in dieser Geld-, Zahlungs- oder Vertragssituation?",A überweisen / B abbuchen / C einziehen,A überweisen / B abbuchen / C einziehen,überweisen | A überweisen | B abbuchen | C einziehen,,überweisen,überweisen,"Money/payment wording needs a clear target: amount, invoice, receipt, payment method or contract language.","Money/payment wording needs a clear target: amount, invoice, receipt, payment method or contract language.",,,,duplicate_v02_lineage_resolved,duplicate_v02_lineage_resolved,
content/b1-m17-home-family-daily-life-support.js,v080149_cat17_collocation_cat17_coll_001,cat17-coll-001,cat17-coll-001,matched_replacement_layer,Core Safe,keep current row unchanged,revise_light,revise_light,,CORE_SAFE_V02_REPLACEMENT,future apply patch may replace schema-compatible learner-facing fields from v0.2/recovery while preserving current item ID,Auswahl,selected_choice_value,CAT17-collocation-cat17_coll_001,true,microRule/explainText,Welche Kollokation passt? tidy the flat,,Choose the best German option.,,die Wohnung aufräumen | wrong household verb | direct English translation | literal translation,,die Wohnung aufräumen,die Wohnung aufräumen,Collocation: use `die Wohnung aufräumen` for tidying the flat.,Collocation: use `die Wohnung aufräumen` for tidying the flat.,,,,duplicate_v02_lineage_resolved,duplicate_v02_lineage_resolved,
content/b1-m17-home-family-daily-life-support.js,v080149_cat17_collocation_cat17_coll_002,cat17-coll-002,cat17-coll-002,matched_replacement_layer,Core Safe,keep current row unchanged,revise_light,revise_light,,CORE_SAFE_V02_REPLACEMENT,future apply patch may replace schema-compatible learner-facing fields from v0.2/recovery while preserving current item ID,Auswahl,selected_choice_value,CAT17-collocation-cat17_coll_002,true,microRule/explainText,Welche Kollokation passt? air the room,,Choose the best German option.,,das Zimmer lüften | wrong household verb | direct English translation | literal translation,,das Zimmer lüften,das Zimmer lüften,Collocation: use `das Zimmer lüften` for airing the room.,Collocation: use `das Zimmer lüften` for airing the room.,,,,duplicate_v02_lineage_resolved,duplicate_v02_lineage_resolved,
content/b1-m17-home-family-daily-life-support.js,v080149_cat17_collocation_cat17_coll_003,cat17-coll-003,cat17-coll-003,matched_replacement_layer,Core Safe,keep current row unchanged,revise_light,revise_light,,CORE_SAFE_V02_REPLACEMENT,future apply patch may replace schema-compatible learner-facing fields from v0.2/recovery while preserving current item ID,Auswahl,selected_choice_value,CAT17-collocation-cat17_coll_003,true,microRule/explainText,Welche Kollokation passt? clean the bathroom,,Choose the best German option.,,das Bad putzen | wrong household verb | direct English translation | literal translation,,das Bad putzen,das Bad putzen,Collocation: use `das Bad putzen` for cleaning the bathroom.,Collocation: use `das Bad putzen` for cleaning the bathroom.,,,,duplicate_v02_lineage_resolved,duplicate_v02_lineage_resolved,
content/b1-m17-home-family-daily-life-support.js,v080149_cat17_collocation_cat17_coll_005,cat17-coll-005,cat17-coll-005,matched_replacement_layer,Core Safe,keep current row unchanged,revise_light,revise_light,,CORE_SAFE_V02_REPLACEMENT,future apply patch may replace schema-compatible learner-facing fields from v0.2/recovery while preserving current item ID,Auswahl,selected_choice_value,CAT17-collocation-cat17_coll_005,true,microRule/explainText,Welche Kollokation passt? separate waste,,Choose the best German option.,,den Müll trennen | wrong household verb | direct English translation | literal translation,,den Müll trennen,den Müll trennen,"Home/daily-life wording should train one clear household, family, routine or support phrase.","Home/daily-life wording should train one clear household, family, routine or support phrase.",,,,duplicate_v02_lineage_resolved,duplicate_v02_lineage_resolved,
content/b1-m17-home-family-daily-life-support.js,v080149_cat17_collocation_cat17_coll_006,cat17-coll-006,cat17-coll-006,matched_replacement_layer,Core Safe,keep current row unchanged,revise_light,revise_light,,CORE_SAFE_V02_REPLACEMENT,future apply patch may replace schema-compatible learner-facing fields from v0.2/recovery while preserving current item ID,Auswahl,selected_choice_value,CAT17-collocation-cat17_coll_006,true,microRule/explainText,Welche Kollokation passt? wash the laundry,,Choose the best German option.,,die Wäsche waschen | wrong household verb | direct English translation | literal translation,,die Wäsche waschen,die Wäsche waschen,Collocation: use `die Wäsche waschen` for doing the laundry.,Collocation: use `die Wäsche waschen` for doing the laundry.,,,,duplicate_v02_lineage_resolved,duplicate_v02_lineage_resolved,
content/b1-m17-home-family-daily-life-support.js,v080149_cat17_collocation_cat17_coll_007,cat17-coll-007,cat17-coll-007,matched_replacement_layer,Core Safe,keep current row unchanged,revise_light,revise_light,,CORE_SAFE_V02_REPLACEMENT,future apply patch may replace schema-compatible learner-facing fields from v0.2/recovery while preserving current item ID,Auswahl,selected_choice_value,CAT17-collocation-cat17_coll_007,true,microRule/explainText,Welche Kollokation passt? hang up laundry,,Choose the best German option.,,die Wäsche aufhängen | wrong household verb | direct English translation | literal translation,,die Wäsche aufhängen,die Wäsche aufhängen,Collocation: use `die Wäsche aufhängen` for hanging up laundry.,Collocation: use `die Wäsche aufhängen` for hanging up laundry.,,,,duplicate_v02_lineage_resolved,duplicate_v02_lineage_resolved,
content/b1-m17-home-family-daily-life-support.js,v080149_cat17_collocation_cat17_coll_008,cat17-coll-008,cat17-coll-008,matched_replacement_layer,Core Safe,keep current row unchanged,revise_light,revise_light,,CORE_SAFE_V02_REPLACEMENT,future apply patch may replace schema-compatible learner-facing fields from v0.2/recovery while preserving current item ID,Auswahl,selected_choice_value,CAT17-collocation-cat17_coll_008,true,microRule/explainText,Welche Kollokation passt? wash the dishes,,Choose the best German option.,,das Geschirr spülen | wrong household verb | direct English translation | literal translation,,das Geschirr spülen,das Geschirr spülen,Collocation: use `das Geschirr spülen` for washing the dishes.,Collocation: use `das Geschirr spülen` for washing the dishes.,,,,duplicate_v02_lineage_resolved,duplicate_v02_lineage_resolved,
content/b1-m17-home-family-daily-life-support.js,v080149_cat17_collocation_cat17_coll_009,cat17-coll-009,cat17-coll-009,matched_replacement_layer,Core Safe,keep current row unchanged,revise_light,revise_light,,CORE_SAFE_V02_REPLACEMENT,future apply patch may replace schema-compatible learner-facing fields from v0.2/recovery while preserving current item ID,Auswahl,selected_choice_value,CAT17-collocation-cat17_coll_009,true,microRule/explainText,Welche Kollokation passt? empty the dishwasher,,Choose the best German option.,,die Spülmaschine ausräumen | wrong household verb | direct English translation | literal translation,,die Spülmaschine ausräumen,die Spülmaschine ausräumen,"Home/daily-life wording should train one clear household, family, routine or support phrase.","Home/daily-life wording should train one clear household, family, routine or support phrase.",,,,duplicate_v02_lineage_resolved,duplicate_v02_lineage_resolved,
content/b1-m17-home-family-daily-life-support.js,v080149_cat17_collocation_cat17_coll_010,cat17-coll-010,cat17-coll-010,matched_replacement_layer,Core Safe,keep current row unchanged,revise_light,revise_light,,CORE_SAFE_V02_REPLACEMENT,future apply patch may replace schema-compatible learner-facing fields from v0.2/recovery while preserving current item ID,Auswahl,selected_choice_value,CAT17-collocation-cat17_coll_010,true,microRule/explainText,Welche Kollokation passt? set the table,,Choose the best German option.,,den Tisch decken | wrong household verb | direct English translation | literal translation,,den Tisch decken,den Tisch decken,Collocation: use `den Tisch decken` for setting the table.,Collocation: use `den Tisch decken` for setting the table.,,,,duplicate_v02_lineage_resolved,duplicate_v02_lineage_resolved,
content/b1-m17-home-family-daily-life-support.js,v080149_cat17_collocation_cat17_coll_011,cat17-coll-011,cat17-coll-011,matched_replacement_layer,Core Safe,keep current row unchanged,revise_light,revise_light,,CORE_SAFE_V02_REPLACEMENT,future apply patch may replace schema-compatible learner-facing fields from v0.2/recovery while preserving current item ID,Auswahl,selected_choice_value,CAT17-collocation-cat17_coll_011,true,microRule/explainText,Welche Kollokation passt? cook food/a meal,,Choose the best German option.,,Essen kochen | wrong household verb | direct English translation | literal translation,,Essen kochen,Essen kochen,`kochen` is used for cooking meals.,`kochen` is used for cooking meals.,,,,duplicate_v02_lineage_resolved,duplicate_v02_lineage_resolved,
content/b1-m17-home-family-daily-life-support.js,v080149_cat17_collocation_cat17_coll_012,cat17-coll-012,cat17-coll-012,matched_replacement_layer,Core Safe,keep current row unchanged,revise_light,revise_light,,CORE_SAFE_V02_REPLACEMENT,future apply patch may replace schema-compatible learner-facing fields from v0.2/recovery while preserving current item ID,Auswahl,selected_choice_value,CAT17-collocation-cat17_coll_012,true,microRule/explainText,Welche Kollokation passt? bake cake,,Choose the best German option.,,Kuchen backen | wrong household verb | direct English translation | literal translation,,Kuchen backen,Kuchen backen,"Home/daily-life wording should train one clear household, family, routine or support phrase.","Home/daily-life wording should train one clear household, family, routine or support phrase.",,,,duplicate_v02_lineage_resolved,duplicate_v02_lineage_resolved,
content/b1-m17-home-family-daily-life-support.js,v080149_cat17_collocation_cat17_coll_013,cat17-coll-013,cat17-coll-013,matched_replacement_layer,Core Safe,keep current row unchanged,revise_light,revise_light,,CORE_SAFE_V02_REPLACEMENT,future apply patch may replace schema-compatible learner-facing fields from v0.2/recovery while preserving current item ID,Auswahl,selected_choice_value,CAT17-collocation-cat17_coll_013,true,microRule/explainText,Welche Kollokation passt? cut vegetables,,Choose the best German option.,,Gemüse schneiden | wrong household verb | direct English translation | literal translation,,Gemüse schneiden,Gemüse schneiden,"Home/daily-life wording should train one clear household, family, routine or support phrase.","Home/daily-life wording should train one clear household, family, routine or support phrase.",,,,duplicate_v02_lineage_resolved,duplicate_v02_lineage_resolved,
content/b1-m17-home-family-daily-life-support.js,v080149_cat17_collocation_cat17_coll_014,cat17-coll-014,cat17-coll-014,matched_replacement_layer,Core Safe,keep current row unchanged,revise_light,revise_light,,CORE_SAFE_V02_REPLACEMENT,future apply patch may replace schema-compatible learner-facing fields from v0.2/recovery while preserving current item ID,Auswahl,selected_choice_value,CAT17-collocation-cat17_coll_014,true,microRule/explainText,Welche Kollokation passt? write a shopping list,,Choose the best German option.,,eine Einkaufsliste schreiben | wrong household verb | direct English translation | literal translation,,eine Einkaufsliste schreiben,eine Einkaufsliste schreiben,`Einkaufsliste` is the shopping list; use it before buying food or household items.,`Einkaufsliste` is the shopping list; use it before buying food or household items.,,,,duplicate_v02_lineage_resolved,duplicate_v02_lineage_resolved,
content/b1-m17-home-family-daily-life-support.js,v080149_cat17_collocation_cat17_coll_015,cat17-coll-015,cat17-coll-015,matched_replacement_layer,Core Safe,keep current row unchanged,revise_light,revise_light,,CORE_SAFE_V02_REPLACEMENT,future apply patch may replace schema-compatible learner-facing fields from v0.2/recovery while preserving current item ID,Auswahl,selected_choice_value,CAT17-collocation-cat17_coll_015,true,microRule/explainText,Welche Kollokation passt? buy groceries,,Choose the best German option.,,Lebensmittel einkaufen | wrong household verb | direct English translation | literal translation,,Lebensmittel einkaufen,Lebensmittel einkaufen,`Lebensmittel einkaufen` means buy food/groceries.,`Lebensmittel einkaufen` means buy food/groceries.,,,,duplicate_v02_lineage_resolved,duplicate_v02_lineage_resolved,
content/b1-m17-home-family-daily-life-support.js,v080149_cat17_collocation_cat17_coll_016,cat17-coll-016,cat17-coll-016,matched_replacement_layer,Core Safe,keep current row unchanged,revise_light,revise_light,,CORE_SAFE_V02_REPLACEMENT,future apply patch may replace schema-compatible learner-facing fields from v0.2/recovery while preserving current item ID,Auswahl,selected_choice_value,CAT17-collocation-cat17_coll_016,true,microRule/explainText,Welche Kollokation passt? put something in the fridge,,Choose the best German option.,,etwas in den Kühlschrank stellen | wrong household verb | direct English translation | literal translation,,etwas in den Kühlschrank stellen,etwas in den Kühlschrank stellen,"Home/daily-life wording should train one clear household, family, routine or support phrase.","Home/daily-life wording should train one clear household, family, routine or support phrase.",,,,duplicate_v02_lineage_resolved,duplicate_v02_lineage_resolved,
content/b1-m17-home-family-daily-life-support.js,v080149_cat17_collocation_cat17_coll_017,cat17-coll-017,cat17-coll-017,matched_replacement_layer,Core Safe,keep current row unchanged,revise_light,revise_light,,CORE_SAFE_V02_REPLACEMENT,future apply patch may replace schema-compatible learner-facing fields from v0.2/recovery while preserving current item ID,Auswahl,selected_choice_value,CAT17-collocation-cat17_coll_017,true,microRule/explainText,Welche Kollokation passt? pack a bag,,Choose the best German option.,,eine Tasche packen | wrong household verb | direct English translation | literal translation,,eine Tasche packen,eine Tasche packen,"Home/daily-life wording should train one clear household, family, routine or support phrase.","Home/daily-life wording should train one clear household, family, routine or support phrase.",,,,duplicate_v02_lineage_resolved,duplicate_v02_lineage_resolved,
content/b1-m17-home-family-daily-life-support.js,v080149_cat17_collocation_cat17_coll_021,cat17-coll-021,cat17-coll-021,matched_replacement_layer,Core Safe,keep current row unchanged,revise_light,revise_light,,CORE_SAFE_V02_REPLACEMENT,future apply patch may replace schema-compatible learner-facing fields from v0.2/recovery while preserving current item ID,Auswahl,selected_choice_value,CAT17-collocation-cat17_coll_021,true,microRule/explainText,Welche Kollokation passt? look after/watch the child,,Choose the best German option.,,auf das Kind aufpassen | wrong household verb | direct English translation | literal translation,,auf das Kind aufpassen,auf das Kind aufpassen,"Home/daily-life wording should train one clear household, family, routine or support phrase.","Home/daily-life wording should train one clear household, family, routine or support phrase.",,,,duplicate_v02_lineage_resolved,duplicate_v02_lineage_resolved,
content/b1-m17-home-family-daily-life-support.js,v080149_cat17_collocation_cat17_coll_022,cat17-coll-022,cat17-coll-022,matched_replacement_layer,Core Safe,keep current row unchanged,revise_light,revise_light,,CORE_SAFE_V02_REPLACEMENT,future apply patch may replace schema-compatible learner-facing fields from v0.2/recovery while preserving current item ID,Auswahl,selected_choice_value,CAT17-collocation-cat17_coll_022,true,microRule/explainText,Welche Kollokation passt? do homework,,Choose the best German option.,,Hausaufgaben machen | wrong household verb | direct English translation | literal translation,,Hausaufgaben machen,Hausaufgaben machen,"Home/daily-life wording should train one clear household, family, routine or support phrase.","Home/daily-life wording should train one clear household, family, routine or support phrase.",,,,duplicate_v02_lineage_resolved,duplicate_v02_lineage_resolved,
content/b1-m17-home-family-daily-life-support.js,v080149_cat17_collocation_cat17_coll_024,cat17-coll-024,cat17-coll-024,matched_replacement_layer,Core Safe,keep current row unchanged,revise_light,revise_light,,CORE_SAFE_V02_REPLACEMENT,future apply patch may replace schema-compatible learner-facing fields from v0.2/recovery while preserving current item ID,Auswahl,selected_choice_value,CAT17-collocation-cat17_coll_024,true,microRule/explainText,Welche Kollokation passt? have visitors,,Choose the best German option.,,Besuch bekommen | wrong household verb | direct English translation | literal translation,,Besuch bekommen,Besuch bekommen,"Home/daily-life wording should train one clear household, family, routine or support phrase.","Home/daily-life wording should train one clear household, family, routine or support phrase.",,,,duplicate_v02_lineage_resolved,duplicate_v02_lineage_resolved,
content/b1-m17-home-family-daily-life-support.js,v080149_cat17_collocation_cat17_coll_026,cat17-coll-026,cat17-coll-026,matched_replacement_layer,Core Safe,keep current row unchanged,revise_light,revise_light,,CORE_SAFE_V02_REPLACEMENT,future apply patch may replace schema-compatible learner-facing fields from v0.2/recovery while preserving current item ID,Auswahl,selected_choice_value,CAT17-collocation-cat17_coll_026,true,microRule/explainText,Welche Kollokation passt? visit friends,,Choose the best German option.,,Freunde besuchen | wrong household verb | direct English translation | literal translation,,Freunde besuchen,Freunde besuchen,"Home/daily-life wording should train one clear household, family, routine or support phrase.","Home/daily-life wording should train one clear household, family, routine or support phrase.",,,,duplicate_v02_lineage_resolved,duplicate_v02_lineage_resolved,
content/b1-m17-home-family-daily-life-support.js,v080149_cat17_collocation_cat17_coll_028,cat17-coll-028,cat17-coll-028,matched_replacement_layer,Core Safe,keep current row unchanged,revise_light,revise_light,,CORE_SAFE_V02_REPLACEMENT,future apply patch may replace schema-compatible learner-facing fields from v0.2/recovery while preserving current item ID,Auswahl,selected_choice_value,CAT17-collocation-cat17_coll_028,true,microRule/explainText,Welche Kollokation passt? go for a walk,,Choose the best German option.,,einen Spaziergang machen | wrong household verb | direct English translation | literal translation,,einen Spaziergang machen,einen Spaziergang machen,"Home/daily-life wording should train one clear household, family, routine or support phrase.","Home/daily-life wording should train one clear household, family, routine or support phrase.",,,,duplicate_v02_lineage_resolved,duplicate_v02_lineage_resolved,
content/b1-m17-home-family-daily-life-support.js,v080149_cat17_collocation_cat17_coll_029,cat17-coll-029,cat17-coll-029,matched_replacement_layer,Core Safe,keep current row unchanged,revise_light,revise_light,,CORE_SAFE_V02_REPLACEMENT,future apply patch may replace schema-compatible learner-facing fields from v0.2/recovery while preserving current item ID,Auswahl,selected_choice_value,CAT17-collocation-cat17_coll_029,true,microRule/explainText,Welche Kollokation passt? water plants,,Choose the best German option.,,Pflanzen gießen | wrong household verb | direct English translation | literal translation,,Pflanzen gießen,Pflanzen gießen,"Home/daily-life wording should train one clear household, family, routine or support phrase.","Home/daily-life wording should train one clear household, family, routine or support phrase.",,,,duplicate_v02_lineage_resolved,duplicate_v02_lineage_resolved,
content/b1-m17-home-family-daily-life-support.js,v080149_cat17_collocation_cat17_coll_030,cat17-coll-030,cat17-coll-030,matched_replacement_layer,Core Safe,keep current row unchanged,revise_light,revise_light,,CORE_SAFE_V02_REPLACEMENT,future apply patch may replace schema-compatible learner-facing fields from v0.2/recovery while preserving current item ID,Auswahl,selected_choice_value,CAT17-collocation-cat17_coll_030,true,microRule/explainText,Welche Kollokation passt? turn on the light,,Choose the best German option.,,das Licht anmachen | wrong household verb | direct English translation | literal translation,,das Licht anmachen,das Licht anmachen,"Home/daily-life wording should train one clear household, family, routine or support phrase.","Home/daily-life wording should train one clear household, family, routine or support phrase.",,,,duplicate_v02_lineage_resolved,duplicate_v02_lineage_resolved,
content/b1-m17-home-family-daily-life-support.js,v080149_cat17_collocation_cat17_coll_031,cat17-coll-031,cat17-coll-031,matched_replacement_layer,Core Safe,keep current row unchanged,revise_light,revise_light,,CORE_SAFE_V02_REPLACEMENT,future apply patch may replace schema-compatible learner-facing fields from v0.2/recovery while preserving current item ID,Auswahl,selected_choice_value,CAT17-collocation-cat17_coll_031,true,microRule/explainText,Welche Kollokation passt? turn off the light,,Choose the best German option.,,das Licht ausmachen | wrong household verb | direct English translation | literal translation,,das Licht ausmachen,das Licht ausmachen,"Home/daily-life wording should train one clear household, family, routine or support phrase.","Home/daily-life wording should train one clear household, family, routine or support phrase.",,,,duplicate_v02_lineage_resolved,duplicate_v02_lineage_resolved,
content/b1-m17-home-family-daily-life-support.js,v080149_cat17_collocation_cat17_coll_032,cat17-coll-032,cat17-coll-032,matched_replacement_layer,Core Safe,keep current row unchanged,revise_light,revise_light,,CORE_SAFE_V02_REPLACEMENT,future apply patch may replace schema-compatible learner-facing fields from v0.2/recovery while preserving current item ID,Auswahl,selected_choice_value,CAT17-collocation-cat17_coll_032,true,microRule/explainText,Welche Kollokation passt? turn up the heating,,Choose the best German option.,,die Heizung aufdrehen | wrong household verb | direct English translation | literal translation,,die Heizung aufdrehen,die Heizung aufdrehen,"Home/daily-life wording should train one clear household, family, routine or support phrase.","Home/daily-life wording should train one clear household, family, routine or support phrase.",,,,duplicate_v02_lineage_resolved,duplicate_v02_lineage_resolved,
content/b1-m17-home-family-daily-life-support.js,v080149_cat17_collocation_cat17_coll_035,cat17-coll-035,cat17-coll-035,matched_replacement_layer,Core Safe,keep current row unchanged,revise_light,revise_light,,CORE_SAFE_V02_REPLACEMENT,future apply patch may replace schema-compatible learner-facing fields from v0.2/recovery while preserving current item ID,Auswahl,selected_choice_value,CAT17-collocation-cat17_coll_035,true,microRule/explainText,Welche Kollokation passt? open the window,,Choose the best German option.,,das Fenster öffnen | wrong household verb | direct English translation | literal translation,,das Fenster öffnen,das Fenster öffnen,"Home/daily-life wording should train one clear household, family, routine or support phrase.","Home/daily-life wording should train one clear household, family, routine or support phrase.",,,,duplicate_v02_lineage_resolved,duplicate_v02_lineage_resolved,
content/b1-m17-home-family-daily-life-support.js,v080149_cat17_collocation_cat17_coll_036,cat17-coll-036,cat17-coll-036,matched_replacement_layer,Core Safe,keep current row unchanged,revise_light,revise_light,,CORE_SAFE_V02_REPLACEMENT,future apply patch may replace schema-compatible learner-facing fields from v0.2/recovery while preserving current item ID,Auswahl,selected_choice_value,CAT17-collocation-cat17_coll_036,true,microRule/explainText,Welche Kollokation passt? close the door,,Choose the best German option.,,die Tür schließen | wrong household verb | direct English translation | literal translation,,die Tür schließen,die Tür schließen,"Home/daily-life wording should train one clear household, family, routine or support phrase.","Home/daily-life wording should train one clear household, family, routine or support phrase.",,,,duplicate_v02_lineage_resolved,duplicate_v02_lineage_resolved,
content/b1-m17-home-family-daily-life-support.js,v080149_cat17_collocation_cat17_coll_037,cat17-coll-037,cat17-coll-037,matched_replacement_layer,Core Safe,keep current row unchanged,revise_light,revise_light,,CORE_SAFE_V02_REPLACEMENT,future apply patch may replace schema-compatible learner-facing fields from v0.2/recovery while preserving current item ID,Auswahl,selected_choice_value,CAT17-collocation-cat17_coll_037,true,microRule/explainText,Welche Kollokation passt? lose the key,,Choose the best German option.,,den Schlüssel verlieren | wrong household verb | direct English translation | literal translation,,den Schlüssel verlieren,den Schlüssel verlieren,"Home/daily-life wording should train one clear household, family, routine or support phrase.","Home/daily-life wording should train one clear household, family, routine or support phrase.",,,,duplicate_v02_lineage_resolved,duplicate_v02_lineage_resolved,
content/b1-m17-home-family-daily-life-support.js,v080149_cat17_collocation_cat17_coll_038,cat17-coll-038,cat17-coll-038,matched_replacement_layer,Core Safe,keep current row unchanged,revise_light,revise_light,,CORE_SAFE_V02_REPLACEMENT,future apply patch may replace schema-compatible learner-facing fields from v0.2/recovery while preserving current item ID,Auswahl,selected_choice_value,CAT17-collocation-cat17_coll_038,true,microRule/explainText,Welche Kollokation passt? report a problem,,Choose the best German option.,,ein Problem melden | wrong household verb | direct English translation | literal translation,,ein Problem melden,ein Problem melden,"Home/daily-life wording should train one clear household, family, routine or support phrase.","Home/daily-life wording should train one clear household, family, routine or support phrase.",,,,duplicate_v02_lineage_resolved,duplicate_v02_lineage_resolved,
content/b1-m17-home-family-daily-life-support.js,v080149_cat17_collocation_cat17_coll_040,cat17-coll-040,cat17-coll-040,matched_replacement_layer,Core Safe,keep current row unchanged,revise_light,revise_light,,CORE_SAFE_V02_REPLACEMENT,future apply patch may replace schema-compatible learner-facing fields from v0.2/recovery while preserving current item ID,Auswahl,selected_choice_value,CAT17-collocation-cat17_coll_040,true,microRule/explainText,Welche Kollokation passt? the tap is dripping,,Choose the best German option.,,der Wasserhahn tropft | wrong household verb | direct English translation | literal translation,,der Wasserhahn tropft,der Wasserhahn tropft,"Home/daily-life wording should train one clear household, family, routine or support phrase.","Home/daily-life wording should train one clear household, family, routine or support phrase.",,,,duplicate_v02_lineage_resolved,duplicate_v02_lineage_resolved,
content/b1-m17-home-family-daily-life-support.js,v080149_cat17_collocation_cat17_coll_043,cat17-coll-043,cat17-coll-043,matched_replacement_layer,Core Safe,keep current row unchanged,revise_light,revise_light,,CORE_SAFE_V02_REPLACEMENT,future apply patch may replace schema-compatible learner-facing fields from v0.2/recovery while preserving current item ID,Auswahl,selected_choice_value,CAT17-collocation-cat17_coll_043,true,microRule/explainText,Welche Kollokation passt? accept a parcel,,Choose the best German option.,,ein Paket annehmen | wrong household verb | direct English translation | literal translation,,ein Paket annehmen,ein Paket annehmen,"Home/daily-life wording should train one clear household, family, routine or support phrase.","Home/daily-life wording should train one clear household, family, routine or support phrase.",,,,duplicate_v02_lineage_resolved,duplicate_v02_lineage_resolved,
content/b1-m17-home-family-daily-life-support.js,v080149_cat17_collocation_cat17_coll_044,cat17-coll-044,cat17-coll-044,matched_replacement_layer,Core Safe,keep current row unchanged,revise_light,revise_light,,CORE_SAFE_V02_REPLACEMENT,future apply patch may replace schema-compatible learner-facing fields from v0.2/recovery while preserving current item ID,Auswahl,selected_choice_value,CAT17-collocation-cat17_coll_044,true,microRule/explainText,Welche Kollokation passt? inform the neighbours,,Choose the best German option.,,die Nachbarn informieren | wrong household verb | direct English translation | literal translation,,die Nachbarn informieren,die Nachbarn informieren,"Home/daily-life wording should train one clear household, family, routine or support phrase.","Home/daily-life wording should train one clear household, family, routine or support phrase.",,,,duplicate_v02_lineage_resolved,duplicate_v02_lineage_resolved,
content/b1-m17-home-family-daily-life-support.js,v080149_cat17_collocation_cat17_coll_045,cat17-coll-045,cat17-coll-045,matched_replacement_layer,Core Safe,keep current row unchanged,revise_light,revise_light,,CORE_SAFE_V02_REPLACEMENT,future apply patch may replace schema-compatible learner-facing fields from v0.2/recovery while preserving current item ID,Auswahl,selected_choice_value,CAT17-collocation-cat17_coll_045,true,microRule/explainText,Welche Kollokation passt? make noise,,Choose the best German option.,,Lärm machen | wrong household verb | direct English translation | literal translation,,Lärm machen,Lärm machen,"Home/daily-life wording should train one clear household, family, routine or support phrase.","Home/daily-life wording should train one clear household, family, routine or support phrase.",,,,duplicate_v02_lineage_resolved,duplicate_v02_lineage_resolved,
content/b1-m17-home-family-daily-life-support.js,v080149_cat17_collocation_cat17_coll_046,cat17-coll-046,cat17-coll-046,matched_replacement_layer,Core Safe,keep current row unchanged,revise_light,revise_light,,CORE_SAFE_V02_REPLACEMENT,future apply patch may replace schema-compatible learner-facing fields from v0.2/recovery while preserving current item ID,Auswahl,selected_choice_value,CAT17-collocation-cat17_coll_046,true,microRule/explainText,Welche Kollokation passt? be quiet,,Choose the best German option.,,leise sein | wrong household verb | direct English translation | literal translation,,leise sein,leise sein,"Home/daily-life wording should train one clear household, family, routine or support phrase.","Home/daily-life wording should train one clear household, family, routine or support phrase.",,,,duplicate_v02_lineage_resolved,duplicate_v02_lineage_resolved,
content/b1-m17-home-family-daily-life-support.js,v080149_cat17_collocation_cat17_coll_047,cat17-coll-047,cat17-coll-047,matched_replacement_layer,Core Safe,keep current row unchanged,revise_light,revise_light,,CORE_SAFE_V02_REPLACEMENT,future apply patch may replace schema-compatible learner-facing fields from v0.2/recovery while preserving current item ID,Auswahl,selected_choice_value,CAT17-collocation-cat17_coll_047,true,microRule/explainText,Welche Kollokation passt? need help,,Choose the best German option.,,Hilfe brauchen | wrong household verb | direct English translation | literal translation,,Hilfe brauchen,Hilfe brauchen,"Home/daily-life wording should train one clear household, family, routine or support phrase.","Home/daily-life wording should train one clear household, family, routine or support phrase.",,,,duplicate_v02_lineage_resolved,duplicate_v02_lineage_resolved,
content/b1-m17-home-family-daily-life-support.js,v080149_cat17_collocation_cat17_coll_048,cat17-coll-048,cat17-coll-048,matched_replacement_layer,Core Safe,keep current row unchanged,revise_light,revise_light,,CORE_SAFE_V02_REPLACEMENT,future apply patch may replace schema-compatible learner-facing fields from v0.2/recovery while preserving current item ID,Auswahl,selected_choice_value,CAT17-collocation-cat17_coll_048,true,microRule/explainText,Welche Kollokation passt? take care of the shopping,,Choose the best German option.,,sich um den Einkauf kümmern | wrong household verb | direct English translation | literal translation,,sich um den Einkauf kümmern,sich um den Einkauf kümmern,"Home/daily-life wording should train one clear household, family, routine or support phrase.","Home/daily-life wording should train one clear household, family, routine or support phrase.",,,,duplicate_v02_lineage_resolved,duplicate_v02_lineage_resolved,
content/b1-m17-home-family-daily-life-support.js,v080149_cat17_collocation_cat17_coll_049,cat17-coll-049,cat17-coll-049,matched_replacement_layer,Core Safe,keep current row unchanged,revise_light,revise_light,,CORE_SAFE_V02_REPLACEMENT,future apply patch may replace schema-compatible learner-facing fields from v0.2/recovery while preserving current item ID,Auswahl,selected_choice_value,CAT17-collocation-cat17_coll_049,true,microRule/explainText,Welche Kollokation passt? divide household chores,,Choose the best German option.,,die Hausarbeit aufteilen | wrong household verb | direct English translation | literal translation,,die Hausarbeit aufteilen,die Hausarbeit aufteilen,"Home/daily-life wording should train one clear household, family, routine or support phrase.","Home/daily-life wording should train one clear household, family, routine or support phrase.",,,,duplicate_v02_lineage_resolved,duplicate_v02_lineage_resolved,
content/b1-m17-home-family-daily-life-support.js,v080149_cat17_collocation_cat17_coll_050,cat17-coll-050,cat17-coll-050,matched_replacement_layer,Core Safe,keep current row unchanged,revise_light,revise_light,,CORE_SAFE_V02_REPLACEMENT,future apply patch may replace schema-compatible learner-facing fields from v0.2/recovery while preserving current item ID,Auswahl,selected_choice_value,CAT17-collocation-cat17_coll_050,true,microRule/explainText,Welche Kollokation passt? take over a task,,Choose the best German option.,,eine Aufgabe übernehmen | wrong household verb | direct English translation | literal translation,,eine Aufgabe übernehmen,eine Aufgabe übernehmen,"Home/daily-life wording should train one clear household, family, routine or support phrase.","Home/daily-life wording should train one clear household, family, routine or support phrase.",,,,duplicate_v02_lineage_resolved,duplicate_v02_lineage_resolved,
content/b1-m17-home-family-daily-life-support.js,v080149_cat17_contrast_cat17_cs_001,cat17-cs-001,cat17-cs-001,matched_replacement_layer,Core Safe,keep current row unchanged,revise_light,revise_light,,CORE_SAFE_V02_REPLACEMENT,future apply patch may replace schema-compatible learner-facing fields from v0.2/recovery while preserving current item ID,Auswahl,selected_choice_value,CAT17-contrast-cat17_cs_001,true,prompt; microRule/explainText,Welche Form passt in dieser Alltagssituation zu Hause oder in der Familie?,Welche Form passt in dieser Alltagssituation zu Hause oder in der Familie?,Wohnung vs Haus,,Wohnung | Haus | Zimmer | Gebäude,Wohnung | Haus | Zimmer | Gebäude,Wohnung,Wohnung,"Home/daily-life wording should train one clear household, family, routine or support phrase.","Home/daily-life wording should train one clear household, family, routine or support phrase.",,,,duplicate_v02_lineage_resolved,duplicate_v02_lineage_resolved,
content/b1-m17-home-family-daily-life-support.js,v080149_cat17_contrast_cat17_cs_002,cat17-cs-002,cat17-cs-002,matched_replacement_layer,Core Safe,keep current row unchanged,revise_light,revise_light,,CORE_SAFE_V02_REPLACEMENT,future apply patch may replace schema-compatible learner-facing fields from v0.2/recovery while preserving current item ID,Auswahl,selected_choice_value,CAT17-contrast-cat17_cs_002,true,prompt; microRule/explainText,Welche Form passt in dieser Alltagssituation zu Hause oder in der Familie?,Welche Form passt in dieser Alltagssituation zu Hause oder in der Familie?,Zimmer vs Raum,,Zimmer | Raum | Wohnung | Etage,Zimmer | Raum | Wohnung | Etage,Zimmer,Zimmer,`zu Hause` describes being at home.,`zu Hause` describes being at home.,,,,duplicate_v02_lineage_resolved,duplicate_v02_lineage_resolved,
content/b1-m17-home-family-daily-life-support.js,v080149_cat17_contrast_cat17_cs_003,cat17-cs-003,cat17-cs-003,matched_replacement_layer,Core Safe,keep current row unchanged,revise_light,revise_light,,CORE_SAFE_V02_REPLACEMENT,future apply patch may replace schema-compatible learner-facing fields from v0.2/recovery while preserving current item ID,Auswahl,selected_choice_value,CAT17-contrast-cat17_cs_003,true,prompt; microRule/explainText,Welche Form passt in dieser Alltagssituation zu Hause oder in der Familie?,Welche Form passt in dieser Alltagssituation zu Hause oder in der Familie?,Bad vs Küche,,Bad | Küche | Flur | Keller,Bad | Küche | Flur | Keller,Bad,Bad,`Küche` is the kitchen; use it for cooking and household context.,`Küche` is the kitchen; use it for cooking and household context.,,,,duplicate_v02_lineage_resolved,duplicate_v02_lineage_resolved,
content/b1-m17-home-family-daily-life-support.js,v080149_cat17_contrast_cat17_cs_004,cat17-cs-004,cat17-cs-004,matched_replacement_layer,Core Safe,keep current row unchanged,revise_light,revise_light,,CORE_SAFE_V02_REPLACEMENT,future apply patch may replace schema-compatible learner-facing fields from v0.2/recovery while preserving current item ID,Auswahl,selected_choice_value,CAT17-contrast-cat17_cs_004,true,prompt; microRule/explainText,Welche Form passt in dieser Alltagssituation zu Hause oder in der Familie?,Welche Form passt in dieser Alltagssituation zu Hause oder in der Familie?,Hausarbeit vs Hausaufgaben,,Hausarbeit | Hausaufgaben | Haushalt | Arbeit,Hausarbeit | Hausaufgaben | Haushalt | Arbeit,Hausarbeit,Hausarbeit,"Home/daily-life wording should train one clear household, family, routine or support phrase.","Home/daily-life wording should train one clear household, family, routine or support phrase.",,,,duplicate_v02_lineage_resolved,duplicate_v02_lineage_resolved,
content/b1-m17-home-family-daily-life-support.js,v080149_cat17_contrast_cat17_cs_005,cat17-cs-005,cat17-cs-005,matched_replacement_layer,Core Safe,keep current row unchanged,revise_light,revise_light,,CORE_SAFE_V02_REPLACEMENT,future apply patch may replace schema-compatible learner-facing fields from v0.2/recovery while preserving current item ID,Auswahl,selected_choice_value,CAT17-contrast-cat17_cs_005,true,prompt; microRule/explainText,Welche Form passt in dieser Alltagssituation zu Hause oder in der Familie?,Welche Form passt in dieser Alltagssituation zu Hause oder in der Familie?,putzen vs aufräumen,,putzen | aufräumen | spülen | waschen,putzen | aufräumen | spülen | waschen,putzen,putzen,"Home/daily-life wording should train one clear household, family, routine or support phrase.","Home/daily-life wording should train one clear household, family, routine or support phrase.",,,,duplicate_v02_lineage_resolved,duplicate_v02_lineage_resolved,
content/b1-m17-home-family-daily-life-support.js,v080149_cat17_contrast_cat17_cs_006,cat17-cs-006,cat17-cs-006,matched_replacement_layer,Core Safe,keep current row unchanged,revise_light,revise_light,,CORE_SAFE_V02_REPLACEMENT,future apply patch may replace schema-compatible learner-facing fields from v0.2/recovery while preserving current item ID,Auswahl,selected_choice_value,CAT17-contrast-cat17_cs_006,true,prompt; microRule/explainText,Welche Form passt in dieser Alltagssituation zu Hause oder in der Familie?,Welche Form passt in dieser Alltagssituation zu Hause oder in der Familie?,waschen vs spülen,,waschen | spülen | wischen | putzen,waschen | spülen | wischen | putzen,waschen,waschen,"Home/daily-life wording should train one clear household, family, routine or support phrase.","Home/daily-life wording should train one clear household, family, routine or support phrase.",,,,duplicate_v02_lineage_resolved,duplicate_v02_lineage_resolved,
content/b1-m17-home-family-daily-life-support.js,v080149_cat17_contrast_cat17_cs_007,cat17-cs-007,cat17-cs-007,matched_replacement_layer,Core Safe,keep current row unchanged,revise_light,revise_light,,CORE_SAFE_V02_REPLACEMENT,future apply patch may replace schema-compatible learner-facing fields from v0.2/recovery while preserving current item ID,Auswahl,selected_choice_value,CAT17-contrast-cat17_cs_007,true,prompt; microRule/explainText,Welche Form passt in dieser Alltagssituation zu Hause oder in der Familie?,Welche Form passt in dieser Alltagssituation zu Hause oder in der Familie?,saugen vs wischen,,saugen | wischen | waschen | kehren,saugen | wischen | waschen | kehren,saugen,saugen,"Home/daily-life wording should train one clear household, family, routine or support phrase.","Home/daily-life wording should train one clear household, family, routine or support phrase.",,,,duplicate_v02_lineage_resolved,duplicate_v02_lineage_resolved,
content/b1-m17-home-family-daily-life-support.js,v080149_cat17_contrast_cat17_cs_011,cat17-cs-011,cat17-cs-011,matched_replacement_layer,Core Safe,keep current row unchanged,revise_light,revise_light,,CORE_SAFE_V02_REPLACEMENT,future apply patch may replace schema-compatible learner-facing fields from v0.2/recovery while preserving current item ID,Auswahl,selected_choice_value,CAT17-contrast-cat17_cs_011,true,prompt; microRule/explainText,Welche Form passt in dieser Alltagssituation zu Hause oder in der Familie?,Welche Form passt in dieser Alltagssituation zu Hause oder in der Familie?,kochen vs backen,,kochen | backen | braten | schneiden,kochen | backen | braten | schneiden,kochen,kochen,`kochen` is used for cooking meals.,`kochen` is used for cooking meals.,,,,duplicate_v02_lineage_resolved,duplicate_v02_lineage_resolved,
content/b1-m17-home-family-daily-life-support.js,v080149_cat17_contrast_cat17_cs_012,cat17-cs-012,cat17-cs-012,matched_replacement_layer,Core Safe,keep current row unchanged,revise_light,revise_light,,CORE_SAFE_V02_REPLACEMENT,future apply patch may replace schema-compatible learner-facing fields from v0.2/recovery while preserving current item ID,Auswahl,selected_choice_value,CAT17-contrast-cat17_cs_012,true,prompt; microRule/explainText,Welche Form passt in dieser Alltagssituation zu Hause oder in der Familie?,Welche Form passt in dieser Alltagssituation zu Hause oder in der Familie?,anmachen vs ausmachen,,anmachen | ausmachen | aufmachen | zumachen,anmachen | ausmachen | aufmachen | zumachen,anmachen,anmachen,"Home/daily-life wording should train one clear household, family, routine or support phrase.","Home/daily-life wording should train one clear household, family, routine or support phrase.",,,,duplicate_v02_lineage_resolved,duplicate_v02_lineage_resolved,
content/b1-m17-home-family-daily-life-support.js,v080149_cat17_contrast_cat17_cs_013,cat17-cs-013,cat17-cs-013,matched_replacement_layer,Core Safe,keep current row unchanged,revise_light,revise_light,,CORE_SAFE_V02_REPLACEMENT,future apply patch may replace schema-compatible learner-facing fields from v0.2/recovery while preserving current item ID,Auswahl,selected_choice_value,CAT17-contrast-cat17_cs_013,true,prompt; microRule/explainText,Welche Form passt in dieser Alltagssituation zu Hause oder in der Familie?,Welche Form passt in dieser Alltagssituation zu Hause oder in der Familie?,aufmachen vs zumachen,,aufmachen | zumachen | anmachen | ausmachen,aufmachen | zumachen | anmachen | ausmachen,aufmachen,aufmachen,"Home/daily-life wording should train one clear household, family, routine or support phrase.","Home/daily-life wording should train one clear household, family, routine or support phrase.",,,,duplicate_v02_lineage_resolved,duplicate_v02_lineage_resolved,
content/b1-m17-home-family-daily-life-support.js,v080149_cat17_contrast_cat17_cs_014,cat17-cs-014,cat17-cs-014,matched_replacement_layer,Core Safe,keep current row unchanged,revise_light,revise_light,,CORE_SAFE_V02_REPLACEMENT,future apply patch may replace schema-compatible learner-facing fields from v0.2/recovery while preserving current item ID,Auswahl,selected_choice_value,CAT17-contrast-cat17_cs_014,true,prompt; microRule/explainText,Welche Form passt in dieser Alltagssituation zu Hause oder in der Familie?,Welche Form passt in dieser Alltagssituation zu Hause oder in der Familie?,öffnen vs schließen,,öffnen | schließen | schalten | decken,öffnen | schließen | schalten | decken,öffnen,öffnen,"Home/daily-life wording should train one clear household, family, routine or support phrase.","Home/daily-life wording should train one clear household, family, routine or support phrase.",,,,duplicate_v02_lineage_resolved,duplicate_v02_lineage_resolved,
content/b1-m17-home-family-daily-life-support.js,v080149_cat17_contrast_cat17_cs_018,cat17-cs-018,cat17-cs-018,matched_replacement_layer,Core Safe,keep current row unchanged,revise_light,revise_light,,CORE_SAFE_V02_REPLACEMENT,future apply patch may replace schema-compatible learner-facing fields from v0.2/recovery while preserving current item ID,Auswahl,selected_choice_value,CAT17-contrast-cat17_cs_018,true,prompt; microRule/explainText,Welche Form passt in dieser Alltagssituation zu Hause oder in der Familie?,Welche Form passt in dieser Alltagssituation zu Hause oder in der Familie?,leise vs ruhig,,leise | ruhig | still | lautlos,leise | ruhig | still | lautlos,leise,leise,"Home/daily-life wording should train one clear household, family, routine or support phrase.","Home/daily-life wording should train one clear household, family, routine or support phrase.",,,,duplicate_v02_lineage_resolved,duplicate_v02_lineage_resolved,
content/b1-m17-home-family-daily-life-support.js,v080149_cat17_contrast_cat17_cs_019,cat17-cs-019,cat17-cs-019,matched_replacement_layer,Core Safe,keep current row unchanged,revise_light,revise_light,,CORE_SAFE_V02_REPLACEMENT,future apply patch may replace schema-compatible learner-facing fields from v0.2/recovery while preserving current item ID,Auswahl,selected_choice_value,CAT17-contrast-cat17_cs_019,true,prompt; microRule/explainText,Welche Form passt in dieser Alltagssituation zu Hause oder in der Familie?,Welche Form passt in dieser Alltagssituation zu Hause oder in der Familie?,Lärm vs Geräusch,,Lärm | Geräusch | Stimme | Klang,Lärm | Geräusch | Stimme | Klang,Lärm,Lärm,"Home/daily-life wording should train one clear household, family, routine or support phrase.","Home/daily-life wording should train one clear household, family, routine or support phrase.",,,,duplicate_v02_lineage_resolved,duplicate_v02_lineage_resolved,
content/b1-m17-home-family-daily-life-support.js,v080149_cat17_contrast_cat17_cs_023,cat17-cs-023,cat17-cs-023,matched_replacement_layer,Core Safe,keep current row unchanged,revise_light,revise_light,,CORE_SAFE_V02_REPLACEMENT,future apply patch may replace schema-compatible learner-facing fields from v0.2/recovery while preserving current item ID,Auswahl,selected_choice_value,CAT17-contrast-cat17_cs_023,true,prompt; microRule/explainText,Welche Form passt in dieser Alltagssituation zu Hause oder in der Familie?,Welche Form passt in dieser Alltagssituation zu Hause oder in der Familie?,Tisch decken vs legen,,den Tisch decken | den Tisch legen | das Tisch decken | Tisch machen,den Tisch decken | den Tisch legen | das Tisch decken | Tisch machen,den Tisch decken,den Tisch decken,Collocation: use `den Tisch decken` for setting the table.,Collocation: use `den Tisch decken` for setting the table.,,,,duplicate_v02_lineage_resolved,duplicate_v02_lineage_resolved,
content/b1-m17-home-family-daily-life-support.js,v080149_cat17_contrast_cat17_cs_024,cat17-cs-024,cat17-cs-024,matched_replacement_layer,Core Safe,keep current row unchanged,revise_light,revise_light,,CORE_SAFE_V02_REPLACEMENT,future apply patch may replace schema-compatible learner-facing fields from v0.2/recovery while preserving current item ID,Auswahl,selected_choice_value,CAT17-contrast-cat17_cs_024,true,prompt; microRule/explainText,Welche Form passt in dieser Alltagssituation zu Hause oder in der Familie?,Welche Form passt in dieser Alltagssituation zu Hause oder in der Familie?,Hilfe brauchen vs haben,,Hilfe brauchen | Hilfe haben | Hilfe machen | Hilfe nehmen,Hilfe brauchen | Hilfe haben | Hilfe machen | Hilfe nehmen,Hilfe brauchen,Hilfe brauchen,"Home/daily-life wording should train one clear household, family, routine or support phrase.","Home/daily-life wording should train one clear household, family, routine or support phrase.",,,,duplicate_v02_lineage_resolved,duplicate_v02_lineage_resolved,
content/b1-m17-home-family-daily-life-support.js,v080149_cat17_contrast_cat17_cs_025,cat17-cs-025,cat17-cs-025,matched_replacement_layer,Core Safe,keep current row unchanged,revise_light,revise_light,,CORE_SAFE_V02_REPLACEMENT,future apply patch may replace schema-compatible learner-facing fields from v0.2/recovery while preserving current item ID,Auswahl,selected_choice_value,CAT17-contrast-cat17_cs_025,true,prompt; microRule/explainText,Welche Form passt in dieser Alltagssituation zu Hause oder in der Familie?,Welche Form passt in dieser Alltagssituation zu Hause oder in der Familie?,sich kümmern um,,sich um den Einkauf kümmern | den Einkauf kümmern | für den Einkauf kümmern | um den Einkauf machen,sich um den Einkauf kümmern | den Einkauf kümmern | für den Einkauf kümmern | um den Einkauf machen,sich um den Einkauf kümmern,sich um den Einkauf kümmern,"Home/daily-life wording should train one clear household, family, routine or support phrase.","Home/daily-life wording should train one clear household, family, routine or support phrase.",,,,duplicate_v02_lineage_resolved,duplicate_v02_lineage_resolved,
content/b1-m17-home-family-daily-life-support.js,v080149_cat17_contrast_cat17_cs_026,cat17-cs-026,cat17-cs-026,matched_replacement_layer,Core Safe,keep current row unchanged,revise_light,revise_light,,CORE_SAFE_V02_REPLACEMENT,future apply patch may replace schema-compatible learner-facing fields from v0.2/recovery while preserving current item ID,Auswahl,selected_choice_value,CAT17-contrast-cat17_cs_026,true,prompt; microRule/explainText,Welche Form passt in dieser Alltagssituation zu Hause oder in der Familie?,Welche Form passt in dieser Alltagssituation zu Hause oder in der Familie?,aufpassen auf,,auf das Kind aufpassen | das Kind aufpassen | für das Kind aufpassen | an das Kind aufpassen,auf das Kind aufpassen | das Kind aufpassen | für das Kind aufpassen | an das Kind aufpassen,auf das Kind aufpassen,auf das Kind aufpassen,"Home/daily-life wording should train one clear household, family, routine or support phrase.","Home/daily-life wording should train one clear household, family, routine or support phrase.",,,,duplicate_v02_lineage_resolved,duplicate_v02_lineage_resolved,
content/b1-m17-home-family-daily-life-support.js,v080149_cat17_contrast_cat17_cs_027,cat17-cs-027,cat17-cs-027,matched_replacement_layer,Core Safe,keep current row unchanged,revise_light,revise_light,,CORE_SAFE_V02_REPLACEMENT,future apply patch may replace schema-compatible learner-facing fields from v0.2/recovery while preserving current item ID,Auswahl,selected_choice_value,CAT17-contrast-cat17_cs_027,true,prompt; microRule/explainText,Welche Form passt in dieser Alltagssituation zu Hause oder in der Familie?,Welche Form passt in dieser Alltagssituation zu Hause oder in der Familie?,zu Besuch kommen,,zu Besuch kommen | als Besuch kommen | in Besuch kommen | Besuch machen,zu Besuch kommen | als Besuch kommen | in Besuch kommen | Besuch machen,zu Besuch kommen,zu Besuch kommen,"Home/daily-life wording should train one clear household, family, routine or support phrase.","Home/daily-life wording should train one clear household, family, routine or support phrase.",,,,duplicate_v02_lineage_resolved,duplicate_v02_lineage_resolved,
content/b1-m17-home-family-daily-life-support.js,v080149_cat17_contrast_cat17_cs_028,cat17-cs-028,cat17-cs-028,matched_replacement_layer,Core Safe,keep current row unchanged,revise_light,revise_light,,CORE_SAFE_V02_REPLACEMENT,future apply patch may replace schema-compatible learner-facing fields from v0.2/recovery while preserving current item ID,Auswahl,selected_choice_value,CAT17-contrast-cat17_cs_028,true,prompt; microRule/explainText,Welche Form passt in dieser Alltagssituation zu Hause oder in der Familie?,Welche Form passt in dieser Alltagssituation zu Hause oder in der Familie?,Tasse vs Glas,,Tasse | Glas | Becher | Teller,Tasse | Glas | Becher | Teller,Tasse,Tasse,"Home/daily-life wording should train one clear household, family, routine or support phrase.","Home/daily-life wording should train one clear household, family, routine or support phrase.",,,,duplicate_v02_lineage_resolved,duplicate_v02_lineage_resolved,
content/b1-m17-home-family-daily-life-support.js,v080149_cat17_contrast_cat17_cs_029,cat17-cs-029,cat17-cs-029,matched_replacement_layer,Core Safe,keep current row unchanged,revise_light,revise_light,,CORE_SAFE_V02_REPLACEMENT,future apply patch may replace schema-compatible learner-facing fields from v0.2/recovery while preserving current item ID,Auswahl,selected_choice_value,CAT17-contrast-cat17_cs_029,true,prompt; microRule/explainText,Welche Form passt in dieser Alltagssituation zu Hause oder in der Familie?,Welche Form passt in dieser Alltagssituation zu Hause oder in der Familie?,Schüssel vs Teller,,Teller | Schüssel | Tasse | Topf,Teller | Schüssel | Tasse | Topf,Teller,Teller,"Home/daily-life wording should train one clear household, family, routine or support phrase.","Home/daily-life wording should train one clear household, family, routine or support phrase.",,,,duplicate_v02_lineage_resolved,duplicate_v02_lineage_resolved,
content/b1-m17-home-family-daily-life-support.js,v080149_cat17_contrast_cat17_cs_030,cat17-cs-030,cat17-cs-030,matched_replacement_layer,Core Safe,keep current row unchanged,revise_light,revise_light,,CORE_SAFE_V02_REPLACEMENT,future apply patch may replace schema-compatible learner-facing fields from v0.2/recovery while preserving current item ID,Auswahl,selected_choice_value,CAT17-contrast-cat17_cs_030,true,prompt; microRule/explainText,Welche Form passt in dieser Alltagssituation zu Hause oder in der Familie?,Welche Form passt in dieser Alltagssituation zu Hause oder in der Familie?,Jacke anziehen vs Schuhe ausziehen,,eine Jacke anziehen | eine Jacke ausziehen | Schuhe anmachen | Schuhe machen,eine Jacke anziehen | eine Jacke ausziehen | Schuhe anmachen | Schuhe machen,eine Jacke anziehen,eine Jacke anziehen,`ausziehen` is separable: `Ich ziehe die Schuhe aus.`,`ausziehen` is separable: `Ich ziehe die Schuhe aus.`,,,,duplicate_v02_lineage_resolved,duplicate_v02_lineage_resolved,
content/b1-m17-home-family-daily-life-support.js,v080149_cat17_practice_family_cat17_pf_043,cat17-pf-043,cat17-pf-043,matched_replacement_layer,Exception,manual review: unrecognised v0.2 decision vocabulary,revise_light,revise_light,,CORE_SAFE_V02_REPLACEMENT,future apply patch may replace schema-compatible learner-facing fields from v0.2/recovery while preserving current item ID,Auswahl,selected_choice_value,CAT17-practice_family-cat17_pf_043,true,prompt; stimulus/learnerCue; microRule/explainText,Welche Form passt in dieser Alltagssituation zu Hause oder in der Familie?,Welche Form passt in dieser Alltagssituation zu Hause oder in der Familie?,A Wohnung / B Haus / C Zimmer,A Wohnung / B Haus / C Zimmer,Wohnung | A Wohnung | B Haus | C Zimmer,,Wohnung,Wohnung,"Home/daily-life wording should train one clear household, family, routine or support phrase.","Home/daily-life wording should train one clear household, family, routine or support phrase.",,,,duplicate_v02_lineage_resolved,duplicate_v02_lineage_resolved,
content/b1-m17-home-family-daily-life-support.js,v080149_cat17_practice_family_cat17_pf_044,cat17-pf-044,cat17-pf-044,matched_replacement_layer,Exception,manual review: unrecognised v0.2 decision vocabulary,revise_light,revise_light,,CORE_SAFE_V02_REPLACEMENT,future apply patch may replace schema-compatible learner-facing fields from v0.2/recovery while preserving current item ID,Auswahl,selected_choice_value,CAT17-practice_family-cat17_pf_044,true,prompt; stimulus/learnerCue; microRule/explainText,Welche Form passt in dieser Alltagssituation zu Hause oder in der Familie?,Welche Form passt in dieser Alltagssituation zu Hause oder in der Familie?,A Zimmer / B Raum / C Wohnung,A Zimmer / B Raum / C Wohnung,Zimmer | A Zimmer | B Raum | C Wohnung,,Zimmer,Zimmer,`zu Hause` describes being at home.,`zu Hause` describes being at home.,,,,duplicate_v02_lineage_resolved,duplicate_v02_lineage_resolved,
content/b1-m17-home-family-daily-life-support.js,v080149_cat17_practice_family_cat17_pf_045,cat17-pf-045,cat17-pf-045,matched_replacement_layer,Exception,manual review: unrecognised v0.2 decision vocabulary,revise_light,revise_light,,CORE_SAFE_V02_REPLACEMENT,future apply patch may replace schema-compatible learner-facing fields from v0.2/recovery while preserving current item ID,Auswahl,selected_choice_value,CAT17-practice_family-cat17_pf_045,true,prompt; stimulus/learnerCue; microRule/explainText,Welche Form passt in dieser Alltagssituation zu Hause oder in der Familie?,Welche Form passt in dieser Alltagssituation zu Hause oder in der Familie?,A Bad / B Küche / C Flur,A Bad / B Küche / C Flur,Bad | A Bad | B Küche | C Flur,,Bad,Bad,`Küche` is the kitchen; use it for cooking and household context.,`Küche` is the kitchen; use it for cooking and household context.,,,,duplicate_v02_lineage_resolved,duplicate_v02_lineage_resolved,
content/b1-m17-home-family-daily-life-support.js,v080149_cat17_practice_family_cat17_pf_046,cat17-pf-046,cat17-pf-046,matched_replacement_layer,Exception,manual review: unrecognised v0.2 decision vocabulary,revise_light,revise_light,,CORE_SAFE_V02_REPLACEMENT,future apply patch may replace schema-compatible learner-facing fields from v0.2/recovery while preserving current item ID,Auswahl,selected_choice_value,CAT17-practice_family-cat17_pf_046,true,prompt; stimulus/learnerCue; microRule/explainText,Welche Form passt in dieser Alltagssituation zu Hause oder in der Familie?,Welche Form passt in dieser Alltagssituation zu Hause oder in der Familie?,A Hausarbeit / B Hausaufgaben / C Haushalt,A Hausarbeit / B Hausaufgaben / C Haushalt,Hausarbeit | A Hausarbeit | B Hausaufgaben | C Haushalt,,Hausarbeit,Hausarbeit,"Home/daily-life wording should train one clear household, family, routine or support phrase.","Home/daily-life wording should train one clear household, family, routine or support phrase.",,,,duplicate_v02_lineage_resolved,duplicate_v02_lineage_resolved,
content/b1-m17-home-family-daily-life-support.js,v080149_cat17_practice_family_cat17_pf_047,cat17-pf-047,cat17-pf-047,matched_replacement_layer,Exception,manual review: unrecognised v0.2 decision vocabulary,revise_light,revise_light,,CORE_SAFE_V02_REPLACEMENT,future apply patch may replace schema-compatible learner-facing fields from v0.2/recovery while preserving current item ID,Auswahl,selected_choice_value,CAT17-practice_family-cat17_pf_047,true,prompt; stimulus/learnerCue; microRule/explainText,Welche Form passt in dieser Alltagssituation zu Hause oder in der Familie?,Welche Form passt in dieser Alltagssituation zu Hause oder in der Familie?,A putzen / B aufräumen / C spülen,A putzen / B aufräumen / C spülen,putzen | A putzen | B aufräumen | C spülen,,putzen,putzen,"Home/daily-life wording should train one clear household, family, routine or support phrase.","Home/daily-life wording should train one clear household, family, routine or support phrase.",,,,duplicate_v02_lineage_resolved,duplicate_v02_lineage_resolved,
content/b1-m17-home-family-daily-life-support.js,v080149_cat17_practice_family_cat17_pf_048,cat17-pf-048,cat17-pf-048,matched_replacement_layer,Exception,manual review: unrecognised v0.2 decision vocabulary,revise_light,revise_light,,CORE_SAFE_V02_REPLACEMENT,future apply patch may replace schema-compatible learner-facing fields from v0.2/recovery while preserving current item ID,Auswahl,selected_choice_value,CAT17-practice_family-cat17_pf_048,true,prompt; stimulus/learnerCue; microRule/explainText,Welche Form passt in dieser Alltagssituation zu Hause oder in der Familie?,Welche Form passt in dieser Alltagssituation zu Hause oder in der Familie?,A waschen / B spülen / C wischen,A waschen / B spülen / C wischen,waschen | A waschen | B spülen | C wischen,,waschen,waschen,"Home/daily-life wording should train one clear household, family, routine or support phrase.","Home/daily-life wording should train one clear household, family, routine or support phrase.",,,,duplicate_v02_lineage_resolved,duplicate_v02_lineage_resolved,
content/b1-m17-home-family-daily-life-support.js,v080149_cat17_practice_family_cat17_pf_049,cat17-pf-049,cat17-pf-049,matched_replacement_layer,Exception,manual review: unrecognised v0.2 decision vocabulary,revise_light,revise_light,,CORE_SAFE_V02_REPLACEMENT,future apply patch may replace schema-compatible learner-facing fields from v0.2/recovery while preserving current item ID,Auswahl,selected_choice_value,CAT17-practice_family-cat17_pf_049,true,prompt; stimulus/learnerCue; microRule/explainText,Welche Form passt in dieser Alltagssituation zu Hause oder in der Familie?,Welche Form passt in dieser Alltagssituation zu Hause oder in der Familie?,A saugen / B wischen / C waschen,A saugen / B wischen / C waschen,saugen | A saugen | B wischen | C waschen,,saugen,saugen,"Home/daily-life wording should train one clear household, family, routine or support phrase.","Home/daily-life wording should train one clear household, family, routine or support phrase.",,,,duplicate_v02_lineage_resolved,duplicate_v02_lineage_resolved,
content/b1-m17-home-family-daily-life-support.js,v080149_cat17_practice_family_cat17_pf_052,cat17-pf-052,cat17-pf-052,matched_replacement_layer,Exception,manual review: unrecognised v0.2 decision vocabulary,revise_light,revise_light,,CORE_SAFE_V02_REPLACEMENT,future apply patch may replace schema-compatible learner-facing fields from v0.2/recovery while preserving current item ID,Auswahl,selected_choice_value,CAT17-practice_family-cat17_pf_052,true,prompt; stimulus/learnerCue; microRule/explainText,Welche Form passt in dieser Alltagssituation zu Hause oder in der Familie?,Welche Form passt in dieser Alltagssituation zu Hause oder in der Familie?,A aufpassen / B betreuen / C erziehen,A aufpassen / B betreuen / C erziehen,aufpassen | A aufpassen | B betreuen | C erziehen,,aufpassen,aufpassen,"Home/daily-life wording should train one clear household, family, routine or support phrase.","Home/daily-life wording should train one clear household, family, routine or support phrase.",,,,duplicate_v02_lineage_resolved,duplicate_v02_lineage_resolved,
content/b1-m17-home-family-daily-life-support.js,v080149_cat17_practice_family_cat17_pf_053,cat17-pf-053,cat17-pf-053,matched_replacement_layer,Exception,manual review: unrecognised v0.2 decision vocabulary,revise_light,revise_light,,CORE_SAFE_V02_REPLACEMENT,future apply patch may replace schema-compatible learner-facing fields from v0.2/recovery while preserving current item ID,Auswahl,selected_choice_value,CAT17-practice_family-cat17_pf_053,true,prompt; stimulus/learnerCue; microRule/explainText,Welche Form passt in dieser Alltagssituation zu Hause oder in der Familie?,Welche Form passt in dieser Alltagssituation zu Hause oder in der Familie?,A kochen / B backen / C braten,A kochen / B backen / C braten,kochen | A kochen | B backen | C braten,,kochen,kochen,`kochen` is used for cooking meals.,`kochen` is used for cooking meals.,,,,duplicate_v02_lineage_resolved,duplicate_v02_lineage_resolved,
content/b1-m17-home-family-daily-life-support.js,v080149_cat17_practice_family_cat17_pf_054,cat17-pf-054,cat17-pf-054,matched_replacement_layer,Exception,manual review: unrecognised v0.2 decision vocabulary,revise_light,revise_light,,CORE_SAFE_V02_REPLACEMENT,future apply patch may replace schema-compatible learner-facing fields from v0.2/recovery while preserving current item ID,Auswahl,selected_choice_value,CAT17-practice_family-cat17_pf_054,true,prompt; stimulus/learnerCue; microRule/explainText,Welche Form passt in dieser Alltagssituation zu Hause oder in der Familie?,Welche Form passt in dieser Alltagssituation zu Hause oder in der Familie?,A anmachen / B ausmachen / C aufmachen,A anmachen / B ausmachen / C aufmachen,anmachen | A anmachen | B ausmachen | C aufmachen,,anmachen,anmachen,"Home/daily-life wording should train one clear household, family, routine or support phrase.","Home/daily-life wording should train one clear household, family, routine or support phrase.",,,,duplicate_v02_lineage_resolved,duplicate_v02_lineage_resolved,
content/b1-m17-home-family-daily-life-support.js,v080149_cat17_practice_family_cat17_pf_055,cat17-pf-055,cat17-pf-055,matched_replacement_layer,Exception,manual review: unrecognised v0.2 decision vocabulary,revise_light,revise_light,,CORE_SAFE_V02_REPLACEMENT,future apply patch may replace schema-compatible learner-facing fields from v0.2/recovery while preserving current item ID,Auswahl,selected_choice_value,CAT17-practice_family-cat17_pf_055,true,prompt; stimulus/learnerCue; microRule/explainText,Welche Form passt in dieser Alltagssituation zu Hause oder in der Familie?,Welche Form passt in dieser Alltagssituation zu Hause oder in der Familie?,A aufmachen / B zumachen / C anmachen,A aufmachen / B zumachen / C anmachen,aufmachen | A aufmachen | B zumachen | C anmachen,,aufmachen,aufmachen,"Home/daily-life wording should train one clear household, family, routine or support phrase.","Home/daily-life wording should train one clear household, family, routine or support phrase.",,,,duplicate_v02_lineage_resolved,duplicate_v02_lineage_resolved,
content/b1-m17-home-family-daily-life-support.js,v080149_cat17_practice_family_cat17_pf_056,cat17-pf-056,cat17-pf-056,matched_replacement_layer,Exception,manual review: unrecognised v0.2 decision vocabulary,revise_light,revise_light,,CORE_SAFE_V02_REPLACEMENT,future apply patch may replace schema-compatible learner-facing fields from v0.2/recovery while preserving current item ID,Auswahl,selected_choice_value,CAT17-practice_family-cat17_pf_056,true,prompt; stimulus/learnerCue; microRule/explainText,Welche Form passt in dieser Alltagssituation zu Hause oder in der Familie?,Welche Form passt in dieser Alltagssituation zu Hause oder in der Familie?,A öffnen / B schließen / C schalten,A öffnen / B schließen / C schalten,öffnen | A öffnen | B schließen | C schalten,,öffnen,öffnen,"Home/daily-life wording should train one clear household, family, routine or support phrase.","Home/daily-life wording should train one clear household, family, routine or support phrase.",,,,duplicate_v02_lineage_resolved,duplicate_v02_lineage_resolved,
content/b1-m17-home-family-daily-life-support.js,v080149_cat17_practice_family_cat17_pf_060,cat17-pf-060,cat17-pf-060,matched_replacement_layer,Exception,manual review: unrecognised v0.2 decision vocabulary,revise_light,revise_light,,CORE_SAFE_V02_REPLACEMENT,future apply patch may replace schema-compatible learner-facing fields from v0.2/recovery while preserving current item ID,Auswahl,selected_choice_value,CAT17-practice_family-cat17_pf_060,true,prompt; stimulus/learnerCue; microRule/explainText,Welche Form passt in dieser Alltagssituation zu Hause oder in der Familie?,Welche Form passt in dieser Alltagssituation zu Hause oder in der Familie?,A leise / B ruhig / C still,A leise / B ruhig / C still,leise | A leise | B ruhig | C still,,leise,leise,"Home/daily-life wording should train one clear household, family, routine or support phrase.","Home/daily-life wording should train one clear household, family, routine or support phrase.",,,,duplicate_v02_lineage_resolved,duplicate_v02_lineage_resolved,
content/b1-m17-home-family-daily-life-support.js,v080149_cat17_practice_family_cat17_pf_061,cat17-pf-061,cat17-pf-061,matched_replacement_layer,Exception,manual review: unrecognised v0.2 decision vocabulary,revise_light,revise_light,,CORE_SAFE_V02_REPLACEMENT,future apply patch may replace schema-compatible learner-facing fields from v0.2/recovery while preserving current item ID,Auswahl,selected_choice_value,CAT17-practice_family-cat17_pf_061,true,prompt; stimulus/learnerCue; microRule/explainText,Welche Form passt in dieser Alltagssituation zu Hause oder in der Familie?,Welche Form passt in dieser Alltagssituation zu Hause oder in der Familie?,A Lärm / B Geräusch / C Stimme,A Lärm / B Geräusch / C Stimme,Lärm | A Lärm | B Geräusch | C Stimme,,Lärm,Lärm,"Home/daily-life wording should train one clear household, family, routine or support phrase.","Home/daily-life wording should train one clear household, family, routine or support phrase.",,,,duplicate_v02_lineage_resolved,duplicate_v02_lineage_resolved,
content/b1-m17-home-family-daily-life-support.js,v080149_cat17_practice_family_cat17_pf_062,cat17-pf-062,cat17-pf-062,matched_replacement_layer,Exception,manual review: unrecognised v0.2 decision vocabulary,revise_light,revise_light,,CORE_SAFE_V02_REPLACEMENT,future apply patch may replace schema-compatible learner-facing fields from v0.2/recovery while preserving current item ID,Auswahl,selected_choice_value,CAT17-practice_family-cat17_pf_062,true,prompt; stimulus/learnerCue; microRule/explainText,Welche Form passt in dieser Alltagssituation zu Hause oder in der Familie?,Welche Form passt in dieser Alltagssituation zu Hause oder in der Familie?,A Morgen / B morgen / C morgens,A Morgen / B morgen / C morgens,Morgen | A Morgen | B morgen | C morgens,,Morgen,Morgen,"Home/daily-life wording should train one clear household, family, routine or support phrase.","Home/daily-life wording should train one clear household, family, routine or support phrase.",,,,duplicate_v02_lineage_resolved,duplicate_v02_lineage_resolved,
content/b1-m17-home-family-daily-life-support.js,v080149_cat17_practice_family_cat17_pf_065,cat17-pf-065,cat17-pf-065,matched_replacement_layer,Exception,manual review: unrecognised v0.2 decision vocabulary,revise_light,revise_light,,CORE_SAFE_V02_REPLACEMENT,future apply patch may replace schema-compatible learner-facing fields from v0.2/recovery while preserving current item ID,Auswahl,selected_choice_value,CAT17-practice_family-cat17_pf_065,true,prompt; stimulus/learnerCue; microRule/explainText,Welche Form passt in dieser Alltagssituation zu Hause oder in der Familie?,Welche Form passt in dieser Alltagssituation zu Hause oder in der Familie?,A den Tisch decken / B den Tisch legen / C das Tisch decken,A den Tisch decken / B den Tisch legen / C das Tisch decken,den Tisch decken | A den Tisch decken | B den Tisch legen | C das Tisch decken,,den Tisch decken,den Tisch decken,Collocation: use `den Tisch decken` for setting the table.,Collocation: use `den Tisch decken` for setting the table.,,,,duplicate_v02_lineage_resolved,duplicate_v02_lineage_resolved,
content/b1-m17-home-family-daily-life-support.js,v080149_cat17_practice_family_cat17_pf_066,cat17-pf-066,cat17-pf-066,matched_replacement_layer,Exception,manual review: unrecognised v0.2 decision vocabulary,revise_light,revise_light,,CORE_SAFE_V02_REPLACEMENT,future apply patch may replace schema-compatible learner-facing fields from v0.2/recovery while preserving current item ID,Auswahl,selected_choice_value,CAT17-practice_family-cat17_pf_066,true,prompt; stimulus/learnerCue; microRule/explainText,Welche Form passt in dieser Alltagssituation zu Hause oder in der Familie?,Welche Form passt in dieser Alltagssituation zu Hause oder in der Familie?,A Hilfe brauchen / B Hilfe haben / C Hilfe machen,A Hilfe brauchen / B Hilfe haben / C Hilfe machen,Hilfe brauchen | A Hilfe brauchen | B Hilfe haben | C Hilfe machen,,Hilfe brauchen,Hilfe brauchen,"Home/daily-life wording should train one clear household, family, routine or support phrase.","Home/daily-life wording should train one clear household, family, routine or support phrase.",,,,duplicate_v02_lineage_resolved,duplicate_v02_lineage_resolved,
content/b1-m17-home-family-daily-life-support.js,v080149_cat17_practice_family_cat17_pf_067,cat17-pf-067,cat17-pf-067,matched_replacement_layer,Exception,manual review: unrecognised v0.2 decision vocabulary,revise_light,revise_light,,CORE_SAFE_V02_REPLACEMENT,future apply patch may replace schema-compatible learner-facing fields from v0.2/recovery while preserving current item ID,Auswahl,selected_choice_value,CAT17-practice_family-cat17_pf_067,true,prompt; stimulus/learnerCue; microRule/explainText,Welche Form passt in dieser Alltagssituation zu Hause oder in der Familie?,Welche Form passt in dieser Alltagssituation zu Hause oder in der Familie?,A sich um den Einkauf kümmern / B den Einkauf kümmern / C für den Einkauf kümmern,A sich um den Einkauf kümmern / B den Einkauf kümmern / C für den Einkauf kümmern,sich um den Einkauf kümmern | A sich um den Einkauf kümmern | B den Einkauf kümmern | C für den Einkauf kümmern,,sich um den Einkauf kümmern,sich um den Einkauf kümmern,"Home/daily-life wording should train one clear household, family, routine or support phrase.","Home/daily-life wording should train one clear household, family, routine or support phrase.",,,,duplicate_v02_lineage_resolved,duplicate_v02_lineage_resolved,
content/b1-m17-home-family-daily-life-support.js,v080149_cat17_practice_family_cat17_pf_068,cat17-pf-068,cat17-pf-068,matched_replacement_layer,Exception,manual review: unrecognised v0.2 decision vocabulary,revise_light,revise_light,,CORE_SAFE_V02_REPLACEMENT,future apply patch may replace schema-compatible learner-facing fields from v0.2/recovery while preserving current item ID,Auswahl,selected_choice_value,CAT17-practice_family-cat17_pf_068,true,prompt; stimulus/learnerCue; microRule/explainText,Welche Form passt in dieser Alltagssituation zu Hause oder in der Familie?,Welche Form passt in dieser Alltagssituation zu Hause oder in der Familie?,A auf das Kind aufpassen / B das Kind aufpassen / C für das Kind aufpassen,A auf das Kind aufpassen / B das Kind aufpassen / C für das Kind aufpassen,auf das Kind aufpassen | A auf das Kind aufpassen | B das Kind aufpassen | C für das Kind aufpassen,,auf das Kind aufpassen,auf das Kind aufpassen,"Home/daily-life wording should train one clear household, family, routine or support phrase.","Home/daily-life wording should train one clear household, family, routine or support phrase.",,,,duplicate_v02_lineage_resolved,duplicate_v02_lineage_resolved,
content/b1-m17-home-family-daily-life-support.js,v080149_cat17_practice_family_cat17_pf_069,cat17-pf-069,cat17-pf-069,matched_replacement_layer,Exception,manual review: unrecognised v0.2 decision vocabulary,revise_light,revise_light,,CORE_SAFE_V02_REPLACEMENT,future apply patch may replace schema-compatible learner-facing fields from v0.2/recovery while preserving current item ID,Auswahl,selected_choice_value,CAT17-practice_family-cat17_pf_069,true,prompt; stimulus/learnerCue; microRule/explainText,Welche Form passt in dieser Alltagssituation zu Hause oder in der Familie?,Welche Form passt in dieser Alltagssituation zu Hause oder in der Familie?,A zu Besuch kommen / B als Besuch kommen / C in Besuch kommen,A zu Besuch kommen / B als Besuch kommen / C in Besuch kommen,zu Besuch kommen | A zu Besuch kommen | B als Besuch kommen | C in Besuch kommen,,zu Besuch kommen,zu Besuch kommen,"Home/daily-life wording should train one clear household, family, routine or support phrase.","Home/daily-life wording should train one clear household, family, routine or support phrase.",,,,duplicate_v02_lineage_resolved,duplicate_v02_lineage_resolved,
content/b1-m17-home-family-daily-life-support.js,v080149_cat17_practice_family_cat17_pf_070,cat17-pf-070,cat17-pf-070,matched_replacement_layer,Exception,manual review: unrecognised v0.2 decision vocabulary,revise_light,revise_light,,CORE_SAFE_V02_REPLACEMENT,future apply patch may replace schema-compatible learner-facing fields from v0.2/recovery while preserving current item ID,Auswahl,selected_choice_value,CAT17-practice_family-cat17_pf_070,true,prompt; stimulus/learnerCue; microRule/explainText,Welche Form passt in dieser Alltagssituation zu Hause oder in der Familie?,Welche Form passt in dieser Alltagssituation zu Hause oder in der Familie?,A Tasse / B Glas / C Becher,A Tasse / B Glas / C Becher,Tasse | A Tasse | B Glas | C Becher,,Tasse,Tasse,"Home/daily-life wording should train one clear household, family, routine or support phrase.","Home/daily-life wording should train one clear household, family, routine or support phrase.",,,,duplicate_v02_lineage_resolved,duplicate_v02_lineage_resolved,
content/b1-m17-home-family-daily-life-support.js,v080149_cat17_practice_family_cat17_pf_071,cat17-pf-071,cat17-pf-071,matched_replacement_layer,Exception,manual review: unrecognised v0.2 decision vocabulary,revise_light,revise_light,,CORE_SAFE_V02_REPLACEMENT,future apply patch may replace schema-compatible learner-facing fields from v0.2/recovery while preserving current item ID,Auswahl,selected_choice_value,CAT17-practice_family-cat17_pf_071,true,prompt; stimulus/learnerCue; microRule/explainText,Welche Form passt in dieser Alltagssituation zu Hause oder in der Familie?,Welche Form passt in dieser Alltagssituation zu Hause oder in der Familie?,A Teller / B Schüssel / C Tasse,A Teller / B Schüssel / C Tasse,Teller | A Teller | B Schüssel | C Tasse,,Teller,Teller,"Home/daily-life wording should train one clear household, family, routine or support phrase.","Home/daily-life wording should train one clear household, family, routine or support phrase.",,,,duplicate_v02_lineage_resolved,duplicate_v02_lineage_resolved,
content/b1-m17-home-family-daily-life-support.js,v080149_cat17_practice_family_cat17_pf_072,cat17-pf-072,cat17-pf-072,matched_replacement_layer,Exception,manual review: unrecognised v0.2 decision vocabulary,revise_light,revise_light,,CORE_SAFE_V02_REPLACEMENT,future apply patch may replace schema-compatible learner-facing fields from v0.2/recovery while preserving current item ID,Auswahl,selected_choice_value,CAT17-practice_family-cat17_pf_072,true,prompt; stimulus/learnerCue; microRule/explainText,Welche Form passt in dieser Alltagssituation zu Hause oder in der Familie?,Welche Form passt in dieser Alltagssituation zu Hause oder in der Familie?,A eine Jacke anziehen / B eine Jacke ausziehen / C Schuhe anmachen,A eine Jacke anziehen / B eine Jacke ausziehen / C Schuhe anmachen,eine Jacke anziehen | A eine Jacke anziehen | B eine Jacke ausziehen | C Schuhe anmachen,,eine Jacke anziehen,eine Jacke anziehen,`ausziehen` is separable: `Ich ziehe die Schuhe aus.`,`ausziehen` is separable: `Ich ziehe die Schuhe aus.`,,,,duplicate_v02_lineage_resolved,duplicate_v02_lineage_resolved,
content/b1-m17-home-family-daily-life-support.js,v080149_cat17_practice_family_cat17_pf_074,cat17-pf-074,cat17-pf-074,matched_replacement_layer,Exception,manual review: unrecognised v0.2 decision vocabulary,revise_light,revise_light,,CORE_SAFE_V02_REPLACEMENT,future apply patch may replace schema-compatible learner-facing fields from v0.2/recovery while preserving current item ID,Reparatur,typed,CAT17-practice_family-cat17_pf_074,true,prompt; stimulus/learnerCue,Ich putze meine Tasche für morgen.,Korrigiere den Satz.,Korrigiere den Satz.,Ich putze meine Tasche für morgen.,,,Ich packe meine Tasche für morgen.,Ich packe meine Tasche für morgen.,"Home/daily-life wording should train one clear household, family, routine or support phrase.","Home/daily-life wording should train one clear household, family, routine or support phrase.",,,,duplicate_v02_lineage_resolved,duplicate_v02_lineage_resolved,
content/b1-m17-home-family-daily-life-support.js,v080149_cat17_practice_family_cat17_pf_076,cat17-pf-076,cat17-pf-076,matched_replacement_layer,Exception,manual review: unrecognised v0.2 decision vocabulary,revise_light,revise_light,,CORE_SAFE_V02_REPLACEMENT,future apply patch may replace schema-compatible learner-facing fields from v0.2/recovery while preserving current item ID,Reparatur,typed,CAT17-practice_family-cat17_pf_076,true,prompt; stimulus/learnerCue,Ich wasche das Geschirr.,Korrigiere den Satz.,Korrigiere den Satz.,Ich wasche das Geschirr.,,,Ich spüle das Geschirr.,Ich spüle das Geschirr.,Collocation: use `das Geschirr spülen` for washing the dishes.,Collocation: use `das Geschirr spülen` for washing the dishes.,,,,duplicate_v02_lineage_resolved,duplicate_v02_lineage_resolved,
content/b1-m17-home-family-daily-life-support.js,v080149_cat17_practice_family_cat17_pf_077,cat17-pf-077,cat17-pf-077,matched_replacement_layer,Exception,manual review: unrecognised v0.2 decision vocabulary,revise_light,revise_light,,CORE_SAFE_V02_REPLACEMENT,future apply patch may replace schema-compatible learner-facing fields from v0.2/recovery while preserving current item ID,Reparatur,typed,CAT17-practice_family-cat17_pf_077,true,prompt; stimulus/learnerCue,Ich lege den Tisch.,Korrigiere den Satz.,Korrigiere den Satz.,Ich lege den Tisch.,,,Ich decke den Tisch.,Ich decke den Tisch.,Collocation: use `den Tisch decken` for setting the table.,Collocation: use `den Tisch decken` for setting the table.,,,,duplicate_v02_lineage_resolved,duplicate_v02_lineage_resolved,
content/b1-m17-home-family-daily-life-support.js,v080149_cat17_practice_family_cat17_pf_078,cat17-pf-078,cat17-pf-078,matched_replacement_layer,Exception,manual review: unrecognised v0.2 decision vocabulary,revise_light,revise_light,,CORE_SAFE_V02_REPLACEMENT,future apply patch may replace schema-compatible learner-facing fields from v0.2/recovery while preserving current item ID,Reparatur,typed,CAT17-practice_family-cat17_pf_078,true,prompt; stimulus/learnerCue,Bitte mach das Licht ab.,Korrigiere den Satz.,Korrigiere den Satz.,Bitte mach das Licht ab.,,,Bitte mach das Licht aus.,Bitte mach das Licht aus.,"Home/daily-life wording should train one clear household, family, routine or support phrase.","Home/daily-life wording should train one clear household, family, routine or support phrase.",,,,duplicate_v02_lineage_resolved,duplicate_v02_lineage_resolved,
content/b1-m17-home-family-daily-life-support.js,v080149_cat17_practice_family_cat17_pf_080,cat17-pf-080,cat17-pf-080,matched_replacement_layer,Exception,manual review: unrecognised v0.2 decision vocabulary,revise_light,revise_light,,CORE_SAFE_V02_REPLACEMENT,future apply patch may replace schema-compatible learner-facing fields from v0.2/recovery while preserving current item ID,Reparatur,typed,CAT17-practice_family-cat17_pf_080,true,prompt; stimulus/learnerCue,Kannst du das Kind aufpassen?,Korrigiere den Satz.,Korrigiere den Satz.,Kannst du das Kind aufpassen?,,,Kannst du auf das Kind aufpassen?,Kannst du auf das Kind aufpassen?,"Home/daily-life wording should train one clear household, family, routine or support phrase.","Home/daily-life wording should train one clear household, family, routine or support phrase.",,,,duplicate_v02_lineage_resolved,duplicate_v02_lineage_resolved,
content/b1-m17-home-family-daily-life-support.js,v080149_cat17_practice_family_cat17_pf_081,cat17-pf-081,cat17-pf-081,matched_replacement_layer,Exception,manual review: unrecognised v0.2 decision vocabulary,revise_light,revise_light,,CORE_SAFE_V02_REPLACEMENT,future apply patch may replace schema-compatible learner-facing fields from v0.2/recovery while preserving current item ID,Reparatur,typed,CAT17-practice_family-cat17_pf_081,true,prompt; stimulus/learnerCue,Meine Oma kommt heute als Besuch.,Korrigiere den Satz.,Korrigiere den Satz.,Meine Oma kommt heute als Besuch.,,,Meine Oma kommt heute zu Besuch.,Meine Oma kommt heute zu Besuch.,"Home/daily-life wording should train one clear household, family, routine or support phrase.","Home/daily-life wording should train one clear household, family, routine or support phrase.",,,,duplicate_v02_lineage_resolved,duplicate_v02_lineage_resolved,
content/b1-m17-home-family-daily-life-support.js,v080149_cat17_practice_family_cat17_pf_082,cat17-pf-082,cat17-pf-082,matched_replacement_layer,Exception,manual review: unrecognised v0.2 decision vocabulary,revise_light,revise_light,,CORE_SAFE_V02_REPLACEMENT,future apply patch may replace schema-compatible learner-facing fields from v0.2/recovery while preserving current item ID,Reparatur,typed,CAT17-practice_family-cat17_pf_082,true,prompt; stimulus/learnerCue,Ich kümmere den Einkauf.,Korrigiere den Satz.,Korrigiere den Satz.,Ich kümmere den Einkauf.,,,Ich kümmere mich um den Einkauf.,Ich kümmere mich um den Einkauf.,"Home/daily-life wording should train one clear household, family, routine or support phrase.","Home/daily-life wording should train one clear household, family, routine or support phrase.",,,,duplicate_v02_lineage_resolved,duplicate_v02_lineage_resolved,
content/b1-m17-home-family-daily-life-support.js,v080149_cat17_practice_family_cat17_pf_083,cat17-pf-083,cat17-pf-083,matched_replacement_layer,Exception,manual review: unrecognised v0.2 decision vocabulary,revise_light,revise_light,,CORE_SAFE_V02_REPLACEMENT,future apply patch may replace schema-compatible learner-facing fields from v0.2/recovery while preserving current item ID,Reparatur,typed,CAT17-practice_family-cat17_pf_083,true,prompt; stimulus/learnerCue,Wir haben am Samstag Besuch bekommen?,Korrigiere den Satz.,Korrigiere den Satz.,Wir haben am Samstag Besuch bekommen?,,,Wir bekommen am Samstag Besuch.,Wir bekommen am Samstag Besuch.,"Home/daily-life wording should train one clear household, family, routine or support phrase.","Home/daily-life wording should train one clear household, family, routine or support phrase.",,,,duplicate_v02_lineage_resolved,duplicate_v02_lineage_resolved,
content/b1-m17-home-family-daily-life-support.js,v080149_cat17_practice_family_cat17_pf_084,cat17-pf-084,cat17-pf-084,matched_replacement_layer,Exception,manual review: unrecognised v0.2 decision vocabulary,revise_light,revise_light,,CORE_SAFE_V02_REPLACEMENT,future apply patch may replace schema-compatible learner-facing fields from v0.2/recovery while preserving current item ID,Reparatur,typed,CAT17-practice_family-cat17_pf_084,true,prompt; stimulus/learnerCue,Das Fenster lässt nicht öffnen.,Korrigiere den Satz.,Korrigiere den Satz.,Das Fenster lässt nicht öffnen.,,,Das Fenster lässt sich nicht öffnen.,Das Fenster lässt sich nicht öffnen.,"Home/daily-life wording should train one clear household, family, routine or support phrase.","Home/daily-life wording should train one clear household, family, routine or support phrase.",,,,duplicate_v02_lineage_resolved,duplicate_v02_lineage_resolved,
content/b1-m17-home-family-daily-life-support.js,v080149_cat17_practice_family_cat17_pf_086,cat17-pf-086,cat17-pf-086,matched_replacement_layer,Exception,manual review: unrecognised v0.2 decision vocabulary,revise_light,revise_light,,CORE_SAFE_V02_REPLACEMENT,future apply patch may replace schema-compatible learner-facing fields from v0.2/recovery while preserving current item ID,Reparatur,typed,CAT17-practice_family-cat17_pf_086,true,prompt; stimulus/learnerCue,Die Heizung geht nicht Funktion.,Korrigiere den Satz.,Korrigiere den Satz.,Die Heizung geht nicht Funktion.,,,Die Heizung funktioniert nicht.,Die Heizung funktioniert nicht.,"Home/daily-life wording should train one clear household, family, routine or support phrase.","Home/daily-life wording should train one clear household, family, routine or support phrase.",,,,duplicate_v02_lineage_resolved,duplicate_v02_lineage_resolved,
content/b1-m17-home-family-daily-life-support.js,v080149_cat17_practice_family_cat17_pf_087,cat17-pf-087,cat17-pf-087,matched_replacement_layer,Exception,manual review: unrecognised v0.2 decision vocabulary,revise_light,revise_light,,CORE_SAFE_V02_REPLACEMENT,future apply patch may replace schema-compatible learner-facing fields from v0.2/recovery while preserving current item ID,Reparatur,typed,CAT17-practice_family-cat17_pf_087,true,prompt; stimulus/learnerCue,Zieh bitte eine Jacke aus.,Korrigiere den Satz.,Korrigiere den Satz.,Zieh bitte eine Jacke aus.,,,Zieh bitte eine Jacke an.,Zieh bitte eine Jacke an.,`ausziehen` is separable: `Ich ziehe die Schuhe aus.`,`ausziehen` is separable: `Ich ziehe die Schuhe aus.`,,,,duplicate_v02_lineage_resolved,duplicate_v02_lineage_resolved,
